term,week_start,value
Bag,2018-09-03,2021
Bag,2018-09-10,2017
Bag,2018-09-17,2076
Bag,2018-09-24,1925
Bag,2018-10-01,1917
Bag,2018-10-08,2018
Bag,2018-10-15,1984
Bag,2018-10-22,2064
Bag,2018-10-29,1867
Bag,2018-11-05,1823
Bag,2018-11-12,2063
Bag,2018-11-19,2004
Bag,2018-11-26,1987
Bag,2018-12-03,2339
Bag,2018-12-10,2461
Bag,2018-12-17,1733
Bag,2018-12-24,1522
Bag,2018-12-31,1678
Bag,2019-01-07,2073
Bag,2019-01-14,1976
Bag,2019-01-21,2107
Bag,2019-01-28,1932
Bag,2019-02-04,2077
Bag,2019-02-11,1999
Bag,2019-02-18,1963
Bag,2019-02-25,1974
Bag,2019-03-04,1893
Bag,2019-03-11,1942
Bag,2019-03-18,1842
Bag,2019-03-25,2051
Bag,2019-04-01,2002
Bag,2019-04-08,1772
Bag,2019-04-15,1663
Bag,2019-04-22,2170
Bag,2019-04-29,1682
Bag,2019-05-06,1709
Bag,2019-05-13,1785
Bag,2019-05-20,1625
Bag,2019-05-27,1597
Bag,2019-06-03,1777
Bag,2019-06-10,1957
Bag,2019-06-17,1970
Bag,2019-06-24,2063
Bag,2019-07-01,2353
Bag,2019-07-08,2172
Bag,2019-07-15,1981
Bag,2019-07-22,1868
Bag,2019-07-29,2042
Bag,2019-08-05,1985
Bag,2019-08-12,1955
Bag,2019-08-19,2142
Bag,2019-08-26,2129
Bag,2019-09-02,2234
Bag,2019-09-09,2288
Bag,2019-09-16,2414
Bag,2019-09-23,2539
Bag,2019-09-30,2439
Bag,2019-10-07,2730
Bag,2019-10-14,2831
Bag,2019-10-21,2615
Bag,2019-10-28,2382
Bag,2019-11-04,2702
Bag,2019-11-11,5678
Bag,2019-11-18,2735
Bag,2019-11-25,2367
Bag,2019-12-02,2441
Bag,2019-12-09,2585
Bag,2019-12-16,4683
Bag,2019-12-23,2423
Bag,2019-12-30,1957
Bag,2020-01-06,2408
Bag,2020-01-13,2359
Bag,2020-01-20,2481
Bag,2020-01-27,2556
Bag,2020-02-03,2684
Bag,2020-02-10,2266
Bag,2020-02-17,2384
Bag,2020-02-24,2431
Bag,2020-03-02,2203
Bag,2020-03-09,2117
Bag,2020-03-16,1896
Bag,2020-03-23,1818
Bag,2020-03-30,1835
Bag,2020-04-06,1831
Bag,2020-04-13,1876
Bag,2020-04-20,1882
Bag,2020-04-27,1719
Bag,2020-05-04,1486
Bag,2020-05-11,1286
Bag,2020-05-18,1142
Bag,2020-05-25,1222
Bag,2020-06-01,1171
Bag,2020-06-08,1208
Bag,2020-06-15,1096
Bag,2020-06-22,1149
Bag,2020-06-29,1081
Bag,2020-07-06,1204
Bag,2020-07-13,1133
Bag,2020-07-20,1235
Bag,2020-07-27,1147
Bag,2020-08-03,1264
Bag,2020-08-10,1144
Bag,2020-08-17,1310
Bag,2020-08-24,1499
Bag,2020-08-31,1430
Bag,2020-09-07,1515
Bag,2020-09-14,1485
Bag,2020-09-21,1254
Baseball cap,2018-09-03,2517
Baseball cap,2018-09-10,2578
Baseball cap,2018-09-17,2461
Baseball cap,2018-09-24,2598
Baseball cap,2018-10-01,2759
Baseball cap,2018-10-08,2834
Baseball cap,2018-10-15,2509
Baseball cap,2018-10-22,2705
Baseball cap,2018-10-29,2477
Baseball cap,2018-11-05,2360
Baseball cap,2018-11-12,2239
Baseball cap,2018-11-19,2279
Baseball cap,2018-11-26,2324
Baseball cap,2018-12-03,2581
Baseball cap,2018-12-10,2513
Baseball cap,2018-12-17,2047
Baseball cap,2018-12-24,2007
Baseball cap,2018-12-31,2081
Baseball cap,2019-01-07,2288
Baseball cap,2019-01-14,2323
Baseball cap,2019-01-21,2261
Baseball cap,2019-01-28,2220
Baseball cap,2019-02-04,2208
Baseball cap,2019-02-11,2219
Baseball cap,2019-02-18,2118
Baseball cap,2019-02-25,2323
Baseball cap,2019-03-04,2362
Baseball cap,2019-03-11,2466
Baseball cap,2019-03-18,2572
Baseball cap,2019-03-25,2992
Baseball cap,2019-04-01,3062
Baseball cap,2019-04-08,2952
Baseball cap,2019-04-15,2891
Baseball cap,2019-04-22,2957
Baseball cap,2019-04-29,3007
Baseball cap,2019-05-06,2915
Baseball cap,2019-05-13,3164
Baseball cap,2019-05-20,2806
Baseball cap,2019-05-27,2826
Baseball cap,2019-06-03,2753
Baseball cap,2019-06-10,3014
Baseball cap,2019-06-17,3067
Baseball cap,2019-06-24,3033
Baseball cap,2019-07-01,2913
Baseball cap,2019-07-08,2817
Baseball cap,2019-07-15,2924
Baseball cap,2019-07-22,3021
Baseball cap,2019-07-29,2702
Baseball cap,2019-08-05,2409
Baseball cap,2019-08-12,2467
Baseball cap,2019-08-19,2417
Baseball cap,2019-08-26,2242
Baseball cap,2019-09-02,2201
Baseball cap,2019-09-09,2138
Baseball cap,2019-09-16,2188
Baseball cap,2019-09-23,2159
Baseball cap,2019-09-30,2158
Baseball cap,2019-10-07,2298
Baseball cap,2019-10-14,2317
Baseball cap,2019-10-21,2445
Baseball cap,2019-10-28,2299
Baseball cap,2019-11-04,2255
Baseball cap,2019-11-11,1964
Baseball cap,2019-11-18,1906
Baseball cap,2019-11-25,2044
Baseball cap,2019-12-02,2029
Baseball cap,2019-12-09,2097
Baseball cap,2019-12-16,1931
Baseball cap,2019-12-23,1730
Baseball cap,2019-12-30,2016
Baseball cap,2020-01-06,2053
Baseball cap,2020-01-13,1925
Baseball cap,2020-01-20,1967
Baseball cap,2020-01-27,1941
Baseball cap,2020-02-03,1868
Baseball cap,2020-02-10,1959
Baseball cap,2020-02-17,1939
Baseball cap,2020-02-24,1885
Baseball cap,2020-03-02,1828
Baseball cap,2020-03-09,1848
Baseball cap,2020-03-16,1571
Baseball cap,2020-03-23,1771
Baseball cap,2020-03-30,1863
Baseball cap,2020-04-06,2089
Baseball cap,2020-04-13,2148
Baseball cap,2020-04-20,2305
Baseball cap,2020-04-27,2253
Baseball cap,2020-05-04,2071
Baseball cap,2020-05-11,2148
Baseball cap,2020-05-18,2355
Baseball cap,2020-05-25,2135
Baseball cap,2020-06-01,2119
Baseball cap,2020-06-08,2066
Baseball cap,2020-06-15,2110
Baseball cap,2020-06-22,1967
Baseball cap,2020-06-29,1910
Baseball cap,2020-07-06,1993
Baseball cap,2020-07-13,2086
Baseball cap,2020-07-20,3041
Baseball cap,2020-07-27,2255
Baseball cap,2020-08-03,2134
Baseball cap,2020-08-10,2199
Baseball cap,2020-08-17,2129
Baseball cap,2020-08-24,2017
Baseball cap,2020-08-31,2056
Baseball cap,2020-09-07,1950
Baseball cap,2020-09-14,1957
Baseball cap,2020-09-21,1722
Beige,2018-09-03,2856
Beige,2018-09-10,2648
Beige,2018-09-17,3097
Beige,2018-09-24,2726
Beige,2018-10-01,2616
Beige,2018-10-08,2769
Beige,2018-10-15,2728
Beige,2018-10-22,2712
Beige,2018-10-29,2492
Beige,2018-11-05,2520
Beige,2018-11-12,2847
Beige,2018-11-19,2523
Beige,2018-11-26,2655
Beige,2018-12-03,2726
Beige,2018-12-10,2667
Beige,2018-12-17,2342
Beige,2018-12-24,2320
Beige,2018-12-31,2375
Beige,2019-01-07,2630
Beige,2019-01-14,2720
Beige,2019-01-21,2681
Beige,2019-01-28,2795
Beige,2019-02-04,3394
Beige,2019-02-11,2546
Beige,2019-02-18,2851
Beige,2019-02-25,2896
Beige,2019-03-04,2796
Beige,2019-03-11,3004
Beige,2019-03-18,2878
Beige,2019-03-25,3211
Beige,2019-04-01,3067
Beige,2019-04-08,3057
Beige,2019-04-15,2893
Beige,2019-04-22,2904
Beige,2019-04-29,2992
Beige,2019-05-06,2820
Beige,2019-05-13,2722
Beige,2019-05-20,2746
Beige,2019-05-27,2700
Beige,2019-06-03,2698
Beige,2019-06-10,2580
Beige,2019-06-17,2639
Beige,2019-06-24,2562
Beige,2019-07-01,2975
Beige,2019-07-08,2503
Beige,2019-07-15,2517
Beige,2019-07-22,2641
Beige,2019-07-29,2538
Beige,2019-08-05,2438
Beige,2019-08-12,2499
Beige,2019-08-19,2656
Beige,2019-08-26,2675
Beige,2019-09-02,2567
Beige,2019-09-09,2806
Beige,2019-09-16,2868
Beige,2019-09-23,2831
Beige,2019-09-30,3125
Beige,2019-10-07,3098
Beige,2019-10-14,3060
Beige,2019-10-21,3006
Beige,2019-10-28,2741
Beige,2019-11-04,3027
Beige,2019-11-11,3176
Beige,2019-11-18,2953
Beige,2019-11-25,3105
Beige,2019-12-02,3018
Beige,2019-12-09,2854
Beige,2019-12-16,2958
Beige,2019-12-23,2567
Beige,2019-12-30,2668
Beige,2020-01-06,3024
Beige,2020-01-13,3694
Beige,2020-01-20,3871
Beige,2020-01-27,3018
Beige,2020-02-03,2606
Beige,2020-02-10,9395
Beige,2020-02-17,2549
Beige,2020-02-24,2587
Beige,2020-03-02,2494
Beige,2020-03-09,2452
Beige,2020-03-16,2179
Beige,2020-03-23,2264
Beige,2020-03-30,2465
Beige,2020-04-06,2479
Beige,2020-04-13,2559
Beige,2020-04-20,2759
Beige,2020-04-27,2700
Beige,2020-05-04,2602
Beige,2020-05-11,2560
Beige,2020-05-18,2702
Beige,2020-05-25,2659
Beige,2020-06-01,2806
Beige,2020-06-08,2850
Beige,2020-06-15,2716
Beige,2020-06-22,2734
Beige,2020-06-29,2510
Beige,2020-07-06,2636
Beige,2020-07-13,2665
Beige,2020-07-20,2569
Beige,2020-07-27,2553
Beige,2020-08-03,2641
Beige,2020-08-10,2634
Beige,2020-08-17,2563
Beige,2020-08-24,2602
Beige,2020-08-31,2636
Beige,2020-09-07,2555
Beige,2020-09-14,2887
Beige,2020-09-21,2642
Belt (clothing),2018-09-03,1185
Belt (clothing),2018-09-10,1169
Belt (clothing),2018-09-17,1363
Belt (clothing),2018-09-24,1266
Belt (clothing),2018-10-01,1365
Belt (clothing),2018-10-08,1504
Belt (clothing),2018-10-15,1388
Belt (clothing),2018-10-22,1308
Belt (clothing),2018-10-29,1265
Belt (clothing),2018-11-05,1343
Belt (clothing),2018-11-12,1285
Belt (clothing),2018-11-19,1266
Belt (clothing),2018-11-26,1346
Belt (clothing),2018-12-03,1874
Belt (clothing),2018-12-10,2237
Belt (clothing),2018-12-17,1442
Belt (clothing),2018-12-24,1195
Belt (clothing),2018-12-31,1219
Belt (clothing),2019-01-07,1365
Belt (clothing),2019-01-14,1256
Belt (clothing),2019-01-21,1189
Belt (clothing),2019-01-28,1182
Belt (clothing),2019-02-04,1171
Belt (clothing),2019-02-11,1166
Belt (clothing),2019-02-18,1252
Belt (clothing),2019-02-25,1271
Belt (clothing),2019-03-04,1318
Belt (clothing),2019-03-11,1377
Belt (clothing),2019-03-18,1284
Belt (clothing),2019-03-25,1200
Belt (clothing),2019-04-01,1115
Belt (clothing),2019-04-08,1225
Belt (clothing),2019-04-15,1490
Belt (clothing),2019-04-22,1325
Belt (clothing),2019-04-29,1222
Belt (clothing),2019-05-06,1168
Belt (clothing),2019-05-13,1164
Belt (clothing),2019-05-20,1131
Belt (clothing),2019-05-27,1128
Belt (clothing),2019-06-03,1152
Belt (clothing),2019-06-10,1309
Belt (clothing),2019-06-17,1262
Belt (clothing),2019-06-24,1207
Belt (clothing),2019-07-01,1144
Belt (clothing),2019-07-08,1210
Belt (clothing),2019-07-15,1140
Belt (clothing),2019-07-22,1034
Belt (clothing),2019-07-29,1106
Belt (clothing),2019-08-05,1114
Belt (clothing),2019-08-12,1097
Belt (clothing),2019-08-19,1158
Belt (clothing),2019-08-26,1124
Belt (clothing),2019-09-02,1091
Belt (clothing),2019-09-09,1103
Belt (clothing),2019-09-16,1194
Belt (clothing),2019-09-23,1201
Belt (clothing),2019-09-30,1222
Belt (clothing),2019-10-07,1248
Belt (clothing),2019-10-14,1149
Belt (clothing),2019-10-21,1307
Belt (clothing),2019-10-28,1198
Belt (clothing),2019-11-04,1314
Belt (clothing),2019-11-11,1399
Belt (clothing),2019-11-18,1578
Belt (clothing),2019-11-25,1197
Belt (clothing),2019-12-02,1285
Belt (clothing),2019-12-09,1337
Belt (clothing),2019-12-16,1433
Belt (clothing),2019-12-23,1128
Belt (clothing),2019-12-30,1263
Belt (clothing),2020-01-06,1362
Belt (clothing),2020-01-13,1522
Belt (clothing),2020-01-20,1454
Belt (clothing),2020-01-27,1374
Belt (clothing),2020-02-03,1394
Belt (clothing),2020-02-10,1376
Belt (clothing),2020-02-17,1415
Belt (clothing),2020-02-24,1473
Belt (clothing),2020-03-02,1226
Belt (clothing),2020-03-09,1193
Belt (clothing),2020-03-16,1127
Belt (clothing),2020-03-23,1168
Belt (clothing),2020-03-30,1322
Belt (clothing),2020-04-06,1248
Belt (clothing),2020-04-13,1297
Belt (clothing),2020-04-20,1368
Belt (clothing),2020-04-27,1350
Belt (clothing),2020-05-04,1272
Belt (clothing),2020-05-11,1167
Belt (clothing),2020-05-18,1221
Belt (clothing),2020-05-25,1046
Belt (clothing),2020-06-01,1078
Belt (clothing),2020-06-08,1125
Belt (clothing),2020-06-15,1055
Belt (clothing),2020-06-22,956
Belt (clothing),2020-06-29,1026
Belt (clothing),2020-07-06,1010
Belt (clothing),2020-07-13,1125
Belt (clothing),2020-07-20,1092
Belt (clothing),2020-07-27,1174
Belt (clothing),2020-08-03,1151
Belt (clothing),2020-08-10,1216
Belt (clothing),2020-08-17,1192
Belt (clothing),2020-08-24,1278
Belt (clothing),2020-08-31,1255
Belt (clothing),2020-09-07,1290
Belt (clothing),2020-09-14,1453
Belt (clothing),2020-09-21,1255
Bikini,2018-09-03,10051
Bikini,2018-09-10,10016
Bikini,2018-09-17,9172
Bikini,2018-09-24,8095
Bikini,2018-10-01,8194
Bikini,2018-10-08,8832
Bikini,2018-10-15,7873
Bikini,2018-10-22,7972
Bikini,2018-10-29,7896
Bikini,2018-11-05,8243
Bikini,2018-11-12,8154
Bikini,2018-11-19,7802
Bikini,2018-11-26,8212
Bikini,2018-12-03,8102
Bikini,2018-12-10,7128
Bikini,2018-12-17,7253
Bikini,2018-12-24,7538
Bikini,2018-12-31,8046
Bikini,2019-01-07,7956
Bikini,2019-01-14,8406
Bikini,2019-01-21,7725
Bikini,2019-01-28,7309
Bikini,2019-02-04,7193
Bikini,2019-02-11,7500
Bikini,2019-02-18,81923
Bikini,2019-02-25,8565
Bikini,2019-03-04,8392
Bikini,2019-03-11,9060
Bikini,2019-03-18,9105
Bikini,2019-03-25,8828
Bikini,2019-04-01,10486
Bikini,2019-04-08,8900
Bikini,2019-04-15,8462
Bikini,2019-04-22,8304
Bikini,2019-04-29,9835
Bikini,2019-05-06,8159
Bikini,2019-05-13,8589
Bikini,2019-05-20,10238
Bikini,2019-05-27,10011
Bikini,2019-06-03,9815
Bikini,2019-06-10,15561
Bikini,2019-06-17,10794
Bikini,2019-06-24,9770
Bikini,2019-07-01,14704
Bikini,2019-07-08,9730
Bikini,2019-07-15,9637
Bikini,2019-07-22,9043
Bikini,2019-07-29,7699
Bikini,2019-08-05,7807
Bikini,2019-08-12,7901
Bikini,2019-08-19,7399
Bikini,2019-08-26,7347
Bikini,2019-09-02,9784
Bikini,2019-09-09,8403
Bikini,2019-09-16,8384
Bikini,2019-09-23,8345
Bikini,2019-09-30,8821
Bikini,2019-10-07,9048
Bikini,2019-10-14,8765
Bikini,2019-10-21,8569
Bikini,2019-10-28,7999
Bikini,2019-11-04,8257
Bikini,2019-11-11,8812
Bikini,2019-11-18,7975
Bikini,2019-11-25,7833
Bikini,2019-12-02,7881
Bikini,2019-12-09,8818
Bikini,2019-12-16,8697
Bikini,2019-12-23,8205
Bikini,2019-12-30,9590
Bikini,2020-01-06,8712
Bikini,2020-01-13,8124
Bikini,2020-01-20,7881
Bikini,2020-01-27,7615
Bikini,2020-02-03,7036
Bikini,2020-02-10,6558
Bikini,2020-02-17,6683
Bikini,2020-02-24,6673
Bikini,2020-03-02,6762
Bikini,2020-03-09,6608
Bikini,2020-03-16,7123
Bikini,2020-03-23,7887
Bikini,2020-03-30,8348
Bikini,2020-04-06,8345
Bikini,2020-04-13,9179
Bikini,2020-04-20,9436
Bikini,2020-04-27,8806
Bikini,2020-05-04,8438
Bikini,2020-05-11,8836
Bikini,2020-05-18,8356
Bikini,2020-05-25,8352
Bikini,2020-06-01,7537
Bikini,2020-06-08,8251
Bikini,2020-06-15,7893
Bikini,2020-06-22,8146
Bikini,2020-06-29,12697
Bikini,2020-07-06,9962
Bikini,2020-07-13,8977
Bikini,2020-07-20,9001
Bikini,2020-07-27,8546
Bikini,2020-08-03,8801
Bikini,2020-08-10,8038
Bikini,2020-08-17,10258
Bikini,2020-08-24,8137
Bikini,2020-08-31,7566
Bikini,2020-09-07,7650
Bikini,2020-09-14,7441
Bikini,2020-09-21,7408
Black,2018-09-03,8201
Black,2018-09-10,8394
Black,2018-09-17,8478
Black,2018-09-24,8389
Black,2018-10-01,8171
Black,2018-10-08,8564
Black,2018-10-15,8332
Black,2018-10-22,8935
Black,2018-10-29,8871
Black,2018-11-05,8921
Black,2018-11-12,8743
Black,2018-11-19,8799
Black,2018-11-26,8250
Black,2018-12-03,8809
Black,2018-12-10,8952
Black,2018-12-17,7891
Black,2018-12-24,7816
Black,2018-12-31,8347
Black,2019-01-07,8531
Black,2019-01-14,8896
Black,2019-01-21,10111
Black,2019-01-28,9747
Black,2019-02-04,9506
Black,2019-02-11,10071
Black,2019-02-18,8916
Black,2019-02-25,8776
Black,2019-03-04,9226
Black,2019-03-11,9182
Black,2019-03-18,9428
Black,2019-03-25,9501
Black,2019-04-01,9502
Black,2019-04-08,12052
Black,2019-04-15,9474
Black,2019-04-22,10004
Black,2019-04-29,10066
Black,2019-05-06,9909
Black,2019-05-13,8604
Black,2019-05-20,9037
Black,2019-05-27,8972
Black,2019-06-03,9568
Black,2019-06-10,9256
Black,2019-06-17,8615
Black,2019-06-24,8229
Black,2019-07-01,8194
Black,2019-07-08,8287
Black,2019-07-15,9211
Black,2019-07-22,8346
Black,2019-07-29,8969
Black,2019-08-05,8887
Black,2019-08-12,8692
Black,2019-08-19,8739
Black,2019-08-26,9015
Black,2019-09-02,9029
Black,2019-09-09,9088
Black,2019-09-16,9416
Black,2019-09-23,9286
Black,2019-09-30,9287
Black,2019-10-07,9547
Black,2019-10-14,9577
Black,2019-10-21,9821
Black,2019-10-28,9446
Black,2019-11-04,8908
Black,2019-11-11,30826
Black,2019-11-18,9021
Black,2019-11-25,9346
Black,2019-12-02,11404
Black,2019-12-09,7942
Black,2019-12-16,21120
Black,2019-12-23,7120
Black,2019-12-30,7243
Black,2020-01-06,8973
Black,2020-01-13,9249
Black,2020-01-20,9868
Black,2020-01-27,12545
Black,2020-02-03,10275
Black,2020-02-10,10016
Black,2020-02-17,9883
Black,2020-02-24,9519
Black,2020-03-02,8679
Black,2020-03-09,8967
Black,2020-03-16,8488
Black,2020-03-23,8690
Black,2020-03-30,9214
Black,2020-04-06,9552
Black,2020-04-13,10090
Black,2020-04-20,10102
Black,2020-04-27,9665
Black,2020-05-04,9047
Black,2020-05-11,8436
Black,2020-05-18,8326
Black,2020-05-25,9348
Black,2020-06-01,18823
Black,2020-06-08,11763
Black,2020-06-15,10847
Black,2020-06-22,9854
Black,2020-06-29,8888
Black,2020-07-06,9080
Black,2020-07-13,9090
Black,2020-07-20,8613
Black,2020-07-27,8302
Black,2020-08-03,8864
Black,2020-08-10,9398
Black,2020-08-17,9737
Black,2020-08-24,12175
Black,2020-08-31,9253
Black,2020-09-07,9926
Black,2020-09-14,11971
Black,2020-09-21,12502
Blazer,2018-09-03,3093
Blazer,2018-09-10,2982
Blazer,2018-09-17,3012
Blazer,2018-09-24,2865
Blazer,2018-10-01,3459
Blazer,2018-10-08,3435
Blazer,2018-10-15,2846
Blazer,2018-10-22,2958
Blazer,2018-10-29,2980
Blazer,2018-11-05,3352
Blazer,2018-11-12,3300
Blazer,2018-11-19,3144
Blazer,2018-11-26,3436
Blazer,2018-12-03,3302
Blazer,2018-12-10,3042
Blazer,2018-12-17,2755
Blazer,2018-12-24,2835
Blazer,2018-12-31,3166
Blazer,2019-01-07,3088
Blazer,2019-01-14,3041
Blazer,2019-01-21,3151
Blazer,2019-01-28,2938
Blazer,2019-02-04,2880
Blazer,2019-02-11,2856
Blazer,2019-02-18,2854
Blazer,2019-02-25,2776
Blazer,2019-03-04,2620
Blazer,2019-03-11,2510
Blazer,2019-03-18,2540
Blazer,2019-03-25,2549
Blazer,2019-04-01,2564
Blazer,2019-04-08,2764
Blazer,2019-04-15,2492
Blazer,2019-04-22,2525
Blazer,2019-04-29,2807
Blazer,2019-05-06,2613
Blazer,2019-05-13,2710
Blazer,2019-05-20,2433
Blazer,2019-05-27,2569
Blazer,2019-06-03,2359
Blazer,2019-06-10,2250
Blazer,2019-06-17,2493
Blazer,2019-06-24,2348
Blazer,2019-07-01,2315
Blazer,2019-07-08,2272
Blazer,2019-07-15,2343
Blazer,2019-07-22,2113
Blazer,2019-07-29,2045
Blazer,2019-08-05,2048
Blazer,2019-08-12,2128
Blazer,2019-08-19,2167
Blazer,2019-08-26,2318
Blazer,2019-09-02,2459
Blazer,2019-09-09,2686
Blazer,2019-09-16,2594
Blazer,2019-09-23,2741
Blazer,2019-09-30,2831
Blazer,2019-10-07,2650
Blazer,2019-10-14,2877
Blazer,2019-10-21,2674
Blazer,2019-10-28,2743
Blazer,2019-11-04,2801
Blazer,2019-11-11,2739
Blazer,2019-11-18,2860
Blazer,2019-11-25,2977
Blazer,2019-12-02,3107
Blazer,2019-12-09,3076
Blazer,2019-12-16,2706
Blazer,2019-12-23,2395
Blazer,2019-12-30,2398
Blazer,2020-01-06,2618
Blazer,2020-01-13,2822
Blazer,2020-01-20,2757
Blazer,2020-01-27,2567
Blazer,2020-02-03,2516
Blazer,2020-02-10,2367
Blazer,2020-02-17,2146
Blazer,2020-02-24,2217
Blazer,2020-03-02,2091
Blazer,2020-03-09,1733
Blazer,2020-03-16,1431
Blazer,2020-03-23,1480
Blazer,2020-03-30,1593
Blazer,2020-04-06,1612
Blazer,2020-04-13,1783
Blazer,2020-04-20,1823
Blazer,2020-04-27,1689
Blazer,2020-05-04,1455
Blazer,2020-05-11,1474
Blazer,2020-05-18,1521
Blazer,2020-05-25,1352
Blazer,2020-06-01,1359
Blazer,2020-06-08,1626
Blazer,2020-06-15,1485
Blazer,2020-06-22,1287
Blazer,2020-06-29,1335
Blazer,2020-07-06,1500
Blazer,2020-07-13,1636
Blazer,2020-07-20,1549
Blazer,2020-07-27,1543
Blazer,2020-08-03,1703
Blazer,2020-08-10,2065
Blazer,2020-08-17,1832
Blazer,2020-08-24,1636
Blazer,2020-08-31,1664
Blazer,2020-09-07,1615
Blazer,2020-09-14,1578
Blazer,2020-09-21,1585
Blouse,2018-09-03,2086
Blouse,2018-09-10,2216
Blouse,2018-09-17,2286
Blouse,2018-09-24,2276
Blouse,2018-10-01,2432
Blouse,2018-10-08,2384
Blouse,2018-10-15,2222
Blouse,2018-10-22,2229
Blouse,2018-10-29,2136
Blouse,2018-11-05,2291
Blouse,2018-11-12,2296
Blouse,2018-11-19,2165
Blouse,2018-11-26,2338
Blouse,2018-12-03,2436
Blouse,2018-12-10,2399
Blouse,2018-12-17,2068
Blouse,2018-12-24,2049
Blouse,2018-12-31,2293
Blouse,2019-01-07,2394
Blouse,2019-01-14,2295
Blouse,2019-01-21,2426
Blouse,2019-01-28,2286
Blouse,2019-02-04,2403
Blouse,2019-02-11,2084
Blouse,2019-02-18,2055
Blouse,2019-02-25,2072
Blouse,2019-03-04,2071
Blouse,2019-03-11,2232
Blouse,2019-03-18,2186
Blouse,2019-03-25,2159
Blouse,2019-04-01,2090
Blouse,2019-04-08,2068
Blouse,2019-04-15,2157
Blouse,2019-04-22,1773
Blouse,2019-04-29,1982
Blouse,2019-05-06,1846
Blouse,2019-05-13,1963
Blouse,2019-05-20,1947
Blouse,2019-05-27,2616
Blouse,2019-06-03,1997
Blouse,2019-06-10,1922
Blouse,2019-06-17,2085
Blouse,2019-06-24,1938
Blouse,2019-07-01,1862
Blouse,2019-07-08,1950
Blouse,2019-07-15,1891
Blouse,2019-07-22,2010
Blouse,2019-07-29,1886
Blouse,2019-08-05,1848
Blouse,2019-08-12,1959
Blouse,2019-08-19,1934
Blouse,2019-08-26,2070
Blouse,2019-09-02,2340
Blouse,2019-09-09,2247
Blouse,2019-09-16,2251
Blouse,2019-09-23,2281
Blouse,2019-09-30,2560
Blouse,2019-10-07,2285
Blouse,2019-10-14,2488
Blouse,2019-10-21,2189
Blouse,2019-10-28,2111
Blouse,2019-11-04,2201
Blouse,2019-11-11,2325
Blouse,2019-11-18,2147
Blouse,2019-11-25,2068
Blouse,2019-12-02,2220
Blouse,2019-12-09,2169
Blouse,2019-12-16,2338
Blouse,2019-12-23,1657
Blouse,2019-12-30,1844
Blouse,2020-01-06,2020
Blouse,2020-01-13,1907
Blouse,2020-01-20,1814
Blouse,2020-01-27,1843
Blouse,2020-02-03,1726
Blouse,2020-02-10,1844
Blouse,2020-02-17,1861
Blouse,2020-02-24,1916
Blouse,2020-03-02,1712
Blouse,2020-03-09,1601
Blouse,2020-03-16,1436
Blouse,2020-03-23,1637
Blouse,2020-03-30,1672
Blouse,2020-04-06,1754
Blouse,2020-04-13,1920
Blouse,2020-04-20,1976
Blouse,2020-04-27,1924
Blouse,2020-05-04,1736
Blouse,2020-05-11,1637
Blouse,2020-05-18,1444
Blouse,2020-05-25,1508
Blouse,2020-06-01,1414
Blouse,2020-06-08,1449
Blouse,2020-06-15,1472
Blouse,2020-06-22,1501
Blouse,2020-06-29,1504
Blouse,2020-07-06,1482
Blouse,2020-07-13,1455
Blouse,2020-07-20,1448
Blouse,2020-07-27,1485
Blouse,2020-08-03,1453
Blouse,2020-08-10,1479
Blouse,2020-08-17,1560
Blouse,2020-08-24,1489
Blouse,2020-08-31,1413
Blouse,2020-09-07,1504
Blouse,2020-09-14,1569
Blouse,2020-09-21,1601
Blue,2018-09-03,10097
Blue,2018-09-10,10507
Blue,2018-09-17,10417
Blue,2018-09-24,10738
Blue,2018-10-01,11000
Blue,2018-10-08,10621
Blue,2018-10-15,10521
Blue,2018-10-22,11400
Blue,2018-10-29,10791
Blue,2018-11-05,10336
Blue,2018-11-12,10484
Blue,2018-11-19,10061
Blue,2018-11-26,10568
Blue,2018-12-03,10670
Blue,2018-12-10,10580
Blue,2018-12-17,9326
Blue,2018-12-24,8861
Blue,2018-12-31,9255
Blue,2019-01-07,10783
Blue,2019-01-14,10932
Blue,2019-01-21,9774
Blue,2019-01-28,9944
Blue,2019-02-04,11315
Blue,2019-02-11,9329
Blue,2019-02-18,9802
Blue,2019-02-25,9737
Blue,2019-03-04,8476
Blue,2019-03-11,8603
Blue,2019-03-18,8307
Blue,2019-03-25,8276
Blue,2019-04-01,7955
Blue,2019-04-08,7845
Blue,2019-04-15,7128
Blue,2019-04-22,7619
Blue,2019-04-29,8273
Blue,2019-05-06,8436
Blue,2019-05-13,7960
Blue,2019-05-20,8332
Blue,2019-05-27,8908
Blue,2019-06-03,8888
Blue,2019-06-10,9319
Blue,2019-06-17,9699
Blue,2019-06-24,8525
Blue,2019-07-01,8477
Blue,2019-07-08,8821
Blue,2019-07-15,9009
Blue,2019-07-22,8953
Blue,2019-07-29,10042
Blue,2019-08-05,8989
Blue,2019-08-12,8504
Blue,2019-08-19,9030
Blue,2019-08-26,8040
Blue,2019-09-02,8667
Blue,2019-09-09,10768
Blue,2019-09-16,11316
Blue,2019-09-23,9421
Blue,2019-09-30,9317
Blue,2019-10-07,8767
Blue,2019-10-14,8215
Blue,2019-10-21,9346
Blue,2019-10-28,8488
Blue,2019-11-04,8180
Blue,2019-11-11,10254
Blue,2019-11-18,8630
Blue,2019-11-25,7913
Blue,2019-12-02,8254
Blue,2019-12-09,7470
Blue,2019-12-16,13035
Blue,2019-12-23,6853
Blue,2019-12-30,7544
Blue,2020-01-06,7768
Blue,2020-01-13,8160
Blue,2020-01-20,9291
Blue,2020-01-27,13749
Blue,2020-02-03,8829
Blue,2020-02-10,9121
Blue,2020-02-17,8851
Blue,2020-02-24,8838
Blue,2020-03-02,8791
Blue,2020-03-09,9165
Blue,2020-03-16,10553
Blue,2020-03-23,10194
Blue,2020-03-30,10815
Blue,2020-04-06,11649
Blue,2020-04-13,11952
Blue,2020-04-20,10824
Blue,2020-04-27,10839
Blue,2020-05-04,9438
Blue,2020-05-11,9145
Blue,2020-05-18,8423
Blue,2020-05-25,8202
Blue,2020-06-01,7886
Blue,2020-06-08,8057
Blue,2020-06-15,8168
Blue,2020-06-22,8743
Blue,2020-06-29,7605
Blue,2020-07-06,7833
Blue,2020-07-13,7329
Blue,2020-07-20,7369
Blue,2020-07-27,7360
Blue,2020-08-03,7709
Blue,2020-08-10,8355
Blue,2020-08-17,8117
Blue,2020-08-24,8426
Blue,2020-08-31,8397
Blue,2020-09-07,8117
Blue,2020-09-14,7796
Blue,2020-09-21,8024
Bodysuit,2018-09-03,1220
Bodysuit,2018-09-10,1187
Bodysuit,2018-09-17,1290
Bodysuit,2018-09-24,1247
Bodysuit,2018-10-01,1366
Bodysuit,2018-10-08,1421
Bodysuit,2018-10-15,1179
Bodysuit,2018-10-22,1184
Bodysuit,2018-10-29,1166
Bodysuit,2018-11-05,1128
Bodysuit,2018-11-12,1097
Bodysuit,2018-11-19,1196
Bodysuit,2018-11-26,1151
Bodysuit,2018-12-03,1105
Bodysuit,2018-12-10,1062
Bodysuit,2018-12-17,1079
Bodysuit,2018-12-24,1187
Bodysuit,2018-12-31,1354
Bodysuit,2019-01-07,1211
Bodysuit,2019-01-14,1180
Bodysuit,2019-01-21,1224
Bodysuit,2019-01-28,1154
Bodysuit,2019-02-04,1293
Bodysuit,2019-02-11,1285
Bodysuit,2019-02-18,1355
Bodysuit,2019-02-25,1255
Bodysuit,2019-03-04,1228
Bodysuit,2019-03-11,1255
Bodysuit,2019-03-18,1315
Bodysuit,2019-03-25,1335
Bodysuit,2019-04-01,1208
Bodysuit,2019-04-08,1252
Bodysuit,2019-04-15,1167
Bodysuit,2019-04-22,1262
Bodysuit,2019-04-29,1199
Bodysuit,2019-05-06,1209
Bodysuit,2019-05-13,1154
Bodysuit,2019-05-20,1261
Bodysuit,2019-05-27,1199
Bodysuit,2019-06-03,1171
Bodysuit,2019-06-10,1516
Bodysuit,2019-06-17,1363
Bodysuit,2019-06-24,1247
Bodysuit,2019-07-01,1369
Bodysuit,2019-07-08,1264
Bodysuit,2019-07-15,1300
Bodysuit,2019-07-22,1290
Bodysuit,2019-07-29,1224
Bodysuit,2019-08-05,1240
Bodysuit,2019-08-12,1140
Bodysuit,2019-08-19,1129
Bodysuit,2019-08-26,1138
Bodysuit,2019-09-02,1240
Bodysuit,2019-09-09,1192
Bodysuit,2019-09-16,1285
Bodysuit,2019-09-23,1199
Bodysuit,2019-09-30,1150
Bodysuit,2019-10-07,1238
Bodysuit,2019-10-14,1310
Bodysuit,2019-10-21,1286
Bodysuit,2019-10-28,1377
Bodysuit,2019-11-04,1174
Bodysuit,2019-11-11,1195
Bodysuit,2019-11-18,1321
Bodysuit,2019-11-25,1335
Bodysuit,2019-12-02,1376
Bodysuit,2019-12-09,1269
Bodysuit,2019-12-16,1204
Bodysuit,2019-12-23,1371
Bodysuit,2019-12-30,1404
Bodysuit,2020-01-06,1393
Bodysuit,2020-01-13,1283
Bodysuit,2020-01-20,1268
Bodysuit,2020-01-27,1292
Bodysuit,2020-02-03,1228
Bodysuit,2020-02-10,1229
Bodysuit,2020-02-17,1133
Bodysuit,2020-02-24,1109
Bodysuit,2020-03-02,1134
Bodysuit,2020-03-09,1066
Bodysuit,2020-03-16,1102
Bodysuit,2020-03-23,1238
Bodysuit,2020-03-30,1264
Bodysuit,2020-04-06,1320
Bodysuit,2020-04-13,1464
Bodysuit,2020-04-20,1336
Bodysuit,2020-04-27,1457
Bodysuit,2020-05-04,1350
Bodysuit,2020-05-11,1427
Bodysuit,2020-05-18,1433
Bodysuit,2020-05-25,1304
Bodysuit,2020-06-01,1206
Bodysuit,2020-06-08,1329
Bodysuit,2020-06-15,1253
Bodysuit,2020-06-22,1235
Bodysuit,2020-06-29,1524
Bodysuit,2020-07-06,1358
Bodysuit,2020-07-13,1224
Bodysuit,2020-07-20,1357
Bodysuit,2020-07-27,1344
Bodysuit,2020-08-03,1227
Bodysuit,2020-08-10,1202
Bodysuit,2020-08-17,1220
Bodysuit,2020-08-24,1335
Bodysuit,2020-08-31,1227
Bodysuit,2020-09-07,1270
Bodysuit,2020-09-14,1119
Bodysuit,2020-09-21,1223
Boot,2018-09-03,1736
Boot,2018-09-10,1851
Boot,2018-09-17,1678
Boot,2018-09-24,2020
Boot,2018-10-01,2349
Boot,2018-10-08,2392
Boot,2018-10-15,1970
Boot,2018-10-22,1996
Boot,2018-10-29,1847
Boot,2018-11-05,1975
Boot,2018-11-12,2163
Boot,2018-11-19,2143
Boot,2018-11-26,2130
Boot,2018-12-03,2138
Boot,2018-12-10,1965
Boot,2018-12-17,1765
Boot,2018-12-24,1681
Boot,2018-12-31,1758
Boot,2019-01-07,1879
Boot,2019-01-14,2016
Boot,2019-01-21,1904
Boot,2019-01-28,1875
Boot,2019-02-04,1775
Boot,2019-02-11,2552
Boot,2019-02-18,1798
Boot,2019-02-25,1820
Boot,2019-03-04,1699
Boot,2019-03-11,1913
Boot,2019-03-18,1685
Boot,2019-03-25,1699
Boot,2019-04-01,1692
Boot,2019-04-08,1826
Boot,2019-04-15,1581
Boot,2019-04-22,1643
Boot,2019-04-29,1639
Boot,2019-05-06,1608
Boot,2019-05-13,1510
Boot,2019-05-20,1659
Boot,2019-05-27,1538
Boot,2019-06-03,1547
Boot,2019-06-10,1515
Boot,2019-06-17,1665
Boot,2019-06-24,1652
Boot,2019-07-01,1509
Boot,2019-07-08,1511
Boot,2019-07-15,1576
Boot,2019-07-22,1623
Boot,2019-07-29,1623
Boot,2019-08-05,1617
Boot,2019-08-12,1715
Boot,2019-08-19,1670
Boot,2019-08-26,1827
Boot,2019-09-02,1757
Boot,2019-09-09,1649
Boot,2019-09-16,1758
Boot,2019-09-23,1864
Boot,2019-09-30,1963
Boot,2019-10-07,1956
Boot,2019-10-14,2029
Boot,2019-10-21,1962
Boot,2019-10-28,2202
Boot,2019-11-04,4003
Boot,2019-11-11,4894
Boot,2019-11-18,4383
Boot,2019-11-25,3970
Boot,2019-12-02,2373
Boot,2019-12-09,2046
Boot,2019-12-16,2947
Boot,2019-12-23,1776
Boot,2019-12-30,1819
Boot,2020-01-06,1832
Boot,2020-01-13,2058
Boot,2020-01-20,1965
Boot,2020-01-27,1805
Boot,2020-02-03,1823
Boot,2020-02-10,1989
Boot,2020-02-17,1735
Boot,2020-02-24,1959
Boot,2020-03-02,1822
Boot,2020-03-09,1784
Boot,2020-03-16,1681
Boot,2020-03-23,1563
Boot,2020-03-30,1738
Boot,2020-04-06,1813
Boot,2020-04-13,1787
Boot,2020-04-20,1865
Boot,2020-04-27,1732
Boot,2020-05-04,1404
Boot,2020-05-11,1380
Boot,2020-05-18,1357
Boot,2020-05-25,1219
Boot,2020-06-01,1247
Boot,2020-06-08,1284
Boot,2020-06-15,1372
Boot,2020-06-22,1212
Boot,2020-06-29,1122
Boot,2020-07-06,1166
Boot,2020-07-13,1153
Boot,2020-07-20,1290
Boot,2020-07-27,1145
Boot,2020-08-03,1168
Boot,2020-08-10,1207
Boot,2020-08-17,1218
Boot,2020-08-24,1256
Boot,2020-08-31,1183
Boot,2020-09-07,1320
Boot,2020-09-14,1492
Boot,2020-09-21,1306
Bra,2018-09-03,7191
Bra,2018-09-10,6665
Bra,2018-09-17,6504
Bra,2018-09-24,6468
Bra,2018-10-01,6741
Bra,2018-10-08,8850
Bra,2018-10-15,6672
Bra,2018-10-22,6504
Bra,2018-10-29,6494
Bra,2018-11-05,6725
Bra,2018-11-12,6629
Bra,2018-11-19,6637
Bra,2018-11-26,6447
Bra,2018-12-03,6468
Bra,2018-12-10,6358
Bra,2018-12-17,6742
Bra,2018-12-24,7070
Bra,2018-12-31,7421
Bra,2019-01-07,7633
Bra,2019-01-14,6922
Bra,2019-01-21,6867
Bra,2019-01-28,6346
Bra,2019-02-04,6310
Bra,2019-02-11,6612
Bra,2019-02-18,6791
Bra,2019-02-25,6488
Bra,2019-03-04,6772
Bra,2019-03-11,6685
Bra,2019-03-18,6280
Bra,2019-03-25,6458
Bra,2019-04-01,6906
Bra,2019-04-08,6255
Bra,2019-04-15,6603
Bra,2019-04-22,6572
Bra,2019-04-29,7298
Bra,2019-05-06,7550
Bra,2019-05-13,6715
Bra,2019-05-20,6923
Bra,2019-05-27,7171
Bra,2019-06-03,6969
Bra,2019-06-10,6568
Bra,2019-06-17,7607
Bra,2019-06-24,6566
Bra,2019-07-01,6760
Bra,2019-07-08,7828
Bra,2019-07-15,6517
Bra,2019-07-22,6534
Bra,2019-07-29,6588
Bra,2019-08-05,6677
Bra,2019-08-12,6743
Bra,2019-08-19,7050
Bra,2019-08-26,6878
Bra,2019-09-02,7312
Bra,2019-09-09,6496
Bra,2019-09-16,6763
Bra,2019-09-23,7139
Bra,2019-09-30,7341
Bra,2019-10-07,8139
Bra,2019-10-14,8024
Bra,2019-10-21,7445
Bra,2019-10-28,7431
Bra,2019-11-04,7788
Bra,2019-11-11,32522
Bra,2019-11-18,6782
Bra,2019-11-25,7026
Bra,2019-12-02,7049
Bra,2019-12-09,6924
Bra,2019-12-16,22948
Bra,2019-12-23,7146
Bra,2019-12-30,7825
Bra,2020-01-06,7519
Bra,2020-01-13,7560
Bra,2020-01-20,8918
Bra,2020-01-27,8010
Bra,2020-02-03,7592
Bra,2020-02-10,7187
Bra,2020-02-17,7648
Bra,2020-02-24,7739
Bra,2020-03-02,7971
Bra,2020-03-09,7700
Bra,2020-03-16,8358
Bra,2020-03-23,8994
Bra,2020-03-30,8769
Bra,2020-04-06,15831
Bra,2020-04-13,10515
Bra,2020-04-20,9808
Bra,2020-04-27,9408
Bra,2020-05-04,7792
Bra,2020-05-11,7076
Bra,2020-05-18,7535
Bra,2020-05-25,7399
Bra,2020-06-01,6643
Bra,2020-06-08,7196
Bra,2020-06-15,6716
Bra,2020-06-22,6849
Bra,2020-06-29,7025
Bra,2020-07-06,7172
Bra,2020-07-13,6877
Bra,2020-07-20,6651
Bra,2020-07-27,6660
Bra,2020-08-03,6606
Bra,2020-08-10,6412
Bra,2020-08-17,6752
Bra,2020-08-24,6876
Bra,2020-08-31,6493
Bra,2020-09-07,6684
Bra,2020-09-14,7837
Bra,2020-09-21,6285
Bracelet,2018-09-03,1527
Bracelet,2018-09-10,1443
Bracelet,2018-09-17,1578
Bracelet,2018-09-24,1498
Bracelet,2018-10-01,2026
Bracelet,2018-10-08,1531
Bracelet,2018-10-15,1439
Bracelet,2018-10-22,1519
Bracelet,2018-10-29,1393
Bracelet,2018-11-05,1538
Bracelet,2018-11-12,1652
Bracelet,2018-11-19,1710
Bracelet,2018-11-26,1579
Bracelet,2018-12-03,1899
Bracelet,2018-12-10,1936
Bracelet,2018-12-17,1659
Bracelet,2018-12-24,1580
Bracelet,2018-12-31,1531
Bracelet,2019-01-07,1557
Bracelet,2019-01-14,1630
Bracelet,2019-01-21,1679
Bracelet,2019-01-28,1524
Bracelet,2019-02-04,1407
Bracelet,2019-02-11,1557
Bracelet,2019-02-18,1536
Bracelet,2019-02-25,1691
Bracelet,2019-03-04,1649
Bracelet,2019-03-11,1783
Bracelet,2019-03-18,1608
Bracelet,2019-03-25,1775
Bracelet,2019-04-01,1645
Bracelet,2019-04-08,1719
Bracelet,2019-04-15,1753
Bracelet,2019-04-22,1607
Bracelet,2019-04-29,1575
Bracelet,2019-05-06,1613
Bracelet,2019-05-13,1489
Bracelet,2019-05-20,1476
Bracelet,2019-05-27,1556
Bracelet,2019-06-03,1490
Bracelet,2019-06-10,1646
Bracelet,2019-06-17,1634
Bracelet,2019-06-24,1578
Bracelet,2019-07-01,1640
Bracelet,2019-07-08,1677
Bracelet,2019-07-15,1643
Bracelet,2019-07-22,1686
Bracelet,2019-07-29,1636
Bracelet,2019-08-05,1632
Bracelet,2019-08-12,1689
Bracelet,2019-08-19,1685
Bracelet,2019-08-26,1678
Bracelet,2019-09-02,1707
Bracelet,2019-09-09,1870
Bracelet,2019-09-16,2000
Bracelet,2019-09-23,1754
Bracelet,2019-09-30,1823
Bracelet,2019-10-07,1793
Bracelet,2019-10-14,1837
Bracelet,2019-10-21,1781
Bracelet,2019-10-28,1738
Bracelet,2019-11-04,1824
Bracelet,2019-11-11,1972
Bracelet,2019-11-18,2045
Bracelet,2019-11-25,2046
Bracelet,2019-12-02,1929
Bracelet,2019-12-09,2036
Bracelet,2019-12-16,2282
Bracelet,2019-12-23,1839
Bracelet,2019-12-30,1616
Bracelet,2020-01-06,1763
Bracelet,2020-01-13,1862
Bracelet,2020-01-20,1779
Bracelet,2020-01-27,1649
Bracelet,2020-02-03,1458
Bracelet,2020-02-10,1483
Bracelet,2020-02-17,1346
Bracelet,2020-02-24,1427
Bracelet,2020-03-02,1312
Bracelet,2020-03-09,1317
Bracelet,2020-03-16,1225
Bracelet,2020-03-23,1194
Bracelet,2020-03-30,1340
Bracelet,2020-04-06,1309
Bracelet,2020-04-13,1393
Bracelet,2020-04-20,1382
Bracelet,2020-04-27,1386
Bracelet,2020-05-04,1247
Bracelet,2020-05-11,1300
Bracelet,2020-05-18,1312
Bracelet,2020-05-25,1640
Bracelet,2020-06-01,1386
Bracelet,2020-06-08,1419
Bracelet,2020-06-15,1209
Bracelet,2020-06-22,1136
Bracelet,2020-06-29,1009
Bracelet,2020-07-06,1089
Bracelet,2020-07-13,1056
Bracelet,2020-07-20,1157
Bracelet,2020-07-27,1130
Bracelet,2020-08-03,1264
Bracelet,2020-08-10,1168
Bracelet,2020-08-17,1122
Bracelet,2020-08-24,1185
Bracelet,2020-08-31,1147
Bracelet,2020-09-07,1247
Bracelet,2020-09-14,1184
Bracelet,2020-09-21,1173
Brown,2018-09-03,2733
Brown,2018-09-10,2690
Brown,2018-09-17,2861
Brown,2018-09-24,2776
Brown,2018-10-01,2959
Brown,2018-10-08,2767
Brown,2018-10-15,2852
Brown,2018-10-22,2900
Brown,2018-10-29,2805
Brown,2018-11-05,2793
Brown,2018-11-12,2892
Brown,2018-11-19,2690
Brown,2018-11-26,2835
Brown,2018-12-03,3121
Brown,2018-12-10,3915
Brown,2018-12-17,2718
Brown,2018-12-24,2448
Brown,2018-12-31,2682
Brown,2019-01-07,2722
Brown,2019-01-14,2924
Brown,2019-01-21,2767
Brown,2019-01-28,2768
Brown,2019-02-04,2622
Brown,2019-02-11,2738
Brown,2019-02-18,3095
Brown,2019-02-25,2492
Brown,2019-03-04,2726
Brown,2019-03-11,2697
Brown,2019-03-18,2623
Brown,2019-03-25,2840
Brown,2019-04-01,2777
Brown,2019-04-08,2603
Brown,2019-04-15,2526
Brown,2019-04-22,2767
Brown,2019-04-29,3813
Brown,2019-05-06,2768
Brown,2019-05-13,2893
Brown,2019-05-20,2735
Brown,2019-05-27,2634
Brown,2019-06-03,2472
Brown,2019-06-10,2389
Brown,2019-06-17,2565
Brown,2019-06-24,2635
Brown,2019-07-01,2449
Brown,2019-07-08,2514
Brown,2019-07-15,2684
Brown,2019-07-22,2589
Brown,2019-07-29,2361
Brown,2019-08-05,2454
Brown,2019-08-12,2610
Brown,2019-08-19,2732
Brown,2019-08-26,2784
Brown,2019-09-02,2804
Brown,2019-09-09,2599
Brown,2019-09-16,2820
Brown,2019-09-23,2884
Brown,2019-09-30,2840
Brown,2019-10-07,3014
Brown,2019-10-14,2965
Brown,2019-10-21,3168
Brown,2019-10-28,2771
Brown,2019-11-04,2905
Brown,2019-11-11,4671
Brown,2019-11-18,3219
Brown,2019-11-25,2896
Brown,2019-12-02,2960
Brown,2019-12-09,2911
Brown,2019-12-16,4350
Brown,2019-12-23,2484
Brown,2019-12-30,2695
Brown,2020-01-06,3102
Brown,2020-01-13,2980
Brown,2020-01-20,3090
Brown,2020-01-27,3009
Brown,2020-02-03,3173
Brown,2020-02-10,4459
Brown,2020-02-17,3985
Brown,2020-02-24,3617
Brown,2020-03-02,3221
Brown,2020-03-09,3007
Brown,2020-03-16,3020
Brown,2020-03-23,3118
Brown,2020-03-30,3146
Brown,2020-04-06,3346
Brown,2020-04-13,5752
Brown,2020-04-20,4479
Brown,2020-04-27,4136
Brown,2020-05-04,3702
Brown,2020-05-11,3251
Brown,2020-05-18,2982
Brown,2020-05-25,2853
Brown,2020-06-01,2893
Brown,2020-06-08,3172
Brown,2020-06-15,2898
Brown,2020-06-22,2884
Brown,2020-06-29,2863
Brown,2020-07-06,2697
Brown,2020-07-13,2912
Brown,2020-07-20,2843
Brown,2020-07-27,2942
Brown,2020-08-03,2806
Brown,2020-08-10,3120
Brown,2020-08-17,2889
Brown,2020-08-24,2734
Brown,2020-08-31,2758
Brown,2020-09-07,2969
Brown,2020-09-14,3406
Brown,2020-09-21,3004
Cardigan (sweater),2018-09-03,2710
Cardigan (sweater),2018-09-10,3108
Cardigan (sweater),2018-09-17,2805
Cardigan (sweater),2018-09-24,2877
Cardigan (sweater),2018-10-01,2961
Cardigan (sweater),2018-10-08,3254
Cardigan (sweater),2018-10-15,2881
Cardigan (sweater),2018-10-22,3114
Cardigan (sweater),2018-10-29,2869
Cardigan (sweater),2018-11-05,3012
Cardigan (sweater),2018-11-12,3108
Cardigan (sweater),2018-11-19,3056
Cardigan (sweater),2018-11-26,3062
Cardigan (sweater),2018-12-03,3103
Cardigan (sweater),2018-12-10,3026
Cardigan (sweater),2018-12-17,3120
Cardigan (sweater),2018-12-24,2913
Cardigan (sweater),2018-12-31,2781
Cardigan (sweater),2019-01-07,2832
Cardigan (sweater),2019-01-14,2914
Cardigan (sweater),2019-01-21,2897
Cardigan (sweater),2019-01-28,3082
Cardigan (sweater),2019-02-04,3021
Cardigan (sweater),2019-02-11,2912
Cardigan (sweater),2019-02-18,2704
Cardigan (sweater),2019-02-25,2554
Cardigan (sweater),2019-03-04,2450
Cardigan (sweater),2019-03-11,2604
Cardigan (sweater),2019-03-18,2493
Cardigan (sweater),2019-03-25,2575
Cardigan (sweater),2019-04-01,2439
Cardigan (sweater),2019-04-08,2478
Cardigan (sweater),2019-04-15,2763
Cardigan (sweater),2019-04-22,2328
Cardigan (sweater),2019-04-29,2296
Cardigan (sweater),2019-05-06,2234
Cardigan (sweater),2019-05-13,2197
Cardigan (sweater),2019-05-20,2072
Cardigan (sweater),2019-05-27,2174
Cardigan (sweater),2019-06-03,2087
Cardigan (sweater),2019-06-10,2074
Cardigan (sweater),2019-06-17,2187
Cardigan (sweater),2019-06-24,2003
Cardigan (sweater),2019-07-01,2056
Cardigan (sweater),2019-07-08,2139
Cardigan (sweater),2019-07-15,2136
Cardigan (sweater),2019-07-22,2197
Cardigan (sweater),2019-07-29,2020
Cardigan (sweater),2019-08-05,1987
Cardigan (sweater),2019-08-12,2077
Cardigan (sweater),2019-08-19,2034
Cardigan (sweater),2019-08-26,2083
Cardigan (sweater),2019-09-02,2382
Cardigan (sweater),2019-09-09,2305
Cardigan (sweater),2019-09-16,2362
Cardigan (sweater),2019-09-23,2486
Cardigan (sweater),2019-09-30,2494
Cardigan (sweater),2019-10-07,2809
Cardigan (sweater),2019-10-14,2810
Cardigan (sweater),2019-10-21,3170
Cardigan (sweater),2019-10-28,2815
Cardigan (sweater),2019-11-04,2965
Cardigan (sweater),2019-11-11,7513
Cardigan (sweater),2019-11-18,3358
Cardigan (sweater),2019-11-25,3291
Cardigan (sweater),2019-12-02,3272
Cardigan (sweater),2019-12-09,3187
Cardigan (sweater),2019-12-16,3045
Cardigan (sweater),2019-12-23,2549
Cardigan (sweater),2019-12-30,2510
Cardigan (sweater),2020-01-06,2584
Cardigan (sweater),2020-01-13,2564
Cardigan (sweater),2020-01-20,3076
Cardigan (sweater),2020-01-27,2245
Cardigan (sweater),2020-02-03,2018
Cardigan (sweater),2020-02-10,2007
Cardigan (sweater),2020-02-17,2160
Cardigan (sweater),2020-02-24,1922
Cardigan (sweater),2020-03-02,1801
Cardigan (sweater),2020-03-09,1516
Cardigan (sweater),2020-03-16,1464
Cardigan (sweater),2020-03-23,1621
Cardigan (sweater),2020-03-30,1746
Cardigan (sweater),2020-04-06,1823
Cardigan (sweater),2020-04-13,1876
Cardigan (sweater),2020-04-20,1850
Cardigan (sweater),2020-04-27,1786
Cardigan (sweater),2020-05-04,2638
Cardigan (sweater),2020-05-11,1741
Cardigan (sweater),2020-05-18,1730
Cardigan (sweater),2020-05-25,1442
Cardigan (sweater),2020-06-01,1524
Cardigan (sweater),2020-06-08,1693
Cardigan (sweater),2020-06-15,1511
Cardigan (sweater),2020-06-22,1481
Cardigan (sweater),2020-06-29,1481
Cardigan (sweater),2020-07-06,1443
Cardigan (sweater),2020-07-13,1477
Cardigan (sweater),2020-07-20,3641
Cardigan (sweater),2020-07-27,3380
Cardigan (sweater),2020-08-03,2721
Cardigan (sweater),2020-08-10,2165
Cardigan (sweater),2020-08-17,2127
Cardigan (sweater),2020-08-24,2095
Cardigan (sweater),2020-08-31,2030
Cardigan (sweater),2020-09-07,2071
Cardigan (sweater),2020-09-14,2227
Cardigan (sweater),2020-09-21,3067
Coat (clothing),2018-09-03,1901
Coat (clothing),2018-09-10,1969
Coat (clothing),2018-09-17,2139
Coat (clothing),2018-09-24,2178
Coat (clothing),2018-10-01,2484
Coat (clothing),2018-10-08,2672
Coat (clothing),2018-10-15,2692
Coat (clothing),2018-10-22,2698
Coat (clothing),2018-10-29,2689
Coat (clothing),2018-11-05,2718
Coat (clothing),2018-11-12,2972
Coat (clothing),2018-11-19,3014
Coat (clothing),2018-11-26,2812
Coat (clothing),2018-12-03,3279
Coat (clothing),2018-12-10,3170
Coat (clothing),2018-12-17,2431
Coat (clothing),2018-12-24,2301
Coat (clothing),2018-12-31,2319
Coat (clothing),2019-01-07,2025
Coat (clothing),2019-01-14,1935
Coat (clothing),2019-01-21,1845
Coat (clothing),2019-01-28,1811
Coat (clothing),2019-02-04,1600
Coat (clothing),2019-02-11,1548
Coat (clothing),2019-02-18,1561
Coat (clothing),2019-02-25,1497
Coat (clothing),2019-03-04,1621
Coat (clothing),2019-03-11,1493
Coat (clothing),2019-03-18,1471
Coat (clothing),2019-03-25,1689
Coat (clothing),2019-04-01,1702
Coat (clothing),2019-04-08,1540
Coat (clothing),2019-04-15,1467
Coat (clothing),2019-04-22,1558
Coat (clothing),2019-04-29,1680
Coat (clothing),2019-05-06,1650
Coat (clothing),2019-05-13,1634
Coat (clothing),2019-05-20,1658
Coat (clothing),2019-05-27,1484
Coat (clothing),2019-06-03,1516
Coat (clothing),2019-06-10,1521
Coat (clothing),2019-06-17,1748
Coat (clothing),2019-06-24,1528
Coat (clothing),2019-07-01,1454
Coat (clothing),2019-07-08,1411
Coat (clothing),2019-07-15,1505
Coat (clothing),2019-07-22,1474
Coat (clothing),2019-07-29,1274
Coat (clothing),2019-08-05,1392
Coat (clothing),2019-08-12,1350
Coat (clothing),2019-08-19,1455
Coat (clothing),2019-08-26,1567
Coat (clothing),2019-09-02,1677
Coat (clothing),2019-09-09,1847
Coat (clothing),2019-09-16,1572
Coat (clothing),2019-09-23,1731
Coat (clothing),2019-09-30,1835
Coat (clothing),2019-10-07,1940
Coat (clothing),2019-10-14,1948
Coat (clothing),2019-10-21,2355
Coat (clothing),2019-10-28,2357
Coat (clothing),2019-11-04,2496
Coat (clothing),2019-11-11,3735
Coat (clothing),2019-11-18,1610
Coat (clothing),2019-11-25,813
Coat (clothing),2019-12-02,734
Coat (clothing),2019-12-09,714
Coat (clothing),2019-12-16,531
Coat (clothing),2019-12-23,530
Coat (clothing),2019-12-30,587
Coat (clothing),2020-01-06,555
Coat (clothing),2020-01-13,550
Coat (clothing),2020-01-20,546
Coat (clothing),2020-01-27,515
Coat (clothing),2020-02-03,566
Coat (clothing),2020-02-10,487
Coat (clothing),2020-02-17,475
Coat (clothing),2020-02-24,457
Coat (clothing),2020-03-02,412
Coat (clothing),2020-03-09,398
Coat (clothing),2020-03-16,375
Coat (clothing),2020-03-23,357
Coat (clothing),2020-03-30,394
Coat (clothing),2020-04-06,396
Coat (clothing),2020-04-13,426
Coat (clothing),2020-04-20,386
Coat (clothing),2020-04-27,412
Coat (clothing),2020-05-04,401
Coat (clothing),2020-05-11,379
Coat (clothing),2020-05-18,352
Coat (clothing),2020-05-25,338
Coat (clothing),2020-06-01,304
Coat (clothing),2020-06-08,371
Coat (clothing),2020-06-15,273
Coat (clothing),2020-06-22,295
Coat (clothing),2020-06-29,303
Coat (clothing),2020-07-06,285
Coat (clothing),2020-07-13,306
Coat (clothing),2020-07-20,284
Coat (clothing),2020-07-27,265
Coat (clothing),2020-08-03,274
Coat (clothing),2020-08-10,314
Coat (clothing),2020-08-17,318
Coat (clothing),2020-08-24,357
Coat (clothing),2020-08-31,267
Coat (clothing),2020-09-07,308
Coat (clothing),2020-09-14,316
Coat (clothing),2020-09-21,333
Dress,2018-09-03,3084
Dress,2018-09-10,3049
Dress,2018-09-17,3156
Dress,2018-09-24,3253
Dress,2018-10-01,3131
Dress,2018-10-08,3301
Dress,2018-10-15,3138
Dress,2018-10-22,3060
Dress,2018-10-29,3259
Dress,2018-11-05,3035
Dress,2018-11-12,3279
Dress,2018-11-19,3285
Dress,2018-11-26,3157
Dress,2018-12-03,3237
Dress,2018-12-10,3268
Dress,2018-12-17,3072
Dress,2018-12-24,2615
Dress,2018-12-31,2779
Dress,2019-01-07,2906
Dress,2019-01-14,3223
Dress,2019-01-21,3242
Dress,2019-01-28,3128
Dress,2019-02-04,2943
Dress,2019-02-11,3056
Dress,2019-02-18,3053
Dress,2019-02-25,3294
Dress,2019-03-04,3120
Dress,2019-03-11,3128
Dress,2019-03-18,2946
Dress,2019-03-25,3123
Dress,2019-04-01,3045
Dress,2019-04-08,3109
Dress,2019-04-15,2867
Dress,2019-04-22,3095
Dress,2019-04-29,3775
Dress,2019-05-06,3198
Dress,2019-05-13,3221
Dress,2019-05-20,3169
Dress,2019-05-27,3250
Dress,2019-06-03,2935
Dress,2019-06-10,3018
Dress,2019-06-17,3348
Dress,2019-06-24,3074
Dress,2019-07-01,2989
Dress,2019-07-08,3171
Dress,2019-07-15,3273
Dress,2019-07-22,3792
Dress,2019-07-29,2906
Dress,2019-08-05,2819
Dress,2019-08-12,2808
Dress,2019-08-19,3162
Dress,2019-08-26,3184
Dress,2019-09-02,3184
Dress,2019-09-09,3435
Dress,2019-09-16,3433
Dress,2019-09-23,3697
Dress,2019-09-30,3916
Dress,2019-10-07,4011
Dress,2019-10-14,4159
Dress,2019-10-21,4293
Dress,2019-10-28,3817
Dress,2019-11-04,4106
Dress,2019-11-11,7217
Dress,2019-11-18,4722
Dress,2019-11-25,4379
Dress,2019-12-02,3766
Dress,2019-12-09,3847
Dress,2019-12-16,6894
Dress,2019-12-23,3071
Dress,2019-12-30,3285
Dress,2020-01-06,4177
Dress,2020-01-13,3640
Dress,2020-01-20,3671
Dress,2020-01-27,3845
Dress,2020-02-03,3972
Dress,2020-02-10,3648
Dress,2020-02-17,3614
Dress,2020-02-24,3935
Dress,2020-03-02,3383
Dress,2020-03-09,3399
Dress,2020-03-16,3201
Dress,2020-03-23,3958
Dress,2020-03-30,3628
Dress,2020-04-06,3527
Dress,2020-04-13,3832
Dress,2020-04-20,3798
Dress,2020-04-27,3540
Dress,2020-05-04,3204
Dress,2020-05-11,2928
Dress,2020-05-18,2681
Dress,2020-05-25,2632
Dress,2020-06-01,2639
Dress,2020-06-08,2701
Dress,2020-06-15,2401
Dress,2020-06-22,2557
Dress,2020-06-29,2502
Dress,2020-07-06,2527
Dress,2020-07-13,2509
Dress,2020-07-20,2600
Dress,2020-07-27,2933
Dress,2020-08-03,2678
Dress,2020-08-10,2763
Dress,2020-08-17,2840
Dress,2020-08-24,2791
Dress,2020-08-31,2815
Dress,2020-09-07,2908
Dress,2020-09-14,2762
Dress,2020-09-21,2831
Dungarees,2018-09-03,56
Dungarees,2018-09-10,23
Dungarees,2018-09-17,26
Dungarees,2018-09-24,46
Dungarees,2018-10-01,39
Dungarees,2018-10-08,36
Dungarees,2018-10-15,35
Dungarees,2018-10-22,26
Dungarees,2018-10-29,25
Dungarees,2018-11-05,26
Dungarees,2018-11-12,22
Dungarees,2018-11-19,26
Dungarees,2018-11-26,35
Dungarees,2018-12-03,28
Dungarees,2018-12-10,21
Dungarees,2018-12-17,20
Dungarees,2018-12-24,15
Dungarees,2018-12-31,21
Dungarees,2019-01-07,33
Dungarees,2019-01-14,37
Dungarees,2019-01-21,54
Dungarees,2019-01-28,34
Dungarees,2019-02-04,32
Dungarees,2019-02-11,19
Dungarees,2019-02-18,27
Dungarees,2019-02-25,21
Dungarees,2019-03-04,27
Dungarees,2019-03-11,30
Dungarees,2019-03-18,24
Dungarees,2019-03-25,20
Dungarees,2019-04-01,19
Dungarees,2019-04-08,15
Dungarees,2019-04-15,35
Dungarees,2019-04-22,26
Dungarees,2019-05-06,24
Dungarees,2019-05-13,21
Dungarees,2019-05-20,31
Dungarees,2019-05-27,14
Dungarees,2019-06-03,23
Dungarees,2019-06-10,26
Dungarees,2019-06-17,27
Dungarees,2019-06-24,35
Dungarees,2019-07-01,24
Dungarees,2019-07-08,36
Dungarees,2019-07-15,31
Dungarees,2019-07-22,31
Dungarees,2019-07-29,20
Dungarees,2019-08-05,12
Dungarees,2019-08-12,32
Dungarees,2019-08-26,19
Dungarees,2019-09-02,20
Dungarees,2019-09-16,32
Dungarees,2019-09-23,22
Dungarees,2019-09-30,24
Dungarees,2019-10-07,21
Dungarees,2019-10-14,57
Dungarees,2019-10-28,21
Dungarees,2019-11-04,19
Dungarees,2019-11-11,22
Dungarees,2019-11-18,22
Dungarees,2019-11-25,21
Dungarees,2019-12-02,35
Dungarees,2019-12-09,20
Dungarees,2019-12-16,26
Dungarees,2019-12-23,12
Dungarees,2019-12-30,20
Dungarees,2020-01-06,32
Dungarees,2020-01-13,20
Dungarees,2020-01-20,35
Dungarees,2020-02-17,26
Dungarees,2020-03-02,24
Dungarees,2020-03-16,16
Dungarees,2020-03-30,21
Dungarees,2020-04-06,16
Dungarees,2020-04-13,17
Dungarees,2020-04-20,18
Dungarees,2020-04-27,19
Dungarees,2020-05-04,28
Dungarees,2020-05-11,24
Dungarees,2020-05-18,19
Dungarees,2020-05-25,28
Dungarees,2020-06-01,17
Dungarees,2020-06-08,17
Dungarees,2020-06-15,23
Dungarees,2020-06-22,15
Dungarees,2020-06-29,16
Dungarees,2020-07-06,20
Dungarees,2020-07-13,20
Dungarees,2020-07-20,19
Dungarees,2020-07-27,17
Dungarees,2020-08-03,18
Dungarees,2020-08-10,17
Dungarees,2020-08-17,28
Dungarees,2020-08-24,20
Dungarees,2020-08-31,24
Dungarees,2020-09-07,22
Dungarees,2020-09-21,18
Earring,2018-09-03,7202
Earring,2018-09-10,7182
Earring,2018-09-17,7188
Earring,2018-09-24,7169
Earring,2018-10-01,7383
Earring,2018-10-08,7301
Earring,2018-10-15,7515
Earring,2018-10-22,7883
Earring,2018-10-29,7364
Earring,2018-11-05,7542
Earring,2018-11-12,7335
Earring,2018-11-19,7956
Earring,2018-11-26,7768
Earring,2018-12-03,8361
Earring,2018-12-10,8179
Earring,2018-12-17,7899
Earring,2018-12-24,8043
Earring,2018-12-31,8393
Earring,2019-01-07,8189
Earring,2019-01-14,8325
Earring,2019-01-21,8465
Earring,2019-01-28,7495
Earring,2019-02-04,7659
Earring,2019-02-11,7961
Earring,2019-02-18,8499
Earring,2019-02-25,8366
Earring,2019-03-04,9319
Earring,2019-03-11,9039
Earring,2019-03-18,7897
Earring,2019-03-25,7927
Earring,2019-04-01,7734
Earring,2019-04-08,8307
Earring,2019-04-15,7915
Earring,2019-04-22,7513
Earring,2019-04-29,8033
Earring,2019-05-06,7891
Earring,2019-05-13,7464
Earring,2019-05-20,7372
Earring,2019-05-27,7997
Earring,2019-06-03,7723
Earring,2019-06-10,7800
Earring,2019-06-17,8154
Earring,2019-06-24,8151
Earring,2019-07-01,8286
Earring,2019-07-08,8833
Earring,2019-07-15,8490
Earring,2019-07-22,8419
Earring,2019-07-29,8629
Earring,2019-08-05,8272
Earring,2019-08-12,8109
Earring,2019-08-19,7810
Earring,2019-08-26,8014
Earring,2019-09-02,7423
Earring,2019-09-09,8140
Earring,2019-09-16,8213
Earring,2019-09-23,7744
Earring,2019-09-30,7647
Earring,2019-10-07,7817
Earring,2019-10-14,7981
Earring,2019-10-21,7739
Earring,2019-10-28,6998
Earring,2019-11-04,8031
Earring,2019-11-11,8446
Earring,2019-11-18,7985
Earring,2019-11-25,8241
Earring,2019-12-02,7676
Earring,2019-12-09,7972
Earring,2019-12-16,8217
Earring,2019-12-23,8459
Earring,2019-12-30,8805
Earring,2020-01-06,8631
Earring,2020-01-13,8276
Earring,2020-01-20,7958
Earring,2020-01-27,6629
Earring,2020-02-03,4417
Earring,2020-02-10,4022
Earring,2020-02-17,4499
Earring,2020-02-24,4374
Earring,2020-03-02,4442
Earring,2020-03-09,4351
Earring,2020-03-16,3677
Earring,2020-03-23,3772
Earring,2020-03-30,3712
Earring,2020-04-06,3695
Earring,2020-04-13,3916
Earring,2020-04-20,3832
Earring,2020-04-27,3950
Earring,2020-05-04,4203
Earring,2020-05-11,4001
Earring,2020-05-18,3999
Earring,2020-05-25,3945
Earring,2020-06-01,3866
Earring,2020-06-08,4105
Earring,2020-06-15,4340
Earring,2020-06-22,4550
Earring,2020-06-29,4563
Earring,2020-07-06,4777
Earring,2020-07-13,5223
Earring,2020-07-20,5438
Earring,2020-07-27,4705
Earring,2020-08-03,4077
Earring,2020-08-10,4024
Earring,2020-08-17,4112
Earring,2020-08-24,4092
Earring,2020-08-31,4171
Earring,2020-09-07,4016
Earring,2020-09-14,3984
Earring,2020-09-21,3724
Flip-flops,2018-09-03,3665
Flip-flops,2018-09-10,3860
Flip-flops,2018-09-17,3037
Flip-flops,2018-09-24,3000
Flip-flops,2018-10-01,3756
Flip-flops,2018-10-08,4082
Flip-flops,2018-10-15,3074
Flip-flops,2018-10-22,2980
Flip-flops,2018-10-29,2822
Flip-flops,2018-11-05,3103
Flip-flops,2018-11-12,2959
Flip-flops,2018-11-19,3070
Flip-flops,2018-11-26,2900
Flip-flops,2018-12-03,2877
Flip-flops,2018-12-10,2749
Flip-flops,2018-12-17,2654
Flip-flops,2018-12-24,2585
Flip-flops,2018-12-31,3274
Flip-flops,2019-01-07,3037
Flip-flops,2019-01-14,2986
Flip-flops,2019-01-21,3037
Flip-flops,2019-01-28,2766
Flip-flops,2019-02-04,2588
Flip-flops,2019-02-11,2783
Flip-flops,2019-02-18,3012
Flip-flops,2019-02-25,2870
Flip-flops,2019-03-04,2844
Flip-flops,2019-03-11,2972
Flip-flops,2019-03-18,2934
Flip-flops,2019-03-25,3069
Flip-flops,2019-04-01,3204
Flip-flops,2019-04-08,3146
Flip-flops,2019-04-15,3276
Flip-flops,2019-04-22,3172
Flip-flops,2019-04-29,3447
Flip-flops,2019-05-06,3074
Flip-flops,2019-05-13,3254
Flip-flops,2019-05-20,3451
Flip-flops,2019-05-27,3451
Flip-flops,2019-06-03,3644
Flip-flops,2019-06-10,3804
Flip-flops,2019-06-17,4018
Flip-flops,2019-06-24,4037
Flip-flops,2019-07-01,4059
Flip-flops,2019-07-08,4090
Flip-flops,2019-07-15,3903
Flip-flops,2019-07-22,4321
Flip-flops,2019-07-29,3749
Flip-flops,2019-08-05,3560
Flip-flops,2019-08-12,3494
Flip-flops,2019-08-19,3406
Flip-flops,2019-08-26,3421
Flip-flops,2019-09-02,3170
Flip-flops,2019-09-09,2988
Flip-flops,2019-09-16,3020
Flip-flops,2019-09-23,3016
Flip-flops,2019-09-30,2702
Flip-flops,2019-10-07,2612
Flip-flops,2019-10-14,2521
Flip-flops,2019-10-21,2633
Flip-flops,2019-10-28,2543
Flip-flops,2019-11-04,2580
Flip-flops,2019-11-11,2477
Flip-flops,2019-11-18,2676
Flip-flops,2019-11-25,2725
Flip-flops,2019-12-02,2500
Flip-flops,2019-12-09,2329
Flip-flops,2019-12-16,2301
Flip-flops,2019-12-23,2236
Flip-flops,2019-12-30,2475
Flip-flops,2020-01-06,2720
Flip-flops,2020-01-13,2514
Flip-flops,2020-01-20,2485
Flip-flops,2020-01-27,2285
Flip-flops,2020-02-03,2245
Flip-flops,2020-02-10,2250
Flip-flops,2020-02-17,2231
Flip-flops,2020-02-24,2285
Flip-flops,2020-03-02,2248
Flip-flops,2020-03-09,2093
Flip-flops,2020-03-16,1806
Flip-flops,2020-03-23,2190
Flip-flops,2020-03-30,2260
Flip-flops,2020-04-06,2788
Flip-flops,2020-04-13,2645
Flip-flops,2020-04-20,2740
Flip-flops,2020-04-27,2634
Flip-flops,2020-05-04,2653
Flip-flops,2020-05-11,2753
Flip-flops,2020-05-18,2877
Flip-flops,2020-05-25,2890
Flip-flops,2020-06-01,2921
Flip-flops,2020-06-08,2785
Flip-flops,2020-06-15,2777
Flip-flops,2020-06-22,2752
Flip-flops,2020-06-29,2528
Flip-flops,2020-07-06,2572
Flip-flops,2020-07-13,2545
Flip-flops,2020-07-20,2715
Flip-flops,2020-07-27,2766
Flip-flops,2020-08-03,2813
Flip-flops,2020-08-10,2914
Flip-flops,2020-08-17,2603
Flip-flops,2020-08-24,2397
Flip-flops,2020-08-31,2242
Flip-flops,2020-09-07,2233
Flip-flops,2020-09-14,2092
Flip-flops,2020-09-21,2020
Glove,2018-09-03,2466
Glove,2018-09-10,2424
Glove,2018-09-17,2488
Glove,2018-09-24,2627
Glove,2018-10-01,2866
Glove,2018-10-08,2879
Glove,2018-10-15,2668
Glove,2018-10-22,2712
Glove,2018-10-29,4631
Glove,2018-11-05,2569
Glove,2018-11-12,2886
Glove,2018-11-19,3042
Glove,2018-11-26,2928
Glove,2018-12-03,2946
Glove,2018-12-10,2635
Glove,2018-12-17,2343
Glove,2018-12-24,2176
Glove,2018-12-31,2432
Glove,2019-01-07,2562
Glove,2019-01-14,2513
Glove,2019-01-21,2790
Glove,2019-01-28,2684
Glove,2019-02-04,2417
Glove,2019-02-11,2323
Glove,2019-02-18,2352
Glove,2019-02-25,2289
Glove,2019-03-04,2346
Glove,2019-03-11,2250
Glove,2019-03-18,2022
Glove,2019-03-25,2298
Glove,2019-04-01,2093
Glove,2019-04-08,2328
Glove,2019-04-15,2149
Glove,2019-04-22,2073
Glove,2019-04-29,2242
Glove,2019-05-06,2000
Glove,2019-05-13,2126
Glove,2019-05-20,2311
Glove,2019-05-27,2121
Glove,2019-06-03,1969
Glove,2019-06-10,2084
Glove,2019-06-17,2529
Glove,2019-06-24,2129
Glove,2019-07-01,2291
Glove,2019-07-08,2150
Glove,2019-07-15,2017
Glove,2019-07-22,1952
Glove,2019-07-29,1926
Glove,2019-08-05,1830
Glove,2019-08-12,1983
Glove,2019-08-19,2392
Glove,2019-08-26,2343
Glove,2019-09-02,2439
Glove,2019-09-09,2679
Glove,2019-09-16,2815
Glove,2019-09-23,2853
Glove,2019-09-30,2822
Glove,2019-10-07,2746
Glove,2019-10-14,2999
Glove,2019-10-21,2991
Glove,2019-10-28,2796
Glove,2019-11-04,3067
Glove,2019-11-11,3296
Glove,2019-11-18,2998
Glove,2019-11-25,2826
Glove,2019-12-02,2912
Glove,2019-12-09,2722
Glove,2019-12-16,2867
Glove,2019-12-23,2229
Glove,2019-12-30,2280
Glove,2020-01-06,2823
Glove,2020-01-13,2643
Glove,2020-01-20,2517
Glove,2020-01-27,2617
Glove,2020-02-03,2798
Glove,2020-02-10,2655
Glove,2020-02-17,2560
Glove,2020-02-24,2580
Glove,2020-03-02,2739
Glove,2020-03-09,2910
Glove,2020-03-16,2959
Glove,2020-03-23,3053
Glove,2020-03-30,3139
Glove,2020-04-06,3587
Glove,2020-04-13,3343
Glove,2020-04-20,3736
Glove,2020-04-27,4093
Glove,2020-05-04,4594
Glove,2020-05-11,3255
Glove,2020-05-18,3207
Glove,2020-05-25,3140
Glove,2020-06-01,2905
Glove,2020-06-08,2794
Glove,2020-06-15,3223
Glove,2020-06-22,2719
Glove,2020-06-29,2690
Glove,2020-07-06,2852
Glove,2020-07-13,3045
Glove,2020-07-20,3169
Glove,2020-07-27,2833
Glove,2020-08-03,2887
Glove,2020-08-10,2866
Glove,2020-08-17,2761
Glove,2020-08-24,2825
Glove,2020-08-31,2515
Glove,2020-09-07,2427
Glove,2020-09-14,2100
Glove,2020-09-21,1941
Gray,2018-09-03,405
Gray,2018-09-10,415
Gray,2018-09-17,426
Gray,2018-09-24,385
Gray,2018-10-01,399
Gray,2018-10-08,428
Gray,2018-10-15,395
Gray,2018-10-22,415
Gray,2018-10-29,478
Gray,2018-11-05,402
Gray,2018-11-12,470
Gray,2018-11-19,418
Gray,2018-11-26,405
Gray,2018-12-03,476
Gray,2018-12-10,387
Gray,2018-12-17,359
Gray,2018-12-24,362
Gray,2018-12-31,413
Gray,2019-01-07,478
Gray,2019-01-14,431
Gray,2019-01-21,456
Gray,2019-01-28,520
Gray,2019-02-04,447
Gray,2019-02-11,484
Gray,2019-02-18,519
Gray,2019-02-25,440
Gray,2019-03-04,423
Gray,2019-03-11,463
Gray,2019-03-18,397
Gray,2019-03-25,450
Gray,2019-04-01,427
Gray,2019-04-08,471
Gray,2019-04-15,372
Gray,2019-04-22,430
Gray,2019-04-29,447
Gray,2019-05-06,389
Gray,2019-05-13,468
Gray,2019-05-20,453
Gray,2019-05-27,524
Gray,2019-06-03,493
Gray,2019-06-10,464
Gray,2019-06-17,439
Gray,2019-06-24,358
Gray,2019-07-01,359
Gray,2019-07-08,451
Gray,2019-07-15,399
Gray,2019-07-22,347
Gray,2019-07-29,350
Gray,2019-08-05,384
Gray,2019-08-12,366
Gray,2019-08-19,358
Gray,2019-08-26,365
Gray,2019-09-02,473
Gray,2019-09-09,360
Gray,2019-09-16,374
Gray,2019-09-23,506
Gray,2019-09-30,379
Gray,2019-10-07,375
Gray,2019-10-14,398
Gray,2019-10-21,454
Gray,2019-10-28,396
Gray,2019-11-04,420
Gray,2019-11-11,396
Gray,2019-11-18,390
Gray,2019-11-25,348
Gray,2019-12-02,2074
Gray,2019-12-09,993
Gray,2019-12-16,359
Gray,2019-12-23,325
Gray,2019-12-30,359
Gray,2020-01-06,391
Gray,2020-01-13,376
Gray,2020-01-20,378
Gray,2020-01-27,346
Gray,2020-02-03,342
Gray,2020-02-10,358
Gray,2020-02-17,348
Gray,2020-02-24,389
Gray,2020-03-02,377
Gray,2020-03-09,344
Gray,2020-03-16,383
Gray,2020-03-23,566
Gray,2020-03-30,1117
Gray,2020-04-06,894
Gray,2020-04-13,428
Gray,2020-04-20,417
Gray,2020-04-27,452
Gray,2020-05-04,360
Gray,2020-05-11,383
Gray,2020-05-18,410
Gray,2020-05-25,346
Gray,2020-06-01,374
Gray,2020-06-08,388
Gray,2020-06-15,324
Gray,2020-06-22,393
Gray,2020-06-29,299
Gray,2020-07-06,300
Gray,2020-07-13,303
Gray,2020-07-20,309
Gray,2020-07-27,356
Gray,2020-08-03,323
Gray,2020-08-10,317
Gray,2020-08-17,344
Gray,2020-08-24,332
Gray,2020-08-31,316
Gray,2020-09-07,303
Gray,2020-09-14,333
Gray,2020-09-21,360
Green,2018-09-03,6437
Green,2018-09-10,6509
Green,2018-09-17,6779
Green,2018-09-24,6976
Green,2018-10-01,6802
Green,2018-10-08,7344
Green,2018-10-15,7032
Green,2018-10-22,7139
Green,2018-10-29,6994
Green,2018-11-05,6691
Green,2018-11-12,6969
Green,2018-11-19,6446
Green,2018-11-26,7061
Green,2018-12-03,7455
Green,2018-12-10,8076
Green,2018-12-17,7165
Green,2018-12-24,5676
Green,2018-12-31,6151
Green,2019-01-07,6988
Green,2019-01-14,6682
Green,2019-01-21,6654
Green,2019-01-28,6851
Green,2019-02-04,6619
Green,2019-02-11,7059
Green,2019-02-18,6696
Green,2019-02-25,8256
Green,2019-03-04,8162
Green,2019-03-11,7169
Green,2019-03-18,6906
Green,2019-03-25,6620
Green,2019-04-01,6585
Green,2019-04-08,6366
Green,2019-04-15,6532
Green,2019-04-22,6272
Green,2019-04-29,6795
Green,2019-05-06,6331
Green,2019-05-13,6257
Green,2019-05-20,6042
Green,2019-05-27,6262
Green,2019-06-03,6266
Green,2019-06-10,5895
Green,2019-06-17,6769
Green,2019-06-24,6168
Green,2019-07-01,6115
Green,2019-07-08,7066
Green,2019-07-15,6490
Green,2019-07-22,6340
Green,2019-07-29,6831
Green,2019-08-05,5893
Green,2019-08-12,6409
Green,2019-08-19,7669
Green,2019-08-26,6893
Green,2019-09-02,7138
Green,2019-09-09,7768
Green,2019-09-16,8409
Green,2019-09-23,7756
Green,2019-09-30,8150
Green,2019-10-07,7930
Green,2019-10-14,7351
Green,2019-10-21,7754
Green,2019-10-28,7298
Green,2019-11-04,7520
Green,2019-11-11,13454
Green,2019-11-18,7078
Green,2019-11-25,6882
Green,2019-12-02,6517
Green,2019-12-09,7181
Green,2019-12-16,11483
Green,2019-12-23,5579
Green,2019-12-30,5724
Green,2020-01-06,7067
Green,2020-01-13,6996
Green,2020-01-20,7391
Green,2020-01-27,7962
Green,2020-02-03,7123
Green,2020-02-10,6971
Green,2020-02-17,7310
Green,2020-02-24,7678
Green,2020-03-02,7297
Green,2020-03-09,7093
Green,2020-03-16,7497
Green,2020-03-23,7015
Green,2020-03-30,8079
Green,2020-04-06,7576
Green,2020-04-13,7312
Green,2020-04-20,7588
Green,2020-04-27,7791
Green,2020-05-04,6922
Green,2020-05-11,6342
Green,2020-05-18,6068
Green,2020-05-25,6201
Green,2020-06-01,6075
Green,2020-06-08,5789
Green,2020-06-15,5646
Green,2020-06-22,5697
Green,2020-06-29,5440
Green,2020-07-06,5619
Green,2020-07-13,5476
Green,2020-07-20,5920
Green,2020-07-27,5700
Green,2020-08-03,5373
Green,2020-08-10,5601
Green,2020-08-17,6312
Green,2020-08-24,6651
Green,2020-08-31,6660
Green,2020-09-07,6448
Green,2020-09-14,7403
Green,2020-09-21,6317
Hat,2018-09-03,3155
Hat,2018-09-10,3298
Hat,2018-09-17,3188
Hat,2018-09-24,3498
Hat,2018-10-01,3653
Hat,2018-10-08,3533
Hat,2018-10-15,3174
Hat,2018-10-22,3361
Hat,2018-10-29,5629
Hat,2018-11-05,3502
Hat,2018-11-12,3787
Hat,2018-11-19,3450
Hat,2018-11-26,3542
Hat,2018-12-03,4187
Hat,2018-12-10,4342
Hat,2018-12-17,3261
Hat,2018-12-24,2976
Hat,2018-12-31,3062
Hat,2019-01-07,3408
Hat,2019-01-14,3921
Hat,2019-01-21,3599
Hat,2019-01-28,3340
Hat,2019-02-04,3524
Hat,2019-02-11,3457
Hat,2019-02-18,3873
Hat,2019-02-25,3484
Hat,2019-03-04,3301
Hat,2019-03-11,3357
Hat,2019-03-18,3391
Hat,2019-03-25,3405
Hat,2019-04-01,3168
Hat,2019-04-08,3895
Hat,2019-04-15,2952
Hat,2019-04-22,3172
Hat,2019-04-29,3423
Hat,2019-05-06,4548
Hat,2019-05-13,3317
Hat,2019-05-20,3183
Hat,2019-05-27,3164
Hat,2019-06-03,2911
Hat,2019-06-10,3272
Hat,2019-06-17,4595
Hat,2019-06-24,3158
Hat,2019-07-01,2967
Hat,2019-07-08,2800
Hat,2019-07-15,3190
Hat,2019-07-22,2970
Hat,2019-07-29,2873
Hat,2019-08-05,2972
Hat,2019-08-12,2787
Hat,2019-08-19,2949
Hat,2019-08-26,3194
Hat,2019-09-02,3237
Hat,2019-09-09,3193
Hat,2019-09-16,3478
Hat,2019-09-23,3394
Hat,2019-09-30,3705
Hat,2019-10-07,3576
Hat,2019-10-14,3619
Hat,2019-10-21,3756
Hat,2019-10-28,3750
Hat,2019-11-04,3904
Hat,2019-11-11,8278
Hat,2019-11-18,3717
Hat,2019-11-25,3828
Hat,2019-12-02,3906
Hat,2019-12-09,3698
Hat,2019-12-16,7380
Hat,2019-12-23,3042
Hat,2019-12-30,3141
Hat,2020-01-06,3660
Hat,2020-01-13,3969
Hat,2020-01-20,3583
Hat,2020-01-27,3729
Hat,2020-02-03,3656
Hat,2020-02-10,3394
Hat,2020-02-17,3616
Hat,2020-02-24,3750
Hat,2020-03-02,3615
Hat,2020-03-09,3448
Hat,2020-03-16,3407
Hat,2020-03-23,3683
Hat,2020-03-30,4069
Hat,2020-04-06,4104
Hat,2020-04-13,4161
Hat,2020-04-20,3755
Hat,2020-04-27,3966
Hat,2020-05-04,3461
Hat,2020-05-11,2969
Hat,2020-05-18,2837
Hat,2020-05-25,2476
Hat,2020-06-01,2529
Hat,2020-06-08,2559
Hat,2020-06-15,2490
Hat,2020-06-22,2554
Hat,2020-06-29,2488
Hat,2020-07-06,2314
Hat,2020-07-13,2513
Hat,2020-07-20,2568
Hat,2020-07-27,2493
Hat,2020-08-03,2453
Hat,2020-08-10,2388
Hat,2020-08-17,2649
Hat,2020-08-24,2479
Hat,2020-08-31,2512
Hat,2020-09-07,2621
Hat,2020-09-14,2609
Hat,2020-09-21,2833
Hoodie,2018-09-03,3189
Hoodie,2018-09-10,3222
Hoodie,2018-09-17,3405
Hoodie,2018-09-24,3661
Hoodie,2018-10-01,3729
Hoodie,2018-10-08,4048
Hoodie,2018-10-15,4066
Hoodie,2018-10-22,4190
Hoodie,2018-10-29,4611
Hoodie,2018-11-05,4714
Hoodie,2018-11-12,5169
Hoodie,2018-11-19,6626
Hoodie,2018-11-26,6050
Hoodie,2018-12-03,4588
Hoodie,2018-12-10,4488
Hoodie,2018-12-17,4024
Hoodie,2018-12-24,3790
Hoodie,2018-12-31,3786
Hoodie,2019-01-07,4194
Hoodie,2019-01-14,4223
Hoodie,2019-01-21,4247
Hoodie,2019-01-28,4230
Hoodie,2019-02-04,3848
Hoodie,2019-02-11,3860
Hoodie,2019-02-18,3889
Hoodie,2019-02-25,3666
Hoodie,2019-03-04,4021
Hoodie,2019-03-11,3997
Hoodie,2019-03-18,3609
Hoodie,2019-03-25,3771
Hoodie,2019-04-01,3873
Hoodie,2019-04-08,3827
Hoodie,2019-04-15,3359
Hoodie,2019-04-22,3388
Hoodie,2019-04-29,3441
Hoodie,2019-05-06,3200
Hoodie,2019-05-13,3202
Hoodie,2019-05-20,3214
Hoodie,2019-05-27,3275
Hoodie,2019-06-03,2860
Hoodie,2019-06-10,3267
Hoodie,2019-06-17,2986
Hoodie,2019-06-24,2693
Hoodie,2019-07-01,3037
Hoodie,2019-07-08,3237
Hoodie,2019-07-15,3085
Hoodie,2019-07-22,3210
Hoodie,2019-07-29,2891
Hoodie,2019-08-05,3031
Hoodie,2019-08-12,3205
Hoodie,2019-08-19,3358
Hoodie,2019-08-26,3276
Hoodie,2019-09-02,3682
Hoodie,2019-09-09,3970
Hoodie,2019-09-16,4040
Hoodie,2019-09-23,4224
Hoodie,2019-09-30,6451
Hoodie,2019-10-07,4910
Hoodie,2019-10-14,4679
Hoodie,2019-10-21,5102
Hoodie,2019-10-28,4637
Hoodie,2019-11-04,5037
Hoodie,2019-11-11,6165
Hoodie,2019-11-18,5074
Hoodie,2019-11-25,5489
Hoodie,2019-12-02,6136
Hoodie,2019-12-09,6095
Hoodie,2019-12-16,5821
Hoodie,2019-12-23,4761
Hoodie,2019-12-30,4662
Hoodie,2020-01-06,5065
Hoodie,2020-01-13,4891
Hoodie,2020-01-20,4246
Hoodie,2020-01-27,4241
Hoodie,2020-02-03,3671
Hoodie,2020-02-10,3543
Hoodie,2020-02-17,3530
Hoodie,2020-02-24,3462
Hoodie,2020-03-02,3738
Hoodie,2020-03-09,3072
Hoodie,2020-03-16,2737
Hoodie,2020-03-23,2906
Hoodie,2020-03-30,3025
Hoodie,2020-04-06,2965
Hoodie,2020-04-13,3157
Hoodie,2020-04-20,3267
Hoodie,2020-04-27,3272
Hoodie,2020-05-04,2986
Hoodie,2020-05-11,2699
Hoodie,2020-05-18,2660
Hoodie,2020-05-25,2475
Hoodie,2020-06-01,2759
Hoodie,2020-06-08,2464
Hoodie,2020-06-15,2444
Hoodie,2020-06-22,2250
Hoodie,2020-06-29,2203
Hoodie,2020-07-06,2223
Hoodie,2020-07-13,2320
Hoodie,2020-07-20,2306
Hoodie,2020-07-27,2352
Hoodie,2020-08-03,2260
Hoodie,2020-08-10,2470
Hoodie,2020-08-17,2583
Hoodie,2020-08-24,2776
Hoodie,2020-08-31,2827
Hoodie,2020-09-07,2670
Hoodie,2020-09-14,2982
Hoodie,2020-09-21,3054
Jacket,2018-09-03,1743
Jacket,2018-09-10,1907
Jacket,2018-09-17,1961
Jacket,2018-09-24,2065
Jacket,2018-10-01,2407
Jacket,2018-10-08,2636
Jacket,2018-10-15,2503
Jacket,2018-10-22,2401
Jacket,2018-10-29,2351
Jacket,2018-11-05,2770
Jacket,2018-11-12,3185
Jacket,2018-11-19,4649
Jacket,2018-11-26,3975
Jacket,2018-12-03,2793
Jacket,2018-12-10,2541
Jacket,2018-12-17,2169
Jacket,2018-12-24,2018
Jacket,2018-12-31,2198
Jacket,2019-01-07,2163
Jacket,2019-01-14,2208
Jacket,2019-01-21,2308
Jacket,2019-01-28,2330
Jacket,2019-02-04,2079
Jacket,2019-02-11,2033
Jacket,2019-02-18,2006
Jacket,2019-02-25,1978
Jacket,2019-03-04,1874
Jacket,2019-03-11,1923
Jacket,2019-03-18,1883
Jacket,2019-03-25,1766
Jacket,2019-04-01,1863
Jacket,2019-04-08,1700
Jacket,2019-04-15,1715
Jacket,2019-04-22,1645
Jacket,2019-04-29,1499
Jacket,2019-05-06,1590
Jacket,2019-05-13,1630
Jacket,2019-05-20,1643
Jacket,2019-05-27,1646
Jacket,2019-06-03,1434
Jacket,2019-06-10,1572
Jacket,2019-06-17,1730
Jacket,2019-06-24,1557
Jacket,2019-07-01,1611
Jacket,2019-07-08,1649
Jacket,2019-07-15,1646
Jacket,2019-07-22,1658
Jacket,2019-07-29,1759
Jacket,2019-08-05,1707
Jacket,2019-08-12,1874
Jacket,2019-08-19,1860
Jacket,2019-08-26,1999
Jacket,2019-09-02,1817
Jacket,2019-09-09,2028
Jacket,2019-09-16,1953
Jacket,2019-09-23,2123
Jacket,2019-09-30,1995
Jacket,2019-10-07,2298
Jacket,2019-10-14,2396
Jacket,2019-10-21,2373
Jacket,2019-10-28,2335
Jacket,2019-11-04,2602
Jacket,2019-11-11,2748
Jacket,2019-11-18,2868
Jacket,2019-11-25,2704
Jacket,2019-12-02,2389
Jacket,2019-12-09,2394
Jacket,2019-12-16,1989
Jacket,2019-12-23,1755
Jacket,2019-12-30,1820
Jacket,2020-01-06,2034
Jacket,2020-01-13,2372
Jacket,2020-01-20,1972
Jacket,2020-01-27,2061
Jacket,2020-02-03,1958
Jacket,2020-02-10,2335
Jacket,2020-02-17,2307
Jacket,2020-02-24,2293
Jacket,2020-03-02,1976
Jacket,2020-03-09,1601
Jacket,2020-03-16,1366
Jacket,2020-03-23,1490
Jacket,2020-03-30,1577
Jacket,2020-04-06,1809
Jacket,2020-04-13,1980
Jacket,2020-04-20,1746
Jacket,2020-04-27,1726
Jacket,2020-05-04,1444
Jacket,2020-05-11,1480
Jacket,2020-05-18,1329
Jacket,2020-05-25,1350
Jacket,2020-06-01,1138
Jacket,2020-06-08,1310
Jacket,2020-06-15,1274
Jacket,2020-06-22,1157
Jacket,2020-06-29,1199
Jacket,2020-07-06,1190
Jacket,2020-07-13,1197
Jacket,2020-07-20,1160
Jacket,2020-07-27,1226
Jacket,2020-08-03,1336
Jacket,2020-08-10,1432
Jacket,2020-08-17,1414
Jacket,2020-08-24,1516
Jacket,2020-08-31,1383
Jacket,2020-09-07,1350
Jacket,2020-09-14,1525
Jacket,2020-09-21,1636
Jumpsuit,2018-09-03,1616
Jumpsuit,2018-09-10,1585
Jumpsuit,2018-09-17,1663
Jumpsuit,2018-09-24,1512
Jumpsuit,2018-10-01,1717
Jumpsuit,2018-10-08,1774
Jumpsuit,2018-10-15,1466
Jumpsuit,2018-10-22,1476
Jumpsuit,2018-10-29,1467
Jumpsuit,2018-11-05,1402
Jumpsuit,2018-11-12,1634
Jumpsuit,2018-11-19,1548
Jumpsuit,2018-11-26,1575
Jumpsuit,2018-12-03,1749
Jumpsuit,2018-12-10,1450
Jumpsuit,2018-12-17,1384
Jumpsuit,2018-12-24,1542
Jumpsuit,2018-12-31,1547
Jumpsuit,2019-01-07,1485
Jumpsuit,2019-01-14,1490
Jumpsuit,2019-01-21,1485
Jumpsuit,2019-01-28,1373
Jumpsuit,2019-02-04,1457
Jumpsuit,2019-02-11,1522
Jumpsuit,2019-02-18,1477
Jumpsuit,2019-02-25,1648
Jumpsuit,2019-03-04,1892
Jumpsuit,2019-03-11,2135
Jumpsuit,2019-03-18,2063
Jumpsuit,2019-03-25,2117
Jumpsuit,2019-04-01,1974
Jumpsuit,2019-04-08,2114
Jumpsuit,2019-04-15,2143
Jumpsuit,2019-04-22,2271
Jumpsuit,2019-04-29,2117
Jumpsuit,2019-05-06,2092
Jumpsuit,2019-05-13,2262
Jumpsuit,2019-05-20,2254
Jumpsuit,2019-05-27,2272
Jumpsuit,2019-06-03,2184
Jumpsuit,2019-06-10,2100
Jumpsuit,2019-06-17,2071
Jumpsuit,2019-06-24,2044
Jumpsuit,2019-07-01,2052
Jumpsuit,2019-07-08,1968
Jumpsuit,2019-07-15,2036
Jumpsuit,2019-07-22,1901
Jumpsuit,2019-07-29,1631
Jumpsuit,2019-08-05,1475
Jumpsuit,2019-08-12,1667
Jumpsuit,2019-08-19,1869
Jumpsuit,2019-08-26,1734
Jumpsuit,2019-09-02,1609
Jumpsuit,2019-09-09,1864
Jumpsuit,2019-09-16,1924
Jumpsuit,2019-09-23,2015
Jumpsuit,2019-09-30,2033
Jumpsuit,2019-10-07,1932
Jumpsuit,2019-10-14,1903
Jumpsuit,2019-10-21,1869
Jumpsuit,2019-10-28,1820
Jumpsuit,2019-11-04,1854
Jumpsuit,2019-11-11,1937
Jumpsuit,2019-11-18,2072
Jumpsuit,2019-11-25,1901
Jumpsuit,2019-12-02,2156
Jumpsuit,2019-12-09,1850
Jumpsuit,2019-12-16,1786
Jumpsuit,2019-12-23,1642
Jumpsuit,2019-12-30,1741
Jumpsuit,2020-01-06,2185
Jumpsuit,2020-01-13,1795
Jumpsuit,2020-01-20,1785
Jumpsuit,2020-01-27,1578
Jumpsuit,2020-02-03,1302
Jumpsuit,2020-02-10,1310
Jumpsuit,2020-02-17,1257
Jumpsuit,2020-02-24,1300
Jumpsuit,2020-03-02,1090
Jumpsuit,2020-03-09,1139
Jumpsuit,2020-03-16,1066
Jumpsuit,2020-03-23,1163
Jumpsuit,2020-03-30,1210
Jumpsuit,2020-04-06,1297
Jumpsuit,2020-04-13,1281
Jumpsuit,2020-04-20,1205
Jumpsuit,2020-04-27,1486
Jumpsuit,2020-05-04,1258
Jumpsuit,2020-05-11,1224
Jumpsuit,2020-05-18,1296
Jumpsuit,2020-05-25,1376
Jumpsuit,2020-06-01,1329
Jumpsuit,2020-06-08,1394
Jumpsuit,2020-06-15,1438
Jumpsuit,2020-06-22,1411
Jumpsuit,2020-06-29,1398
Jumpsuit,2020-07-06,1356
Jumpsuit,2020-07-13,1431
Jumpsuit,2020-07-20,1442
Jumpsuit,2020-07-27,1421
Jumpsuit,2020-08-03,1411
Jumpsuit,2020-08-10,1402
Jumpsuit,2020-08-17,1498
Jumpsuit,2020-08-24,1353
Jumpsuit,2020-08-31,1299
Jumpsuit,2020-09-07,1510
Jumpsuit,2020-09-14,1291
Jumpsuit,2020-09-21,1367
Khaki,2018-09-03,3729
Khaki,2018-09-10,3448
Khaki,2018-09-17,3376
Khaki,2018-09-24,3481
Khaki,2018-10-01,3636
Khaki,2018-10-08,3458
Khaki,2018-10-15,3591
Khaki,2018-10-22,3533
Khaki,2018-10-29,3651
Khaki,2018-11-05,3769
Khaki,2018-11-12,3832
Khaki,2018-11-19,3589
Khaki,2018-11-26,3672
Khaki,2018-12-03,3541
Khaki,2018-12-10,3637
Khaki,2018-12-17,2959
Khaki,2018-12-24,3034
Khaki,2018-12-31,3397
Khaki,2019-01-07,3346
Khaki,2019-01-14,3634
Khaki,2019-01-21,3659
Khaki,2019-01-28,3337
Khaki,2019-02-04,3216
Khaki,2019-02-11,3147
Khaki,2019-02-18,3315
Khaki,2019-02-25,3348
Khaki,2019-03-04,3191
Khaki,2019-03-11,3157
Khaki,2019-03-18,3226
Khaki,2019-03-25,3470
Khaki,2019-04-01,3481
Khaki,2019-04-08,3397
Khaki,2019-04-15,3424
Khaki,2019-04-22,3289
Khaki,2019-04-29,3356
Khaki,2019-05-06,3408
Khaki,2019-05-13,3418
Khaki,2019-05-20,3557
Khaki,2019-05-27,3564
Khaki,2019-06-03,3678
Khaki,2019-06-10,3616
Khaki,2019-06-17,3547
Khaki,2019-06-24,3417
Khaki,2019-07-01,3887
Khaki,2019-07-08,3312
Khaki,2019-07-15,3432
Khaki,2019-07-22,3488
Khaki,2019-07-29,3388
Khaki,2019-08-05,3328
Khaki,2019-08-12,3460
Khaki,2019-08-19,3289
Khaki,2019-08-26,3226
Khaki,2019-09-02,3274
Khaki,2019-09-09,3324
Khaki,2019-09-16,3310
Khaki,2019-09-23,3315
Khaki,2019-09-30,3421
Khaki,2019-10-07,3389
Khaki,2019-10-14,3586
Khaki,2019-10-21,3514
Khaki,2019-10-28,3313
Khaki,2019-11-04,3593
Khaki,2019-11-11,3734
Khaki,2019-11-18,3620
Khaki,2019-11-25,3600
Khaki,2019-12-02,3460
Khaki,2019-12-09,3150
Khaki,2019-12-16,3058
Khaki,2019-12-23,2993
Khaki,2019-12-30,3060
Khaki,2020-01-06,3553
Khaki,2020-01-13,3524
Khaki,2020-01-20,3623
Khaki,2020-01-27,3235
Khaki,2020-02-03,2844
Khaki,2020-02-10,3239
Khaki,2020-02-17,2963
Khaki,2020-02-24,2863
Khaki,2020-03-02,2828
Khaki,2020-03-09,2644
Khaki,2020-03-16,2320
Khaki,2020-03-23,2820
Khaki,2020-03-30,2923
Khaki,2020-04-06,2867
Khaki,2020-04-13,2862
Khaki,2020-04-20,3104
Khaki,2020-04-27,2982
Khaki,2020-05-04,3008
Khaki,2020-05-11,2980
Khaki,2020-05-18,2808
Khaki,2020-05-25,2759
Khaki,2020-06-01,2790
Khaki,2020-06-08,2926
Khaki,2020-06-15,2951
Khaki,2020-06-22,2768
Khaki,2020-06-29,2888
Khaki,2020-07-06,2864
Khaki,2020-07-13,2946
Khaki,2020-07-20,3103
Khaki,2020-07-27,2983
Khaki,2020-08-03,3038
Khaki,2020-08-10,3007
Khaki,2020-08-17,2732
Khaki,2020-08-24,2919
Khaki,2020-08-31,3089
Khaki,2020-09-07,2947
Khaki,2020-09-14,2843
Khaki,2020-09-21,2840
Leggings,2018-09-03,2476
Leggings,2018-09-10,2546
Leggings,2018-09-17,2265
Leggings,2018-09-24,2557
Leggings,2018-10-01,2666
Leggings,2018-10-08,2722
Leggings,2018-10-15,2636
Leggings,2018-10-22,2610
Leggings,2018-10-29,2447
Leggings,2018-11-05,2628
Leggings,2018-11-12,2716
Leggings,2018-11-19,2817
Leggings,2018-11-26,2728
Leggings,2018-12-03,2792
Leggings,2018-12-10,2499
Leggings,2018-12-17,2187
Leggings,2018-12-24,2218
Leggings,2018-12-31,2385
Leggings,2019-01-07,2478
Leggings,2019-01-14,2466
Leggings,2019-01-21,2477
Leggings,2019-01-28,2337
Leggings,2019-02-04,2444
Leggings,2019-02-11,2448
Leggings,2019-02-18,2405
Leggings,2019-02-25,2364
Leggings,2019-03-04,2410
Leggings,2019-03-11,2534
Leggings,2019-03-18,2524
Leggings,2019-03-25,4674
Leggings,2019-04-01,3507
Leggings,2019-04-08,2662
Leggings,2019-04-15,2400
Leggings,2019-04-22,2694
Leggings,2019-04-29,2546
Leggings,2019-05-06,2457
Leggings,2019-05-13,2316
Leggings,2019-05-20,2526
Leggings,2019-05-27,2334
Leggings,2019-06-03,2175
Leggings,2019-06-10,2336
Leggings,2019-06-17,2505
Leggings,2019-06-24,2160
Leggings,2019-07-01,2112
Leggings,2019-07-08,2150
Leggings,2019-07-15,2113
Leggings,2019-07-22,2058
Leggings,2019-07-29,2075
Leggings,2019-08-05,2231
Leggings,2019-08-12,2082
Leggings,2019-08-19,2123
Leggings,2019-08-26,2256
Leggings,2019-09-02,2286
Leggings,2019-09-09,2177
Leggings,2019-09-16,2261
Leggings,2019-09-23,2705
Leggings,2019-09-30,2803
Leggings,2019-10-07,4006
Leggings,2019-10-14,3551
Leggings,2019-10-21,2801
Leggings,2019-10-28,2669
Leggings,2019-11-04,2731
Leggings,2019-11-11,2849
Leggings,2019-11-18,2918
Leggings,2019-11-25,2921
Leggings,2019-12-02,2779
Leggings,2019-12-09,2760
Leggings,2019-12-16,2709
Leggings,2019-12-23,2526
Leggings,2019-12-30,2878
Leggings,2020-01-06,2595
Leggings,2020-01-13,2691
Leggings,2020-01-20,2666
Leggings,2020-01-27,2562
Leggings,2020-02-03,2444
Leggings,2020-02-10,2247
Leggings,2020-02-17,2142
Leggings,2020-02-24,2184
Leggings,2020-03-02,1986
Leggings,2020-03-09,1809
Leggings,2020-03-16,1802
Leggings,2020-03-23,1887
Leggings,2020-03-30,2035
Leggings,2020-04-06,2122
Leggings,2020-04-13,2062
Leggings,2020-04-20,2127
Leggings,2020-04-27,2265
Leggings,2020-05-04,2005
Leggings,2020-05-11,1989
Leggings,2020-05-18,1723
Leggings,2020-05-25,1683
Leggings,2020-06-01,1652
Leggings,2020-06-08,1756
Leggings,2020-06-15,1588
Leggings,2020-06-22,1583
Leggings,2020-06-29,1620
Leggings,2020-07-06,1577
Leggings,2020-07-13,1547
Leggings,2020-07-20,1716
Leggings,2020-07-27,1583
Leggings,2020-08-03,1739
Leggings,2020-08-10,1883
Leggings,2020-08-17,1717
Leggings,2020-08-24,1715
Leggings,2020-08-31,1713
Leggings,2020-09-07,1799
Leggings,2020-09-14,1737
Leggings,2020-09-21,1679
Lilac (color),2018-09-03,2166
Lilac (color),2018-09-10,2024
Lilac (color),2018-09-17,2246
Lilac (color),2018-09-24,2242
Lilac (color),2018-10-01,2186
Lilac (color),2018-10-08,2258
Lilac (color),2018-10-15,2260
Lilac (color),2018-10-22,2222
Lilac (color),2018-10-29,2139
Lilac (color),2018-11-05,2067
Lilac (color),2018-11-12,2050
Lilac (color),2018-11-19,2227
Lilac (color),2018-11-26,2217
Lilac (color),2018-12-03,1962
Lilac (color),2018-12-10,1881
Lilac (color),2018-12-17,1758
Lilac (color),2018-12-24,1557
Lilac (color),2018-12-31,1562
Lilac (color),2019-01-07,1876
Lilac (color),2019-01-14,2073
Lilac (color),2019-01-21,2074
Lilac (color),2019-01-28,2045
Lilac (color),2019-02-04,2030
Lilac (color),2019-02-11,2277
Lilac (color),2019-02-18,2098
Lilac (color),2019-02-25,1992
Lilac (color),2019-03-04,1998
Lilac (color),2019-03-11,1893
Lilac (color),2019-03-18,1897
Lilac (color),2019-03-25,1839
Lilac (color),2019-04-01,2069
Lilac (color),2019-04-08,2007
Lilac (color),2019-04-15,2076
Lilac (color),2019-04-22,2052
Lilac (color),2019-04-29,2076
Lilac (color),2019-05-06,2119
Lilac (color),2019-05-13,2126
Lilac (color),2019-05-20,2121
Lilac (color),2019-05-27,1878
Lilac (color),2019-06-03,1704
Lilac (color),2019-06-10,1788
Lilac (color),2019-06-17,1804
Lilac (color),2019-06-24,1637
Lilac (color),2019-07-01,1608
Lilac (color),2019-07-08,1638
Lilac (color),2019-07-15,1652
Lilac (color),2019-07-22,1621
Lilac (color),2019-07-29,1519
Lilac (color),2019-08-05,1529
Lilac (color),2019-08-12,1571
Lilac (color),2019-08-19,1577
Lilac (color),2019-08-26,1571
Lilac (color),2019-09-02,1700
Lilac (color),2019-09-09,1557
Lilac (color),2019-09-16,1832
Lilac (color),2019-09-23,1759
Lilac (color),2019-09-30,1595
Lilac (color),2019-10-07,1620
Lilac (color),2019-10-14,1603
Lilac (color),2019-10-21,1723
Lilac (color),2019-10-28,1553
Lilac (color),2019-11-04,1638
Lilac (color),2019-11-11,1871
Lilac (color),2019-11-18,1709
Lilac (color),2019-11-25,1702
Lilac (color),2019-12-02,1590
Lilac (color),2019-12-09,1605
Lilac (color),2019-12-16,1532
Lilac (color),2019-12-23,1439
Lilac (color),2019-12-30,1600
Lilac (color),2020-01-06,1663
Lilac (color),2020-01-13,1524
Lilac (color),2020-01-20,1557
Lilac (color),2020-01-27,1526
Lilac (color),2020-02-03,1452
Lilac (color),2020-02-10,1555
Lilac (color),2020-02-17,1522
Lilac (color),2020-02-24,1481
Lilac (color),2020-03-02,1525
Lilac (color),2020-03-09,1394
Lilac (color),2020-03-16,1346
Lilac (color),2020-03-23,1420
Lilac (color),2020-03-30,1581
Lilac (color),2020-04-06,1928
Lilac (color),2020-04-13,1853
Lilac (color),2020-04-20,1974
Lilac (color),2020-04-27,1904
Lilac (color),2020-05-04,1990
Lilac (color),2020-05-11,1817
Lilac (color),2020-05-18,1838
Lilac (color),2020-05-25,1751
Lilac (color),2020-06-01,1550
Lilac (color),2020-06-08,1458
Lilac (color),2020-06-15,1496
Lilac (color),2020-06-22,1498
Lilac (color),2020-06-29,1613
Lilac (color),2020-07-06,1616
Lilac (color),2020-07-13,1580
Lilac (color),2020-07-20,1553
Lilac (color),2020-07-27,1420
Lilac (color),2020-08-03,1511
Lilac (color),2020-08-10,1459
Lilac (color),2020-08-17,1526
Lilac (color),2020-08-24,1652
Lilac (color),2020-08-31,1480
Lilac (color),2020-09-07,1721
Lilac (color),2020-09-14,1510
Lilac (color),2020-09-21,1536
Necklace,2018-09-03,2228
Necklace,2018-09-10,2117
Necklace,2018-09-17,2149
Necklace,2018-09-24,2256
Necklace,2018-10-01,2311
Necklace,2018-10-08,2211
Necklace,2018-10-15,2315
Necklace,2018-10-22,2338
Necklace,2018-10-29,2205
Necklace,2018-11-05,2224
Necklace,2018-11-12,2455
Necklace,2018-11-19,2574
Necklace,2018-11-26,2315
Necklace,2018-12-03,2290
Necklace,2018-12-10,2254
Necklace,2018-12-17,2215
Necklace,2018-12-24,1616
Necklace,2018-12-31,1757
Necklace,2019-01-07,2011
Necklace,2019-01-14,1922
Necklace,2019-01-21,1930
Necklace,2019-01-28,1960
Necklace,2019-02-04,2033
Necklace,2019-02-11,1943
Necklace,2019-02-18,1883
Necklace,2019-02-25,2036
Necklace,2019-03-04,2117
Necklace,2019-03-11,2379
Necklace,2019-03-18,2065
Necklace,2019-03-25,2468
Necklace,2019-04-01,2263
Necklace,2019-04-08,2290
Necklace,2019-04-15,2402
Necklace,2019-04-22,2045
Necklace,2019-04-29,1959
Necklace,2019-05-06,2071
Necklace,2019-05-13,1899
Necklace,2019-05-20,1877
Necklace,2019-05-27,1868
Necklace,2019-06-03,1882
Necklace,2019-06-10,1913
Necklace,2019-06-17,1902
Necklace,2019-06-24,2026
Necklace,2019-07-01,1950
Necklace,2019-07-08,2103
Necklace,2019-07-15,2118
Necklace,2019-07-22,1950
Necklace,2019-07-29,1823
Necklace,2019-08-05,1861
Necklace,2019-08-12,1800
Necklace,2019-08-19,1937
Necklace,2019-08-26,2204
Necklace,2019-09-02,2016
Necklace,2019-09-09,2277
Necklace,2019-09-16,2294
Necklace,2019-09-23,2263
Necklace,2019-09-30,2157
Necklace,2019-10-07,2106
Necklace,2019-10-14,2351
Necklace,2019-10-21,2263
Necklace,2019-10-28,2179
Necklace,2019-11-04,2317
Necklace,2019-11-11,2955
Necklace,2019-11-18,2471
Necklace,2019-11-25,2591
Necklace,2019-12-02,2657
Necklace,2019-12-09,2707
Necklace,2019-12-16,3030
Necklace,2019-12-23,2219
Necklace,2019-12-30,2070
Necklace,2020-01-06,2215
Necklace,2020-01-13,2559
Necklace,2020-01-20,2190
Necklace,2020-01-27,2118
Necklace,2020-02-03,1828
Necklace,2020-02-10,1833
Necklace,2020-02-17,1881
Necklace,2020-02-24,1846
Necklace,2020-03-02,1810
Necklace,2020-03-09,1630
Necklace,2020-03-16,1619
Necklace,2020-03-23,1630
Necklace,2020-03-30,1825
Necklace,2020-04-06,1908
Necklace,2020-04-13,1803
Necklace,2020-04-20,1795
Necklace,2020-04-27,1728
Necklace,2020-05-04,1580
Necklace,2020-05-11,1334
Necklace,2020-05-18,1239
Necklace,2020-05-25,1248
Necklace,2020-06-01,1184
Necklace,2020-06-08,1207
Necklace,2020-06-15,1095
Necklace,2020-06-22,1168
Necklace,2020-06-29,1205
Necklace,2020-07-06,1158
Necklace,2020-07-13,1262
Necklace,2020-07-20,1481
Necklace,2020-07-27,1368
Necklace,2020-08-03,1448
Necklace,2020-08-10,1425
Necklace,2020-08-17,1455
Necklace,2020-08-24,1362
Necklace,2020-08-31,1350
Necklace,2020-09-07,1481
Necklace,2020-09-14,1539
Necklace,2020-09-21,1416
Necktie,2018-09-03,4222
Necktie,2018-09-10,4341
Necktie,2018-09-17,4155
Necktie,2018-09-24,4265
Necktie,2018-10-01,4192
Necktie,2018-10-08,4740
Necktie,2018-10-15,4895
Necktie,2018-10-22,4332
Necktie,2018-10-29,4241
Necktie,2018-11-05,4263
Necktie,2018-11-12,4204
Necktie,2018-11-19,4414
Necktie,2018-11-26,4559
Necktie,2018-12-03,4944
Necktie,2018-12-10,5091
Necktie,2018-12-17,4255
Necktie,2018-12-24,3994
Necktie,2018-12-31,4226
Necktie,2019-01-07,4283
Necktie,2019-01-14,4413
Necktie,2019-01-21,4181
Necktie,2019-01-28,4115
Necktie,2019-02-04,4098
Necktie,2019-02-11,4168
Necktie,2019-02-18,4163
Necktie,2019-02-25,4055
Necktie,2019-03-04,4166
Necktie,2019-03-11,3891
Necktie,2019-03-18,4010
Necktie,2019-03-25,4454
Necktie,2019-04-01,4128
Necktie,2019-04-08,3938
Necktie,2019-04-15,3760
Necktie,2019-04-22,3837
Necktie,2019-04-29,3992
Necktie,2019-05-06,3679
Necktie,2019-05-13,3870
Necktie,2019-05-20,4028
Necktie,2019-05-27,4051
Necktie,2019-06-03,3427
Necktie,2019-06-10,4291
Necktie,2019-06-17,4006
Necktie,2019-06-24,3736
Necktie,2019-07-01,3554
Necktie,2019-07-08,3811
Necktie,2019-07-15,4126
Necktie,2019-07-22,3678
Necktie,2019-07-29,3933
Necktie,2019-08-05,3865
Necktie,2019-08-12,3671
Necktie,2019-08-19,3738
Necktie,2019-08-26,3789
Necktie,2019-09-02,3754
Necktie,2019-09-09,3984
Necktie,2019-09-16,4064
Necktie,2019-09-23,4314
Necktie,2019-09-30,3875
Necktie,2019-10-07,4140
Necktie,2019-10-14,5483
Necktie,2019-10-21,4701
Necktie,2019-10-28,3960
Necktie,2019-11-04,4156
Necktie,2019-11-11,4662
Necktie,2019-11-18,4125
Necktie,2019-11-25,4031
Necktie,2019-12-02,4096
Necktie,2019-12-09,3989
Necktie,2019-12-16,3667
Necktie,2019-12-23,3254
Necktie,2019-12-30,3738
Necktie,2020-01-06,5501
Necktie,2020-01-13,4344
Necktie,2020-01-20,4163
Necktie,2020-01-27,3852
Necktie,2020-02-03,3867
Necktie,2020-02-10,3935
Necktie,2020-02-17,4023
Necktie,2020-02-24,4102
Necktie,2020-03-02,4082
Necktie,2020-03-09,3604
Necktie,2020-03-16,3062
Necktie,2020-03-23,3482
Necktie,2020-03-30,3563
Necktie,2020-04-06,3717
Necktie,2020-04-13,3534
Necktie,2020-04-20,3607
Necktie,2020-04-27,3691
Necktie,2020-05-04,3017
Necktie,2020-05-11,2911
Necktie,2020-05-18,2906
Necktie,2020-05-25,2628
Necktie,2020-06-01,2660
Necktie,2020-06-08,2794
Necktie,2020-06-15,2933
Necktie,2020-06-22,2629
Necktie,2020-06-29,2568
Necktie,2020-07-06,2552
Necktie,2020-07-13,2716
Necktie,2020-07-20,2713
Necktie,2020-07-27,2897
Necktie,2020-08-03,2859
Necktie,2020-08-10,2874
Necktie,2020-08-17,2819
Necktie,2020-08-24,3024
Necktie,2020-08-31,3132
Necktie,2020-09-07,3045
Necktie,2020-09-14,3489
Necktie,2020-09-21,3056
Nightgown,2018-09-03,936
Nightgown,2018-09-10,935
Nightgown,2018-09-17,821
Nightgown,2018-09-24,905
Nightgown,2018-10-01,1031
Nightgown,2018-10-08,1134
Nightgown,2018-10-15,890
Nightgown,2018-10-22,891
Nightgown,2018-10-29,837
Nightgown,2018-11-05,938
Nightgown,2018-11-12,909
Nightgown,2018-11-19,1049
Nightgown,2018-11-26,968
Nightgown,2018-12-03,1005
Nightgown,2018-12-10,853
Nightgown,2018-12-17,932
Nightgown,2018-12-24,942
Nightgown,2018-12-31,977
Nightgown,2019-01-07,933
Nightgown,2019-01-14,997
Nightgown,2019-01-21,944
Nightgown,2019-01-28,897
Nightgown,2019-02-04,923
Nightgown,2019-02-11,894
Nightgown,2019-02-18,909
Nightgown,2019-02-25,1021
Nightgown,2019-03-04,858
Nightgown,2019-03-11,947
Nightgown,2019-03-18,932
Nightgown,2019-03-25,938
Nightgown,2019-04-01,941
Nightgown,2019-04-08,912
Nightgown,2019-04-15,912
Nightgown,2019-04-22,905
Nightgown,2019-04-29,907
Nightgown,2019-05-06,857
Nightgown,2019-05-13,909
Nightgown,2019-05-20,880
Nightgown,2019-05-27,850
Nightgown,2019-06-03,910
Nightgown,2019-06-10,917
Nightgown,2019-06-17,1087
Nightgown,2019-06-24,1025
Nightgown,2019-07-01,1055
Nightgown,2019-07-08,1099
Nightgown,2019-07-15,996
Nightgown,2019-07-22,1043
Nightgown,2019-07-29,968
Nightgown,2019-08-05,942
Nightgown,2019-08-12,919
Nightgown,2019-08-19,897
Nightgown,2019-08-26,861
Nightgown,2019-09-02,908
Nightgown,2019-09-09,938
Nightgown,2019-09-16,924
Nightgown,2019-09-23,965
Nightgown,2019-09-30,857
Nightgown,2019-10-07,873
Nightgown,2019-10-14,903
Nightgown,2019-10-21,953
Nightgown,2019-10-28,863
Nightgown,2019-11-04,893
Nightgown,2019-11-11,917
Nightgown,2019-11-18,871
Nightgown,2019-11-25,913
Nightgown,2019-12-02,929
Nightgown,2019-12-09,831
Nightgown,2019-12-16,841
Nightgown,2019-12-23,938
Nightgown,2019-12-30,937
Nightgown,2020-01-06,952
Nightgown,2020-01-13,885
Nightgown,2020-01-20,855
Nightgown,2020-01-27,826
Nightgown,2020-02-03,809
Nightgown,2020-02-10,744
Nightgown,2020-02-17,995
Nightgown,2020-02-24,918
Nightgown,2020-03-02,819
Nightgown,2020-03-09,790
Nightgown,2020-03-16,779
Nightgown,2020-03-23,917
Nightgown,2020-03-30,940
Nightgown,2020-04-06,991
Nightgown,2020-04-13,1041
Nightgown,2020-04-20,1029
Nightgown,2020-04-27,1117
Nightgown,2020-05-04,957
Nightgown,2020-05-11,972
Nightgown,2020-05-18,962
Nightgown,2020-05-25,882
Nightgown,2020-06-01,930
Nightgown,2020-06-08,910
Nightgown,2020-06-15,790
Nightgown,2020-06-22,904
Nightgown,2020-06-29,816
Nightgown,2020-07-06,881
Nightgown,2020-07-13,971
Nightgown,2020-07-20,955
Nightgown,2020-07-27,1062
Nightgown,2020-08-03,1056
Nightgown,2020-08-10,1099
Nightgown,2020-08-17,1179
Nightgown,2020-08-24,1046
Nightgown,2020-08-31,907
Nightgown,2020-09-07,956
Nightgown,2020-09-14,923
Nightgown,2020-09-21,925
Orange (colour),2018-09-03,4369
Orange (colour),2018-09-10,3913
Orange (colour),2018-09-17,4086
Orange (colour),2018-09-24,4143
Orange (colour),2018-10-01,4370
Orange (colour),2018-10-08,4316
Orange (colour),2018-10-15,4133
Orange (colour),2018-10-22,4275
Orange (colour),2018-10-29,4309
Orange (colour),2018-11-05,4137
Orange (colour),2018-11-12,4432
Orange (colour),2018-11-19,4066
Orange (colour),2018-11-26,4675
Orange (colour),2018-12-03,4414
Orange (colour),2018-12-10,4346
Orange (colour),2018-12-17,3741
Orange (colour),2018-12-24,3491
Orange (colour),2018-12-31,4319
Orange (colour),2019-01-07,4235
Orange (colour),2019-01-14,4098
Orange (colour),2019-01-21,4065
Orange (colour),2019-01-28,4360
Orange (colour),2019-02-04,4243
Orange (colour),2019-02-11,4937
Orange (colour),2019-02-18,4143
Orange (colour),2019-02-25,3961
Orange (colour),2019-03-04,4211
Orange (colour),2019-03-11,4266
Orange (colour),2019-03-18,4390
Orange (colour),2019-03-25,4392
Orange (colour),2019-04-01,4207
Orange (colour),2019-04-08,4218
Orange (colour),2019-04-15,3713
Orange (colour),2019-04-22,4521
Orange (colour),2019-04-29,4177
Orange (colour),2019-05-06,3727
Orange (colour),2019-05-13,3706
Orange (colour),2019-05-20,3740
Orange (colour),2019-05-27,3600
Orange (colour),2019-06-03,3251
Orange (colour),2019-06-10,3609
Orange (colour),2019-06-17,3427
Orange (colour),2019-06-24,3749
Orange (colour),2019-07-01,3722
Orange (colour),2019-07-08,3795
Orange (colour),2019-07-15,3615
Orange (colour),2019-07-22,3403
Orange (colour),2019-07-29,4167
Orange (colour),2019-08-05,4138
Orange (colour),2019-08-12,4173
Orange (colour),2019-08-19,4151
Orange (colour),2019-08-26,3858
Orange (colour),2019-09-02,3896
Orange (colour),2019-09-09,4534
Orange (colour),2019-09-16,4201
Orange (colour),2019-09-23,4529
Orange (colour),2019-09-30,4635
Orange (colour),2019-10-07,6738
Orange (colour),2019-10-14,4687
Orange (colour),2019-10-21,4969
Orange (colour),2019-10-28,4260
Orange (colour),2019-11-04,5030
Orange (colour),2019-11-11,5790
Orange (colour),2019-11-18,4519
Orange (colour),2019-11-25,4467
Orange (colour),2019-12-02,4355
Orange (colour),2019-12-09,4886
Orange (colour),2019-12-16,5534
Orange (colour),2019-12-23,3842
Orange (colour),2019-12-30,4125
Orange (colour),2020-01-06,4452
Orange (colour),2020-01-13,4595
Orange (colour),2020-01-20,4647
Orange (colour),2020-01-27,4515
Orange (colour),2020-02-03,4551
Orange (colour),2020-02-10,4760
Orange (colour),2020-02-17,4845
Orange (colour),2020-02-24,4600
Orange (colour),2020-03-02,4458
Orange (colour),2020-03-09,4326
Orange (colour),2020-03-16,4397
Orange (colour),2020-03-23,4487
Orange (colour),2020-03-30,5499
Orange (colour),2020-04-06,5322
Orange (colour),2020-04-13,5251
Orange (colour),2020-04-20,5145
Orange (colour),2020-04-27,5739
Orange (colour),2020-05-04,4626
Orange (colour),2020-05-11,4172
Orange (colour),2020-05-18,4522
Orange (colour),2020-05-25,7772
Orange (colour),2020-06-01,4984
Orange (colour),2020-06-08,4658
Orange (colour),2020-06-15,4123
Orange (colour),2020-06-22,4217
Orange (colour),2020-06-29,4712
Orange (colour),2020-07-06,5180
Orange (colour),2020-07-13,4326
Orange (colour),2020-07-20,4734
Orange (colour),2020-07-27,5054
Orange (colour),2020-08-03,4992
Orange (colour),2020-08-10,5290
Orange (colour),2020-08-17,4253
Orange (colour),2020-08-24,4696
Orange (colour),2020-08-31,4372
Orange (colour),2020-09-07,4718
Orange (colour),2020-09-14,4734
Orange (colour),2020-09-21,4524
Pajamas,2018-09-03,3288
Pajamas,2018-09-10,3655
Pajamas,2018-09-17,3265
Pajamas,2018-09-24,3429
Pajamas,2018-10-01,3587
Pajamas,2018-10-08,3796
Pajamas,2018-10-15,3746
Pajamas,2018-10-22,3752
Pajamas,2018-10-29,3832
Pajamas,2018-11-05,4354
Pajamas,2018-11-12,4519
Pajamas,2018-11-19,4785
Pajamas,2018-11-26,4331
Pajamas,2018-12-03,4148
Pajamas,2018-12-10,4076
Pajamas,2018-12-17,4092
Pajamas,2018-12-24,4253
Pajamas,2018-12-31,3696
Pajamas,2019-01-07,3687
Pajamas,2019-01-14,3596
Pajamas,2019-01-21,3677
Pajamas,2019-01-28,3260
Pajamas,2019-02-04,3484
Pajamas,2019-02-11,3182
Pajamas,2019-02-18,3219
Pajamas,2019-02-25,3367
Pajamas,2019-03-04,3077
Pajamas,2019-03-11,3282
Pajamas,2019-03-18,3242
Pajamas,2019-03-25,3335
Pajamas,2019-04-01,3362
Pajamas,2019-04-08,3390
Pajamas,2019-04-15,3361
Pajamas,2019-04-22,3121
Pajamas,2019-04-29,3220
Pajamas,2019-05-06,3163
Pajamas,2019-05-13,2985
Pajamas,2019-05-20,2904
Pajamas,2019-05-27,3060
Pajamas,2019-06-03,3221
Pajamas,2019-06-10,3252
Pajamas,2019-06-17,3068
Pajamas,2019-06-24,6022
Pajamas,2019-07-01,3144
Pajamas,2019-07-08,2926
Pajamas,2019-07-15,3131
Pajamas,2019-07-22,2961
Pajamas,2019-07-29,3368
Pajamas,2019-08-05,2765
Pajamas,2019-08-12,2825
Pajamas,2019-08-19,2764
Pajamas,2019-08-26,2982
Pajamas,2019-09-02,3038
Pajamas,2019-09-09,2956
Pajamas,2019-09-16,3258
Pajamas,2019-09-23,4632
Pajamas,2019-09-30,3294
Pajamas,2019-10-07,3421
Pajamas,2019-10-14,4215
Pajamas,2019-10-21,3482
Pajamas,2019-10-28,3720
Pajamas,2019-11-04,4032
Pajamas,2019-11-11,4382
Pajamas,2019-11-18,3837
Pajamas,2019-11-25,4179
Pajamas,2019-12-02,4428
Pajamas,2019-12-09,4426
Pajamas,2019-12-16,4703
Pajamas,2019-12-23,4314
Pajamas,2019-12-30,3841
Pajamas,2020-01-06,3624
Pajamas,2020-01-13,3210
Pajamas,2020-01-20,3527
Pajamas,2020-01-27,3032
Pajamas,2020-02-03,2560
Pajamas,2020-02-10,2721
Pajamas,2020-02-17,2580
Pajamas,2020-02-24,3207
Pajamas,2020-03-02,2772
Pajamas,2020-03-09,2920
Pajamas,2020-03-16,3306
Pajamas,2020-03-23,3967
Pajamas,2020-03-30,4049
Pajamas,2020-04-06,3891
Pajamas,2020-04-13,4167
Pajamas,2020-04-20,3817
Pajamas,2020-04-27,3824
Pajamas,2020-05-04,3485
Pajamas,2020-05-11,3611
Pajamas,2020-05-18,3230
Pajamas,2020-05-25,3112
Pajamas,2020-06-01,2966
Pajamas,2020-06-08,2896
Pajamas,2020-06-15,3078
Pajamas,2020-06-22,2919
Pajamas,2020-06-29,2886
Pajamas,2020-07-06,2785
Pajamas,2020-07-13,3132
Pajamas,2020-07-20,2990
Pajamas,2020-07-27,3003
Pajamas,2020-08-03,2982
Pajamas,2020-08-10,3060
Pajamas,2020-08-17,2900
Pajamas,2020-08-24,3062
Pajamas,2020-08-31,3122
Pajamas,2020-09-07,3194
Pajamas,2020-09-14,3320
Pajamas,2020-09-21,3352
Pink,2018-09-03,5641
Pink,2018-09-10,5732
Pink,2018-09-17,5714
Pink,2018-09-24,5617
Pink,2018-10-01,5657
Pink,2018-10-08,5490
Pink,2018-10-15,6060
Pink,2018-10-22,5946
Pink,2018-10-29,5572
Pink,2018-11-05,5347
Pink,2018-11-12,5715
Pink,2018-11-19,5344
Pink,2018-11-26,5718
Pink,2018-12-03,5785
Pink,2018-12-10,5930
Pink,2018-12-17,4949
Pink,2018-12-24,4622
Pink,2018-12-31,5585
Pink,2019-01-07,5684
Pink,2019-01-14,5519
Pink,2019-01-21,5712
Pink,2019-01-28,5748
Pink,2019-02-04,6216
Pink,2019-02-11,6290
Pink,2019-02-18,7342
Pink,2019-02-25,6010
Pink,2019-03-04,6653
Pink,2019-03-11,5702
Pink,2019-03-18,5406
Pink,2019-03-25,5787
Pink,2019-04-01,6018
Pink,2019-04-08,5681
Pink,2019-04-15,5331
Pink,2019-04-22,6210
Pink,2019-04-29,5912
Pink,2019-05-06,5863
Pink,2019-05-13,5316
Pink,2019-05-20,5199
Pink,2019-05-27,4841
Pink,2019-06-03,4735
Pink,2019-06-10,4898
Pink,2019-06-17,5112
Pink,2019-06-24,5082
Pink,2019-07-01,4905
Pink,2019-07-08,4969
Pink,2019-07-15,5384
Pink,2019-07-22,4910
Pink,2019-07-29,4940
Pink,2019-08-05,4953
Pink,2019-08-12,4987
Pink,2019-08-19,5028
Pink,2019-08-26,4979
Pink,2019-09-02,5129
Pink,2019-09-09,5022
Pink,2019-09-16,5346
Pink,2019-09-23,4957
Pink,2019-09-30,5240
Pink,2019-10-07,5412
Pink,2019-10-14,5283
Pink,2019-10-21,5017
Pink,2019-10-28,5048
Pink,2019-11-04,5520
Pink,2019-11-11,6721
Pink,2019-11-18,5616
Pink,2019-11-25,5394
Pink,2019-12-02,5040
Pink,2019-12-09,4659
Pink,2019-12-16,5215
Pink,2019-12-23,4472
Pink,2019-12-30,4668
Pink,2020-01-06,5391
Pink,2020-01-13,5486
Pink,2020-01-20,5172
Pink,2020-01-27,5323
Pink,2020-02-03,5309
Pink,2020-02-10,5640
Pink,2020-02-17,5588
Pink,2020-02-24,5567
Pink,2020-03-02,5452
Pink,2020-03-09,4759
Pink,2020-03-16,4396
Pink,2020-03-23,4984
Pink,2020-03-30,5938
Pink,2020-04-06,6344
Pink,2020-04-13,17905
Pink,2020-04-20,5815
Pink,2020-04-27,5483
Pink,2020-05-04,5572
Pink,2020-05-11,5361
Pink,2020-05-18,5017
Pink,2020-05-25,5386
Pink,2020-06-01,4945
Pink,2020-06-08,4815
Pink,2020-06-15,4956
Pink,2020-06-22,4895
Pink,2020-06-29,4758
Pink,2020-07-06,4534
Pink,2020-07-13,4632
Pink,2020-07-20,4699
Pink,2020-07-27,4665
Pink,2020-08-03,5741
Pink,2020-08-10,4969
Pink,2020-08-17,4913
Pink,2020-08-24,4996
Pink,2020-08-31,4713
Pink,2020-09-07,5166
Pink,2020-09-14,5069
Pink,2020-09-21,4700
Polo shirt,2018-09-03,3074
Polo shirt,2018-09-10,2663
Polo shirt,2018-09-17,2650
Polo shirt,2018-09-24,2542
Polo shirt,2018-10-01,2601
Polo shirt,2018-10-08,3625
Polo shirt,2018-10-15,4708
Polo shirt,2018-10-22,3077
Polo shirt,2018-10-29,11666
Polo shirt,2018-11-05,2567
Polo shirt,2018-11-12,2414
Polo shirt,2018-11-19,2853
Polo shirt,2018-11-26,2511
Polo shirt,2018-12-03,2709
Polo shirt,2018-12-10,2669
Polo shirt,2018-12-17,2111
Polo shirt,2018-12-24,2000
Polo shirt,2018-12-31,2423
Polo shirt,2019-01-07,2367
Polo shirt,2019-01-14,2248
Polo shirt,2019-01-21,2748
Polo shirt,2019-01-28,2342
Polo shirt,2019-02-04,2503
Polo shirt,2019-02-11,2317
Polo shirt,2019-02-18,2406
Polo shirt,2019-02-25,2316
Polo shirt,2019-03-04,2315
Polo shirt,2019-03-11,2304
Polo shirt,2019-03-18,2408
Polo shirt,2019-03-25,2394
Polo shirt,2019-04-01,2306
Polo shirt,2019-04-08,2428
Polo shirt,2019-04-15,2464
Polo shirt,2019-04-22,2618
Polo shirt,2019-04-29,2567
Polo shirt,2019-05-06,2420
Polo shirt,2019-05-13,3212
Polo shirt,2019-05-20,2604
Polo shirt,2019-05-27,2771
Polo shirt,2019-06-03,2952
Polo shirt,2019-06-10,2766
Polo shirt,2019-06-17,3008
Polo shirt,2019-06-24,2706
Polo shirt,2019-07-01,3147
Polo shirt,2019-07-08,3306
Polo shirt,2019-07-15,2838
Polo shirt,2019-07-22,2839
Polo shirt,2019-07-29,2650
Polo shirt,2019-08-05,2638
Polo shirt,2019-08-12,3348
Polo shirt,2019-08-19,3034
Polo shirt,2019-08-26,2652
Polo shirt,2019-09-02,2536
Polo shirt,2019-09-09,2555
Polo shirt,2019-09-16,2460
Polo shirt,2019-09-23,2392
Polo shirt,2019-09-30,3296
Polo shirt,2019-10-07,2277
Polo shirt,2019-10-14,3588
Polo shirt,2019-10-21,2216
Polo shirt,2019-10-28,2246
Polo shirt,2019-11-04,2378
Polo shirt,2019-11-11,2538
Polo shirt,2019-11-18,2291
Polo shirt,2019-11-25,2436
Polo shirt,2019-12-02,2437
Polo shirt,2019-12-09,2302
Polo shirt,2019-12-16,2429
Polo shirt,2019-12-23,2094
Polo shirt,2019-12-30,2160
Polo shirt,2020-01-06,2140
Polo shirt,2020-01-13,2088
Polo shirt,2020-01-20,2098
Polo shirt,2020-01-27,2198
Polo shirt,2020-02-03,2026
Polo shirt,2020-02-10,1894
Polo shirt,2020-02-17,1948
Polo shirt,2020-02-24,1907
Polo shirt,2020-03-02,1837
Polo shirt,2020-03-09,1727
Polo shirt,2020-03-16,1465
Polo shirt,2020-03-23,1634
Polo shirt,2020-03-30,1766
Polo shirt,2020-04-06,2044
Polo shirt,2020-04-13,2084
Polo shirt,2020-04-20,2180
Polo shirt,2020-04-27,2281
Polo shirt,2020-05-04,2140
Polo shirt,2020-05-11,1829
Polo shirt,2020-05-18,1873
Polo shirt,2020-05-25,2306
Polo shirt,2020-06-01,2615
Polo shirt,2020-06-08,2233
Polo shirt,2020-06-15,2226
Polo shirt,2020-06-22,2094
Polo shirt,2020-06-29,2369
Polo shirt,2020-07-06,2747
Polo shirt,2020-07-13,2491
Polo shirt,2020-07-20,3179
Polo shirt,2020-07-27,3631
Polo shirt,2020-08-03,3411
Polo shirt,2020-08-10,3561
Polo shirt,2020-08-17,2865
Polo shirt,2020-08-24,3291
Polo shirt,2020-08-31,2974
Polo shirt,2020-09-07,2583
Polo shirt,2020-09-14,2130
Polo shirt,2020-09-21,2876
Red,2018-09-03,7859
Red,2018-09-10,7450
Red,2018-09-17,8007
Red,2018-09-24,7950
Red,2018-10-01,8358
Red,2018-10-08,8062
Red,2018-10-15,8199
Red,2018-10-22,8311
Red,2018-10-29,8323
Red,2018-11-05,8163
Red,2018-11-12,8357
Red,2018-11-19,7643
Red,2018-11-26,8248
Red,2018-12-03,9357
Red,2018-12-10,8959
Red,2018-12-17,7791
Red,2018-12-24,6862
Red,2018-12-31,6876
Red,2019-01-07,7618
Red,2019-01-14,8400
Red,2019-01-21,8283
Red,2019-01-28,8353
Red,2019-02-04,8212
Red,2019-02-11,8578
Red,2019-02-18,8208
Red,2019-02-25,8909
Red,2019-03-04,8417
Red,2019-03-11,7605
Red,2019-03-18,7932
Red,2019-03-25,8238
Red,2019-04-01,7654
Red,2019-04-08,8203
Red,2019-04-15,7185
Red,2019-04-22,7379
Red,2019-04-29,8118
Red,2019-05-06,7950
Red,2019-05-13,7362
Red,2019-05-20,7163
Red,2019-05-27,7082
Red,2019-06-03,7113
Red,2019-06-10,7223
Red,2019-06-17,7026
Red,2019-06-24,6790
Red,2019-07-01,6723
Red,2019-07-08,6601
Red,2019-07-15,6677
Red,2019-07-22,6862
Red,2019-07-29,7440
Red,2019-08-05,6929
Red,2019-08-12,6963
Red,2019-08-19,8612
Red,2019-08-26,7824
Red,2019-09-02,7531
Red,2019-09-09,7674
Red,2019-09-16,8356
Red,2019-09-23,8022
Red,2019-09-30,7605
Red,2019-10-07,8216
Red,2019-10-14,7731
Red,2019-10-21,8116
Red,2019-10-28,7646
Red,2019-11-04,7421
Red,2019-11-11,9918
Red,2019-11-18,7510
Red,2019-11-25,7780
Red,2019-12-02,8777
Red,2019-12-09,6849
Red,2019-12-16,9626
Red,2019-12-23,6194
Red,2019-12-30,6662
Red,2020-01-06,7143
Red,2020-01-13,7366
Red,2020-01-20,7720
Red,2020-01-27,7920
Red,2020-02-03,7460
Red,2020-02-10,7868
Red,2020-02-17,7656
Red,2020-02-24,7625
Red,2020-03-02,7588
Red,2020-03-09,7534
Red,2020-03-16,6688
Red,2020-03-23,7261
Red,2020-03-30,9145
Red,2020-04-06,8985
Red,2020-04-13,9300
Red,2020-04-20,10377
Red,2020-04-27,8691
Red,2020-05-04,7677
Red,2020-05-11,6961
Red,2020-05-18,6936
Red,2020-05-25,6559
Red,2020-06-01,6095
Red,2020-06-08,6239
Red,2020-06-15,6310
Red,2020-06-22,6049
Red,2020-06-29,6518
Red,2020-07-06,6333
Red,2020-07-13,6688
Red,2020-07-20,7092
Red,2020-07-27,6584
Red,2020-08-03,6831
Red,2020-08-10,6597
Red,2020-08-17,7082
Red,2020-08-24,7287
Red,2020-08-31,7028
Red,2020-09-07,7338
Red,2020-09-14,7926
Red,2020-09-21,7513
Robe,2018-09-03,1036
Robe,2018-09-10,1068
Robe,2018-09-17,1042
Robe,2018-09-24,1043
Robe,2018-10-01,1302
Robe,2018-10-08,1361
Robe,2018-10-15,1076
Robe,2018-10-22,1141
Robe,2018-10-29,1045
Robe,2018-11-05,1018
Robe,2018-11-12,1104
Robe,2018-11-19,1083
Robe,2018-11-26,1055
Robe,2018-12-03,1105
Robe,2018-12-10,1073
Robe,2018-12-17,958
Robe,2018-12-24,1006
Robe,2018-12-31,1036
Robe,2019-01-07,1053
Robe,2019-01-14,1078
Robe,2019-01-21,1054
Robe,2019-01-28,1088
Robe,2019-02-04,1106
Robe,2019-02-11,1011
Robe,2019-02-18,1147
Robe,2019-02-25,1074
Robe,2019-03-04,1014
Robe,2019-03-11,1084
Robe,2019-03-18,1163
Robe,2019-03-25,1362
Robe,2019-04-01,1072
Robe,2019-04-08,1155
Robe,2019-04-15,1132
Robe,2019-04-22,1005
Robe,2019-04-29,1008
Robe,2019-05-06,959
Robe,2019-05-13,1001
Robe,2019-05-20,1025
Robe,2019-05-27,1021
Robe,2019-06-03,1000
Robe,2019-06-10,971
Robe,2019-06-17,1020
Robe,2019-06-24,1055
Robe,2019-07-01,949
Robe,2019-07-08,992
Robe,2019-07-15,1100
Robe,2019-07-22,908
Robe,2019-07-29,961
Robe,2019-08-05,945
Robe,2019-08-12,1018
Robe,2019-08-19,989
Robe,2019-08-26,1049
Robe,2019-09-02,974
Robe,2019-09-09,1176
Robe,2019-09-16,1119
Robe,2019-09-23,1176
Robe,2019-09-30,1113
Robe,2019-10-07,1101
Robe,2019-10-14,1194
Robe,2019-10-21,1097
Robe,2019-10-28,1150
Robe,2019-11-04,1199
Robe,2019-11-11,1255
Robe,2019-11-18,1151
Robe,2019-11-25,1213
Robe,2019-12-02,1055
Robe,2019-12-09,1024
Robe,2019-12-16,1094
Robe,2019-12-23,979
Robe,2019-12-30,1038
Robe,2020-01-06,1117
Robe,2020-01-13,1184
Robe,2020-01-20,1152
Robe,2020-01-27,1148
Robe,2020-02-03,1128
Robe,2020-02-10,1044
Robe,2020-02-17,1086
Robe,2020-02-24,1110
Robe,2020-03-02,1060
Robe,2020-03-09,968
Robe,2020-03-16,1020
Robe,2020-03-23,1086
Robe,2020-03-30,1303
Robe,2020-04-06,1425
Robe,2020-04-13,1385
Robe,2020-04-20,1349
Robe,2020-04-27,1243
Robe,2020-05-04,1107
Robe,2020-05-11,1055
Robe,2020-05-18,872
Robe,2020-05-25,922
Robe,2020-06-01,809
Robe,2020-06-08,873
Robe,2020-06-15,811
Robe,2020-06-22,801
Robe,2020-06-29,723
Robe,2020-07-06,812
Robe,2020-07-13,800
Robe,2020-07-20,820
Robe,2020-07-27,806
Robe,2020-08-03,847
Robe,2020-08-10,884
Robe,2020-08-17,888
Robe,2020-08-24,846
Robe,2020-08-31,783
Robe,2020-09-07,839
Robe,2020-09-14,850
Robe,2020-09-21,850
Sandal,2018-09-03,1774
Sandal,2018-09-10,1850
Sandal,2018-09-17,1727
Sandal,2018-09-24,2145
Sandal,2018-10-01,4011
Sandal,2018-10-08,4459
Sandal,2018-10-15,1784
Sandal,2018-10-22,1767
Sandal,2018-10-29,1675
Sandal,2018-11-05,1682
Sandal,2018-11-12,1682
Sandal,2018-11-19,1604
Sandal,2018-11-26,1513
Sandal,2018-12-03,1782
Sandal,2018-12-10,1632
Sandal,2018-12-17,1634
Sandal,2018-12-24,1527
Sandal,2018-12-31,1513
Sandal,2019-01-07,1791
Sandal,2019-01-14,1813
Sandal,2019-01-21,1892
Sandal,2019-01-28,1847
Sandal,2019-02-04,1734
Sandal,2019-02-11,1702
Sandal,2019-02-18,1857
Sandal,2019-02-25,1814
Sandal,2019-03-04,1740
Sandal,2019-03-11,1865
Sandal,2019-03-18,2161
Sandal,2019-03-25,2034
Sandal,2019-04-01,1858
Sandal,2019-04-08,2089
Sandal,2019-04-15,2222
Sandal,2019-04-22,1989
Sandal,2019-04-29,2228
Sandal,2019-05-06,2141
Sandal,2019-05-13,2284
Sandal,2019-05-20,2277
Sandal,2019-05-27,2310
Sandal,2019-06-03,2172
Sandal,2019-06-10,2210
Sandal,2019-06-17,2311
Sandal,2019-06-24,2303
Sandal,2019-07-01,2485
Sandal,2019-07-08,2513
Sandal,2019-07-15,2384
Sandal,2019-07-22,2528
Sandal,2019-07-29,2217
Sandal,2019-08-05,2336
Sandal,2019-08-12,2112
Sandal,2019-08-19,2239
Sandal,2019-08-26,2130
Sandal,2019-09-02,2172
Sandal,2019-09-09,2090
Sandal,2019-09-16,1926
Sandal,2019-09-23,2119
Sandal,2019-09-30,2070
Sandal,2019-10-07,1938
Sandal,2019-10-14,2037
Sandal,2019-10-21,1965
Sandal,2019-10-28,2093
Sandal,2019-11-04,1889
Sandal,2019-11-11,2695
Sandal,2019-11-18,1903
Sandal,2019-11-25,1828
Sandal,2019-12-02,1856
Sandal,2019-12-09,1915
Sandal,2019-12-16,2536
Sandal,2019-12-23,1704
Sandal,2019-12-30,1947
Sandal,2020-01-06,1980
Sandal,2020-01-13,2121
Sandal,2020-01-20,1986
Sandal,2020-01-27,1952
Sandal,2020-02-03,1954
Sandal,2020-02-10,1903
Sandal,2020-02-17,1966
Sandal,2020-02-24,1997
Sandal,2020-03-02,1817
Sandal,2020-03-09,1715
Sandal,2020-03-16,1591
Sandal,2020-03-23,1702
Sandal,2020-03-30,1646
Sandal,2020-04-06,1870
Sandal,2020-04-13,1902
Sandal,2020-04-20,1962
Sandal,2020-04-27,1997
Sandal,2020-05-04,1748
Sandal,2020-05-11,1831
Sandal,2020-05-18,1843
Sandal,2020-05-25,1763
Sandal,2020-06-01,1840
Sandal,2020-06-08,1743
Sandal,2020-06-15,1642
Sandal,2020-06-22,1784
Sandal,2020-06-29,1618
Sandal,2020-07-06,1719
Sandal,2020-07-13,1761
Sandal,2020-07-20,1835
Sandal,2020-07-27,1768
Sandal,2020-08-03,1798
Sandal,2020-08-10,1735
Sandal,2020-08-17,1743
Sandal,2020-08-24,1600
Sandal,2020-08-31,1642
Sandal,2020-09-07,1607
Sandal,2020-09-14,1629
Sandal,2020-09-21,1626
Sarong,2018-09-03,2939
Sarong,2018-09-10,2727
Sarong,2018-09-17,3092
Sarong,2018-09-24,2798
Sarong,2018-10-01,2877
Sarong,2018-10-08,3048
Sarong,2018-10-15,2588
Sarong,2018-10-22,2463
Sarong,2018-10-29,2359
Sarong,2018-11-05,2441
Sarong,2018-11-12,2779
Sarong,2018-11-19,2719
Sarong,2018-11-26,2695
Sarong,2018-12-03,2599
Sarong,2018-12-10,2441
Sarong,2018-12-17,2373
Sarong,2018-12-24,2666
Sarong,2018-12-31,2686
Sarong,2019-01-07,2840
Sarong,2019-01-14,2920
Sarong,2019-01-21,2739
Sarong,2019-01-28,2662
Sarong,2019-02-04,2624
Sarong,2019-02-11,2604
Sarong,2019-02-18,2726
Sarong,2019-02-25,2785
Sarong,2019-03-04,2681
Sarong,2019-03-11,2754
Sarong,2019-03-18,2547
Sarong,2019-03-25,2554
Sarong,2019-04-01,2711
Sarong,2019-04-08,2721
Sarong,2019-04-15,2524
Sarong,2019-04-22,2917
Sarong,2019-04-29,2668
Sarong,2019-05-06,2738
Sarong,2019-05-13,2866
Sarong,2019-05-20,2706
Sarong,2019-05-27,2894
Sarong,2019-06-03,2740
Sarong,2019-06-10,2786
Sarong,2019-06-17,2821
Sarong,2019-06-24,2897
Sarong,2019-07-01,2992
Sarong,2019-07-08,3048
Sarong,2019-07-15,3050
Sarong,2019-07-22,3499
Sarong,2019-07-29,2752
Sarong,2019-08-05,3517
Sarong,2019-08-12,2817
Sarong,2019-08-19,2607
Sarong,2019-08-26,2719
Sarong,2019-09-02,2496
Sarong,2019-09-09,2411
Sarong,2019-09-16,2448
Sarong,2019-09-23,2264
Sarong,2019-09-30,2422
Sarong,2019-10-07,2314
Sarong,2019-10-14,2329
Sarong,2019-10-21,2283
Sarong,2019-10-28,2327
Sarong,2019-11-04,2208
Sarong,2019-11-11,2304
Sarong,2019-11-18,2124
Sarong,2019-11-25,2086
Sarong,2019-12-02,2073
Sarong,2019-12-09,2188
Sarong,2019-12-16,1947
Sarong,2019-12-23,2086
Sarong,2019-12-30,2192
Sarong,2020-01-06,2303
Sarong,2020-01-13,2352
Sarong,2020-01-20,2354
Sarong,2020-01-27,2343
Sarong,2020-02-03,2124
Sarong,2020-02-10,2115
Sarong,2020-02-17,2194
Sarong,2020-02-24,2327
Sarong,2020-03-02,1973
Sarong,2020-03-09,2381
Sarong,2020-03-16,2714
Sarong,2020-03-23,2068
Sarong,2020-03-30,2211
Sarong,2020-04-06,2479
Sarong,2020-04-13,2642
Sarong,2020-04-20,2694
Sarong,2020-04-27,2481
Sarong,2020-05-04,2489
Sarong,2020-05-11,2364
Sarong,2020-05-18,2592
Sarong,2020-05-25,2536
Sarong,2020-06-01,2318
Sarong,2020-06-08,2463
Sarong,2020-06-15,2247
Sarong,2020-06-22,2542
Sarong,2020-06-29,2707
Sarong,2020-07-06,2488
Sarong,2020-07-13,2554
Sarong,2020-07-20,2628
Sarong,2020-07-27,3627
Sarong,2020-08-03,4345
Sarong,2020-08-10,3478
Sarong,2020-08-17,2705
Sarong,2020-08-24,2480
Sarong,2020-08-31,2282
Sarong,2020-09-07,2137
Sarong,2020-09-14,2076
Sarong,2020-09-21,1980
Scarf,2018-09-03,3940
Scarf,2018-09-10,1537
Scarf,2018-09-17,1612
Scarf,2018-09-24,1719
Scarf,2018-10-01,1956
Scarf,2018-10-08,1951
Scarf,2018-10-15,1745
Scarf,2018-10-22,1877
Scarf,2018-10-29,1748
Scarf,2018-11-05,1952
Scarf,2018-11-12,2213
Scarf,2018-11-19,2113
Scarf,2018-11-26,2223
Scarf,2018-12-03,2125
Scarf,2018-12-10,1904
Scarf,2018-12-17,1741
Scarf,2018-12-24,1707
Scarf,2018-12-31,1744
Scarf,2019-01-07,1759
Scarf,2019-01-14,1789
Scarf,2019-01-21,1999
Scarf,2019-01-28,1827
Scarf,2019-02-04,1626
Scarf,2019-02-11,1735
Scarf,2019-02-18,1607
Scarf,2019-02-25,1528
Scarf,2019-03-04,2636
Scarf,2019-03-11,1390
Scarf,2019-03-18,1496
Scarf,2019-03-25,1558
Scarf,2019-04-01,1345
Scarf,2019-04-08,1404
Scarf,2019-04-15,1435
Scarf,2019-04-22,1265
Scarf,2019-04-29,1272
Scarf,2019-05-06,1298
Scarf,2019-05-13,1211
Scarf,2019-05-20,1232
Scarf,2019-05-27,1345
Scarf,2019-06-03,1313
Scarf,2019-06-10,1384
Scarf,2019-06-17,1415
Scarf,2019-06-24,1242
Scarf,2019-07-01,1229
Scarf,2019-07-08,1271
Scarf,2019-07-15,1265
Scarf,2019-07-22,1171
Scarf,2019-07-29,1129
Scarf,2019-08-05,1224
Scarf,2019-08-12,1107
Scarf,2019-08-19,1240
Scarf,2019-08-26,1220
Scarf,2019-09-02,1271
Scarf,2019-09-09,1412
Scarf,2019-09-16,1305
Scarf,2019-09-23,1736
Scarf,2019-09-30,1460
Scarf,2019-10-07,3447
Scarf,2019-10-14,1728
Scarf,2019-10-21,1793
Scarf,2019-10-28,1598
Scarf,2019-11-04,1785
Scarf,2019-11-11,2097
Scarf,2019-11-18,1730
Scarf,2019-11-25,1923
Scarf,2019-12-02,2153
Scarf,2019-12-09,1964
Scarf,2019-12-16,1974
Scarf,2019-12-23,1508
Scarf,2019-12-30,1505
Scarf,2020-01-06,1664
Scarf,2020-01-13,1796
Scarf,2020-01-20,1596
Scarf,2020-01-27,1600
Scarf,2020-02-03,1510
Scarf,2020-02-10,1428
Scarf,2020-02-17,1416
Scarf,2020-02-24,1434
Scarf,2020-03-02,1381
Scarf,2020-03-09,1227
Scarf,2020-03-16,1209
Scarf,2020-03-23,1268
Scarf,2020-03-30,2014
Scarf,2020-04-06,1648
Scarf,2020-04-13,1631
Scarf,2020-04-20,1569
Scarf,2020-04-27,1490
Scarf,2020-05-04,1338
Scarf,2020-05-11,1181
Scarf,2020-05-18,1040
Scarf,2020-05-25,1025
Scarf,2020-06-01,1031
Scarf,2020-06-08,1097
Scarf,2020-06-15,887
Scarf,2020-06-22,920
Scarf,2020-06-29,904
Scarf,2020-07-06,1016
Scarf,2020-07-13,1009
Scarf,2020-07-20,985
Scarf,2020-07-27,1007
Scarf,2020-08-03,1002
Scarf,2020-08-10,1092
Scarf,2020-08-17,935
Scarf,2020-08-24,950
Scarf,2020-08-31,897
Scarf,2020-09-07,1056
Scarf,2020-09-14,1105
Scarf,2020-09-21,1025
Shirt,2018-09-03,2821
Shirt,2018-09-10,2798
Shirt,2018-09-17,3194
Shirt,2018-09-24,2975
Shirt,2018-10-01,3362
Shirt,2018-10-08,3281
Shirt,2018-10-15,2979
Shirt,2018-10-22,3103
Shirt,2018-10-29,2956
Shirt,2018-11-05,3063
Shirt,2018-11-12,3146
Shirt,2018-11-19,2984
Shirt,2018-11-26,4012
Shirt,2018-12-03,3393
Shirt,2018-12-10,3282
Shirt,2018-12-17,2512
Shirt,2018-12-24,2319
Shirt,2018-12-31,2582
Shirt,2019-01-07,2849
Shirt,2019-01-14,3055
Shirt,2019-01-21,2979
Shirt,2019-01-28,2912
Shirt,2019-02-04,3017
Shirt,2019-02-11,2993
Shirt,2019-02-18,2872
Shirt,2019-02-25,2808
Shirt,2019-03-04,2861
Shirt,2019-03-11,3116
Shirt,2019-03-18,2846
Shirt,2019-03-25,2712
Shirt,2019-04-01,2755
Shirt,2019-04-08,3192
Shirt,2019-04-15,2536
Shirt,2019-04-22,2593
Shirt,2019-04-29,2349
Shirt,2019-05-06,2607
Shirt,2019-05-13,2514
Shirt,2019-05-20,2551
Shirt,2019-05-27,2564
Shirt,2019-06-03,2305
Shirt,2019-06-10,2543
Shirt,2019-06-17,2686
Shirt,2019-06-24,2439
Shirt,2019-07-01,2373
Shirt,2019-07-08,2284
Shirt,2019-07-15,2446
Shirt,2019-07-22,2404
Shirt,2019-07-29,2409
Shirt,2019-08-05,2446
Shirt,2019-08-12,2449
Shirt,2019-08-19,2737
Shirt,2019-08-26,2903
Shirt,2019-09-02,3099
Shirt,2019-09-09,2871
Shirt,2019-09-16,2923
Shirt,2019-09-23,2889
Shirt,2019-09-30,2951
Shirt,2019-10-07,3086
Shirt,2019-10-14,3173
Shirt,2019-10-21,3006
Shirt,2019-10-28,2822
Shirt,2019-11-04,2824
Shirt,2019-11-11,3893
Shirt,2019-11-18,2974
Shirt,2019-11-25,2901
Shirt,2019-12-02,2904
Shirt,2019-12-09,2790
Shirt,2019-12-16,3772
Shirt,2019-12-23,2367
Shirt,2019-12-30,2742
Shirt,2020-01-06,2846
Shirt,2020-01-13,2907
Shirt,2020-01-20,2797
Shirt,2020-01-27,2806
Shirt,2020-02-03,2784
Shirt,2020-02-10,2757
Shirt,2020-02-17,2927
Shirt,2020-02-24,3004
Shirt,2020-03-02,2758
Shirt,2020-03-09,2719
Shirt,2020-03-16,2419
Shirt,2020-03-23,2398
Shirt,2020-03-30,2769
Shirt,2020-04-06,2850
Shirt,2020-04-13,3043
Shirt,2020-04-20,3078
Shirt,2020-04-27,3024
Shirt,2020-05-04,2495
Shirt,2020-05-11,2410
Shirt,2020-05-18,2422
Shirt,2020-05-25,2364
Shirt,2020-06-01,2278
Shirt,2020-06-08,2195
Shirt,2020-06-15,2148
Shirt,2020-06-22,2160
Shirt,2020-06-29,1978
Shirt,2020-07-06,2186
Shirt,2020-07-13,2146
Shirt,2020-07-20,2601
Shirt,2020-07-27,2588
Shirt,2020-08-03,2829
Shirt,2020-08-10,2423
Shirt,2020-08-17,2604
Shirt,2020-08-24,2433
Shirt,2020-08-31,2985
Shirt,2020-09-07,3046
Shirt,2020-09-14,2755
Shirt,2020-09-21,2565
Shorts,2018-09-03,2054
Shorts,2018-09-10,1845
Shorts,2018-09-17,1951
Shorts,2018-09-24,1798
Shorts,2018-10-01,2073
Shorts,2018-10-08,2164
Shorts,2018-10-15,1903
Shorts,2018-10-22,1846
Shorts,2018-10-29,1936
Shorts,2018-11-05,1776
Shorts,2018-11-12,1854
Shorts,2018-11-19,1904
Shorts,2018-11-26,1892
Shorts,2018-12-03,1903
Shorts,2018-12-10,1890
Shorts,2018-12-17,1770
Shorts,2018-12-24,1775
Shorts,2018-12-31,2028
Shorts,2019-01-07,1968
Shorts,2019-01-14,1924
Shorts,2019-01-21,1959
Shorts,2019-01-28,1844
Shorts,2019-02-04,1968
Shorts,2019-02-11,1890
Shorts,2019-02-18,1953
Shorts,2019-02-25,1990
Shorts,2019-03-04,1832
Shorts,2019-03-11,2033
Shorts,2019-03-18,1977
Shorts,2019-03-25,2394
Shorts,2019-04-01,2137
Shorts,2019-04-08,2095
Shorts,2019-04-15,2238
Shorts,2019-04-22,2421
Shorts,2019-04-29,2379
Shorts,2019-05-06,1906
Shorts,2019-05-13,1972
Shorts,2019-05-20,2158
Shorts,2019-05-27,2138
Shorts,2019-06-03,2132
Shorts,2019-06-10,2416
Shorts,2019-06-17,2349
Shorts,2019-06-24,2144
Shorts,2019-07-01,2071
Shorts,2019-07-08,2055
Shorts,2019-07-15,2066
Shorts,2019-07-22,2236
Shorts,2019-07-29,1957
Shorts,2019-08-05,2015
Shorts,2019-08-12,1758
Shorts,2019-08-19,2058
Shorts,2019-08-26,2049
Shorts,2019-09-02,2188
Shorts,2019-09-09,2059
Shorts,2019-09-16,2125
Shorts,2019-09-23,2192
Shorts,2019-09-30,2138
Shorts,2019-10-07,2052
Shorts,2019-10-14,2150
Shorts,2019-10-21,1892
Shorts,2019-10-28,1899
Shorts,2019-11-04,1846
Shorts,2019-11-11,2001
Shorts,2019-11-18,3605
Shorts,2019-11-25,2030
Shorts,2019-12-02,1821
Shorts,2019-12-09,1831
Shorts,2019-12-16,1938
Shorts,2019-12-23,1705
Shorts,2019-12-30,1780
Shorts,2020-01-06,1863
Shorts,2020-01-13,1838
Shorts,2020-01-20,1823
Shorts,2020-01-27,1868
Shorts,2020-02-03,1887
Shorts,2020-02-10,1751
Shorts,2020-02-17,1682
Shorts,2020-02-24,2108
Shorts,2020-03-02,1929
Shorts,2020-03-09,1731
Shorts,2020-03-16,1821
Shorts,2020-03-23,1841
Shorts,2020-03-30,1984
Shorts,2020-04-06,2101
Shorts,2020-04-13,2243
Shorts,2020-04-20,2134
Shorts,2020-04-27,2211
Shorts,2020-05-04,2019
Shorts,2020-05-11,2004
Shorts,2020-05-18,2323
Shorts,2020-05-25,2170
Shorts,2020-06-01,1945
Shorts,2020-06-08,2001
Shorts,2020-06-15,1770
Shorts,2020-06-22,1811
Shorts,2020-06-29,1910
Shorts,2020-07-06,2040
Shorts,2020-07-13,1915
Shorts,2020-07-20,2065
Shorts,2020-07-27,2299
Shorts,2020-08-03,2343
Shorts,2020-08-10,1921
Shorts,2020-08-17,1862
Shorts,2020-08-24,1802
Shorts,2020-08-31,1639
Shorts,2020-09-07,1762
Shorts,2020-09-14,1793
Shorts,2020-09-21,1950
Skirt,2018-09-03,3931
Skirt,2018-09-10,2516
Skirt,2018-09-17,2470
Skirt,2018-09-24,2488
Skirt,2018-10-01,2734
Skirt,2018-10-08,2737
Skirt,2018-10-15,2625
Skirt,2018-10-22,2602
Skirt,2018-10-29,2774
Skirt,2018-11-05,2671
Skirt,2018-11-12,2737
Skirt,2018-11-19,2618
Skirt,2018-11-26,2686
Skirt,2018-12-03,2622
Skirt,2018-12-10,2480
Skirt,2018-12-17,2068
Skirt,2018-12-24,1954
Skirt,2018-12-31,2207
Skirt,2019-01-07,2427
Skirt,2019-01-14,2588
Skirt,2019-01-21,2456
Skirt,2019-01-28,2335
Skirt,2019-02-04,2575
Skirt,2019-02-11,2498
Skirt,2019-02-18,2498
Skirt,2019-02-25,2643
Skirt,2019-03-04,2721
Skirt,2019-03-11,2830
Skirt,2019-03-18,2893
Skirt,2019-03-25,3217
Skirt,2019-04-01,3070
Skirt,2019-04-08,2954
Skirt,2019-04-15,3037
Skirt,2019-04-22,2699
Skirt,2019-04-29,2646
Skirt,2019-05-06,2377
Skirt,2019-05-13,2451
Skirt,2019-05-20,2529
Skirt,2019-05-27,2397
Skirt,2019-06-03,2364
Skirt,2019-06-10,2346
Skirt,2019-06-17,2612
Skirt,2019-06-24,2432
Skirt,2019-07-01,2436
Skirt,2019-07-08,2340
Skirt,2019-07-15,2387
Skirt,2019-07-22,2510
Skirt,2019-07-29,2491
Skirt,2019-08-05,2269
Skirt,2019-08-12,2315
Skirt,2019-08-19,2490
Skirt,2019-08-26,2525
Skirt,2019-09-02,2576
Skirt,2019-09-09,2668
Skirt,2019-09-16,2871
Skirt,2019-09-23,2792
Skirt,2019-09-30,2911
Skirt,2019-10-07,2776
Skirt,2019-10-14,3067
Skirt,2019-10-21,2900
Skirt,2019-10-28,3001
Skirt,2019-11-04,3015
Skirt,2019-11-11,3357
Skirt,2019-11-18,2940
Skirt,2019-11-25,2633
Skirt,2019-12-02,2513
Skirt,2019-12-09,2498
Skirt,2019-12-16,3256
Skirt,2019-12-23,2319
Skirt,2019-12-30,2472
Skirt,2020-01-06,2628
Skirt,2020-01-13,3030
Skirt,2020-01-20,2708
Skirt,2020-01-27,2478
Skirt,2020-02-03,2470
Skirt,2020-02-10,2549
Skirt,2020-02-17,2321
Skirt,2020-02-24,2624
Skirt,2020-03-02,2560
Skirt,2020-03-09,2269
Skirt,2020-03-16,2282
Skirt,2020-03-23,2501
Skirt,2020-03-30,2321
Skirt,2020-04-06,2392
Skirt,2020-04-13,2683
Skirt,2020-04-20,2654
Skirt,2020-04-27,2830
Skirt,2020-05-04,2316
Skirt,2020-05-11,2154
Skirt,2020-05-18,2176
Skirt,2020-05-25,2194
Skirt,2020-06-01,2224
Skirt,2020-06-08,22999
Skirt,2020-06-15,5292
Skirt,2020-06-22,3819
Skirt,2020-06-29,3973
Skirt,2020-07-06,3022
Skirt,2020-07-13,2729
Skirt,2020-07-20,3238
Skirt,2020-07-27,2987
Skirt,2020-08-03,2237
Skirt,2020-08-10,2574
Skirt,2020-08-17,2624
Skirt,2020-08-24,2348
Skirt,2020-08-31,2293
Skirt,2020-09-07,2184
Skirt,2020-09-14,2305
Skirt,2020-09-21,2469
Slipper,2018-09-03,1341
Slipper,2018-09-10,1415
Slipper,2018-09-17,1378
Slipper,2018-09-24,1548
Slipper,2018-10-01,2029
Slipper,2018-10-08,2268
Slipper,2018-10-15,1382
Slipper,2018-10-22,1529
Slipper,2018-10-29,1898
Slipper,2018-11-05,1620
Slipper,2018-11-12,1726
Slipper,2018-11-19,1816
Slipper,2018-11-26,1771
Slipper,2018-12-03,1752
Slipper,2018-12-10,1575
Slipper,2018-12-17,1423
Slipper,2018-12-24,1471
Slipper,2018-12-31,1431
Slipper,2019-01-07,1419
Slipper,2019-01-14,1324
Slipper,2019-01-21,1418
Slipper,2019-01-28,1304
Slipper,2019-02-04,1269
Slipper,2019-02-11,1281
Slipper,2019-02-18,1293
Slipper,2019-02-25,1157
Slipper,2019-03-04,1184
Slipper,2019-03-11,1298
Slipper,2019-03-18,1313
Slipper,2019-03-25,1442
Slipper,2019-04-01,1683
Slipper,2019-04-08,1559
Slipper,2019-04-15,1507
Slipper,2019-04-22,1400
Slipper,2019-04-29,1729
Slipper,2019-05-06,1330
Slipper,2019-05-13,1315
Slipper,2019-05-20,1295
Slipper,2019-05-27,1418
Slipper,2019-06-03,1344
Slipper,2019-06-10,1368
Slipper,2019-06-17,1507
Slipper,2019-06-24,1371
Slipper,2019-07-01,1454
Slipper,2019-07-08,1415
Slipper,2019-07-15,1323
Slipper,2019-07-22,1395
Slipper,2019-07-29,1372
Slipper,2019-08-05,1337
Slipper,2019-08-12,1468
Slipper,2019-08-19,1352
Slipper,2019-08-26,1427
Slipper,2019-09-02,1516
Slipper,2019-09-09,1546
Slipper,2019-09-16,1557
Slipper,2019-09-23,1537
Slipper,2019-09-30,1503
Slipper,2019-10-07,1566
Slipper,2019-10-14,1555
Slipper,2019-10-21,1706
Slipper,2019-10-28,1619
Slipper,2019-11-04,1627
Slipper,2019-11-11,2021
Slipper,2019-11-18,1716
Slipper,2019-11-25,1855
Slipper,2019-12-02,1890
Slipper,2019-12-09,1891
Slipper,2019-12-16,1898
Slipper,2019-12-23,1561
Slipper,2019-12-30,1331
Slipper,2020-01-06,1525
Slipper,2020-01-13,1532
Slipper,2020-01-20,3411
Slipper,2020-01-27,4916
Slipper,2020-02-03,1349
Slipper,2020-02-10,1218
Slipper,2020-02-17,1342
Slipper,2020-02-24,1532
Slipper,2020-03-02,1227
Slipper,2020-03-09,1059
Slipper,2020-03-16,1042
Slipper,2020-03-23,1179
Slipper,2020-03-30,1243
Slipper,2020-04-06,1287
Slipper,2020-04-13,1339
Slipper,2020-04-20,1223
Slipper,2020-04-27,1307
Slipper,2020-05-04,1192
Slipper,2020-05-11,1140
Slipper,2020-05-18,1060
Slipper,2020-05-25,989
Slipper,2020-06-01,1037
Slipper,2020-06-08,1004
Slipper,2020-06-15,999
Slipper,2020-06-22,959
Slipper,2020-06-29,1018
Slipper,2020-07-06,950
Slipper,2020-07-13,1001
Slipper,2020-07-20,969
Slipper,2020-07-27,979
Slipper,2020-08-03,1012
Slipper,2020-08-10,1163
Slipper,2020-08-17,1225
Slipper,2020-08-24,1121
Slipper,2020-08-31,1023
Slipper,2020-09-07,1071
Slipper,2020-09-14,1052
Slipper,2020-09-21,1040
Sneakers,2018-09-03,5778
Sneakers,2018-09-10,5451
Sneakers,2018-09-17,4917
Sneakers,2018-09-24,5245
Sneakers,2018-10-01,5780
Sneakers,2018-10-08,6492
Sneakers,2018-10-15,5279
Sneakers,2018-10-22,5898
Sneakers,2018-10-29,5482
Sneakers,2018-11-05,5378
Sneakers,2018-11-12,5110
Sneakers,2018-11-19,8949
Sneakers,2018-11-26,5041
Sneakers,2018-12-03,6405
Sneakers,2018-12-10,9108
Sneakers,2018-12-17,4638
Sneakers,2018-12-24,6708
Sneakers,2018-12-31,4819
Sneakers,2019-01-07,5059
Sneakers,2019-01-14,5358
Sneakers,2019-01-21,5186
Sneakers,2019-01-28,5045
Sneakers,2019-02-04,4995
Sneakers,2019-02-11,4842
Sneakers,2019-02-18,5155
Sneakers,2019-02-25,4775
Sneakers,2019-03-04,4870
Sneakers,2019-03-11,5355
Sneakers,2019-03-18,4945
Sneakers,2019-03-25,5931
Sneakers,2019-04-01,4913
Sneakers,2019-04-08,4894
Sneakers,2019-04-15,4672
Sneakers,2019-04-22,4844
Sneakers,2019-04-29,4600
Sneakers,2019-05-06,4507
Sneakers,2019-05-13,4672
Sneakers,2019-05-20,5022
Sneakers,2019-05-27,4790
Sneakers,2019-06-03,4804
Sneakers,2019-06-10,4763
Sneakers,2019-06-17,4807
Sneakers,2019-06-24,4627
Sneakers,2019-07-01,4669
Sneakers,2019-07-08,4754
Sneakers,2019-07-15,4905
Sneakers,2019-07-22,4817
Sneakers,2019-07-29,4506
Sneakers,2019-08-05,4606
Sneakers,2019-08-12,4444
Sneakers,2019-08-19,4426
Sneakers,2019-08-26,4560
Sneakers,2019-09-02,5092
Sneakers,2019-09-09,4942
Sneakers,2019-09-16,4613
Sneakers,2019-09-23,5065
Sneakers,2019-09-30,4849
Sneakers,2019-10-07,4960
Sneakers,2019-10-14,5136
Sneakers,2019-10-21,5392
Sneakers,2019-10-28,4453
Sneakers,2019-11-04,5115
Sneakers,2019-11-11,5705
Sneakers,2019-11-18,5822
Sneakers,2019-11-25,5271
Sneakers,2019-12-02,5333
Sneakers,2019-12-09,4793
Sneakers,2019-12-16,5045
Sneakers,2019-12-23,4126
Sneakers,2019-12-30,4619
Sneakers,2020-01-06,5164
Sneakers,2020-01-13,4759
Sneakers,2020-01-20,4849
Sneakers,2020-01-27,4674
Sneakers,2020-02-03,4582
Sneakers,2020-02-10,4388
Sneakers,2020-02-17,4349
Sneakers,2020-02-24,4309
Sneakers,2020-03-02,4386
Sneakers,2020-03-09,4116
Sneakers,2020-03-16,3461
Sneakers,2020-03-23,3403
Sneakers,2020-03-30,3526
Sneakers,2020-04-06,4011
Sneakers,2020-04-13,4254
Sneakers,2020-04-20,4524
Sneakers,2020-04-27,4354
Sneakers,2020-05-04,4307
Sneakers,2020-05-11,4121
Sneakers,2020-05-18,4127
Sneakers,2020-05-25,3977
Sneakers,2020-06-01,3864
Sneakers,2020-06-08,4182
Sneakers,2020-06-15,3795
Sneakers,2020-06-22,3560
Sneakers,2020-06-29,3537
Sneakers,2020-07-06,3697
Sneakers,2020-07-13,3777
Sneakers,2020-07-20,3695
Sneakers,2020-07-27,3809
Sneakers,2020-08-03,3706
Sneakers,2020-08-10,3779
Sneakers,2020-08-17,3901
Sneakers,2020-08-24,4578
Sneakers,2020-08-31,4145
Sneakers,2020-09-07,4239
Sneakers,2020-09-14,4161
Sneakers,2020-09-21,4069
Sock,2018-09-03,2117
Sock,2018-09-10,2201
Sock,2018-09-17,2261
Sock,2018-09-24,2162
Sock,2018-10-01,2716
Sock,2018-10-08,2890
Sock,2018-10-15,2617
Sock,2018-10-22,2475
Sock,2018-10-29,2452
Sock,2018-11-05,2559
Sock,2018-11-12,2633
Sock,2018-11-19,2635
Sock,2018-11-26,2941
Sock,2018-12-03,2814
Sock,2018-12-10,2688
Sock,2018-12-17,2309
Sock,2018-12-24,2335
Sock,2018-12-31,2327
Sock,2019-01-07,2467
Sock,2019-01-14,2379
Sock,2019-01-21,2438
Sock,2019-01-28,2291
Sock,2019-02-04,2350
Sock,2019-02-11,2287
Sock,2019-02-18,2205
Sock,2019-02-25,2179
Sock,2019-03-04,2147
Sock,2019-03-11,2242
Sock,2019-03-18,2113
Sock,2019-03-25,2223
Sock,2019-04-01,2431
Sock,2019-04-08,2452
Sock,2019-04-15,2316
Sock,2019-04-22,2174
Sock,2019-04-29,2074
Sock,2019-05-06,2120
Sock,2019-05-13,2142
Sock,2019-05-20,2122
Sock,2019-05-27,2367
Sock,2019-06-03,1977
Sock,2019-06-10,2050
Sock,2019-06-17,2249
Sock,2019-06-24,2111
Sock,2019-07-01,1973
Sock,2019-07-08,1930
Sock,2019-07-15,1941
Sock,2019-07-22,2189
Sock,2019-07-29,3139
Sock,2019-08-05,2993
Sock,2019-08-12,1916
Sock,2019-08-19,2012
Sock,2019-08-26,2213
Sock,2019-09-02,2011
Sock,2019-09-09,2076
Sock,2019-09-16,5532
Sock,2019-09-23,3369
Sock,2019-09-30,3317
Sock,2019-10-07,2189
Sock,2019-10-14,3468
Sock,2019-10-21,2628
Sock,2019-10-28,2804
Sock,2019-11-04,2881
Sock,2019-11-11,3024
Sock,2019-11-18,3305
Sock,2019-11-25,2923
Sock,2019-12-02,2848
Sock,2019-12-09,2485
Sock,2019-12-16,2475
Sock,2019-12-23,2147
Sock,2019-12-30,2198
Sock,2020-01-06,3180
Sock,2020-01-13,4109
Sock,2020-01-20,2579
Sock,2020-01-27,2324
Sock,2020-02-03,2444
Sock,2020-02-10,2196
Sock,2020-02-17,2206
Sock,2020-02-24,2155
Sock,2020-03-02,2186
Sock,2020-03-09,2800
Sock,2020-03-16,2459
Sock,2020-03-23,2924
Sock,2020-03-30,2639
Sock,2020-04-06,2521
Sock,2020-04-13,2872
Sock,2020-04-20,2410
Sock,2020-04-27,2299
Sock,2020-05-04,2195
Sock,2020-05-11,2034
Sock,2020-05-18,2044
Sock,2020-05-25,1808
Sock,2020-06-01,1927
Sock,2020-06-08,2009
Sock,2020-06-15,2350
Sock,2020-06-22,2232
Sock,2020-06-29,1532
Sock,2020-07-06,1493
Sock,2020-07-13,1631
Sock,2020-07-20,1683
Sock,2020-07-27,1399
Sock,2020-08-03,2210
Sock,2020-08-10,2076
Sock,2020-08-17,2102
Sock,2020-08-24,2182
Sock,2020-08-31,1666
Sock,2020-09-07,1889
Sock,2020-09-14,2133
Sock,2020-09-21,1983
Sunglasses,2018-09-03,4356
Sunglasses,2018-09-10,4320
Sunglasses,2018-09-17,4261
Sunglasses,2018-09-24,4326
Sunglasses,2018-10-01,4396
Sunglasses,2018-10-08,4239
Sunglasses,2018-10-15,3992
Sunglasses,2018-10-22,4202
Sunglasses,2018-10-29,4411
Sunglasses,2018-11-05,3757
Sunglasses,2018-11-12,3944
Sunglasses,2018-11-19,4212
Sunglasses,2018-11-26,3764
Sunglasses,2018-12-03,3741
Sunglasses,2018-12-10,3479
Sunglasses,2018-12-17,3263
Sunglasses,2018-12-24,3691
Sunglasses,2018-12-31,3623
Sunglasses,2019-01-07,3887
Sunglasses,2019-01-14,3888
Sunglasses,2019-01-21,3759
Sunglasses,2019-01-28,3542
Sunglasses,2019-02-04,3955
Sunglasses,2019-02-11,3893
Sunglasses,2019-02-18,4024
Sunglasses,2019-02-25,4491
Sunglasses,2019-03-04,4388
Sunglasses,2019-03-11,4344
Sunglasses,2019-03-18,5646
Sunglasses,2019-03-25,4709
Sunglasses,2019-04-01,5087
Sunglasses,2019-04-08,4659
Sunglasses,2019-04-15,4866
Sunglasses,2019-04-22,11684
Sunglasses,2019-04-29,5879
Sunglasses,2019-05-06,4961
Sunglasses,2019-05-13,5019
Sunglasses,2019-05-20,5181
Sunglasses,2019-05-27,6026
Sunglasses,2019-06-03,5718
Sunglasses,2019-06-10,8088
Sunglasses,2019-06-17,5273
Sunglasses,2019-06-24,5692
Sunglasses,2019-07-01,5188
Sunglasses,2019-07-08,5082
Sunglasses,2019-07-15,5352
Sunglasses,2019-07-22,5103
Sunglasses,2019-07-29,5052
Sunglasses,2019-08-05,4706
Sunglasses,2019-08-12,4311
Sunglasses,2019-08-19,4493
Sunglasses,2019-08-26,4803
Sunglasses,2019-09-02,4187
Sunglasses,2019-09-09,4199
Sunglasses,2019-09-16,4589
Sunglasses,2019-09-23,4318
Sunglasses,2019-09-30,4211
Sunglasses,2019-10-07,4285
Sunglasses,2019-10-14,4227
Sunglasses,2019-10-21,5250
Sunglasses,2019-10-28,3820
Sunglasses,2019-11-04,3940
Sunglasses,2019-11-11,4340
Sunglasses,2019-11-18,3680
Sunglasses,2019-11-25,3728
Sunglasses,2019-12-02,3593
Sunglasses,2019-12-09,3498
Sunglasses,2019-12-16,3543
Sunglasses,2019-12-23,3446
Sunglasses,2019-12-30,3971
Sunglasses,2020-01-06,3971
Sunglasses,2020-01-13,3623
Sunglasses,2020-01-20,3867
Sunglasses,2020-01-27,3478
Sunglasses,2020-02-03,3678
Sunglasses,2020-02-10,3719
Sunglasses,2020-02-17,3961
Sunglasses,2020-02-24,3915
Sunglasses,2020-03-02,3558
Sunglasses,2020-03-09,3289
Sunglasses,2020-03-16,3188
Sunglasses,2020-03-23,3099
Sunglasses,2020-03-30,3166
Sunglasses,2020-04-06,3591
Sunglasses,2020-04-13,3846
Sunglasses,2020-04-20,4011
Sunglasses,2020-04-27,3949
Sunglasses,2020-05-04,4056
Sunglasses,2020-05-11,3536
Sunglasses,2020-05-18,3878
Sunglasses,2020-05-25,3887
Sunglasses,2020-06-01,3591
Sunglasses,2020-06-08,3501
Sunglasses,2020-06-15,3893
Sunglasses,2020-06-22,3893
Sunglasses,2020-06-29,3491
Sunglasses,2020-07-06,3359
Sunglasses,2020-07-13,3474
Sunglasses,2020-07-20,3612
Sunglasses,2020-07-27,3526
Sunglasses,2020-08-03,5480
Sunglasses,2020-08-10,3399
Sunglasses,2020-08-17,3303
Sunglasses,2020-08-24,3134
Sunglasses,2020-08-31,3025
Sunglasses,2020-09-07,3113
Sunglasses,2020-09-14,3121
Sunglasses,2020-09-21,2977
Sweater,2018-09-03,2844
Sweater,2018-09-10,3138
Sweater,2018-09-17,3052
Sweater,2018-09-24,3156
Sweater,2018-10-01,3618
Sweater,2018-10-08,3801
Sweater,2018-10-15,3648
Sweater,2018-10-22,3723
Sweater,2018-10-29,4063
Sweater,2018-11-05,3964
Sweater,2018-11-12,4445
Sweater,2018-11-19,4648
Sweater,2018-11-26,4650
Sweater,2018-12-03,4380
Sweater,2018-12-10,4362
Sweater,2018-12-17,4011
Sweater,2018-12-24,3761
Sweater,2018-12-31,3373
Sweater,2019-01-07,3447
Sweater,2019-01-14,3175
Sweater,2019-01-21,3124
Sweater,2019-01-28,3013
Sweater,2019-02-04,2834
Sweater,2019-02-11,2834
Sweater,2019-02-18,2851
Sweater,2019-02-25,2706
Sweater,2019-03-04,2662
Sweater,2019-03-11,2672
Sweater,2019-03-18,2645
Sweater,2019-03-25,2813
Sweater,2019-04-01,2428
Sweater,2019-04-08,2636
Sweater,2019-04-15,2303
Sweater,2019-04-22,2214
Sweater,2019-04-29,2331
Sweater,2019-05-06,2333
Sweater,2019-05-13,2558
Sweater,2019-05-20,2399
Sweater,2019-05-27,2255
Sweater,2019-06-03,2096
Sweater,2019-06-10,2161
Sweater,2019-06-17,2235
Sweater,2019-06-24,2114
Sweater,2019-07-01,2135
Sweater,2019-07-08,2151
Sweater,2019-07-15,2145
Sweater,2019-07-22,2064
Sweater,2019-07-29,2214
Sweater,2019-08-05,2107
Sweater,2019-08-12,2348
Sweater,2019-08-19,2530
Sweater,2019-08-26,2410
Sweater,2019-09-02,2847
Sweater,2019-09-09,2905
Sweater,2019-09-16,2896
Sweater,2019-09-23,3095
Sweater,2019-09-30,3136
Sweater,2019-10-07,3339
Sweater,2019-10-14,3651
Sweater,2019-10-21,3655
Sweater,2019-10-28,3438
Sweater,2019-11-04,3566
Sweater,2019-11-11,4893
Sweater,2019-11-18,4104
Sweater,2019-11-25,3980
Sweater,2019-12-02,4321
Sweater,2019-12-09,4436
Sweater,2019-12-16,4891
Sweater,2019-12-23,3591
Sweater,2019-12-30,3405
Sweater,2020-01-06,3551
Sweater,2020-01-13,3203
Sweater,2020-01-20,3144
Sweater,2020-01-27,2795
Sweater,2020-02-03,2733
Sweater,2020-02-10,2591
Sweater,2020-02-17,2589
Sweater,2020-02-24,2520
Sweater,2020-03-02,2214
Sweater,2020-03-09,2107
Sweater,2020-03-16,1851
Sweater,2020-03-23,2046
Sweater,2020-03-30,2307
Sweater,2020-04-06,2267
Sweater,2020-04-13,2302
Sweater,2020-04-20,2270
Sweater,2020-04-27,2263
Sweater,2020-05-04,2202
Sweater,2020-05-11,2337
Sweater,2020-05-18,2060
Sweater,2020-05-25,1918
Sweater,2020-06-01,1958
Sweater,2020-06-08,2001
Sweater,2020-06-15,1977
Sweater,2020-06-22,1874
Sweater,2020-06-29,1897
Sweater,2020-07-06,1894
Sweater,2020-07-13,1958
Sweater,2020-07-20,1937
Sweater,2020-07-27,2009
Sweater,2020-08-03,1975
Sweater,2020-08-10,2161
Sweater,2020-08-17,2050
Sweater,2020-08-24,2149
Sweater,2020-08-31,2097
Sweater,2020-09-07,2224
Sweater,2020-09-14,2245
Sweater,2020-09-21,2551
Swimsuit,2018-09-03,2895
Swimsuit,2018-09-10,2807
Swimsuit,2018-09-17,2811
Swimsuit,2018-09-24,2651
Swimsuit,2018-10-01,2899
Swimsuit,2018-10-08,2997
Swimsuit,2018-10-15,2603
Swimsuit,2018-10-22,2702
Swimsuit,2018-10-29,2646
Swimsuit,2018-11-05,2840
Swimsuit,2018-11-12,2965
Swimsuit,2018-11-19,2854
Swimsuit,2018-11-26,2980
Swimsuit,2018-12-03,2929
Swimsuit,2018-12-10,2924
Swimsuit,2018-12-17,2554
Swimsuit,2018-12-24,2628
Swimsuit,2018-12-31,2960
Swimsuit,2019-01-07,3221
Swimsuit,2019-01-14,3198
Swimsuit,2019-01-21,3429
Swimsuit,2019-01-28,3425
Swimsuit,2019-02-04,3317
Swimsuit,2019-02-11,3122
Swimsuit,2019-02-18,3513
Swimsuit,2019-02-25,3799
Swimsuit,2019-03-04,3973
Swimsuit,2019-03-11,3931
Swimsuit,2019-03-18,3803
Swimsuit,2019-03-25,3866
Swimsuit,2019-04-01,3921
Swimsuit,2019-04-08,3586
Swimsuit,2019-04-15,3353
Swimsuit,2019-04-22,3558
Swimsuit,2019-04-29,3741
Swimsuit,2019-05-06,3508
Swimsuit,2019-05-13,3526
Swimsuit,2019-05-20,4083
Swimsuit,2019-05-27,4194
Swimsuit,2019-06-03,3759
Swimsuit,2019-06-10,3894
Swimsuit,2019-06-17,3985
Swimsuit,2019-06-24,4317
Swimsuit,2019-07-01,4444
Swimsuit,2019-07-08,4001
Swimsuit,2019-07-15,3813
Swimsuit,2019-07-22,3586
Swimsuit,2019-07-29,3110
Swimsuit,2019-08-05,3709
Swimsuit,2019-08-12,3031
Swimsuit,2019-08-19,2789
Swimsuit,2019-08-26,2951
Swimsuit,2019-09-02,3242
Swimsuit,2019-09-09,3272
Swimsuit,2019-09-16,2796
Swimsuit,2019-09-23,2949
Swimsuit,2019-09-30,2874
Swimsuit,2019-10-07,2734
Swimsuit,2019-10-14,2999
Swimsuit,2019-10-21,2976
Swimsuit,2019-10-28,2855
Swimsuit,2019-11-04,3113
Swimsuit,2019-11-11,3279
Swimsuit,2019-11-18,2968
Swimsuit,2019-11-25,3166
Swimsuit,2019-12-02,2992
Swimsuit,2019-12-09,2830
Swimsuit,2019-12-16,3029
Swimsuit,2019-12-23,2679
Swimsuit,2019-12-30,3220
Swimsuit,2020-01-06,3212
Swimsuit,2020-01-13,3115
Swimsuit,2020-01-20,3274
Swimsuit,2020-01-27,3067
Swimsuit,2020-02-03,2528
Swimsuit,2020-02-10,2465
Swimsuit,2020-02-17,2571
Swimsuit,2020-02-24,2712
Swimsuit,2020-03-02,2682
Swimsuit,2020-03-09,2721
Swimsuit,2020-03-16,2543
Swimsuit,2020-03-23,2427
Swimsuit,2020-03-30,2542
Swimsuit,2020-04-06,2624
Swimsuit,2020-04-13,2842
Swimsuit,2020-04-20,2889
Swimsuit,2020-04-27,2833
Swimsuit,2020-05-04,2837
Swimsuit,2020-05-11,2676
Swimsuit,2020-05-18,2655
Swimsuit,2020-05-25,2580
Swimsuit,2020-06-01,2417
Swimsuit,2020-06-08,2703
Swimsuit,2020-06-15,2438
Swimsuit,2020-06-22,2435
Swimsuit,2020-06-29,2345
Swimsuit,2020-07-06,2465
Swimsuit,2020-07-13,2465
Swimsuit,2020-07-20,2548
Swimsuit,2020-07-27,2410
Swimsuit,2020-08-03,2515
Swimsuit,2020-08-10,2450
Swimsuit,2020-08-17,2432
Swimsuit,2020-08-24,2530
Swimsuit,2020-08-31,2094
Swimsuit,2020-09-07,2168
Swimsuit,2020-09-14,2147
Swimsuit,2020-09-21,2262
T-shirt,2018-09-03,5214
T-shirt,2018-09-10,5044
T-shirt,2018-09-17,4904
T-shirt,2018-09-24,4907
T-shirt,2018-10-01,5228
T-shirt,2018-10-08,5324
T-shirt,2018-10-15,4792
T-shirt,2018-10-22,5035
T-shirt,2018-10-29,5197
T-shirt,2018-11-05,4883
T-shirt,2018-11-12,4876
T-shirt,2018-11-19,4554
T-shirt,2018-11-26,4936
T-shirt,2018-12-03,5559
T-shirt,2018-12-10,5709
T-shirt,2018-12-17,4081
T-shirt,2018-12-24,3668
T-shirt,2018-12-31,4450
T-shirt,2019-01-07,4902
T-shirt,2019-01-14,5054
T-shirt,2019-01-21,4900
T-shirt,2019-01-28,6527
T-shirt,2019-02-04,4839
T-shirt,2019-02-11,4845
T-shirt,2019-02-18,4755
T-shirt,2019-02-25,4651
T-shirt,2019-03-04,4607
T-shirt,2019-03-11,5062
T-shirt,2019-03-18,5224
T-shirt,2019-03-25,5143
T-shirt,2019-04-01,4840
T-shirt,2019-04-08,4806
T-shirt,2019-04-15,4485
T-shirt,2019-04-22,4897
T-shirt,2019-04-29,5073
T-shirt,2019-05-06,4673
T-shirt,2019-05-13,4847
T-shirt,2019-05-20,4900
T-shirt,2019-05-27,5018
T-shirt,2019-06-03,4917
T-shirt,2019-06-10,5688
T-shirt,2019-06-17,5315
T-shirt,2019-06-24,5211
T-shirt,2019-07-01,5323
T-shirt,2019-07-08,5422
T-shirt,2019-07-15,5212
T-shirt,2019-07-22,5127
T-shirt,2019-07-29,5065
T-shirt,2019-08-05,4573
T-shirt,2019-08-12,4598
T-shirt,2019-08-19,4784
T-shirt,2019-08-26,4865
T-shirt,2019-09-02,5450
T-shirt,2019-09-09,5372
T-shirt,2019-09-16,5094
T-shirt,2019-09-23,5160
T-shirt,2019-09-30,5605
T-shirt,2019-10-07,6985
T-shirt,2019-10-14,5618
T-shirt,2019-10-21,5832
T-shirt,2019-10-28,4891
T-shirt,2019-11-04,5340
T-shirt,2019-11-11,9932
T-shirt,2019-11-18,5198
T-shirt,2019-11-25,4753
T-shirt,2019-12-02,4811
T-shirt,2019-12-09,4956
T-shirt,2019-12-16,9469
T-shirt,2019-12-23,3812
T-shirt,2019-12-30,4174
T-shirt,2020-01-06,4397
T-shirt,2020-01-13,4715
T-shirt,2020-01-20,4792
T-shirt,2020-01-27,4553
T-shirt,2020-02-03,4743
T-shirt,2020-02-10,4563
T-shirt,2020-02-17,4800
T-shirt,2020-02-24,4913
T-shirt,2020-03-02,4962
T-shirt,2020-03-09,4567
T-shirt,2020-03-16,4925
T-shirt,2020-03-23,4950
T-shirt,2020-03-30,5540
T-shirt,2020-04-06,5536
T-shirt,2020-04-13,5425
T-shirt,2020-04-20,5732
T-shirt,2020-04-27,5398
T-shirt,2020-05-04,5084
T-shirt,2020-05-11,4979
T-shirt,2020-05-18,4661
T-shirt,2020-05-25,4948
T-shirt,2020-06-01,5630
T-shirt,2020-06-08,5725
T-shirt,2020-06-15,5629
T-shirt,2020-06-22,5454
T-shirt,2020-06-29,5277
T-shirt,2020-07-06,4585
T-shirt,2020-07-13,4528
T-shirt,2020-07-20,4528
T-shirt,2020-07-27,4744
T-shirt,2020-08-03,5000
T-shirt,2020-08-10,4516
T-shirt,2020-08-17,4672
T-shirt,2020-08-24,4432
T-shirt,2020-08-31,4498
T-shirt,2020-09-07,4528
T-shirt,2020-09-14,4200
T-shirt,2020-09-21,4451
Tights,2018-09-03,2195
Tights,2018-09-10,2480
Tights,2018-09-17,2279
Tights,2018-09-24,2611
Tights,2018-10-01,2780
Tights,2018-10-08,2837
Tights,2018-10-15,2584
Tights,2018-10-22,2571
Tights,2018-10-29,2582
Tights,2018-11-05,2612
Tights,2018-11-12,2709
Tights,2018-11-19,2632
Tights,2018-11-26,2750
Tights,2018-12-03,2963
Tights,2018-12-10,2951
Tights,2018-12-17,2455
Tights,2018-12-24,2305
Tights,2018-12-31,2387
Tights,2019-01-07,2438
Tights,2019-01-14,2378
Tights,2019-01-21,2438
Tights,2019-01-28,2521
Tights,2019-02-04,2640
Tights,2019-02-11,2474
Tights,2019-02-18,2445
Tights,2019-02-25,2359
Tights,2019-03-04,2316
Tights,2019-03-11,2374
Tights,2019-03-18,2134
Tights,2019-03-25,2506
Tights,2019-04-01,2532
Tights,2019-04-08,2380
Tights,2019-04-15,2323
Tights,2019-04-22,2480
Tights,2019-04-29,2476
Tights,2019-05-06,2461
Tights,2019-05-13,2328
Tights,2019-05-20,2212
Tights,2019-05-27,2324
Tights,2019-06-03,2164
Tights,2019-06-10,2283
Tights,2019-06-17,2498
Tights,2019-06-24,2444
Tights,2019-07-01,2283
Tights,2019-07-08,2194
Tights,2019-07-15,2217
Tights,2019-07-22,2119
Tights,2019-07-29,2044
Tights,2019-08-05,2120
Tights,2019-08-12,1923
Tights,2019-08-19,2083
Tights,2019-08-26,2082
Tights,2019-09-02,2024
Tights,2019-09-09,2057
Tights,2019-09-16,2125
Tights,2019-09-23,2322
Tights,2019-09-30,2213
Tights,2019-10-07,2451
Tights,2019-10-14,2538
Tights,2019-10-21,2447
Tights,2019-10-28,2703
Tights,2019-11-04,2571
Tights,2019-11-11,2741
Tights,2019-11-18,2523
Tights,2019-11-25,2629
Tights,2019-12-02,2688
Tights,2019-12-09,2400
Tights,2019-12-16,2435
Tights,2019-12-23,2413
Tights,2019-12-30,2572
Tights,2020-01-06,2467
Tights,2020-01-13,2489
Tights,2020-01-20,2413
Tights,2020-01-27,2432
Tights,2020-02-03,2218
Tights,2020-02-10,2201
Tights,2020-02-17,2027
Tights,2020-02-24,2215
Tights,2020-03-02,2124
Tights,2020-03-09,2115
Tights,2020-03-16,2150
Tights,2020-03-23,2342
Tights,2020-03-30,2377
Tights,2020-04-06,2393
Tights,2020-04-13,2464
Tights,2020-04-20,2654
Tights,2020-04-27,2546
Tights,2020-05-04,2420
Tights,2020-05-11,2528
Tights,2020-05-18,2238
Tights,2020-05-25,2268
Tights,2020-06-01,2066
Tights,2020-06-08,2156
Tights,2020-06-15,2013
Tights,2020-06-22,2018
Tights,2020-06-29,2078
Tights,2020-07-06,1999
Tights,2020-07-13,2114
Tights,2020-07-20,2189
Tights,2020-07-27,2142
Tights,2020-08-03,2038
Tights,2020-08-10,2081
Tights,2020-08-17,2180
Tights,2020-08-24,2090
Tights,2020-08-31,1959
Tights,2020-09-07,2047
Tights,2020-09-14,2040
Tights,2020-09-21,2093
Trousers,2018-09-03,4414
Trousers,2018-09-10,4502
Trousers,2018-09-17,4414
Trousers,2018-09-24,4525
Trousers,2018-10-01,4940
Trousers,2018-10-08,4845
Trousers,2018-10-15,4805
Trousers,2018-10-22,4741
Trousers,2018-10-29,4597
Trousers,2018-11-05,4632
Trousers,2018-11-12,7285
Trousers,2018-11-19,4679
Trousers,2018-11-26,4568
Trousers,2018-12-03,4714
Trousers,2018-12-10,4294
Trousers,2018-12-17,3971
Trousers,2018-12-24,3836
Trousers,2018-12-31,4425
Trousers,2019-01-07,4731
Trousers,2019-01-14,4758
Trousers,2019-01-21,4768
Trousers,2019-01-28,4568
Trousers,2019-02-04,4420
Trousers,2019-02-11,4431
Trousers,2019-02-18,4658
Trousers,2019-02-25,5007
Trousers,2019-03-04,4733
Trousers,2019-03-11,4759
Trousers,2019-03-18,4654
Trousers,2019-03-25,4586
Trousers,2019-04-01,4820
Trousers,2019-04-08,4342
Trousers,2019-04-15,4406
Trousers,2019-04-22,5441
Trousers,2019-04-29,5500
Trousers,2019-05-06,4304
Trousers,2019-05-13,4403
Trousers,2019-05-20,4492
Trousers,2019-05-27,4400
Trousers,2019-06-03,4205
Trousers,2019-06-10,4116
Trousers,2019-06-17,4839
Trousers,2019-06-24,4254
Trousers,2019-07-01,4262
Trousers,2019-07-08,4459
Trousers,2019-07-15,4449
Trousers,2019-07-22,4223
Trousers,2019-07-29,5294
Trousers,2019-08-05,4496
Trousers,2019-08-12,4860
Trousers,2019-08-19,4516
Trousers,2019-08-26,4712
Trousers,2019-09-02,4664
Trousers,2019-09-09,5568
Trousers,2019-09-16,5073
Trousers,2019-09-23,5325
Trousers,2019-09-30,5837
Trousers,2019-10-07,4934
Trousers,2019-10-14,5033
Trousers,2019-10-21,5391
Trousers,2019-10-28,5181
Trousers,2019-11-04,5291
Trousers,2019-11-11,6017
Trousers,2019-11-18,5504
Trousers,2019-11-25,5173
Trousers,2019-12-02,5101
Trousers,2019-12-09,4972
Trousers,2019-12-16,5647
Trousers,2019-12-23,4802
Trousers,2019-12-30,4833
Trousers,2020-01-06,5300
Trousers,2020-01-13,5404
Trousers,2020-01-20,5059
Trousers,2020-01-27,5477
Trousers,2020-02-03,5261
Trousers,2020-02-10,4971
Trousers,2020-02-17,5221
Trousers,2020-02-24,5682
Trousers,2020-03-02,5565
Trousers,2020-03-09,4697
Trousers,2020-03-16,4170
Trousers,2020-03-23,4558
Trousers,2020-03-30,4671
Trousers,2020-04-06,5247
Trousers,2020-04-13,5154
Trousers,2020-04-20,5219
Trousers,2020-04-27,5183
Trousers,2020-05-04,5288
Trousers,2020-05-11,4975
Trousers,2020-05-18,4969
Trousers,2020-05-25,4630
Trousers,2020-06-01,4391
Trousers,2020-06-08,4875
Trousers,2020-06-15,4818
Trousers,2020-06-22,4406
Trousers,2020-06-29,4515
Trousers,2020-07-06,4553
Trousers,2020-07-13,4652
Trousers,2020-07-20,4806
Trousers,2020-07-27,4488
Trousers,2020-08-03,4534
Trousers,2020-08-10,4698
Trousers,2020-08-17,4665
Trousers,2020-08-24,4718
Trousers,2020-08-31,4876
Trousers,2020-09-07,4582
Trousers,2020-09-14,4575
Trousers,2020-09-21,4659
Turquoise (color),2018-09-03,2950
Turquoise (color),2018-09-10,2956
Turquoise (color),2018-09-17,3037
Turquoise (color),2018-09-24,2964
Turquoise (color),2018-10-01,3022
Turquoise (color),2018-10-08,2873
Turquoise (color),2018-10-15,2857
Turquoise (color),2018-10-22,2837
Turquoise (color),2018-10-29,2779
Turquoise (color),2018-11-05,2812
Turquoise (color),2018-11-12,2618
Turquoise (color),2018-11-19,2636
Turquoise (color),2018-11-26,2764
Turquoise (color),2018-12-03,2710
Turquoise (color),2018-12-10,2583
Turquoise (color),2018-12-17,2477
Turquoise (color),2018-12-24,2219
Turquoise (color),2018-12-31,2509
Turquoise (color),2019-01-07,2496
Turquoise (color),2019-01-14,2714
Turquoise (color),2019-01-21,2659
Turquoise (color),2019-01-28,2494
Turquoise (color),2019-02-04,2547
Turquoise (color),2019-02-11,2714
Turquoise (color),2019-02-18,2798
Turquoise (color),2019-02-25,2532
Turquoise (color),2019-03-04,2597
Turquoise (color),2019-03-11,2589
Turquoise (color),2019-03-18,2376
Turquoise (color),2019-03-25,2614
Turquoise (color),2019-04-01,2525
Turquoise (color),2019-04-08,2755
Turquoise (color),2019-04-15,2522
Turquoise (color),2019-04-22,2434
Turquoise (color),2019-04-29,3351
Turquoise (color),2019-05-06,3165
Turquoise (color),2019-05-13,2920
Turquoise (color),2019-05-20,2805
Turquoise (color),2019-05-27,2821
Turquoise (color),2019-06-03,2551
Turquoise (color),2019-06-10,2671
Turquoise (color),2019-06-17,2670
Turquoise (color),2019-06-24,2719
Turquoise (color),2019-07-01,2611
Turquoise (color),2019-07-08,2939
Turquoise (color),2019-07-15,2770
Turquoise (color),2019-07-22,2731
Turquoise (color),2019-07-29,2636
Turquoise (color),2019-08-05,2449
Turquoise (color),2019-08-12,2432
Turquoise (color),2019-08-19,2524
Turquoise (color),2019-08-26,2495
Turquoise (color),2019-09-02,2311
Turquoise (color),2019-09-09,2425
Turquoise (color),2019-09-16,2423
Turquoise (color),2019-09-23,2336
Turquoise (color),2019-09-30,2455
Turquoise (color),2019-10-07,2356
Turquoise (color),2019-10-14,2534
Turquoise (color),2019-10-21,2438
Turquoise (color),2019-10-28,2159
Turquoise (color),2019-11-04,2213
Turquoise (color),2019-11-11,2267
Turquoise (color),2019-11-18,2558
Turquoise (color),2019-11-25,2275
Turquoise (color),2019-12-02,2236
Turquoise (color),2019-12-09,2158
Turquoise (color),2019-12-16,2084
Turquoise (color),2019-12-23,1914
Turquoise (color),2019-12-30,2112
Turquoise (color),2020-01-06,2318
Turquoise (color),2020-01-13,2425
Turquoise (color),2020-01-20,2481
Turquoise (color),2020-01-27,2421
Turquoise (color),2020-02-03,2391
Turquoise (color),2020-02-10,2499
Turquoise (color),2020-02-17,2473
Turquoise (color),2020-02-24,2475
Turquoise (color),2020-03-02,2482
Turquoise (color),2020-03-09,2182
Turquoise (color),2020-03-16,2245
Turquoise (color),2020-03-23,2431
Turquoise (color),2020-03-30,2818
Turquoise (color),2020-04-06,2850
Turquoise (color),2020-04-13,2800
Turquoise (color),2020-04-20,3014
Turquoise (color),2020-04-27,2954
Turquoise (color),2020-05-04,2977
Turquoise (color),2020-05-11,2802
Turquoise (color),2020-05-18,2849
Turquoise (color),2020-05-25,2683
Turquoise (color),2020-06-01,2761
Turquoise (color),2020-06-08,2955
Turquoise (color),2020-06-15,2931
Turquoise (color),2020-06-22,3023
Turquoise (color),2020-06-29,2914
Turquoise (color),2020-07-06,3039
Turquoise (color),2020-07-13,3010
Turquoise (color),2020-07-20,3368
Turquoise (color),2020-07-27,2960
Turquoise (color),2020-08-03,3033
Turquoise (color),2020-08-10,3019
Turquoise (color),2020-08-17,3088
Turquoise (color),2020-08-24,3047
Turquoise (color),2020-08-31,3360
Turquoise (color),2020-09-07,3297
Turquoise (color),2020-09-14,3034
Turquoise (color),2020-09-21,3294
Underwear,2018-09-03,941
Underwear,2018-09-10,897
Underwear,2018-09-17,917
Underwear,2018-09-24,931
Underwear,2018-10-01,907
Underwear,2018-10-08,909
Underwear,2018-10-15,988
Underwear,2018-10-22,994
Underwear,2018-10-29,964
Underwear,2018-11-05,985
Underwear,2018-11-12,1105
Underwear,2018-11-19,993
Underwear,2018-11-26,953
Underwear,2018-12-03,1014
Underwear,2018-12-10,926
Underwear,2018-12-17,988
Underwear,2018-12-24,847
Underwear,2018-12-31,1074
Underwear,2019-01-07,1010
Underwear,2019-01-14,977
Underwear,2019-01-21,985
Underwear,2019-01-28,923
Underwear,2019-02-04,852
Underwear,2019-02-11,903
Underwear,2019-02-18,1077
Underwear,2019-02-25,930
Underwear,2019-03-04,932
Underwear,2019-03-11,911
Underwear,2019-03-18,908
Underwear,2019-03-25,1035
Underwear,2019-04-01,953
Underwear,2019-04-08,909
Underwear,2019-04-15,1013
Underwear,2019-04-22,998
Underwear,2019-04-29,1267
Underwear,2019-05-06,1049
Underwear,2019-05-13,1024
Underwear,2019-05-20,1138
Underwear,2019-05-27,1020
Underwear,2019-06-03,984
Underwear,2019-06-10,968
Underwear,2019-06-17,905
Underwear,2019-06-24,781
Underwear,2019-07-01,928
Underwear,2019-07-08,889
Underwear,2019-07-15,922
Underwear,2019-07-22,1028
Underwear,2019-07-29,886
Underwear,2019-08-05,921
Underwear,2019-08-12,889
Underwear,2019-08-19,841
Underwear,2019-08-26,923
Underwear,2019-09-02,871
Underwear,2019-09-09,833
Underwear,2019-09-16,865
Underwear,2019-09-23,898
Underwear,2019-09-30,850
Underwear,2019-10-07,977
Underwear,2019-10-14,967
Underwear,2019-10-21,933
Underwear,2019-10-28,942
Underwear,2019-11-04,970
Underwear,2019-11-11,934
Underwear,2019-11-18,982
Underwear,2019-11-25,903
Underwear,2019-12-02,852
Underwear,2019-12-09,905
Underwear,2019-12-16,850
Underwear,2019-12-23,941
Underwear,2019-12-30,979
Underwear,2020-01-06,945
Underwear,2020-01-13,934
Underwear,2020-01-20,866
Underwear,2020-01-27,887
Underwear,2020-02-03,845
Underwear,2020-02-10,807
Underwear,2020-02-17,860
Underwear,2020-02-24,881
Underwear,2020-03-02,839
Underwear,2020-03-09,816
Underwear,2020-03-16,839
Underwear,2020-03-23,897
Underwear,2020-03-30,950
Underwear,2020-04-06,1022
Underwear,2020-04-13,1102
Underwear,2020-04-20,1064
Underwear,2020-04-27,1023
Underwear,2020-05-04,971
Underwear,2020-05-11,1042
Underwear,2020-05-18,1006
Underwear,2020-05-25,952
Underwear,2020-06-01,906
Underwear,2020-06-08,990
Underwear,2020-06-15,897
Underwear,2020-06-22,860
Underwear,2020-06-29,918
Underwear,2020-07-06,908
Underwear,2020-07-13,849
Underwear,2020-07-20,955
Underwear,2020-07-27,972
Underwear,2020-08-03,922
Underwear,2020-08-10,892
Underwear,2020-08-17,820
Underwear,2020-08-24,889
Underwear,2020-08-31,810
Underwear,2020-09-07,765
Underwear,2020-09-14,771
Underwear,2020-09-21,816
Wallet,2018-09-03,1734
Wallet,2018-09-10,1565
Wallet,2018-09-17,1467
Wallet,2018-09-24,1655
Wallet,2018-10-01,1761
Wallet,2018-10-08,3481
Wallet,2018-10-15,1437
Wallet,2018-10-22,1443
Wallet,2018-10-29,1518
Wallet,2018-11-05,1661
Wallet,2018-11-12,1534
Wallet,2018-11-19,1470
Wallet,2018-11-26,1513
Wallet,2018-12-03,1596
Wallet,2018-12-10,1649
Wallet,2018-12-17,1325
Wallet,2018-12-24,1519
Wallet,2018-12-31,1527
Wallet,2019-01-07,1930
Wallet,2019-01-14,1476
Wallet,2019-01-21,2799
Wallet,2019-01-28,1441
Wallet,2019-02-04,1364
Wallet,2019-02-11,1465
Wallet,2019-02-18,1450
Wallet,2019-02-25,1378
Wallet,2019-03-04,1349
Wallet,2019-03-11,1337
Wallet,2019-03-18,1304
Wallet,2019-03-25,1288
Wallet,2019-04-01,1340
Wallet,2019-04-08,1279
Wallet,2019-04-15,1213
Wallet,2019-04-22,1187
Wallet,2019-04-29,1265
Wallet,2019-05-06,1253
Wallet,2019-05-13,1277
Wallet,2019-05-20,1156
Wallet,2019-05-27,1308
Wallet,2019-06-03,1132
Wallet,2019-06-10,1243
Wallet,2019-06-17,1314
Wallet,2019-06-24,1171
Wallet,2019-07-01,1245
Wallet,2019-07-08,1538
Wallet,2019-07-15,1319
Wallet,2019-07-22,1266
Wallet,2019-07-29,1292
Wallet,2019-08-05,1377
Wallet,2019-08-12,1369
Wallet,2019-08-19,1547
Wallet,2019-08-26,1473
Wallet,2019-09-02,1463
Wallet,2019-09-09,1719
Wallet,2019-09-16,1672
Wallet,2019-09-23,1733
Wallet,2019-09-30,1618
Wallet,2019-10-07,1955
Wallet,2019-10-14,2288
Wallet,2019-10-21,2213
Wallet,2019-10-28,2281
Wallet,2019-11-04,2549
Wallet,2019-11-11,2486
Wallet,2019-11-18,2723
Wallet,2019-11-25,4678
Wallet,2019-12-02,3255
Wallet,2019-12-09,2619
Wallet,2019-12-16,2619
Wallet,2019-12-23,2177
Wallet,2019-12-30,2517
Wallet,2020-01-06,3001
Wallet,2020-01-13,8740
Wallet,2020-01-20,16993
Wallet,2020-01-27,2728
Wallet,2020-02-03,2445
Wallet,2020-02-10,2202
Wallet,2020-02-17,2319
Wallet,2020-02-24,2331
Wallet,2020-03-02,2356
Wallet,2020-03-09,2090
Wallet,2020-03-16,2088
Wallet,2020-03-23,2173
Wallet,2020-03-30,2805
Wallet,2020-04-06,2874
Wallet,2020-04-13,2492
Wallet,2020-04-20,2544
Wallet,2020-04-27,2954
Wallet,2020-05-04,2189
Wallet,2020-05-11,2360
Wallet,2020-05-18,2172
Wallet,2020-05-25,2109
Wallet,2020-06-01,1692
Wallet,2020-06-08,2067
Wallet,2020-06-15,1895
Wallet,2020-06-22,1888
Wallet,2020-06-29,1608
Wallet,2020-07-06,1510
Wallet,2020-07-13,1345
Wallet,2020-07-20,1180
Wallet,2020-07-27,1348
Wallet,2020-08-03,1254
Wallet,2020-08-10,1261
Wallet,2020-08-17,1220
Wallet,2020-08-24,1448
Wallet,2020-08-31,1328
Wallet,2020-09-07,1501
Wallet,2020-09-14,1412
Wallet,2020-09-21,1447
Watch,2018-09-03,9002
Watch,2018-09-10,8171
Watch,2018-09-17,8599
Watch,2018-09-24,7928
Watch,2018-10-01,8525
Watch,2018-10-08,8362
Watch,2018-10-15,7581
Watch,2018-10-22,8386
Watch,2018-10-29,7934
Watch,2018-11-05,7833
Watch,2018-11-12,8033
Watch,2018-11-19,8289
Watch,2018-11-26,8545
Watch,2018-12-03,8464
Watch,2018-12-10,9108
Watch,2018-12-17,7118
Watch,2018-12-24,7416
Watch,2018-12-31,8127
Watch,2019-01-07,8285
Watch,2019-01-14,8188
Watch,2019-01-21,8249
Watch,2019-01-28,8310
Watch,2019-02-04,8300
Watch,2019-02-11,7634
Watch,2019-02-18,7580
Watch,2019-02-25,7359
Watch,2019-03-04,7838
Watch,2019-03-11,6841
Watch,2019-03-18,6775
Watch,2019-03-25,7680
Watch,2019-04-01,6926
Watch,2019-04-08,6978
Watch,2019-04-15,6465
Watch,2019-04-22,6675
Watch,2019-04-29,6812
Watch,2019-05-06,6589
Watch,2019-05-13,6371
Watch,2019-05-20,6653
Watch,2019-05-27,6457
Watch,2019-06-03,6497
Watch,2019-06-10,6451
Watch,2019-06-17,6869
Watch,2019-06-24,6529
Watch,2019-07-01,6878
Watch,2019-07-08,7100
Watch,2019-07-15,7728
Watch,2019-07-22,7174
Watch,2019-07-29,6766
Watch,2019-08-05,6702
Watch,2019-08-12,6973
Watch,2019-08-19,7251
Watch,2019-08-26,7134
Watch,2019-09-02,6999
Watch,2019-09-09,7970
Watch,2019-09-16,7877
Watch,2019-09-23,9385
Watch,2019-09-30,8459
Watch,2019-10-07,8227
Watch,2019-10-14,8966
Watch,2019-10-21,8115
Watch,2019-10-28,7802
Watch,2019-11-04,7909
Watch,2019-11-11,10436
Watch,2019-11-18,8151
Watch,2019-11-25,8593
Watch,2019-12-02,7536
Watch,2019-12-09,7114
Watch,2019-12-16,8784
Watch,2019-12-23,6544
Watch,2019-12-30,6756
Watch,2020-01-06,6955
Watch,2020-01-13,7243
Watch,2020-01-20,6760
Watch,2020-01-27,6935
Watch,2020-02-03,7193
Watch,2020-02-10,7478
Watch,2020-02-17,7096
Watch,2020-02-24,7157
Watch,2020-03-02,6723
Watch,2020-03-09,6613
Watch,2020-03-16,5494
Watch,2020-03-23,5761
Watch,2020-03-30,5919
Watch,2020-04-06,6144
Watch,2020-04-13,6015
Watch,2020-04-20,6392
Watch,2020-04-27,6020
Watch,2020-05-04,5129
Watch,2020-05-11,5967
Watch,2020-05-18,4626
Watch,2020-05-25,4525
Watch,2020-06-01,4372
Watch,2020-06-08,4469
Watch,2020-06-15,4398
Watch,2020-06-22,4199
Watch,2020-06-29,4248
Watch,2020-07-06,4215
Watch,2020-07-13,4554
Watch,2020-07-20,4830
Watch,2020-07-27,4628
Watch,2020-08-03,4618
Watch,2020-08-10,4672
Watch,2020-08-17,4942
Watch,2020-08-24,5325
Watch,2020-08-31,4975
Watch,2020-09-07,5202
Watch,2020-09-14,4863
Watch,2020-09-21,4990
White,2018-09-03,5126
White,2018-09-10,5381
White,2018-09-17,5277
White,2018-09-24,5524
White,2018-10-01,5594
White,2018-10-08,5725
White,2018-10-15,5560
White,2018-10-22,5893
White,2018-10-29,5438
White,2018-11-05,5278
White,2018-11-12,5494
White,2018-11-19,5194
White,2018-11-26,5388
White,2018-12-03,5662
White,2018-12-10,6029
White,2018-12-17,5191
White,2018-12-24,5056
White,2018-12-31,5401
White,2019-01-07,5507
White,2019-01-14,5825
White,2019-01-21,5635
White,2019-01-28,5569
White,2019-02-04,5750
White,2019-02-11,5617
White,2019-02-18,5735
White,2019-02-25,5409
White,2019-03-04,5368
White,2019-03-11,5408
White,2019-03-18,5507
White,2019-03-25,5497
White,2019-04-01,5460
White,2019-04-08,5333
White,2019-04-15,5271
White,2019-04-22,5308
White,2019-04-29,5308
White,2019-05-06,5421
White,2019-05-13,5444
White,2019-05-20,5483
White,2019-05-27,4999
White,2019-06-03,5126
White,2019-06-10,4962
White,2019-06-17,4797
White,2019-06-24,4706
White,2019-07-01,5009
White,2019-07-08,5237
White,2019-07-15,6933
White,2019-07-22,4928
White,2019-07-29,5259
White,2019-08-05,5590
White,2019-08-12,5362
White,2019-08-19,5302
White,2019-08-26,5673
White,2019-09-02,5321
White,2019-09-09,5447
White,2019-09-16,6179
White,2019-09-23,5984
White,2019-09-30,6278
White,2019-10-07,7088
White,2019-10-14,6710
White,2019-10-21,6531
White,2019-10-28,6288
White,2019-11-04,6502
White,2019-11-11,13083
White,2019-11-18,6664
White,2019-11-25,6516
White,2019-12-02,6765
White,2019-12-09,6683
White,2019-12-16,12605
White,2019-12-23,5611
White,2019-12-30,5873
White,2020-01-06,6383
White,2020-01-13,7070
White,2020-01-20,7420
White,2020-01-27,6875
White,2020-02-03,7149
White,2020-02-10,6746
White,2020-02-17,6851
White,2020-02-24,6972
White,2020-03-02,6813
White,2020-03-09,6559
White,2020-03-16,6793
White,2020-03-23,7135
White,2020-03-30,7402
White,2020-04-06,7941
White,2020-04-13,8188
White,2020-04-20,8493
White,2020-04-27,7850
White,2020-05-04,7563
White,2020-05-11,7008
White,2020-05-18,6661
White,2020-05-25,6787
White,2020-06-01,7771
White,2020-06-08,7095
White,2020-06-15,6522
White,2020-06-22,6586
White,2020-06-29,6176
White,2020-07-06,5999
White,2020-07-13,6349
White,2020-07-20,6093
White,2020-07-27,5936
White,2020-08-03,5930
White,2020-08-10,6458
White,2020-08-17,6840
White,2020-08-24,7595
White,2020-08-31,6987
White,2020-09-07,7133
White,2020-09-14,7279
White,2020-09-21,9849
Yellow,2018-09-03,4663
Yellow,2018-09-10,4613
Yellow,2018-09-17,4815
Yellow,2018-09-24,4992
Yellow,2018-10-01,4935
Yellow,2018-10-08,5178
Yellow,2018-10-15,4867
Yellow,2018-10-22,5090
Yellow,2018-10-29,5050
Yellow,2018-11-05,5053
Yellow,2018-11-12,5086
Yellow,2018-11-19,4785
Yellow,2018-11-26,4774
Yellow,2018-12-03,5707
Yellow,2018-12-10,6017
Yellow,2018-12-17,4704
Yellow,2018-12-24,4260
Yellow,2018-12-31,4846
Yellow,2019-01-07,12111
Yellow,2019-01-14,5239
Yellow,2019-01-21,5230
Yellow,2019-01-28,5423
Yellow,2019-02-04,5485
Yellow,2019-02-11,5463
Yellow,2019-02-18,5283
Yellow,2019-02-25,4952
Yellow,2019-03-04,5086
Yellow,2019-03-11,4911
Yellow,2019-03-18,4761
Yellow,2019-03-25,5153
Yellow,2019-04-01,4947
Yellow,2019-04-08,5067
Yellow,2019-04-15,5154
Yellow,2019-04-22,5448
Yellow,2019-04-29,6085
Yellow,2019-05-06,5191
Yellow,2019-05-13,4817
Yellow,2019-05-20,4945
Yellow,2019-05-27,4610
Yellow,2019-06-03,4644
Yellow,2019-06-10,4538
Yellow,2019-06-17,4372
Yellow,2019-06-24,4629
Yellow,2019-07-01,4368
Yellow,2019-07-08,4765
Yellow,2019-07-15,4654
Yellow,2019-07-22,4394
Yellow,2019-07-29,5187
Yellow,2019-08-05,4510
Yellow,2019-08-12,4583
Yellow,2019-08-19,5553
Yellow,2019-08-26,5188
Yellow,2019-09-02,4770
Yellow,2019-09-09,4817
Yellow,2019-09-16,5175
Yellow,2019-09-23,5098
Yellow,2019-09-30,5566
Yellow,2019-10-07,5469
Yellow,2019-10-14,4923
Yellow,2019-10-21,5172
Yellow,2019-10-28,4972
Yellow,2019-11-04,5196
Yellow,2019-11-11,8432
Yellow,2019-11-18,5138
Yellow,2019-11-25,5153
Yellow,2019-12-02,4759
Yellow,2019-12-09,4897
Yellow,2019-12-16,7736
Yellow,2019-12-23,4572
Yellow,2019-12-30,4825
Yellow,2020-01-06,5353
Yellow,2020-01-13,5653
Yellow,2020-01-20,5562
Yellow,2020-01-27,6340
Yellow,2020-02-03,5561
Yellow,2020-02-10,5511
Yellow,2020-02-17,5857
Yellow,2020-02-24,5845
Yellow,2020-03-02,5396
Yellow,2020-03-09,5159
Yellow,2020-03-16,4999
Yellow,2020-03-23,5071
Yellow,2020-03-30,6351
Yellow,2020-04-06,6454
Yellow,2020-04-13,5990
Yellow,2020-04-20,6065
Yellow,2020-04-27,5913
Yellow,2020-05-04,5221
Yellow,2020-05-11,5238
Yellow,2020-05-18,4672
Yellow,2020-05-25,4428
Yellow,2020-06-01,4572
Yellow,2020-06-08,4650
Yellow,2020-06-15,4804
Yellow,2020-06-22,4794
Yellow,2020-06-29,4446
Yellow,2020-07-06,4579
Yellow,2020-07-13,4665
Yellow,2020-07-20,4779
Yellow,2020-07-27,4570
Yellow,2020-08-03,5446
Yellow,2020-08-10,4683
Yellow,2020-08-17,4670
Yellow,2020-08-24,4671
Yellow,2020-08-31,4484
Yellow,2020-09-07,4923
Yellow,2020-09-14,5354
Yellow,2020-09-21,5090
