style_key,term,unmapped_reason
Baby/Children || Bag || Accessories || Pink || Solid,pink bag,
Baby/Children || Ballerinas || Shoes || Black || Solid,black ballet flats,
Baby/Children || Ballerinas || Shoes || Metal || Solid,,colour unmapped
Baby/Children || Ballerinas || Shoes || Pink || Solid,pink ballet flats,
Baby/Children || Ballerinas || Shoes || White || Solid,white ballet flats,
Baby/Children || Belt || Accessories || Black || Solid,black belt,
Baby/Children || Blazer || Shirts || Black || Solid,black blazer,
Baby/Children || Blazer || Shirts || Blue || Other structure,blue blazer,
Baby/Children || Blazer || Shirts || Blue || Solid,blue blazer,
Baby/Children || Blouse || Dresses/Skirts girls || Black || Solid,black blouse,
Baby/Children || Blouse || Dresses/Skirts girls || Blue || All over pattern,blue blouse,
Baby/Children || Blouse || Dresses/Skirts girls || Blue || Chambray,blue blouse,
Baby/Children || Blouse || Dresses/Skirts girls || Blue || Solid,blue blouse,
Baby/Children || Blouse || Dresses/Skirts girls || Blue || Stripe,blue blouse,
Baby/Children || Blouse || Dresses/Skirts girls || Khaki green || Solid,khaki blouse,
Baby/Children || Blouse || Dresses/Skirts girls || Pink || All over pattern,pink blouse,
Baby/Children || Blouse || Dresses/Skirts girls || Pink || Solid,pink blouse,
Baby/Children || Blouse || Dresses/Skirts girls || White || All over pattern,white blouse,
Baby/Children || Blouse || Dresses/Skirts girls || White || Solid,white blouse,
Baby/Children || Bodysuit || Jersey Basic || Blue || All over pattern,blue bodysuit,
Baby/Children || Bodysuit || Jersey Basic || Blue || Solid,blue bodysuit,
Baby/Children || Bodysuit || Jersey Basic || Grey || All over pattern,grey bodysuit,
Baby/Children || Bodysuit || Jersey Basic || Pink || All over pattern,pink bodysuit,
Baby/Children || Bodysuit || Jersey Basic || Pink || Solid,pink bodysuit,
Baby/Children || Bodysuit || Jersey Basic || White || All over pattern,white bodysuit,
Baby/Children || Bodysuit || Jersey Basic || White || Solid,white bodysuit,
Baby/Children || Bodysuit || Jersey Fancy || Blue || Stripe,blue bodysuit,
Baby/Children || Bodysuit || Jersey Fancy || Pink || All over pattern,pink bodysuit,
Baby/Children || Bodysuit || Jersey Fancy || White || All over pattern,white bodysuit,
Baby/Children || Bodysuit || Jersey Fancy || White || Front print,white bodysuit,
Baby/Children || Bodysuit || Jersey Fancy || White || Solid,white bodysuit,
Baby/Children || Boots || Shoes || Black || Solid,black boots,
Baby/Children || Boots || Shoes || Brown || Solid,brown boots,
Baby/Children || Cap/peaked || Accessories || Blue || Solid,blue cap,
Baby/Children || Cap/peaked || Jersey Fancy || White || Solid,white cap,
Baby/Children || Cardigan || Knitwear || Black || Solid,black cardigan,
Baby/Children || Cardigan || Knitwear || Blue || Solid,blue cardigan,
Baby/Children || Cardigan || Knitwear || Grey || Melange,grey cardigan,
Baby/Children || Cardigan || Knitwear || Grey || Solid,grey cardigan,
Baby/Children || Cardigan || Knitwear || Pink || Melange,pink cardigan,
Baby/Children || Cardigan || Knitwear || Pink || Solid,pink cardigan,
Baby/Children || Cardigan || Knitwear || White || Solid,white cardigan,
Baby/Children || Cardigan || Knitwear || Yellow || Solid,yellow cardigan,
Baby/Children || Dress || Accessories || Pink || Solid,pink dress,
Baby/Children || Dress || Dresses/Skirts girls || Black || All over pattern,black dress,
Baby/Children || Dress || Dresses/Skirts girls || Blue || All over pattern,blue dress,
Baby/Children || Dress || Dresses/Skirts girls || Blue || Chambray,blue dress,
Baby/Children || Dress || Dresses/Skirts girls || Blue || Solid,blue dress,
Baby/Children || Dress || Dresses/Skirts girls || Blue || Stripe,blue dress,
Baby/Children || Dress || Dresses/Skirts girls || Pink || All over pattern,pink dress,
Baby/Children || Dress || Dresses/Skirts girls || Pink || Application/3D,pink dress,
Baby/Children || Dress || Dresses/Skirts girls || Pink || Solid,pink dress,
Baby/Children || Dress || Dresses/Skirts girls || Red || All over pattern,red dress,
Baby/Children || Dress || Dresses/Skirts girls || Red || Check,red dress,
Baby/Children || Dress || Dresses/Skirts girls || White || All over pattern,white dress,
Baby/Children || Dress || Jersey Basic || Black || Solid,black dress,
Baby/Children || Dress || Jersey Basic || Blue || All over pattern,blue dress,
Baby/Children || Dress || Jersey Basic || Pink || All over pattern,pink dress,
Baby/Children || Dress || Jersey Basic || White || Stripe,white dress,
Baby/Children || Dress || Jersey Fancy || Beige || All over pattern,beige dress,
Baby/Children || Dress || Jersey Fancy || Black || Solid,black dress,
Baby/Children || Dress || Jersey Fancy || Blue || All over pattern,blue dress,
Baby/Children || Dress || Jersey Fancy || Green || All over pattern,green dress,
Baby/Children || Dress || Jersey Fancy || Grey || All over pattern,grey dress,
Baby/Children || Dress || Jersey Fancy || Grey || Placement print,grey dress,
Baby/Children || Dress || Jersey Fancy || Pink || All over pattern,pink dress,
Baby/Children || Dress || Jersey Fancy || Pink || Lace,pink dress,
Baby/Children || Dress || Jersey Fancy || Pink || Placement print,pink dress,
Baby/Children || Dress || Jersey Fancy || Pink || Solid,pink dress,
Baby/Children || Dress || Jersey Fancy || Red || All over pattern,red dress,
Baby/Children || Dress || Jersey Fancy || Red || Solid,red dress,
Baby/Children || Dress || Jersey Fancy || White || All over pattern,white dress,
Baby/Children || Dress || Jersey Fancy || White || Glittering/Metallic,white dress,
Baby/Children || Dress || Jersey Fancy || White || Lace,white dress,
Baby/Children || Dress || Jersey Fancy || Yellow || All over pattern,yellow dress,
Baby/Children || Dress || Woven/Jersey/Knitted mix Baby || Blue || All over pattern,blue dress,
Baby/Children || Dress || Woven/Jersey/Knitted mix Baby || Blue || Chambray,blue dress,
Baby/Children || Dress || Woven/Jersey/Knitted mix Baby || Blue || Denim,blue dress,
Baby/Children || Dress || Woven/Jersey/Knitted mix Baby || Pink || Solid,pink dress,
Baby/Children || Dress || Woven/Jersey/Knitted mix Baby || Red || Solid,red dress,
Baby/Children || Dungarees || Trousers Denim || Blue || Denim,blue dungarees,
Baby/Children || Dungarees || Woven/Jersey/Knitted mix Baby || Blue || Denim,blue dungarees,
Baby/Children || Fine cosmetics || Accessories || Pink || Solid,,product type unmapped
Baby/Children || Garment Set || Jersey Fancy || Beige || All over pattern,,product type unmapped
Baby/Children || Garment Set || Jersey Fancy || Blue || All over pattern,,product type unmapped
Baby/Children || Garment Set || Jersey Fancy || Blue || Stripe,,product type unmapped
Baby/Children || Garment Set || Jersey Fancy || Brown || All over pattern,,product type unmapped
Baby/Children || Garment Set || Jersey Fancy || Brown || Stripe,,product type unmapped
Baby/Children || Garment Set || Jersey Fancy || Grey || All over pattern,,product type unmapped
Baby/Children || Garment Set || Jersey Fancy || Grey || Melange,,product type unmapped
Baby/Children || Garment Set || Jersey Fancy || Grey || Placement print,,product type unmapped
Baby/Children || Garment Set || Jersey Fancy || Pink || All over pattern,,product type unmapped
Baby/Children || Garment Set || Jersey Fancy || Pink || Front print,,product type unmapped
Baby/Children || Garment Set || Jersey Fancy || Pink || Solid,,product type unmapped
Baby/Children || Garment Set || Jersey Fancy || Red || All over pattern,,product type unmapped
Baby/Children || Garment Set || Jersey Fancy || Turquoise || All over pattern,,product type unmapped
Baby/Children || Garment Set || Jersey Fancy || White || All over pattern,,product type unmapped
Baby/Children || Garment Set || Jersey Fancy || White || Front print,,product type unmapped
Baby/Children || Garment Set || Jersey Fancy || White || Placement print,,product type unmapped
Baby/Children || Garment Set || Jersey Fancy || White || Solid,,product type unmapped
Baby/Children || Garment Set || Woven/Jersey/Knitted mix Baby || Blue || All over pattern,,product type unmapped
Baby/Children || Garment Set || Woven/Jersey/Knitted mix Baby || Blue || Denim,,product type unmapped
Baby/Children || Garment Set || Woven/Jersey/Knitted mix Baby || Blue || Solid,,product type unmapped
Baby/Children || Garment Set || Woven/Jersey/Knitted mix Baby || Pink || All over pattern,,product type unmapped
Baby/Children || Garment Set || Woven/Jersey/Knitted mix Baby || White || Solid,,product type unmapped
Baby/Children || Gloves || Accessories || Black || Solid,black gloves,
Baby/Children || Gloves || Accessories || Blue || Solid,blue gloves,
Baby/Children || Gloves || Accessories || Grey || Solid,grey gloves,
Baby/Children || Gloves || Accessories || Pink || Solid,pink gloves,
Baby/Children || Hair clip || Accessories || Pink || Solid,pink hair clip,
Baby/Children || Hair string || Accessories || Blue || Solid,,product type unmapped
Baby/Children || Hair string || Accessories || Pink || Solid,,product type unmapped
Baby/Children || Hair/alice band || Accessories || Blue || Solid,blue headband,
Baby/Children || Hair/alice band || Accessories || Metal || Solid,,colour unmapped
Baby/Children || Hair/alice band || Accessories || Pink || Solid,pink headband,
Baby/Children || Hair/alice band || Accessories || Red || Solid,red headband,
Baby/Children || Hat/beanie || Accessories || Blue || Solid,blue beanie,
Baby/Children || Hat/beanie || Accessories || Grey || Melange,grey beanie,
Baby/Children || Hat/beanie || Accessories || Grey || Solid,grey beanie,
Baby/Children || Hat/beanie || Accessories || Pink || Solid,pink beanie,
Baby/Children || Hat/beanie || Accessories || White || Solid,white beanie,
Baby/Children || Hat/brim || Accessories || Beige || Solid,beige hat,
Baby/Children || Hoodie || Jersey Basic || Black || Solid,black hoodie,
Baby/Children || Hoodie || Jersey Basic || Blue || Solid,blue hoodie,
Baby/Children || Hoodie || Jersey Basic || Grey || All over pattern,grey hoodie,
Baby/Children || Hoodie || Jersey Basic || Grey || Melange,grey hoodie,
Baby/Children || Hoodie || Jersey Basic || Khaki green || Solid,khaki hoodie,
Baby/Children || Hoodie || Jersey Basic || Red || Solid,red hoodie,
Baby/Children || Hoodie || Jersey Basic || Yellow || Solid,yellow hoodie,
Baby/Children || Hoodie || Jersey Fancy || Black || Colour blocking,black hoodie,
Baby/Children || Hoodie || Jersey Fancy || Black || Front print,black hoodie,
Baby/Children || Hoodie || Jersey Fancy || Black || Placement print,black hoodie,
Baby/Children || Hoodie || Jersey Fancy || Blue || All over pattern,blue hoodie,
Baby/Children || Hoodie || Jersey Fancy || Blue || Application/3D,blue hoodie,
Baby/Children || Hoodie || Jersey Fancy || Blue || Colour blocking,blue hoodie,
Baby/Children || Hoodie || Jersey Fancy || Blue || Front print,blue hoodie,
Baby/Children || Hoodie || Jersey Fancy || Blue || Placement print,blue hoodie,
Baby/Children || Hoodie || Jersey Fancy || Blue || Sequin,blue hoodie,
Baby/Children || Hoodie || Jersey Fancy || Green || All over pattern,green hoodie,
Baby/Children || Hoodie || Jersey Fancy || Grey || All over pattern,grey hoodie,
Baby/Children || Hoodie || Jersey Fancy || Grey || Front print,grey hoodie,
Baby/Children || Hoodie || Jersey Fancy || Grey || Placement print,grey hoodie,
Baby/Children || Hoodie || Jersey Fancy || Red || Colour blocking,red hoodie,
Baby/Children || Hoodie || Jersey Fancy || Red || Front print,red hoodie,
Baby/Children || Hoodie || Jersey Fancy || White || Front print,white hoodie,
Baby/Children || Hoodie || Jersey Fancy || White || Placement print,white hoodie,
Baby/Children || Jacket || Outdoor || Beige || Solid,beige jacket,
Baby/Children || Jacket || Outdoor || Black || Colour blocking,black jacket,
Baby/Children || Jacket || Outdoor || Black || Melange,black jacket,
Baby/Children || Jacket || Outdoor || Black || Solid,black jacket,
Baby/Children || Jacket || Outdoor || Blue || All over pattern,blue jacket,
Baby/Children || Jacket || Outdoor || Blue || Colour blocking,blue jacket,
Baby/Children || Jacket || Outdoor || Blue || Melange,blue jacket,
Baby/Children || Jacket || Outdoor || Blue || Solid,blue jacket,
Baby/Children || Jacket || Outdoor || Green || Solid,green jacket,
Baby/Children || Jacket || Outdoor || Grey || Melange,grey jacket,
Baby/Children || Jacket || Outdoor || Khaki green || Solid,khaki jacket,
Baby/Children || Jacket || Outdoor || Pink || All over pattern,pink jacket,
Baby/Children || Jacket || Outdoor || Pink || Solid,pink jacket,
Baby/Children || Jacket || Outdoor || Red || Solid,red jacket,
Baby/Children || Jacket || Outdoor || White || Solid,white jacket,
Baby/Children || Jacket || Outdoor || Yellow || Solid,yellow jacket,
Baby/Children || Jacket || Trousers Denim || Blue || Denim,blue jacket,
Baby/Children || Jumpsuit/Playsuit || Dresses/Skirts girls || Blue || All over pattern,blue jumpsuit,
Baby/Children || Jumpsuit/Playsuit || Jersey Fancy || Blue || Stripe,blue jumpsuit,
Baby/Children || Jumpsuit/Playsuit || Jersey Fancy || Grey || All over pattern,grey jumpsuit,
Baby/Children || Jumpsuit/Playsuit || Jersey Fancy || Grey || Melange,grey jumpsuit,
Baby/Children || Jumpsuit/Playsuit || Jersey Fancy || White || All over pattern,white jumpsuit,
Baby/Children || Jumpsuit/Playsuit || Jersey Fancy || White || Solid,white jumpsuit,
"Baby/Children || Kids Underwear top || Under-, Nightwear || Black || Solid",,product type unmapped
"Baby/Children || Kids Underwear top || Under-, Nightwear || Grey || Solid",,product type unmapped
"Baby/Children || Kids Underwear top || Under-, Nightwear || White || Solid",,product type unmapped
Baby/Children || Leggings/Tights || Jersey Basic || Black || All over pattern,black leggings,
Baby/Children || Leggings/Tights || Jersey Basic || Black || Colour blocking,black leggings,
Baby/Children || Leggings/Tights || Jersey Basic || Black || Solid,black leggings,
Baby/Children || Leggings/Tights || Jersey Basic || Blue || All over pattern,blue leggings,
Baby/Children || Leggings/Tights || Jersey Basic || Blue || Solid,blue leggings,
Baby/Children || Leggings/Tights || Jersey Basic || Grey || All over pattern,grey leggings,
Baby/Children || Leggings/Tights || Jersey Basic || Pink || All over pattern,pink leggings,
Baby/Children || Leggings/Tights || Jersey Basic || Pink || Solid,pink leggings,
Baby/Children || Leggings/Tights || Jersey Basic || White || Solid,white leggings,
Baby/Children || Leggings/Tights || Jersey Fancy || Black || All over pattern,black leggings,
Baby/Children || Leggings/Tights || Jersey Fancy || Black || Check,black leggings,
Baby/Children || Leggings/Tights || Jersey Fancy || Black || Placement print,black leggings,
Baby/Children || Leggings/Tights || Jersey Fancy || Black || Solid,black leggings,
Baby/Children || Leggings/Tights || Jersey Fancy || Blue || All over pattern,blue leggings,
Baby/Children || Leggings/Tights || Jersey Fancy || Blue || Solid,blue leggings,
Baby/Children || Leggings/Tights || Jersey Fancy || Blue || Treatment,blue leggings,
Baby/Children || Leggings/Tights || Jersey Fancy || Grey || All over pattern,grey leggings,
Baby/Children || Leggings/Tights || Jersey Fancy || Grey || Solid,grey leggings,
Baby/Children || Leggings/Tights || Jersey Fancy || Grey || Treatment,grey leggings,
Baby/Children || Leggings/Tights || Jersey Fancy || Pink || All over pattern,pink leggings,
Baby/Children || Leggings/Tights || Jersey Fancy || White || All over pattern,white leggings,
Baby/Children || Leggings/Tights || Trousers Denim || Blue || Denim,blue leggings,
Baby/Children || Other accessories || Accessories || Black || Solid,,product type unmapped
Baby/Children || Other accessories || Accessories || Pink || Solid,,product type unmapped
Baby/Children || Outdoor Waistcoat || Outdoor || Blue || Solid,,product type unmapped
Baby/Children || Outdoor Waistcoat || Outdoor || Khaki green || Solid,,product type unmapped
Baby/Children || Polo shirt || Jersey Fancy || Blue || Solid,blue polo shirt,
Baby/Children || Polo shirt || Jersey Fancy || Blue || Stripe,blue polo shirt,
Baby/Children || Polo shirt || Jersey Fancy || White || Solid,white polo shirt,
"Baby/Children || Pyjama jumpsuit/playsuit || Under-, Nightwear || Blue || All over pattern",,product type unmapped
"Baby/Children || Pyjama jumpsuit/playsuit || Under-, Nightwear || Grey || All over pattern",,product type unmapped
"Baby/Children || Pyjama jumpsuit/playsuit || Under-, Nightwear || Pink || All over pattern",,product type unmapped
"Baby/Children || Pyjama jumpsuit/playsuit || Under-, Nightwear || White || All over pattern",,product type unmapped
"Baby/Children || Pyjama set || Under-, Nightwear || Blue || All over pattern",blue pyjamas,
"Baby/Children || Pyjama set || Under-, Nightwear || Blue || Front print",blue pyjamas,
"Baby/Children || Pyjama set || Under-, Nightwear || Blue || Mixed solid/pattern",blue pyjamas,
"Baby/Children || Pyjama set || Under-, Nightwear || Blue || Placement print",blue pyjamas,
"Baby/Children || Pyjama set || Under-, Nightwear || Blue || Stripe",blue pyjamas,
"Baby/Children || Pyjama set || Under-, Nightwear || Grey || All over pattern",grey pyjamas,
"Baby/Children || Pyjama set || Under-, Nightwear || Grey || Front print",grey pyjamas,
"Baby/Children || Pyjama set || Under-, Nightwear || Grey || Placement print",grey pyjamas,
"Baby/Children || Pyjama set || Under-, Nightwear || Red || Check",red pyjamas,
"Baby/Children || Pyjama set || Under-, Nightwear || Red || Placement print",red pyjamas,
"Baby/Children || Pyjama set || Under-, Nightwear || Turquoise || All over pattern",turquoise pyjamas,
"Baby/Children || Pyjama set || Under-, Nightwear || White || All over pattern",white pyjamas,
"Baby/Children || Pyjama set || Under-, Nightwear || White || Front print",white pyjamas,
"Baby/Children || Pyjama set || Under-, Nightwear || White || Placement print",white pyjamas,
Baby/Children || Sandals || Shoes || Blue || Solid,blue sandals,
Baby/Children || Sandals || Shoes || White || Solid,white sandals,
Baby/Children || Scarf || Accessories || Blue || Solid,blue scarf,
Baby/Children || Scarf || Accessories || Grey || Melange,grey scarf,
Baby/Children || Scarf || Accessories || Pink || Solid,pink scarf,
Baby/Children || Scarf || Accessories || White || Solid,white scarf,
Baby/Children || Shirt || Dresses/Skirts girls || Blue || Check,blue shirt,
Baby/Children || Shirt || Dresses/Skirts girls || Pink || Check,pink shirt,
Baby/Children || Shirt || Shirts || Black || Solid,black shirt,
Baby/Children || Shirt || Shirts || Blue || All over pattern,blue shirt,
Baby/Children || Shirt || Shirts || Blue || Check,blue shirt,
Baby/Children || Shirt || Shirts || Blue || Dot,blue shirt,
Baby/Children || Shirt || Shirts || Blue || Melange,blue shirt,
Baby/Children || Shirt || Shirts || Blue || Other structure,blue shirt,
Baby/Children || Shirt || Shirts || Blue || Solid,blue shirt,
Baby/Children || Shirt || Shirts || Blue || Stripe,blue shirt,
Baby/Children || Shirt || Shirts || Red || Check,red shirt,
Baby/Children || Shirt || Shirts || Red || Solid,red shirt,
Baby/Children || Shirt || Shirts || White || All over pattern,white shirt,
Baby/Children || Shirt || Shirts || White || Solid,white shirt,
Baby/Children || Shirt || Special Offers || White || Solid,white shirt,
Baby/Children || Shirt || Woven/Jersey/Knitted mix Baby || Blue || Denim,blue shirt,
Baby/Children || Shirt || Woven/Jersey/Knitted mix Baby || Blue || Solid,blue shirt,
Baby/Children || Shirt || Woven/Jersey/Knitted mix Baby || Red || Check,red shirt,
Baby/Children || Shirt || Woven/Jersey/Knitted mix Baby || White || Solid,white shirt,
Baby/Children || Shorts || Jersey Basic || Black || Melange,black shorts,
Baby/Children || Shorts || Jersey Basic || Black || Solid,black shorts,
Baby/Children || Shorts || Jersey Basic || Blue || Solid,blue shorts,
Baby/Children || Shorts || Jersey Basic || Grey || Solid,grey shorts,
Baby/Children || Shorts || Jersey Basic || White || Stripe,white shorts,
Baby/Children || Shorts || Jersey Fancy || Black || All over pattern,black shorts,
Baby/Children || Shorts || Jersey Fancy || Blue || All over pattern,blue shorts,
Baby/Children || Shorts || Jersey Fancy || Blue || Melange,blue shorts,
Baby/Children || Shorts || Jersey Fancy || Blue || Placement print,blue shorts,
Baby/Children || Shorts || Jersey Fancy || Grey || All over pattern,grey shorts,
Baby/Children || Shorts || Jersey Fancy || Grey || Placement print,grey shorts,
Baby/Children || Shorts || Shorts || Beige || Solid,beige shorts,
Baby/Children || Shorts || Shorts || Black || Solid,black shorts,
Baby/Children || Shorts || Shorts || Blue || All over pattern,blue shorts,
Baby/Children || Shorts || Shorts || Blue || Other structure,blue shorts,
Baby/Children || Shorts || Shorts || Blue || Solid,blue shorts,
Baby/Children || Shorts || Shorts || Blue || Stripe,blue shorts,
Baby/Children || Shorts || Shorts || Grey || Solid,grey shorts,
Baby/Children || Shorts || Trousers Denim || Black || Denim,black shorts,
Baby/Children || Shorts || Trousers Denim || Blue || Denim,blue shorts,
Baby/Children || Shorts || Trousers Denim || Blue || Solid,blue shorts,
Baby/Children || Shorts || Trousers Denim || Grey || Denim,grey shorts,
Baby/Children || Shorts || Trousers || Black || Solid,black shorts,
Baby/Children || Shorts || Trousers || Blue || Solid,blue shorts,
Baby/Children || Shorts || Trousers || Khaki green || Solid,khaki shorts,
Baby/Children || Shorts || Trousers || Pink || Solid,pink shorts,
Baby/Children || Shorts || Trousers || White || Solid,white shorts,
Baby/Children || Shorts || Woven/Jersey/Knitted mix Baby || Blue || Denim,blue shorts,
Baby/Children || Shorts || Woven/Jersey/Knitted mix Baby || Blue || Solid,blue shorts,
Baby/Children || Skirt || Dresses/Skirts girls || Black || Solid,black skirt,
Baby/Children || Skirt || Dresses/Skirts girls || Blue || Solid,blue skirt,
Baby/Children || Skirt || Dresses/Skirts girls || Pink || Solid,pink skirt,
Baby/Children || Skirt || Jersey Basic || Black || Solid,black skirt,
Baby/Children || Skirt || Trousers Denim || Blue || Denim,blue skirt,
Baby/Children || Slippers || Shoes || White || Solid,white slippers,
Baby/Children || Sneakers || Shoes || Black || Solid,black sneakers,
Baby/Children || Sneakers || Shoes || Blue || All over pattern,blue sneakers,
Baby/Children || Sneakers || Shoes || Blue || Chambray,blue sneakers,
Baby/Children || Sneakers || Shoes || Blue || Solid,blue sneakers,
Baby/Children || Sneakers || Shoes || Brown || Solid,brown sneakers,
Baby/Children || Sneakers || Shoes || Khaki green || Solid,khaki sneakers,
Baby/Children || Sneakers || Shoes || Pink || Solid,pink sneakers,
Baby/Children || Sneakers || Shoes || White || Solid,white sneakers,
Baby/Children || Socks || Socks and Tights || Black || Other pattern,black socks,
Baby/Children || Socks || Socks and Tights || Black || Solid,black socks,
Baby/Children || Socks || Socks and Tights || Blue || All over pattern,blue socks,
Baby/Children || Socks || Socks and Tights || Blue || Colour blocking,blue socks,
Baby/Children || Socks || Socks and Tights || Blue || Solid,blue socks,
Baby/Children || Socks || Socks and Tights || Blue || Stripe,blue socks,
Baby/Children || Socks || Socks and Tights || Grey || All over pattern,grey socks,
Baby/Children || Socks || Socks and Tights || Grey || Melange,grey socks,
Baby/Children || Socks || Socks and Tights || Grey || Other pattern,grey socks,
Baby/Children || Socks || Socks and Tights || Grey || Solid,grey socks,
Baby/Children || Socks || Socks and Tights || Pink || All over pattern,pink socks,
Baby/Children || Socks || Socks and Tights || Pink || Other pattern,pink socks,
Baby/Children || Socks || Socks and Tights || Pink || Solid,pink socks,
Baby/Children || Socks || Socks and Tights || White || Other pattern,white socks,
Baby/Children || Socks || Socks and Tights || White || Solid,white socks,
Baby/Children || Sunglasses || Accessories || Pink || Solid,pink sunglasses,
Baby/Children || Sweater || Jersey Basic || Black || Solid,black sweater,
Baby/Children || Sweater || Jersey Basic || Blue || All over pattern,blue sweater,
Baby/Children || Sweater || Jersey Basic || Blue || Solid,blue sweater,
Baby/Children || Sweater || Jersey Basic || Grey || All over pattern,grey sweater,
Baby/Children || Sweater || Jersey Basic || Grey || Melange,grey sweater,
Baby/Children || Sweater || Jersey Basic || Pink || All over pattern,pink sweater,
Baby/Children || Sweater || Jersey Basic || Pink || Solid,pink sweater,
Baby/Children || Sweater || Jersey Fancy || Beige || All over pattern,beige sweater,
Baby/Children || Sweater || Jersey Fancy || Black || All over pattern,black sweater,
Baby/Children || Sweater || Jersey Fancy || Black || Front print,black sweater,
Baby/Children || Sweater || Jersey Fancy || Black || Placement print,black sweater,
Baby/Children || Sweater || Jersey Fancy || Black || Sequin,black sweater,
Baby/Children || Sweater || Jersey Fancy || Blue || All over pattern,blue sweater,
Baby/Children || Sweater || Jersey Fancy || Blue || Application/3D,blue sweater,
Baby/Children || Sweater || Jersey Fancy || Blue || Colour blocking,blue sweater,
Baby/Children || Sweater || Jersey Fancy || Blue || Front print,blue sweater,
Baby/Children || Sweater || Jersey Fancy || Blue || Placement print,blue sweater,
Baby/Children || Sweater || Jersey Fancy || Blue || Stripe,blue sweater,
Baby/Children || Sweater || Jersey Fancy || Green || Application/3D,green sweater,
Baby/Children || Sweater || Jersey Fancy || Grey || All over pattern,grey sweater,
Baby/Children || Sweater || Jersey Fancy || Grey || Application/3D,grey sweater,
Baby/Children || Sweater || Jersey Fancy || Grey || Front print,grey sweater,
Baby/Children || Sweater || Jersey Fancy || Grey || Melange,grey sweater,
Baby/Children || Sweater || Jersey Fancy || Grey || Placement print,grey sweater,
Baby/Children || Sweater || Jersey Fancy || Grey || Sequin,grey sweater,
Baby/Children || Sweater || Jersey Fancy || Khaki green || Front print,khaki sweater,
Baby/Children || Sweater || Jersey Fancy || Khaki green || Placement print,khaki sweater,
Baby/Children || Sweater || Jersey Fancy || Orange || Front print,orange sweater,
Baby/Children || Sweater || Jersey Fancy || Pink || All over pattern,pink sweater,
Baby/Children || Sweater || Jersey Fancy || Pink || Front print,pink sweater,
Baby/Children || Sweater || Jersey Fancy || Red || Front print,red sweater,
Baby/Children || Sweater || Jersey Fancy || Red || Stripe,red sweater,
Baby/Children || Sweater || Jersey Fancy || White || All over pattern,white sweater,
Baby/Children || Sweater || Jersey Fancy || White || Application/3D,white sweater,
Baby/Children || Sweater || Jersey Fancy || White || Front print,white sweater,
Baby/Children || Sweater || Jersey Fancy || White || Placement print,white sweater,
Baby/Children || Sweater || Jersey Fancy || White || Stripe,white sweater,
Baby/Children || Sweater || Jersey Fancy || Yellow || Front print,yellow sweater,
Baby/Children || Sweater || Knitwear || Beige || Melange,beige sweater,
Baby/Children || Sweater || Knitwear || Black || Solid,black sweater,
Baby/Children || Sweater || Knitwear || Black || Stripe,black sweater,
Baby/Children || Sweater || Knitwear || Blue || All over pattern,blue sweater,
Baby/Children || Sweater || Knitwear || Blue || Application/3D,blue sweater,
Baby/Children || Sweater || Knitwear || Blue || Front print,blue sweater,
Baby/Children || Sweater || Knitwear || Blue || Jacquard,blue sweater,
Baby/Children || Sweater || Knitwear || Blue || Melange,blue sweater,
Baby/Children || Sweater || Knitwear || Blue || Solid,blue sweater,
Baby/Children || Sweater || Knitwear || Blue || Stripe,blue sweater,
Baby/Children || Sweater || Knitwear || Grey || All over pattern,grey sweater,
Baby/Children || Sweater || Knitwear || Grey || Application/3D,grey sweater,
Baby/Children || Sweater || Knitwear || Grey || Front print,grey sweater,
Baby/Children || Sweater || Knitwear || Grey || Jacquard,grey sweater,
Baby/Children || Sweater || Knitwear || Grey || Melange,grey sweater,
Baby/Children || Sweater || Knitwear || Grey || Sequin,grey sweater,
Baby/Children || Sweater || Knitwear || Grey || Solid,grey sweater,
Baby/Children || Sweater || Knitwear || Grey || Stripe,grey sweater,
Baby/Children || Sweater || Knitwear || Pink || Solid,pink sweater,
Baby/Children || Sweater || Knitwear || Red || Melange,red sweater,
Baby/Children || Sweater || Knitwear || Red || Solid,red sweater,
Baby/Children || Sweater || Knitwear || Red || Stripe,red sweater,
Baby/Children || Sweater || Knitwear || White || Solid,white sweater,
Baby/Children || Sweater || Knitwear || White || Stripe,white sweater,
Baby/Children || Sweater || Knitwear || Yellow || Stripe,yellow sweater,
Baby/Children || Swimsuit || Swimwear || Pink || All over pattern,pink swimsuit,
Baby/Children || Swimwear bottom || Swimwear || Blue || All over pattern,blue bikini bottoms,
Baby/Children || Swimwear set || Swimwear || Black || All over pattern,black bikini,
Baby/Children || Swimwear set || Swimwear || Blue || All over pattern,blue bikini,
Baby/Children || Swimwear set || Swimwear || Blue || Stripe,blue bikini,
Baby/Children || Swimwear set || Swimwear || Pink || All over pattern,pink bikini,
Baby/Children || Swimwear set || Swimwear || Turquoise || All over pattern,turquoise bikini,
Baby/Children || Swimwear set || Swimwear || Turquoise || Lace,turquoise bikini,
Baby/Children || T-shirt || Jersey Basic || Black || Solid,black t-shirt,
Baby/Children || T-shirt || Jersey Basic || Blue || All over pattern,blue t-shirt,
Baby/Children || T-shirt || Jersey Basic || Blue || Solid,blue t-shirt,
Baby/Children || T-shirt || Jersey Basic || Blue || Stripe,blue t-shirt,
Baby/Children || T-shirt || Jersey Basic || Green || Solid,green t-shirt,
Baby/Children || T-shirt || Jersey Basic || Khaki green || Solid,khaki t-shirt,
Baby/Children || T-shirt || Jersey Basic || Pink || Solid,pink t-shirt,
Baby/Children || T-shirt || Jersey Basic || Red || Solid,red t-shirt,
Baby/Children || T-shirt || Jersey Basic || White || All over pattern,white t-shirt,
Baby/Children || T-shirt || Jersey Basic || White || Solid,white t-shirt,
Baby/Children || T-shirt || Jersey Basic || White || Stripe,white t-shirt,
Baby/Children || T-shirt || Jersey Basic || Yellow || Solid,yellow t-shirt,
Baby/Children || T-shirt || Jersey Fancy || Beige || All over pattern,beige t-shirt,
Baby/Children || T-shirt || Jersey Fancy || Black || All over pattern,black t-shirt,
Baby/Children || T-shirt || Jersey Fancy || Black || Front print,black t-shirt,
Baby/Children || T-shirt || Jersey Fancy || Black || Placement print,black t-shirt,
Baby/Children || T-shirt || Jersey Fancy || Black || Sequin,black t-shirt,
Baby/Children || T-shirt || Jersey Fancy || Black || Solid,black t-shirt,
Baby/Children || T-shirt || Jersey Fancy || Blue || All over pattern,blue t-shirt,
Baby/Children || T-shirt || Jersey Fancy || Blue || Front print,blue t-shirt,
Baby/Children || T-shirt || Jersey Fancy || Blue || Melange,blue t-shirt,
Baby/Children || T-shirt || Jersey Fancy || Blue || Placement print,blue t-shirt,
Baby/Children || T-shirt || Jersey Fancy || Blue || Sequin,blue t-shirt,
Baby/Children || T-shirt || Jersey Fancy || Blue || Solid,blue t-shirt,
Baby/Children || T-shirt || Jersey Fancy || Blue || Stripe,blue t-shirt,
Baby/Children || T-shirt || Jersey Fancy || Green || All over pattern,green t-shirt,
Baby/Children || T-shirt || Jersey Fancy || Green || Front print,green t-shirt,
Baby/Children || T-shirt || Jersey Fancy || Green || Placement print,green t-shirt,
Baby/Children || T-shirt || Jersey Fancy || Grey || All over pattern,grey t-shirt,
Baby/Children || T-shirt || Jersey Fancy || Grey || Front print,grey t-shirt,
Baby/Children || T-shirt || Jersey Fancy || Grey || Placement print,grey t-shirt,
Baby/Children || T-shirt || Jersey Fancy || Grey || Sequin,grey t-shirt,
Baby/Children || T-shirt || Jersey Fancy || Khaki green || Front print,khaki t-shirt,
Baby/Children || T-shirt || Jersey Fancy || Orange || Front print,orange t-shirt,
Baby/Children || T-shirt || Jersey Fancy || Pink || All over pattern,pink t-shirt,
Baby/Children || T-shirt || Jersey Fancy || Pink || Front print,pink t-shirt,
Baby/Children || T-shirt || Jersey Fancy || Pink || Solid,pink t-shirt,
Baby/Children || T-shirt || Jersey Fancy || Red || Front print,red t-shirt,
Baby/Children || T-shirt || Jersey Fancy || Red || Placement print,red t-shirt,
Baby/Children || T-shirt || Jersey Fancy || Red || Solid,red t-shirt,
Baby/Children || T-shirt || Jersey Fancy || White || All over pattern,white t-shirt,
Baby/Children || T-shirt || Jersey Fancy || White || Application/3D,white t-shirt,
Baby/Children || T-shirt || Jersey Fancy || White || Front print,white t-shirt,
Baby/Children || T-shirt || Jersey Fancy || White || Placement print,white t-shirt,
Baby/Children || T-shirt || Jersey Fancy || White || Sequin,white t-shirt,
Baby/Children || T-shirt || Jersey Fancy || White || Solid,white t-shirt,
Baby/Children || T-shirt || Jersey Fancy || White || Stripe,white t-shirt,
Baby/Children || T-shirt || Jersey Fancy || Yellow || Front print,yellow t-shirt,
Baby/Children || T-shirt || Jersey Fancy || Yellow || Placement print,yellow t-shirt,
Baby/Children || Tailored Waistcoat || Shirts || Blue || Solid,blue waistcoat,
Baby/Children || Top || Jersey Basic || Black || Solid,black top,
Baby/Children || Top || Jersey Basic || Blue || Solid,blue top,
Baby/Children || Top || Jersey Basic || White || Solid,white top,
Baby/Children || Top || Jersey Fancy || Blue || Front print,blue top,
Baby/Children || Top || Jersey Fancy || Blue || Solid,blue top,
Baby/Children || Top || Jersey Fancy || Grey || All over pattern,grey top,
Baby/Children || Top || Jersey Fancy || Grey || Front print,grey top,
Baby/Children || Top || Jersey Fancy || Pink || Front print,pink top,
Baby/Children || Top || Jersey Fancy || Pink || Solid,pink top,
Baby/Children || Top || Jersey Fancy || White || All over pattern,white top,
Baby/Children || Top || Jersey Fancy || White || Front print,white top,
Baby/Children || Top || Jersey Fancy || White || Placement print,white top,
Baby/Children || Trousers || Jersey Basic || Black || Colour blocking,black trousers,
Baby/Children || Trousers || Jersey Basic || Black || Melange,black trousers,
Baby/Children || Trousers || Jersey Basic || Black || Solid,black trousers,
Baby/Children || Trousers || Jersey Basic || Blue || All over pattern,blue trousers,
Baby/Children || Trousers || Jersey Basic || Blue || Melange,blue trousers,
Baby/Children || Trousers || Jersey Basic || Blue || Solid,blue trousers,
Baby/Children || Trousers || Jersey Basic || Grey || All over pattern,grey trousers,
Baby/Children || Trousers || Jersey Basic || Grey || Melange,grey trousers,
Baby/Children || Trousers || Jersey Basic || Grey || Solid,grey trousers,
Baby/Children || Trousers || Jersey Basic || Khaki green || Solid,khaki trousers,
Baby/Children || Trousers || Jersey Basic || Pink || All over pattern,pink trousers,
Baby/Children || Trousers || Jersey Basic || Pink || Solid,pink trousers,
Baby/Children || Trousers || Jersey Fancy || Black || All over pattern,black trousers,
Baby/Children || Trousers || Jersey Fancy || Black || Placement print,black trousers,
Baby/Children || Trousers || Jersey Fancy || Black || Solid,black trousers,
Baby/Children || Trousers || Jersey Fancy || Black || Treatment,black trousers,
Baby/Children || Trousers || Jersey Fancy || Blue || All over pattern,blue trousers,
Baby/Children || Trousers || Jersey Fancy || Blue || Colour blocking,blue trousers,
Baby/Children || Trousers || Jersey Fancy || Blue || Denim,blue trousers,
Baby/Children || Trousers || Jersey Fancy || Blue || Placement print,blue trousers,
Baby/Children || Trousers || Jersey Fancy || Blue || Solid,blue trousers,
Baby/Children || Trousers || Jersey Fancy || Blue || Stripe,blue trousers,
Baby/Children || Trousers || Jersey Fancy || Blue || Treatment,blue trousers,
Baby/Children || Trousers || Jersey Fancy || Grey || All over pattern,grey trousers,
Baby/Children || Trousers || Jersey Fancy || Grey || Melange,grey trousers,
Baby/Children || Trousers || Jersey Fancy || Grey || Placement print,grey trousers,
Baby/Children || Trousers || Jersey Fancy || Grey || Treatment,grey trousers,
Baby/Children || Trousers || Jersey Fancy || Pink || All over pattern,pink trousers,
Baby/Children || Trousers || Trousers Denim || Black || Denim,black trousers,
Baby/Children || Trousers || Trousers Denim || Black || Solid,black trousers,
Baby/Children || Trousers || Trousers Denim || Blue || Denim,blue trousers,
Baby/Children || Trousers || Trousers Denim || Blue || Solid,blue trousers,
Baby/Children || Trousers || Trousers Denim || Grey || Denim,grey trousers,
Baby/Children || Trousers || Trousers Denim || Grey || Solid,grey trousers,
Baby/Children || Trousers || Trousers Denim || Turquoise || Denim,turquoise trousers,
Baby/Children || Trousers || Trousers Denim || White || Denim,white trousers,
Baby/Children || Trousers || Trousers || Beige || Solid,beige trousers,
Baby/Children || Trousers || Trousers || Black || Solid,black trousers,
Baby/Children || Trousers || Trousers || Black || Treatment,black trousers,
Baby/Children || Trousers || Trousers || Blue || All over pattern,blue trousers,
Baby/Children || Trousers || Trousers || Blue || Other structure,blue trousers,
Baby/Children || Trousers || Trousers || Blue || Solid,blue trousers,
Baby/Children || Trousers || Trousers || Brown || Solid,brown trousers,
Baby/Children || Trousers || Trousers || Grey || Solid,grey trousers,
Baby/Children || Trousers || Trousers || Grey || Treatment,grey trousers,
Baby/Children || Trousers || Trousers || Khaki green || Solid,khaki trousers,
Baby/Children || Trousers || Trousers || Pink || Solid,pink trousers,
Baby/Children || Trousers || Trousers || Red || Solid,red trousers,
Baby/Children || Trousers || Trousers || White || Solid,white trousers,
Baby/Children || Trousers || Woven/Jersey/Knitted mix Baby || Beige || Solid,beige trousers,
Baby/Children || Trousers || Woven/Jersey/Knitted mix Baby || Black || Denim,black trousers,
Baby/Children || Trousers || Woven/Jersey/Knitted mix Baby || Blue || Denim,blue trousers,
Baby/Children || Trousers || Woven/Jersey/Knitted mix Baby || Blue || Solid,blue trousers,
Baby/Children || Trousers || Woven/Jersey/Knitted mix Baby || Brown || Solid,brown trousers,
Baby/Children || Trousers || Woven/Jersey/Knitted mix Baby || Grey || Melange,grey trousers,
Baby/Children || Underwear Tights || Socks and Tights || Beige || Solid,beige tights,
Baby/Children || Underwear Tights || Socks and Tights || Black || Other pattern,black tights,
Baby/Children || Underwear Tights || Socks and Tights || Black || Solid,black tights,
Baby/Children || Underwear Tights || Socks and Tights || Blue || Solid,blue tights,
Baby/Children || Underwear Tights || Socks and Tights || Grey || Other pattern,grey tights,
Baby/Children || Underwear Tights || Socks and Tights || Pink || Solid,pink tights,
Baby/Children || Underwear Tights || Socks and Tights || Red || Solid,red tights,
Baby/Children || Underwear Tights || Socks and Tights || White || Solid,white tights,
"Baby/Children || Underwear bottom || Under-, Nightwear || Black || Mixed solid/pattern",black underwear,
"Baby/Children || Underwear bottom || Under-, Nightwear || Black || Solid",black underwear,
"Baby/Children || Underwear bottom || Under-, Nightwear || Blue || All over pattern",blue underwear,
"Baby/Children || Underwear bottom || Under-, Nightwear || Blue || Mixed solid/pattern",blue underwear,
"Baby/Children || Underwear bottom || Under-, Nightwear || Blue || Solid",blue underwear,
"Baby/Children || Underwear bottom || Under-, Nightwear || Blue || Stripe",blue underwear,
"Baby/Children || Underwear bottom || Under-, Nightwear || Green || Solid",green underwear,
"Baby/Children || Underwear bottom || Under-, Nightwear || Grey || Mixed solid/pattern",grey underwear,
"Baby/Children || Underwear bottom || Under-, Nightwear || Pink || All over pattern",pink underwear,
"Baby/Children || Underwear bottom || Under-, Nightwear || Pink || Mixed solid/pattern",pink underwear,
"Baby/Children || Underwear bottom || Under-, Nightwear || Pink || Solid",pink underwear,
"Baby/Children || Underwear bottom || Under-, Nightwear || Red || All over pattern",red underwear,
"Baby/Children || Underwear bottom || Under-, Nightwear || Turquoise || All over pattern",turquoise underwear,
"Baby/Children || Underwear bottom || Under-, Nightwear || White || Mixed solid/pattern",white underwear,
"Baby/Children || Underwear bottom || Under-, Nightwear || White || Solid",white underwear,
Baby/Children || Vest top || Jersey Basic || Black || Solid,black vest top,
Baby/Children || Vest top || Jersey Basic || Blue || Stripe,blue vest top,
Baby/Children || Vest top || Jersey Basic || Grey || Melange,grey vest top,
Baby/Children || Vest top || Jersey Basic || White || Solid,white vest top,
Baby/Children || Vest top || Jersey Fancy || Black || Front print,black vest top,
Baby/Children || Vest top || Jersey Fancy || Blue || Front print,blue vest top,
Baby/Children || Vest top || Jersey Fancy || White || All over pattern,white vest top,
Baby/Children || Vest top || Jersey Fancy || White || Front print,white vest top,
"Baby/Children || Vest top || Under-, Nightwear || Pink || Solid",pink vest top,
"Baby/Children || Vest top || Under-, Nightwear || White || Solid",white vest top,
Divided || Bag || Accessories || Beige || Solid,beige bag,
Divided || Bag || Accessories || Black || All over pattern,black bag,
Divided || Bag || Accessories || Black || Solid,black bag,
Divided || Bag || Accessories || Brown || Solid,brown bag,
Divided || Bag || Accessories || Grey || Solid,grey bag,
Divided || Bag || Accessories || Mole || Solid,,colour unmapped
Divided || Bag || Accessories || Pink || All over pattern,pink bag,
Divided || Bag || Accessories || Pink || Solid,pink bag,
Divided || Bag || Accessories || White || Solid,white bag,
Divided || Bag || Accessories || Yellow || Solid,yellow bag,
Divided || Ballerinas || Shoes || Black || Solid,black ballet flats,
Divided || Belt || Accessories || Black || Solid,black belt,
Divided || Bikini top || Swimwear || Black || Solid,black bikini top,
Divided || Blazer || Outdoor || Black || All over pattern,black blazer,
Divided || Blazer || Outdoor || Black || Check,black blazer,
Divided || Blazer || Outdoor || Black || Jacquard,black blazer,
Divided || Blazer || Outdoor || Black || Solid,black blazer,
Divided || Blazer || Outdoor || Pink || Solid,pink blazer,
Divided || Blouse || Blouses || Beige || All over pattern,beige blouse,
Divided || Blouse || Blouses || Black || All over pattern,black blouse,
Divided || Blouse || Blouses || Black || Check,black blouse,
Divided || Blouse || Blouses || Black || Embroidery,black blouse,
Divided || Blouse || Blouses || Black || Lace,black blouse,
Divided || Blouse || Blouses || Black || Solid,black blouse,
Divided || Blouse || Blouses || Black || Stripe,black blouse,
Divided || Blouse || Blouses || Blue || All over pattern,blue blouse,
Divided || Blouse || Blouses || Blue || Solid,blue blouse,
Divided || Blouse || Blouses || Blue || Stripe,blue blouse,
Divided || Blouse || Blouses || Green || All over pattern,green blouse,
Divided || Blouse || Blouses || Green || Solid,green blouse,
Divided || Blouse || Blouses || Pink || All over pattern,pink blouse,
Divided || Blouse || Blouses || Pink || Embroidery,pink blouse,
Divided || Blouse || Blouses || Pink || Solid,pink blouse,
Divided || Blouse || Blouses || Red || All over pattern,red blouse,
Divided || Blouse || Blouses || Red || Solid,red blouse,
Divided || Blouse || Blouses || Turquoise || All over pattern,turquoise blouse,
Divided || Blouse || Blouses || Turquoise || Solid,turquoise blouse,
Divided || Blouse || Blouses || White || All over pattern,white blouse,
Divided || Blouse || Blouses || White || Embroidery,white blouse,
Divided || Blouse || Blouses || White || Lace,white blouse,
Divided || Blouse || Blouses || White || Solid,white blouse,
Divided || Blouse || Blouses || Yellow || All over pattern,yellow blouse,
Divided || Blouse || Blouses || Yellow || Solid,yellow blouse,
Divided || Blouse || Unknown || Black || All over pattern,black blouse,
Divided || Blouse || Unknown || Black || Solid,black blouse,
Divided || Blouse || Unknown || White || Solid,white blouse,
Divided || Bodysuit || Jersey Fancy || Black || Solid,black bodysuit,
Divided || Boots || Shoes || Black || Solid,black boots,
Divided || Boots || Shoes || Brown || Solid,brown boots,
Divided || Cap/peaked || Accessories || Black || Solid,black cap,
Divided || Cap/peaked || Accessories || Pink || Solid,pink cap,
Divided || Cardigan || Jersey Fancy || Black || Solid,black cardigan,
Divided || Cardigan || Jersey Fancy || Grey || Treatment,grey cardigan,
Divided || Cardigan || Jersey Fancy || Pink || Solid,pink cardigan,
Divided || Cardigan || Jersey Fancy || White || Solid,white cardigan,
Divided || Cardigan || Knitwear || Beige || Solid,beige cardigan,
Divided || Cardigan || Knitwear || Black || Jacquard,black cardigan,
Divided || Cardigan || Knitwear || Black || Melange,black cardigan,
Divided || Cardigan || Knitwear || Black || Solid,black cardigan,
Divided || Cardigan || Knitwear || Green || Solid,green cardigan,
Divided || Cardigan || Knitwear || Grey || Melange,grey cardigan,
Divided || Cardigan || Knitwear || Grey || Solid,grey cardigan,
Divided || Cardigan || Knitwear || Khaki green || Solid,khaki cardigan,
Divided || Cardigan || Knitwear || Lilac Purple || Solid,lilac cardigan,
Divided || Cardigan || Knitwear || Mole || Solid,,colour unmapped
Divided || Cardigan || Knitwear || Pink || Solid,pink cardigan,
Divided || Cardigan || Knitwear || Red || Solid,red cardigan,
Divided || Cardigan || Knitwear || White || Solid,white cardigan,
Divided || Cardigan || Knitwear || Yellow || Solid,yellow cardigan,
Divided || Coat || Outdoor || Beige || Solid,beige coat,
Divided || Coat || Outdoor || Black || Solid,black coat,
Divided || Dress || Dresses Ladies || Beige || All over pattern,beige dress,
Divided || Dress || Dresses Ladies || Beige || Glittering/Metallic,beige dress,
Divided || Dress || Dresses Ladies || Beige || Solid,beige dress,
Divided || Dress || Dresses Ladies || Black || All over pattern,black dress,
Divided || Dress || Dresses Ladies || Black || Application/3D,black dress,
Divided || Dress || Dresses Ladies || Black || Check,black dress,
Divided || Dress || Dresses Ladies || Black || Colour blocking,black dress,
Divided || Dress || Dresses Ladies || Black || Denim,black dress,
Divided || Dress || Dresses Ladies || Black || Dot,black dress,
Divided || Dress || Dresses Ladies || Black || Embroidery,black dress,
Divided || Dress || Dresses Ladies || Black || Front print,black dress,
Divided || Dress || Dresses Ladies || Black || Glittering/Metallic,black dress,
Divided || Dress || Dresses Ladies || Black || Jacquard,black dress,
Divided || Dress || Dresses Ladies || Black || Lace,black dress,
Divided || Dress || Dresses Ladies || Black || Placement print,black dress,
Divided || Dress || Dresses Ladies || Black || Sequin,black dress,
Divided || Dress || Dresses Ladies || Black || Solid,black dress,
Divided || Dress || Dresses Ladies || Black || Stripe,black dress,
Divided || Dress || Dresses Ladies || Black || Treatment,black dress,
Divided || Dress || Dresses Ladies || Blue || All over pattern,blue dress,
Divided || Dress || Dresses Ladies || Blue || Denim,blue dress,
Divided || Dress || Dresses Ladies || Blue || Dot,blue dress,
Divided || Dress || Dresses Ladies || Blue || Embroidery,blue dress,
Divided || Dress || Dresses Ladies || Blue || Solid,blue dress,
Divided || Dress || Dresses Ladies || Blue || Stripe,blue dress,
Divided || Dress || Dresses Ladies || Brown || All over pattern,brown dress,
Divided || Dress || Dresses Ladies || Green || All over pattern,green dress,
Divided || Dress || Dresses Ladies || Green || Solid,green dress,
Divided || Dress || Dresses Ladies || Grey || All over pattern,grey dress,
Divided || Dress || Dresses Ladies || Grey || Melange,grey dress,
Divided || Dress || Dresses Ladies || Grey || Solid,grey dress,
Divided || Dress || Dresses Ladies || Khaki green || All over pattern,khaki dress,
Divided || Dress || Dresses Ladies || Khaki green || Solid,khaki dress,
Divided || Dress || Dresses Ladies || Lilac Purple || All over pattern,lilac dress,
Divided || Dress || Dresses Ladies || Lilac Purple || Check,lilac dress,
Divided || Dress || Dresses Ladies || Lilac Purple || Solid,lilac dress,
Divided || Dress || Dresses Ladies || Mole || Solid,,colour unmapped
Divided || Dress || Dresses Ladies || Orange || All over pattern,orange dress,
Divided || Dress || Dresses Ladies || Orange || Solid,orange dress,
Divided || Dress || Dresses Ladies || Pink || All over pattern,pink dress,
Divided || Dress || Dresses Ladies || Pink || Solid,pink dress,
Divided || Dress || Dresses Ladies || Red || All over pattern,red dress,
Divided || Dress || Dresses Ladies || Red || Embroidery,red dress,
Divided || Dress || Dresses Ladies || Red || Solid,red dress,
Divided || Dress || Dresses Ladies || Red || Stripe,red dress,
Divided || Dress || Dresses Ladies || Turquoise || All over pattern,turquoise dress,
Divided || Dress || Dresses Ladies || Turquoise || Embroidery,turquoise dress,
Divided || Dress || Dresses Ladies || Turquoise || Solid,turquoise dress,
Divided || Dress || Dresses Ladies || White || All over pattern,white dress,
Divided || Dress || Dresses Ladies || White || Dot,white dress,
Divided || Dress || Dresses Ladies || White || Embroidery,white dress,
Divided || Dress || Dresses Ladies || White || Lace,white dress,
Divided || Dress || Dresses Ladies || White || Solid,white dress,
Divided || Dress || Dresses Ladies || White || Stripe,white dress,
Divided || Dress || Dresses Ladies || Yellow || All over pattern,yellow dress,
Divided || Dress || Dresses Ladies || Yellow || Check,yellow dress,
Divided || Dress || Dresses Ladies || Yellow || Solid,yellow dress,
Divided || Dress || Jersey Basic || Black || Solid,black dress,
Divided || Dress || Jersey Basic || Black || Stripe,black dress,
Divided || Dress || Jersey Basic || Grey || Melange,grey dress,
Divided || Dress || Jersey Basic || Grey || Solid,grey dress,
Divided || Dress || Jersey Basic || Khaki green || Solid,khaki dress,
Divided || Dress || Jersey Basic || Orange || Solid,orange dress,
Divided || Dress || Jersey Basic || Pink || Solid,pink dress,
Divided || Dress || Jersey Basic || Red || Solid,red dress,
Divided || Dress || Jersey Basic || White || Solid,white dress,
Divided || Dress || Jersey Basic || White || Stripe,white dress,
Divided || Dress || Jersey Basic || Yellow || Solid,yellow dress,
Divided || Dress || Jersey Fancy || Black || Front print,black dress,
Divided || Dress || Jersey Fancy || Black || Solid,black dress,
Divided || Dress || Trousers Denim || Black || Denim,black dress,
Divided || Dress || Trousers Denim || Blue || Denim,blue dress,
Divided || Dress || Unknown || Black || All over pattern,black dress,
Divided || Dress || Unknown || Black || Solid,black dress,
Divided || Dress || Unknown || Black || Stripe,black dress,
Divided || Dress || Unknown || Blue || Solid,blue dress,
Divided || Dress || Unknown || Pink || All over pattern,pink dress,
Divided || Dress || Unknown || Red || All over pattern,red dress,
Divided || Dress || Unknown || Red || Placement print,red dress,
Divided || Dress || Unknown || Red || Solid,red dress,
Divided || Dress || Unknown || White || All over pattern,white dress,
Divided || Dress || Unknown || Yellow || All over pattern,yellow dress,
Divided || Dungarees || Dresses Ladies || Black || All over pattern,black dungarees,
Divided || Dungarees || Shorts || Blue || Solid,blue dungarees,
Divided || Dungarees || Trousers Denim || Black || Denim,black dungarees,
Divided || Dungarees || Trousers Denim || Blue || Denim,blue dungarees,
Divided || Earring || Accessories || Metal || Solid,,colour unmapped
Divided || Earring || Accessories || Pink || Solid,pink earrings,
Divided || Flat shoe || Shoes || Black || Solid,,product type unmapped
Divided || Gloves || Accessories || Black || Solid,black gloves,
Divided || Hair string || Accessories || Black || Solid,,product type unmapped
Divided || Hair string || Accessories || Red || Solid,,product type unmapped
Divided || Hair/alice band || Accessories || Beige || All over pattern,beige headband,
Divided || Hair/alice band || Accessories || Black || Solid,black headband,
Divided || Hair/alice band || Accessories || Orange || Solid,orange headband,
Divided || Hair/alice band || Accessories || Pink || All over pattern,pink headband,
Divided || Hair/alice band || Accessories || Pink || Solid,pink headband,
Divided || Hair/alice band || Accessories || Red || Solid,red headband,
Divided || Hair/alice band || Accessories || White || Solid,white headband,
Divided || Hair/alice band || Accessories || Yellow || All over pattern,yellow headband,
Divided || Hair/alice band || Accessories || Yellow || Solid,yellow headband,
Divided || Hat/beanie || Accessories || Beige || Solid,beige beanie,
Divided || Hat/beanie || Accessories || Black || Solid,black beanie,
Divided || Hat/beanie || Accessories || Blue || Solid,blue beanie,
Divided || Hat/beanie || Accessories || Grey || Melange,grey beanie,
Divided || Hat/beanie || Accessories || Grey || Solid,grey beanie,
Divided || Hat/beanie || Accessories || Orange || Solid,orange beanie,
Divided || Hat/beanie || Accessories || Pink || Solid,pink beanie,
Divided || Hat/beanie || Accessories || Red || Solid,red beanie,
Divided || Hat/beanie || Accessories || White || Solid,white beanie,
Divided || Hat/beanie || Accessories || Yellow || Solid,yellow beanie,
Divided || Hat/brim || Accessories || Beige || Solid,beige hat,
Divided || Hat/brim || Accessories || Black || Solid,black hat,
Divided || Hat/brim || Accessories || Pink || Solid,pink hat,
Divided || Hoodie || Jersey Basic || Black || Solid,black hoodie,
Divided || Hoodie || Jersey Basic || Grey || Melange,grey hoodie,
Divided || Hoodie || Jersey Basic || Lilac Purple || Solid,lilac hoodie,
Divided || Hoodie || Jersey Basic || Mole || Solid,,colour unmapped
Divided || Hoodie || Jersey Basic || Orange || Solid,orange hoodie,
Divided || Hoodie || Jersey Basic || Pink || Solid,pink hoodie,
Divided || Hoodie || Jersey Basic || Red || Solid,red hoodie,
Divided || Hoodie || Jersey Basic || White || Solid,white hoodie,
Divided || Hoodie || Jersey Basic || Yellow || Solid,yellow hoodie,
Divided || Hoodie || Jersey Fancy || Black || Placement print,black hoodie,
Divided || Hoodie || Jersey Fancy || Black || Solid,black hoodie,
Divided || Hoodie || Jersey Fancy || Blue || Placement print,blue hoodie,
Divided || Hoodie || Jersey Fancy || Grey || Placement print,grey hoodie,
Divided || Hoodie || Jersey Fancy || Pink || Placement print,pink hoodie,
Divided || Hoodie || Jersey Fancy || Red || Placement print,red hoodie,
Divided || Hoodie || Jersey Fancy || White || Placement print,white hoodie,
Divided || Hoodie || Outdoor || Black || Solid,black hoodie,
Divided || Hoodie || Outdoor || Blue || Solid,blue hoodie,
Divided || Hoodie || Outdoor || Khaki green || Solid,khaki hoodie,
Divided || Hoodie || Outdoor || Pink || Solid,pink hoodie,
Divided || Hoodie || Outdoor || Red || Solid,red hoodie,
Divided || Hoodie || Outdoor || Yellow || Solid,yellow hoodie,
Divided || Hoodie || Unknown || Black || Solid,black hoodie,
Divided || Jacket || Blouses || Beige || Solid,beige jacket,
Divided || Jacket || Dresses Ladies || Blue || Denim,blue jacket,
Divided || Jacket || Outdoor || Beige || All over pattern,beige jacket,
Divided || Jacket || Outdoor || Beige || Solid,beige jacket,
Divided || Jacket || Outdoor || Black || All over pattern,black jacket,
Divided || Jacket || Outdoor || Black || Denim,black jacket,
Divided || Jacket || Outdoor || Black || Solid,black jacket,
Divided || Jacket || Outdoor || Blue || Denim,blue jacket,
Divided || Jacket || Outdoor || Blue || Solid,blue jacket,
Divided || Jacket || Outdoor || Brown || Solid,brown jacket,
Divided || Jacket || Outdoor || Green || Solid,green jacket,
Divided || Jacket || Outdoor || Grey || Solid,grey jacket,
Divided || Jacket || Outdoor || Khaki green || All over pattern,khaki jacket,
Divided || Jacket || Outdoor || Khaki green || Solid,khaki jacket,
Divided || Jacket || Outdoor || Mole || Solid,,colour unmapped
Divided || Jacket || Outdoor || Orange || Solid,orange jacket,
Divided || Jacket || Outdoor || Pink || Solid,pink jacket,
Divided || Jacket || Outdoor || Red || Solid,red jacket,
Divided || Jacket || Outdoor || Turquoise || Solid,turquoise jacket,
Divided || Jacket || Outdoor || White || Solid,white jacket,
Divided || Jacket || Outdoor || Yellow || Solid,yellow jacket,
Divided || Jacket || Trousers Denim || Black || Denim,black jacket,
Divided || Jacket || Trousers Denim || Blue || Denim,blue jacket,
Divided || Jacket || Trousers Denim || White || Denim,white jacket,
Divided || Jacket || Unknown || Beige || Solid,beige jacket,
Divided || Jacket || Unknown || Black || Solid,black jacket,
Divided || Jacket || Unknown || Khaki green || Solid,khaki jacket,
Divided || Jacket || Unknown || Red || Solid,red jacket,
Divided || Jumpsuit/Playsuit || Dresses Ladies || Beige || All over pattern,beige jumpsuit,
Divided || Jumpsuit/Playsuit || Dresses Ladies || Beige || Solid,beige jumpsuit,
Divided || Jumpsuit/Playsuit || Dresses Ladies || Black || All over pattern,black jumpsuit,
Divided || Jumpsuit/Playsuit || Dresses Ladies || Black || Glittering/Metallic,black jumpsuit,
Divided || Jumpsuit/Playsuit || Dresses Ladies || Black || Solid,black jumpsuit,
Divided || Jumpsuit/Playsuit || Dresses Ladies || Blue || All over pattern,blue jumpsuit,
Divided || Jumpsuit/Playsuit || Dresses Ladies || Blue || Denim,blue jumpsuit,
Divided || Jumpsuit/Playsuit || Dresses Ladies || Khaki green || Solid,khaki jumpsuit,
Divided || Jumpsuit/Playsuit || Dresses Ladies || Orange || All over pattern,orange jumpsuit,
Divided || Jumpsuit/Playsuit || Dresses Ladies || Pink || Solid,pink jumpsuit,
Divided || Jumpsuit/Playsuit || Dresses Ladies || Red || All over pattern,red jumpsuit,
Divided || Jumpsuit/Playsuit || Dresses Ladies || Red || Solid,red jumpsuit,
Divided || Jumpsuit/Playsuit || Dresses Ladies || White || All over pattern,white jumpsuit,
Divided || Jumpsuit/Playsuit || Dresses Ladies || White || Solid,white jumpsuit,
Divided || Jumpsuit/Playsuit || Dresses Ladies || White || Stripe,white jumpsuit,
Divided || Jumpsuit/Playsuit || Dresses Ladies || Yellow || All over pattern,yellow jumpsuit,
Divided || Leggings/Tights || Jersey Basic || Black || Contrast,black leggings,
Divided || Leggings/Tights || Jersey Basic || Black || Solid,black leggings,
Divided || Leggings/Tights || Trousers || Black || Solid,black leggings,
Divided || Necklace || Accessories || Black || Solid,black necklace,
Divided || Necklace || Accessories || Metal || Metallic,,colour unmapped
Divided || Other accessories || Accessories || Beige || Solid,,product type unmapped
Divided || Other accessories || Accessories || Black || Solid,,product type unmapped
Divided || Other accessories || Accessories || Grey || Solid,,product type unmapped
Divided || Other accessories || Accessories || Metal || Solid,,product type and colour both unmapped
Divided || Other accessories || Accessories || Pink || All over pattern,,product type unmapped
Divided || Other accessories || Accessories || Pink || Solid,,product type unmapped
Divided || Other accessories || Accessories || Red || Solid,,product type unmapped
Divided || Other accessories || Accessories || White || Solid,,product type unmapped
Divided || Outdoor Waistcoat || Outdoor || Black || Solid,,product type unmapped
Divided || Pumps || Shoes || Black || Solid,black pumps,
Divided || Sandals || Shoes || Black || Solid,black sandals,
Divided || Sandals || Shoes || Pink || Solid,pink sandals,
Divided || Scarf || Accessories || Beige || Solid,beige scarf,
Divided || Scarf || Accessories || Black || Solid,black scarf,
Divided || Scarf || Accessories || Blue || Jacquard,blue scarf,
Divided || Scarf || Accessories || Grey || Melange,grey scarf,
Divided || Scarf || Accessories || Grey || Solid,grey scarf,
Divided || Scarf || Accessories || Pink || Solid,pink scarf,
Divided || Scarf || Accessories || Red || Solid,red scarf,
Divided || Scarf || Accessories || Yellow || Solid,yellow scarf,
Divided || Shirt || Blouses || Beige || All over pattern,beige shirt,
Divided || Shirt || Blouses || Beige || Check,beige shirt,
Divided || Shirt || Blouses || Beige || Solid,beige shirt,
Divided || Shirt || Blouses || Black || All over pattern,black shirt,
Divided || Shirt || Blouses || Black || Check,black shirt,
Divided || Shirt || Blouses || Black || Solid,black shirt,
Divided || Shirt || Blouses || Blue || All over pattern,blue shirt,
Divided || Shirt || Blouses || Blue || Check,blue shirt,
Divided || Shirt || Blouses || Blue || Denim,blue shirt,
Divided || Shirt || Blouses || Blue || Solid,blue shirt,
Divided || Shirt || Blouses || Blue || Stripe,blue shirt,
Divided || Shirt || Blouses || Green || Check,green shirt,
Divided || Shirt || Blouses || Green || Solid,green shirt,
Divided || Shirt || Blouses || Green || Stripe,green shirt,
Divided || Shirt || Blouses || Khaki green || All over pattern,khaki shirt,
Divided || Shirt || Blouses || Khaki green || Solid,khaki shirt,
Divided || Shirt || Blouses || Lilac Purple || Solid,lilac shirt,
Divided || Shirt || Blouses || Orange || Check,orange shirt,
Divided || Shirt || Blouses || Pink || All over pattern,pink shirt,
Divided || Shirt || Blouses || Pink || Solid,pink shirt,
Divided || Shirt || Blouses || Pink || Stripe,pink shirt,
Divided || Shirt || Blouses || Red || All over pattern,red shirt,
Divided || Shirt || Blouses || Red || Check,red shirt,
Divided || Shirt || Blouses || Red || Solid,red shirt,
Divided || Shirt || Blouses || Red || Stripe,red shirt,
Divided || Shirt || Blouses || White || All over pattern,white shirt,
Divided || Shirt || Blouses || White || Check,white shirt,
Divided || Shirt || Blouses || White || Solid,white shirt,
Divided || Shirt || Blouses || White || Stripe,white shirt,
Divided || Shirt || Blouses || Yellow || Check,yellow shirt,
Divided || Shirt || Blouses || Yellow || Solid,yellow shirt,
Divided || Shirt || Trousers Denim || Blue || Denim,blue shirt,
Divided || Shirt || Unknown || Black || Solid,black shirt,
Divided || Shorts || Jersey Basic || Black || Solid,black shorts,
Divided || Shorts || Jersey Basic || Blue || Solid,blue shorts,
Divided || Shorts || Jersey Basic || Grey || Melange,grey shorts,
Divided || Shorts || Jersey Basic || Orange || Solid,orange shorts,
Divided || Shorts || Shorts || Beige || All over pattern,beige shorts,
Divided || Shorts || Shorts || Beige || Solid,beige shorts,
Divided || Shorts || Shorts || Black || All over pattern,black shorts,
Divided || Shorts || Shorts || Black || Denim,black shorts,
Divided || Shorts || Shorts || Black || Solid,black shorts,
Divided || Shorts || Shorts || Blue || Denim,blue shorts,
Divided || Shorts || Shorts || Blue || Solid,blue shorts,
Divided || Shorts || Shorts || Grey || Denim,grey shorts,
Divided || Shorts || Shorts || Khaki green || Solid,khaki shorts,
Divided || Shorts || Shorts || Pink || Solid,pink shorts,
Divided || Shorts || Shorts || White || All over pattern,white shorts,
Divided || Shorts || Shorts || White || Solid,white shorts,
Divided || Shorts || Trousers Denim || Black || Denim,black shorts,
Divided || Shorts || Trousers Denim || Blue || Denim,blue shorts,
Divided || Shorts || Trousers || Black || All over pattern,black shorts,
Divided || Shorts || Trousers || Blue || Denim,blue shorts,
Divided || Shorts || Trousers || Blue || Solid,blue shorts,
Divided || Shorts || Trousers || Red || Solid,red shorts,
Divided || Shorts || Trousers || White || All over pattern,white shorts,
Divided || Shorts || Unknown || Black || Denim,black shorts,
Divided || Shorts || Unknown || Black || Solid,black shorts,
Divided || Shorts || Unknown || Blue || Denim,blue shorts,
Divided || Skirt || Jersey Basic || Black || Solid,black skirt,
Divided || Skirt || Skirts || Beige || All over pattern,beige skirt,
Divided || Skirt || Skirts || Beige || Check,beige skirt,
Divided || Skirt || Skirts || Beige || Solid,beige skirt,
Divided || Skirt || Skirts || Black || All over pattern,black skirt,
Divided || Skirt || Skirts || Black || Check,black skirt,
Divided || Skirt || Skirts || Black || Denim,black skirt,
Divided || Skirt || Skirts || Black || Dot,black skirt,
Divided || Skirt || Skirts || Black || Glittering/Metallic,black skirt,
Divided || Skirt || Skirts || Black || Other structure,black skirt,
Divided || Skirt || Skirts || Black || Sequin,black skirt,
Divided || Skirt || Skirts || Black || Solid,black skirt,
Divided || Skirt || Skirts || Blue || All over pattern,blue skirt,
Divided || Skirt || Skirts || Blue || Check,blue skirt,
Divided || Skirt || Skirts || Blue || Denim,blue skirt,
Divided || Skirt || Skirts || Blue || Solid,blue skirt,
Divided || Skirt || Skirts || Green || All over pattern,green skirt,
Divided || Skirt || Skirts || Green || Solid,green skirt,
Divided || Skirt || Skirts || Khaki green || All over pattern,khaki skirt,
Divided || Skirt || Skirts || Khaki green || Solid,khaki skirt,
Divided || Skirt || Skirts || Pink || All over pattern,pink skirt,
Divided || Skirt || Skirts || Pink || Solid,pink skirt,
Divided || Skirt || Skirts || Red || Check,red skirt,
Divided || Skirt || Skirts || Red || Solid,red skirt,
Divided || Skirt || Skirts || White || All over pattern,white skirt,
Divided || Skirt || Skirts || White || Solid,white skirt,
Divided || Skirt || Skirts || Yellow || All over pattern,yellow skirt,
Divided || Skirt || Trousers Denim || Black || Denim,black skirt,
Divided || Skirt || Trousers Denim || Blue || Denim,blue skirt,
Divided || Skirt || Trousers || Beige || Solid,beige skirt,
Divided || Skirt || Trousers || Black || All over pattern,black skirt,
Divided || Skirt || Trousers || Black || Solid,black skirt,
Divided || Skirt || Trousers || Blue || All over pattern,blue skirt,
Divided || Skirt || Trousers || Blue || Denim,blue skirt,
Divided || Skirt || Trousers || Blue || Solid,blue skirt,
Divided || Skirt || Trousers || Mole || Solid,,colour unmapped
Divided || Skirt || Trousers || Pink || All over pattern,pink skirt,
Divided || Skirt || Trousers || Pink || Solid,pink skirt,
Divided || Skirt || Trousers || Red || All over pattern,red skirt,
Divided || Skirt || Trousers || Red || Solid,red skirt,
Divided || Skirt || Trousers || Turquoise || Solid,turquoise skirt,
Divided || Skirt || Trousers || White || Solid,white skirt,
Divided || Skirt || Unknown || Black || Solid,black skirt,
Divided || Sneakers || Shoes || Black || Solid,black sneakers,
Divided || Sneakers || Shoes || Pink || Solid,pink sneakers,
Divided || Sneakers || Shoes || White || Solid,white sneakers,
"Divided || Socks || Under-, Nightwear || Black || Solid",black socks,
"Divided || Socks || Under-, Nightwear || Pink || All over pattern",pink socks,
Divided || Sunglasses || Accessories || Black || Solid,black sunglasses,
Divided || Sunglasses || Accessories || Brown || Solid,brown sunglasses,
Divided || Sunglasses || Accessories || Metal || Solid,,colour unmapped
Divided || Sunglasses || Accessories || Pink || Solid,pink sunglasses,
Divided || Sweater || Jersey Basic || Black || Solid,black sweater,
Divided || Sweater || Jersey Basic || Grey || Melange,grey sweater,
Divided || Sweater || Jersey Basic || Khaki green || Solid,khaki sweater,
Divided || Sweater || Jersey Basic || Mole || Solid,,colour unmapped
Divided || Sweater || Jersey Basic || Orange || Solid,orange sweater,
Divided || Sweater || Jersey Basic || Red || Solid,red sweater,
Divided || Sweater || Jersey Basic || White || Solid,white sweater,
Divided || Sweater || Jersey Basic || Yellow || Solid,yellow sweater,
Divided || Sweater || Jersey Fancy || Beige || Solid,beige sweater,
Divided || Sweater || Jersey Fancy || Black || All over pattern,black sweater,
Divided || Sweater || Jersey Fancy || Black || Embroidery,black sweater,
Divided || Sweater || Jersey Fancy || Black || Front print,black sweater,
Divided || Sweater || Jersey Fancy || Black || Glittering/Metallic,black sweater,
Divided || Sweater || Jersey Fancy || Black || Placement print,black sweater,
Divided || Sweater || Jersey Fancy || Black || Solid,black sweater,
Divided || Sweater || Jersey Fancy || Blue || Colour blocking,blue sweater,
Divided || Sweater || Jersey Fancy || Blue || Placement print,blue sweater,
Divided || Sweater || Jersey Fancy || Blue || Solid,blue sweater,
Divided || Sweater || Jersey Fancy || Green || Placement print,green sweater,
Divided || Sweater || Jersey Fancy || Green || Solid,green sweater,
Divided || Sweater || Jersey Fancy || Grey || All over pattern,grey sweater,
Divided || Sweater || Jersey Fancy || Grey || Embroidery,grey sweater,
Divided || Sweater || Jersey Fancy || Grey || Front print,grey sweater,
Divided || Sweater || Jersey Fancy || Grey || Melange,grey sweater,
Divided || Sweater || Jersey Fancy || Grey || Placement print,grey sweater,
Divided || Sweater || Jersey Fancy || Grey || Solid,grey sweater,
Divided || Sweater || Jersey Fancy || Khaki green || Solid,khaki sweater,
Divided || Sweater || Jersey Fancy || Mole || Solid,,colour unmapped
Divided || Sweater || Jersey Fancy || Orange || Placement print,orange sweater,
Divided || Sweater || Jersey Fancy || Pink || Colour blocking,pink sweater,
Divided || Sweater || Jersey Fancy || Pink || Embroidery,pink sweater,
Divided || Sweater || Jersey Fancy || Pink || Front print,pink sweater,
Divided || Sweater || Jersey Fancy || Pink || Placement print,pink sweater,
Divided || Sweater || Jersey Fancy || Pink || Solid,pink sweater,
Divided || Sweater || Jersey Fancy || Red || All over pattern,red sweater,
Divided || Sweater || Jersey Fancy || Red || Placement print,red sweater,
Divided || Sweater || Jersey Fancy || Red || Solid,red sweater,
Divided || Sweater || Jersey Fancy || Turquoise || Solid,turquoise sweater,
Divided || Sweater || Jersey Fancy || White || Embroidery,white sweater,
Divided || Sweater || Jersey Fancy || White || Front print,white sweater,
Divided || Sweater || Jersey Fancy || White || Placement print,white sweater,
Divided || Sweater || Jersey Fancy || White || Solid,white sweater,
Divided || Sweater || Jersey Fancy || Yellow || Colour blocking,yellow sweater,
Divided || Sweater || Jersey Fancy || Yellow || Placement print,yellow sweater,
Divided || Sweater || Jersey Fancy || Yellow || Solid,yellow sweater,
Divided || Sweater || Knitwear || Beige || Melange,beige sweater,
Divided || Sweater || Knitwear || Beige || Solid,beige sweater,
Divided || Sweater || Knitwear || Beige || Stripe,beige sweater,
Divided || Sweater || Knitwear || Black || Application/3D,black sweater,
Divided || Sweater || Knitwear || Black || Glittering/Metallic,black sweater,
Divided || Sweater || Knitwear || Black || Jacquard,black sweater,
Divided || Sweater || Knitwear || Black || Lace,black sweater,
Divided || Sweater || Knitwear || Black || Melange,black sweater,
Divided || Sweater || Knitwear || Black || Placement print,black sweater,
Divided || Sweater || Knitwear || Black || Solid,black sweater,
Divided || Sweater || Knitwear || Black || Stripe,black sweater,
Divided || Sweater || Knitwear || Blue || Colour blocking,blue sweater,
Divided || Sweater || Knitwear || Blue || Melange,blue sweater,
Divided || Sweater || Knitwear || Blue || Other structure,blue sweater,
Divided || Sweater || Knitwear || Blue || Solid,blue sweater,
Divided || Sweater || Knitwear || Blue || Stripe,blue sweater,
Divided || Sweater || Knitwear || Green || Solid,green sweater,
Divided || Sweater || Knitwear || Grey || Melange,grey sweater,
Divided || Sweater || Knitwear || Grey || Solid,grey sweater,
Divided || Sweater || Knitwear || Grey || Stripe,grey sweater,
Divided || Sweater || Knitwear || Khaki green || Solid,khaki sweater,
Divided || Sweater || Knitwear || Lilac Purple || Solid,lilac sweater,
Divided || Sweater || Knitwear || Mole || Solid,,colour unmapped
Divided || Sweater || Knitwear || Orange || Solid,orange sweater,
Divided || Sweater || Knitwear || Pink || Melange,pink sweater,
Divided || Sweater || Knitwear || Pink || Other structure,pink sweater,
Divided || Sweater || Knitwear || Pink || Solid,pink sweater,
Divided || Sweater || Knitwear || Red || Other structure,red sweater,
Divided || Sweater || Knitwear || Red || Solid,red sweater,
Divided || Sweater || Knitwear || Red || Stripe,red sweater,
Divided || Sweater || Knitwear || White || All over pattern,white sweater,
Divided || Sweater || Knitwear || White || Embroidery,white sweater,
Divided || Sweater || Knitwear || White || Melange,white sweater,
Divided || Sweater || Knitwear || White || Other structure,white sweater,
Divided || Sweater || Knitwear || White || Solid,white sweater,
Divided || Sweater || Knitwear || White || Stripe,white sweater,
Divided || Sweater || Knitwear || Yellow || Other structure,yellow sweater,
Divided || Sweater || Knitwear || Yellow || Solid,yellow sweater,
Divided || Sweater || Unknown || Black || Solid,black sweater,
Divided || Swimsuit || Swimwear || Black || Solid,black swimsuit,
Divided || T-shirt || Jersey Basic || Beige || Solid,beige t-shirt,
Divided || T-shirt || Jersey Basic || Black || Solid,black t-shirt,
Divided || T-shirt || Jersey Basic || Black || Stripe,black t-shirt,
Divided || T-shirt || Jersey Basic || Blue || Solid,blue t-shirt,
Divided || T-shirt || Jersey Basic || Grey || Melange,grey t-shirt,
Divided || T-shirt || Jersey Basic || Grey || Solid,grey t-shirt,
Divided || T-shirt || Jersey Basic || Khaki green || Melange,khaki t-shirt,
Divided || T-shirt || Jersey Basic || Khaki green || Solid,khaki t-shirt,
Divided || T-shirt || Jersey Basic || Lilac Purple || Solid,lilac t-shirt,
Divided || T-shirt || Jersey Basic || Mole || Solid,,colour unmapped
Divided || T-shirt || Jersey Basic || Orange || Solid,orange t-shirt,
Divided || T-shirt || Jersey Basic || Pink || Melange,pink t-shirt,
Divided || T-shirt || Jersey Basic || Pink || Solid,pink t-shirt,
Divided || T-shirt || Jersey Basic || Red || Solid,red t-shirt,
Divided || T-shirt || Jersey Basic || Red || Stripe,red t-shirt,
Divided || T-shirt || Jersey Basic || White || Solid,white t-shirt,
Divided || T-shirt || Jersey Basic || White || Stripe,white t-shirt,
Divided || T-shirt || Jersey Basic || Yellow || Solid,yellow t-shirt,
Divided || T-shirt || Jersey Basic || Yellow || Stripe,yellow t-shirt,
Divided || T-shirt || Jersey Fancy || Beige || All over pattern,beige t-shirt,
Divided || T-shirt || Jersey Fancy || Black || All over pattern,black t-shirt,
Divided || T-shirt || Jersey Fancy || Black || Application/3D,black t-shirt,
Divided || T-shirt || Jersey Fancy || Black || Embroidery,black t-shirt,
Divided || T-shirt || Jersey Fancy || Black || Front print,black t-shirt,
Divided || T-shirt || Jersey Fancy || Black || Placement print,black t-shirt,
Divided || T-shirt || Jersey Fancy || Black || Solid,black t-shirt,
Divided || T-shirt || Jersey Fancy || Black || Treatment,black t-shirt,
Divided || T-shirt || Jersey Fancy || Blue || Placement print,blue t-shirt,
Divided || T-shirt || Jersey Fancy || Blue || Solid,blue t-shirt,
Divided || T-shirt || Jersey Fancy || Green || Solid,green t-shirt,
Divided || T-shirt || Jersey Fancy || Grey || Embroidery,grey t-shirt,
Divided || T-shirt || Jersey Fancy || Grey || Melange,grey t-shirt,
Divided || T-shirt || Jersey Fancy || Grey || Placement print,grey t-shirt,
Divided || T-shirt || Jersey Fancy || Khaki green || Solid,khaki t-shirt,
Divided || T-shirt || Jersey Fancy || Lilac Purple || Solid,lilac t-shirt,
Divided || T-shirt || Jersey Fancy || Orange || Solid,orange t-shirt,
Divided || T-shirt || Jersey Fancy || Pink || Embroidery,pink t-shirt,
Divided || T-shirt || Jersey Fancy || Pink || Front print,pink t-shirt,
Divided || T-shirt || Jersey Fancy || Pink || Placement print,pink t-shirt,
Divided || T-shirt || Jersey Fancy || Pink || Solid,pink t-shirt,
Divided || T-shirt || Jersey Fancy || Red || All over pattern,red t-shirt,
Divided || T-shirt || Jersey Fancy || Red || Placement print,red t-shirt,
Divided || T-shirt || Jersey Fancy || Red || Solid,red t-shirt,
Divided || T-shirt || Jersey Fancy || Turquoise || Solid,turquoise t-shirt,
Divided || T-shirt || Jersey Fancy || White || All over pattern,white t-shirt,
Divided || T-shirt || Jersey Fancy || White || Embroidery,white t-shirt,
Divided || T-shirt || Jersey Fancy || White || Front print,white t-shirt,
Divided || T-shirt || Jersey Fancy || White || Placement print,white t-shirt,
Divided || T-shirt || Jersey Fancy || White || Solid,white t-shirt,
Divided || T-shirt || Jersey Fancy || White || Stripe,white t-shirt,
Divided || T-shirt || Jersey Fancy || Yellow || Placement print,yellow t-shirt,
Divided || T-shirt || Jersey Fancy || Yellow || Solid,yellow t-shirt,
Divided || T-shirt || Unknown || Black || Solid,black t-shirt,
Divided || T-shirt || Unknown || Pink || Solid,pink t-shirt,
Divided || Top || Blouses || Black || Solid,black top,
Divided || Top || Blouses || White || Solid,white top,
Divided || Top || Jersey Basic || Black || Solid,black top,
Divided || Top || Jersey Basic || Black || Stripe,black top,
Divided || Top || Jersey Basic || Khaki green || Solid,khaki top,
Divided || Top || Jersey Basic || Lilac Purple || Solid,lilac top,
Divided || Top || Jersey Basic || Pink || Solid,pink top,
Divided || Top || Jersey Basic || Red || Solid,red top,
Divided || Top || Jersey Basic || Red || Stripe,red top,
Divided || Top || Jersey Basic || White || Solid,white top,
Divided || Top || Jersey Basic || White || Stripe,white top,
Divided || Top || Jersey Basic || Yellow || Solid,yellow top,
Divided || Top || Jersey Basic || Yellow || Stripe,yellow top,
Divided || Top || Jersey Fancy || Black || All over pattern,black top,
Divided || Top || Jersey Fancy || Black || Glittering/Metallic,black top,
Divided || Top || Jersey Fancy || Black || Lace,black top,
Divided || Top || Jersey Fancy || Black || Solid,black top,
Divided || Top || Jersey Fancy || Green || Solid,green top,
Divided || Top || Jersey Fancy || Pink || Solid,pink top,
Divided || Top || Jersey Fancy || Red || Solid,red top,
Divided || Top || Jersey Fancy || White || Solid,white top,
Divided || Top || Knitwear || White || Solid,white top,
Divided || Top || Unknown || Black || All over pattern,black top,
Divided || Trousers || Dresses Ladies || Black || Treatment,black trousers,
Divided || Trousers || Jersey Basic || Black || Solid,black trousers,
Divided || Trousers || Jersey Basic || Grey || Melange,grey trousers,
Divided || Trousers || Trousers Denim || Black || Denim,black trousers,
Divided || Trousers || Trousers Denim || Black || Solid,black trousers,
Divided || Trousers || Trousers Denim || Blue || Denim,blue trousers,
Divided || Trousers || Trousers Denim || Green || Denim,green trousers,
Divided || Trousers || Trousers Denim || Grey || Denim,grey trousers,
Divided || Trousers || Trousers Denim || Red || Denim,red trousers,
Divided || Trousers || Trousers Denim || White || Denim,white trousers,
Divided || Trousers || Trousers || Beige || All over pattern,beige trousers,
Divided || Trousers || Trousers || Beige || Solid,beige trousers,
Divided || Trousers || Trousers || Black || All over pattern,black trousers,
Divided || Trousers || Trousers || Black || Application/3D,black trousers,
Divided || Trousers || Trousers || Black || Check,black trousers,
Divided || Trousers || Trousers || Black || Denim,black trousers,
Divided || Trousers || Trousers || Black || Solid,black trousers,
Divided || Trousers || Trousers || Black || Stripe,black trousers,
Divided || Trousers || Trousers || Blue || All over pattern,blue trousers,
Divided || Trousers || Trousers || Blue || Application/3D,blue trousers,
Divided || Trousers || Trousers || Blue || Denim,blue trousers,
Divided || Trousers || Trousers || Blue || Placement print,blue trousers,
Divided || Trousers || Trousers || Blue || Solid,blue trousers,
Divided || Trousers || Trousers || Blue || Stripe,blue trousers,
Divided || Trousers || Trousers || Brown || Solid,brown trousers,
Divided || Trousers || Trousers || Green || Solid,green trousers,
Divided || Trousers || Trousers || Grey || Denim,grey trousers,
Divided || Trousers || Trousers || Grey || Solid,grey trousers,
Divided || Trousers || Trousers || Khaki green || All over pattern,khaki trousers,
Divided || Trousers || Trousers || Khaki green || Solid,khaki trousers,
Divided || Trousers || Trousers || Mole || Solid,,colour unmapped
Divided || Trousers || Trousers || Pink || Solid,pink trousers,
Divided || Trousers || Trousers || Red || All over pattern,red trousers,
Divided || Trousers || Trousers || Red || Solid,red trousers,
Divided || Trousers || Trousers || White || All over pattern,white trousers,
Divided || Trousers || Trousers || White || Check,white trousers,
Divided || Trousers || Trousers || White || Solid,white trousers,
Divided || Trousers || Unknown || Black || All over pattern,black trousers,
Divided || Trousers || Unknown || Black || Denim,black trousers,
Divided || Trousers || Unknown || Black || Solid,black trousers,
Divided || Trousers || Unknown || Blue || Denim,blue trousers,
"Divided || Underwear bottom || Under-, Nightwear || Beige || All over pattern",beige underwear,
"Divided || Underwear bottom || Under-, Nightwear || Black || All over pattern",black underwear,
"Divided || Underwear bottom || Under-, Nightwear || Black || Lace",black underwear,
"Divided || Underwear bottom || Under-, Nightwear || Black || Melange",black underwear,
"Divided || Underwear bottom || Under-, Nightwear || Black || Solid",black underwear,
"Divided || Underwear bottom || Under-, Nightwear || Grey || Melange",grey underwear,
"Divided || Underwear bottom || Under-, Nightwear || Lilac Purple || Solid",lilac underwear,
"Divided || Underwear bottom || Under-, Nightwear || Pink || All over pattern",pink underwear,
"Divided || Underwear bottom || Under-, Nightwear || Pink || Lace",pink underwear,
"Divided || Underwear bottom || Under-, Nightwear || Pink || Melange",pink underwear,
"Divided || Underwear bottom || Under-, Nightwear || Pink || Solid",pink underwear,
"Divided || Underwear bottom || Under-, Nightwear || Red || Solid",red underwear,
Divided || Unknown || Trousers Denim || Blue || Denim,,product type unmapped
Divided || Vest top || Blouses || Black || All over pattern,black vest top,
Divided || Vest top || Blouses || Black || Solid,black vest top,
Divided || Vest top || Blouses || Blue || Solid,blue vest top,
Divided || Vest top || Blouses || Blue || Stripe,blue vest top,
Divided || Vest top || Blouses || Green || Solid,green vest top,
Divided || Vest top || Blouses || Khaki green || Solid,khaki vest top,
Divided || Vest top || Blouses || Pink || Solid,pink vest top,
Divided || Vest top || Blouses || Red || Solid,red vest top,
Divided || Vest top || Blouses || White || All over pattern,white vest top,
Divided || Vest top || Blouses || White || Solid,white vest top,
Divided || Vest top || Blouses || Yellow || All over pattern,yellow vest top,
Divided || Vest top || Blouses || Yellow || Solid,yellow vest top,
Divided || Vest top || Jersey Basic || Beige || Solid,beige vest top,
Divided || Vest top || Jersey Basic || Black || Solid,black vest top,
Divided || Vest top || Jersey Basic || Blue || Solid,blue vest top,
Divided || Vest top || Jersey Basic || Grey || Melange,grey vest top,
Divided || Vest top || Jersey Basic || Grey || Solid,grey vest top,
Divided || Vest top || Jersey Basic || Khaki green || Solid,khaki vest top,
Divided || Vest top || Jersey Basic || Lilac Purple || Solid,lilac vest top,
Divided || Vest top || Jersey Basic || Orange || Solid,orange vest top,
Divided || Vest top || Jersey Basic || Pink || Melange,pink vest top,
Divided || Vest top || Jersey Basic || Pink || Solid,pink vest top,
Divided || Vest top || Jersey Basic || Red || Solid,red vest top,
Divided || Vest top || Jersey Basic || White || Solid,white vest top,
Divided || Vest top || Jersey Basic || Yellow || Solid,yellow vest top,
Divided || Vest top || Jersey Fancy || Beige || All over pattern,beige vest top,
Divided || Vest top || Jersey Fancy || Black || All over pattern,black vest top,
Divided || Vest top || Jersey Fancy || Black || Placement print,black vest top,
Divided || Vest top || Jersey Fancy || Black || Solid,black vest top,
Divided || Vest top || Jersey Fancy || Blue || Solid,blue vest top,
Divided || Vest top || Jersey Fancy || Green || Solid,green vest top,
Divided || Vest top || Jersey Fancy || Grey || Treatment,grey vest top,
Divided || Vest top || Jersey Fancy || Orange || Solid,orange vest top,
Divided || Vest top || Jersey Fancy || Pink || Solid,pink vest top,
Divided || Vest top || Jersey Fancy || Red || Placement print,red vest top,
Divided || Vest top || Jersey Fancy || Red || Solid,red vest top,
Divided || Vest top || Jersey Fancy || Turquoise || Solid,turquoise vest top,
Divided || Vest top || Jersey Fancy || White || All over pattern,white vest top,
Divided || Vest top || Jersey Fancy || White || Placement print,white vest top,
Divided || Vest top || Jersey Fancy || White || Solid,white vest top,
Divided || Vest top || Jersey Fancy || Yellow || Solid,yellow vest top,
Divided || Vest top || Knitwear || Beige || Solid,beige vest top,
Divided || Vest top || Knitwear || Black || Solid,black vest top,
Divided || Vest top || Knitwear || Red || Solid,red vest top,
Divided || Vest top || Knitwear || White || Solid,white vest top,
Divided || Vest top || Knitwear || Yellow || Solid,yellow vest top,
Divided || Wallet || Accessories || Black || Solid,black wallet,
Ladieswear || Bag || Accessories || Beige || All over pattern,beige bag,
Ladieswear || Bag || Accessories || Beige || Colour blocking,beige bag,
Ladieswear || Bag || Accessories || Beige || Solid,beige bag,
Ladieswear || Bag || Accessories || Black || All over pattern,black bag,
Ladieswear || Bag || Accessories || Black || Other structure,black bag,
Ladieswear || Bag || Accessories || Black || Solid,black bag,
Ladieswear || Bag || Accessories || Blue || Solid,blue bag,
Ladieswear || Bag || Accessories || Brown || Other structure,brown bag,
Ladieswear || Bag || Accessories || Brown || Solid,brown bag,
Ladieswear || Bag || Accessories || Green || Solid,green bag,
Ladieswear || Bag || Accessories || Grey || Solid,grey bag,
Ladieswear || Bag || Accessories || Khaki green || Solid,khaki bag,
Ladieswear || Bag || Accessories || Metal || Metallic,,colour unmapped
Ladieswear || Bag || Accessories || Metal || Solid,,colour unmapped
Ladieswear || Bag || Accessories || Mole || Solid,,colour unmapped
Ladieswear || Bag || Accessories || Orange || Solid,orange bag,
Ladieswear || Bag || Accessories || Pink || Solid,pink bag,
Ladieswear || Bag || Accessories || Red || Solid,red bag,
Ladieswear || Bag || Accessories || Turquoise || Solid,turquoise bag,
Ladieswear || Bag || Accessories || White || Solid,white bag,
Ladieswear || Bag || Accessories || Yellow || Solid,yellow bag,
Ladieswear || Ballerinas || Shoes || Beige || All over pattern,beige ballet flats,
Ladieswear || Ballerinas || Shoes || Beige || Solid,beige ballet flats,
Ladieswear || Ballerinas || Shoes || Black || All over pattern,black ballet flats,
Ladieswear || Ballerinas || Shoes || Black || Solid,black ballet flats,
Ladieswear || Ballerinas || Shoes || Brown || Solid,brown ballet flats,
Ladieswear || Ballerinas || Shoes || Orange || Solid,orange ballet flats,
Ladieswear || Ballerinas || Shoes || Pink || Solid,pink ballet flats,
Ladieswear || Ballerinas || Shoes || Red || Solid,red ballet flats,
Ladieswear || Ballerinas || Shoes || Yellow || Solid,yellow ballet flats,
Ladieswear || Belt || Accessories || Beige || Solid,beige belt,
Ladieswear || Belt || Accessories || Black || Application/3D,black belt,
Ladieswear || Belt || Accessories || Black || Other structure,black belt,
Ladieswear || Belt || Accessories || Black || Solid,black belt,
Ladieswear || Belt || Accessories || Brown || Solid,brown belt,
Ladieswear || Belt || Accessories || Metal || Glittering/Metallic,,colour unmapped
Ladieswear || Belt || Accessories || Metal || Metallic,,colour unmapped
Ladieswear || Belt || Accessories || Metal || Solid,,colour unmapped
Ladieswear || Belt || Accessories || Mole || Solid,,colour unmapped
Ladieswear || Belt || Accessories || Orange || Solid,orange belt,
Ladieswear || Belt || Accessories || Red || Solid,red belt,
Ladieswear || Belt || Accessories || White || Solid,white belt,
Ladieswear || Bikini top || Swimwear || Beige || All over pattern,beige bikini top,
Ladieswear || Bikini top || Swimwear || Black || All over pattern,black bikini top,
Ladieswear || Bikini top || Swimwear || Black || Lace,black bikini top,
Ladieswear || Bikini top || Swimwear || Black || Other structure,black bikini top,
Ladieswear || Bikini top || Swimwear || Black || Solid,black bikini top,
Ladieswear || Bikini top || Swimwear || Black || Stripe,black bikini top,
Ladieswear || Bikini top || Swimwear || Blue || All over pattern,blue bikini top,
Ladieswear || Bikini top || Swimwear || Blue || Other structure,blue bikini top,
Ladieswear || Bikini top || Swimwear || Blue || Solid,blue bikini top,
Ladieswear || Bikini top || Swimwear || Blue || Stripe,blue bikini top,
Ladieswear || Bikini top || Swimwear || Brown || Solid,brown bikini top,
Ladieswear || Bikini top || Swimwear || Green || All over pattern,green bikini top,
Ladieswear || Bikini top || Swimwear || Green || Other structure,green bikini top,
Ladieswear || Bikini top || Swimwear || Green || Solid,green bikini top,
Ladieswear || Bikini top || Swimwear || Grey || All over pattern,grey bikini top,
Ladieswear || Bikini top || Swimwear || Khaki green || Solid,khaki bikini top,
Ladieswear || Bikini top || Swimwear || Lilac Purple || All over pattern,lilac bikini top,
Ladieswear || Bikini top || Swimwear || Lilac Purple || Solid,lilac bikini top,
Ladieswear || Bikini top || Swimwear || Orange || All over pattern,orange bikini top,
Ladieswear || Bikini top || Swimwear || Orange || Solid,orange bikini top,
Ladieswear || Bikini top || Swimwear || Pink || All over pattern,pink bikini top,
Ladieswear || Bikini top || Swimwear || Pink || Other structure,pink bikini top,
Ladieswear || Bikini top || Swimwear || Pink || Solid,pink bikini top,
Ladieswear || Bikini top || Swimwear || Red || All over pattern,red bikini top,
Ladieswear || Bikini top || Swimwear || Red || Lace,red bikini top,
Ladieswear || Bikini top || Swimwear || Red || Solid,red bikini top,
Ladieswear || Bikini top || Swimwear || White || All over pattern,white bikini top,
Ladieswear || Bikini top || Swimwear || White || Lace,white bikini top,
Ladieswear || Bikini top || Swimwear || White || Other structure,white bikini top,
Ladieswear || Bikini top || Swimwear || White || Solid,white bikini top,
Ladieswear || Bikini top || Swimwear || White || Stripe,white bikini top,
Ladieswear || Bikini top || Swimwear || Yellow || All over pattern,yellow bikini top,
Ladieswear || Bikini top || Swimwear || Yellow || Other structure,yellow bikini top,
Ladieswear || Bikini top || Swimwear || Yellow || Solid,yellow bikini top,
Ladieswear || Blazer || Dressed || Beige || Check,beige blazer,
Ladieswear || Blazer || Dressed || Beige || Melange,beige blazer,
Ladieswear || Blazer || Dressed || Beige || Other structure,beige blazer,
Ladieswear || Blazer || Dressed || Beige || Solid,beige blazer,
Ladieswear || Blazer || Dressed || Black || Check,black blazer,
Ladieswear || Blazer || Dressed || Black || Other structure,black blazer,
Ladieswear || Blazer || Dressed || Black || Solid,black blazer,
Ladieswear || Blazer || Dressed || Black || Stripe,black blazer,
Ladieswear || Blazer || Dressed || Blue || Check,blue blazer,
Ladieswear || Blazer || Dressed || Blue || Other structure,blue blazer,
Ladieswear || Blazer || Dressed || Blue || Solid,blue blazer,
Ladieswear || Blazer || Dressed || Brown || Check,brown blazer,
Ladieswear || Blazer || Dressed || Brown || Solid,brown blazer,
Ladieswear || Blazer || Dressed || Green || Solid,green blazer,
Ladieswear || Blazer || Dressed || Grey || Check,grey blazer,
Ladieswear || Blazer || Dressed || Grey || Melange,grey blazer,
Ladieswear || Blazer || Dressed || Grey || Other structure,grey blazer,
Ladieswear || Blazer || Dressed || Grey || Solid,grey blazer,
Ladieswear || Blazer || Dressed || Khaki green || Solid,khaki blazer,
Ladieswear || Blazer || Dressed || Mole || Solid,,colour unmapped
Ladieswear || Blazer || Dressed || Orange || Solid,orange blazer,
Ladieswear || Blazer || Dressed || Pink || Check,pink blazer,
Ladieswear || Blazer || Dressed || Pink || Other structure,pink blazer,
Ladieswear || Blazer || Dressed || Pink || Solid,pink blazer,
Ladieswear || Blazer || Dressed || Red || Check,red blazer,
Ladieswear || Blazer || Dressed || Red || Solid,red blazer,
Ladieswear || Blazer || Dressed || Turquoise || Solid,turquoise blazer,
Ladieswear || Blazer || Dressed || White || Check,white blazer,
Ladieswear || Blazer || Dressed || White || Other structure,white blazer,
Ladieswear || Blazer || Dressed || White || Solid,white blazer,
Ladieswear || Blazer || Dressed || White || Stripe,white blazer,
Ladieswear || Blazer || Outdoor || Black || Solid,black blazer,
Ladieswear || Blazer || Outdoor || White || Solid,white blazer,
Ladieswear || Blazer || Unknown || Beige || Solid,beige blazer,
Ladieswear || Blouse || Blouses || Beige || All over pattern,beige blouse,
Ladieswear || Blouse || Blouses || Beige || Jacquard,beige blouse,
Ladieswear || Blouse || Blouses || Beige || Solid,beige blouse,
Ladieswear || Blouse || Blouses || Black || All over pattern,black blouse,
Ladieswear || Blouse || Blouses || Black || Check,black blouse,
Ladieswear || Blouse || Blouses || Black || Dot,black blouse,
Ladieswear || Blouse || Blouses || Black || Embroidery,black blouse,
Ladieswear || Blouse || Blouses || Black || Jacquard,black blouse,
Ladieswear || Blouse || Blouses || Black || Lace,black blouse,
Ladieswear || Blouse || Blouses || Black || Solid,black blouse,
Ladieswear || Blouse || Blouses || Black || Stripe,black blouse,
Ladieswear || Blouse || Blouses || Blue || All over pattern,blue blouse,
Ladieswear || Blouse || Blouses || Blue || Check,blue blouse,
Ladieswear || Blouse || Blouses || Blue || Denim,blue blouse,
Ladieswear || Blouse || Blouses || Blue || Embroidery,blue blouse,
Ladieswear || Blouse || Blouses || Blue || Jacquard,blue blouse,
Ladieswear || Blouse || Blouses || Blue || Solid,blue blouse,
Ladieswear || Blouse || Blouses || Blue || Stripe,blue blouse,
Ladieswear || Blouse || Blouses || Brown || All over pattern,brown blouse,
Ladieswear || Blouse || Blouses || Brown || Solid,brown blouse,
Ladieswear || Blouse || Blouses || Green || All over pattern,green blouse,
Ladieswear || Blouse || Blouses || Green || Jacquard,green blouse,
Ladieswear || Blouse || Blouses || Green || Solid,green blouse,
Ladieswear || Blouse || Blouses || Grey || All over pattern,grey blouse,
Ladieswear || Blouse || Blouses || Grey || Solid,grey blouse,
Ladieswear || Blouse || Blouses || Khaki green || All over pattern,khaki blouse,
Ladieswear || Blouse || Blouses || Khaki green || Solid,khaki blouse,
Ladieswear || Blouse || Blouses || Lilac Purple || Solid,lilac blouse,
Ladieswear || Blouse || Blouses || Mole || All over pattern,,colour unmapped
Ladieswear || Blouse || Blouses || Mole || Solid,,colour unmapped
Ladieswear || Blouse || Blouses || Orange || All over pattern,orange blouse,
Ladieswear || Blouse || Blouses || Orange || Solid,orange blouse,
Ladieswear || Blouse || Blouses || Pink || All over pattern,pink blouse,
Ladieswear || Blouse || Blouses || Pink || Solid,pink blouse,
Ladieswear || Blouse || Blouses || Pink || Stripe,pink blouse,
Ladieswear || Blouse || Blouses || Red || All over pattern,red blouse,
Ladieswear || Blouse || Blouses || Red || Jacquard,red blouse,
Ladieswear || Blouse || Blouses || Red || Lace,red blouse,
Ladieswear || Blouse || Blouses || Red || Solid,red blouse,
Ladieswear || Blouse || Blouses || Red || Stripe,red blouse,
Ladieswear || Blouse || Blouses || Turquoise || All over pattern,turquoise blouse,
Ladieswear || Blouse || Blouses || Turquoise || Solid,turquoise blouse,
Ladieswear || Blouse || Blouses || Unknown || All over pattern,,colour unmapped
Ladieswear || Blouse || Blouses || Unknown || Solid,,colour unmapped
Ladieswear || Blouse || Blouses || White || All over pattern,white blouse,
Ladieswear || Blouse || Blouses || White || Check,white blouse,
Ladieswear || Blouse || Blouses || White || Contrast,white blouse,
Ladieswear || Blouse || Blouses || White || Embroidery,white blouse,
Ladieswear || Blouse || Blouses || White || Jacquard,white blouse,
Ladieswear || Blouse || Blouses || White || Lace,white blouse,
Ladieswear || Blouse || Blouses || White || Solid,white blouse,
Ladieswear || Blouse || Blouses || White || Stripe,white blouse,
Ladieswear || Blouse || Blouses || Yellow || All over pattern,yellow blouse,
Ladieswear || Blouse || Blouses || Yellow || Solid,yellow blouse,
Ladieswear || Blouse || Blouses || Yellow || Stripe,yellow blouse,
Ladieswear || Blouse || Dresses Ladies || Black || Solid,black blouse,
Ladieswear || Blouse || Jersey Fancy || Black || Dot,black blouse,
Ladieswear || Blouse || Jersey Fancy || Black || Solid,black blouse,
Ladieswear || Blouse || Jersey Fancy || Blue || All over pattern,blue blouse,
Ladieswear || Blouse || Jersey Fancy || Green || Solid,green blouse,
Ladieswear || Blouse || Special Offers || Black || Solid,black blouse,
Ladieswear || Blouse || Special Offers || Blue || All over pattern,blue blouse,
Ladieswear || Blouse || Special Offers || Pink || Solid,pink blouse,
Ladieswear || Blouse || Special Offers || Red || Solid,red blouse,
Ladieswear || Blouse || Special Offers || White || All over pattern,white blouse,
Ladieswear || Blouse || Special Offers || White || Solid,white blouse,
Ladieswear || Blouse || Unknown || Black || Solid,black blouse,
Ladieswear || Blouse || Unknown || Blue || Solid,blue blouse,
Ladieswear || Blouse || Unknown || Grey || Solid,grey blouse,
Ladieswear || Blouse || Unknown || Pink || Solid,pink blouse,
Ladieswear || Blouse || Unknown || White || All over pattern,white blouse,
Ladieswear || Blouse || Unknown || White || Solid,white blouse,
Ladieswear || Bodysuit || Jersey Basic || Black || Solid,black bodysuit,
Ladieswear || Bodysuit || Jersey Basic || Grey || Melange,grey bodysuit,
Ladieswear || Bodysuit || Jersey Fancy || Beige || Solid,beige bodysuit,
Ladieswear || Bodysuit || Jersey Fancy || Black || Lace,black bodysuit,
Ladieswear || Bodysuit || Jersey Fancy || Black || Solid,black bodysuit,
Ladieswear || Bodysuit || Jersey Fancy || Orange || Solid,orange bodysuit,
Ladieswear || Bodysuit || Jersey Fancy || Pink || Solid,pink bodysuit,
Ladieswear || Bodysuit || Jersey Fancy || White || Solid,white bodysuit,
Ladieswear || Boots || Shoes || Beige || Solid,beige boots,
Ladieswear || Boots || Shoes || Black || Solid,black boots,
Ladieswear || Boots || Shoes || Brown || Solid,brown boots,
Ladieswear || Boots || Shoes || Grey || Solid,grey boots,
Ladieswear || Boots || Shoes || Mole || Solid,,colour unmapped
Ladieswear || Boots || Shoes || Pink || Solid,pink boots,
Ladieswear || Boots || Shoes || Red || Solid,red boots,
Ladieswear || Boots || Shoes || White || Solid,white boots,
Ladieswear || Bra || Jersey Fancy || Black || Solid,black bra,
"Ladieswear || Bra || Under-, Nightwear || Beige || Solid",beige bra,
"Ladieswear || Bra || Under-, Nightwear || Black || All over pattern",black bra,
"Ladieswear || Bra || Under-, Nightwear || Black || Contrast",black bra,
"Ladieswear || Bra || Under-, Nightwear || Black || Lace",black bra,
"Ladieswear || Bra || Under-, Nightwear || Black || Solid",black bra,
"Ladieswear || Bra || Under-, Nightwear || Blue || Lace",blue bra,
"Ladieswear || Bra || Under-, Nightwear || Blue || Solid",blue bra,
"Ladieswear || Bra || Under-, Nightwear || Brown || Solid",brown bra,
"Ladieswear || Bra || Under-, Nightwear || Green || Solid",green bra,
"Ladieswear || Bra || Under-, Nightwear || Grey || All over pattern",grey bra,
"Ladieswear || Bra || Under-, Nightwear || Grey || Contrast",grey bra,
"Ladieswear || Bra || Under-, Nightwear || Grey || Melange",grey bra,
"Ladieswear || Bra || Under-, Nightwear || Grey || Solid",grey bra,
"Ladieswear || Bra || Under-, Nightwear || Khaki green || Solid",khaki bra,
"Ladieswear || Bra || Under-, Nightwear || Lilac Purple || Lace",lilac bra,
"Ladieswear || Bra || Under-, Nightwear || Lilac Purple || Solid",lilac bra,
"Ladieswear || Bra || Under-, Nightwear || Mole || Solid",,colour unmapped
"Ladieswear || Bra || Under-, Nightwear || Orange || Contrast",orange bra,
"Ladieswear || Bra || Under-, Nightwear || Orange || Lace",orange bra,
"Ladieswear || Bra || Under-, Nightwear || Orange || Solid",orange bra,
"Ladieswear || Bra || Under-, Nightwear || Pink || All over pattern",pink bra,
"Ladieswear || Bra || Under-, Nightwear || Pink || Contrast",pink bra,
"Ladieswear || Bra || Under-, Nightwear || Pink || Lace",pink bra,
"Ladieswear || Bra || Under-, Nightwear || Pink || Melange",pink bra,
"Ladieswear || Bra || Under-, Nightwear || Pink || Solid",pink bra,
"Ladieswear || Bra || Under-, Nightwear || Red || Contrast",red bra,
"Ladieswear || Bra || Under-, Nightwear || Red || Lace",red bra,
"Ladieswear || Bra || Under-, Nightwear || Red || Solid",red bra,
"Ladieswear || Bra || Under-, Nightwear || Unknown || Solid",,colour unmapped
"Ladieswear || Bra || Under-, Nightwear || White || Lace",white bra,
"Ladieswear || Bra || Under-, Nightwear || White || Solid",white bra,
"Ladieswear || Bra || Under-, Nightwear || Yellow || Solid",yellow bra,
Ladieswear || Bra || Unknown || Black || Solid,black bra,
Ladieswear || Bracelet || Accessories || Metal || Solid,,colour unmapped
Ladieswear || Bracelet || Accessories || Pink || Solid,pink bracelet,
Ladieswear || Bracelet || Accessories || White || Solid,white bracelet,
Ladieswear || Cap/peaked || Accessories || Beige || Solid,beige cap,
Ladieswear || Cap/peaked || Accessories || Black || Solid,black cap,
Ladieswear || Cardigan || Knitwear || Beige || Melange,beige cardigan,
Ladieswear || Cardigan || Knitwear || Beige || Solid,beige cardigan,
Ladieswear || Cardigan || Knitwear || Black || Solid,black cardigan,
Ladieswear || Cardigan || Knitwear || Blue || Melange,blue cardigan,
Ladieswear || Cardigan || Knitwear || Blue || Solid,blue cardigan,
Ladieswear || Cardigan || Knitwear || Green || Melange,green cardigan,
Ladieswear || Cardigan || Knitwear || Green || Solid,green cardigan,
Ladieswear || Cardigan || Knitwear || Grey || Melange,grey cardigan,
Ladieswear || Cardigan || Knitwear || Khaki green || Solid,khaki cardigan,
Ladieswear || Cardigan || Knitwear || Mole || Melange,,colour unmapped
Ladieswear || Cardigan || Knitwear || Orange || Solid,orange cardigan,
Ladieswear || Cardigan || Knitwear || Pink || Melange,pink cardigan,
Ladieswear || Cardigan || Knitwear || Pink || Solid,pink cardigan,
Ladieswear || Cardigan || Knitwear || Red || Solid,red cardigan,
Ladieswear || Cardigan || Knitwear || White || Solid,white cardigan,
Ladieswear || Coat || Outdoor || Beige || Check,beige coat,
Ladieswear || Coat || Outdoor || Beige || Melange,beige coat,
Ladieswear || Coat || Outdoor || Beige || Solid,beige coat,
Ladieswear || Coat || Outdoor || Black || Solid,black coat,
Ladieswear || Coat || Outdoor || Blue || Solid,blue coat,
Ladieswear || Coat || Outdoor || Brown || Solid,brown coat,
Ladieswear || Coat || Outdoor || Green || Solid,green coat,
Ladieswear || Coat || Outdoor || Grey || Melange,grey coat,
Ladieswear || Coat || Outdoor || Grey || Solid,grey coat,
Ladieswear || Coat || Outdoor || Khaki green || Solid,khaki coat,
Ladieswear || Coat || Outdoor || Mole || Solid,,colour unmapped
Ladieswear || Coat || Outdoor || Pink || Solid,pink coat,
Ladieswear || Coat || Outdoor || Red || Solid,red coat,
Ladieswear || Dress || Blouses || Beige || All over pattern,beige dress,
Ladieswear || Dress || Blouses || Beige || Solid,beige dress,
Ladieswear || Dress || Blouses || Black || All over pattern,black dress,
Ladieswear || Dress || Blouses || Black || Dot,black dress,
Ladieswear || Dress || Blouses || Black || Lace,black dress,
Ladieswear || Dress || Blouses || Black || Solid,black dress,
Ladieswear || Dress || Blouses || Blue || All over pattern,blue dress,
Ladieswear || Dress || Blouses || Blue || Denim,blue dress,
Ladieswear || Dress || Blouses || Blue || Lace,blue dress,
Ladieswear || Dress || Blouses || Blue || Solid,blue dress,
Ladieswear || Dress || Blouses || Blue || Stripe,blue dress,
Ladieswear || Dress || Blouses || Brown || All over pattern,brown dress,
Ladieswear || Dress || Blouses || Brown || Solid,brown dress,
Ladieswear || Dress || Blouses || Green || All over pattern,green dress,
Ladieswear || Dress || Blouses || Green || Solid,green dress,
Ladieswear || Dress || Blouses || Grey || All over pattern,grey dress,
Ladieswear || Dress || Blouses || Khaki green || Solid,khaki dress,
Ladieswear || Dress || Blouses || Orange || Solid,orange dress,
Ladieswear || Dress || Blouses || Pink || All over pattern,pink dress,
Ladieswear || Dress || Blouses || Pink || Solid,pink dress,
Ladieswear || Dress || Blouses || Red || All over pattern,red dress,
Ladieswear || Dress || Blouses || Red || Solid,red dress,
Ladieswear || Dress || Blouses || Turquoise || All over pattern,turquoise dress,
Ladieswear || Dress || Blouses || White || All over pattern,white dress,
Ladieswear || Dress || Blouses || White || Embroidery,white dress,
Ladieswear || Dress || Blouses || White || Lace,white dress,
Ladieswear || Dress || Blouses || White || Solid,white dress,
Ladieswear || Dress || Blouses || White || Stripe,white dress,
Ladieswear || Dress || Blouses || Yellow || All over pattern,yellow dress,
Ladieswear || Dress || Blouses || Yellow || Solid,yellow dress,
Ladieswear || Dress || Dresses Ladies || Beige || All over pattern,beige dress,
Ladieswear || Dress || Dresses Ladies || Beige || Solid,beige dress,
Ladieswear || Dress || Dresses Ladies || Black || All over pattern,black dress,
Ladieswear || Dress || Dresses Ladies || Black || Application/3D,black dress,
Ladieswear || Dress || Dresses Ladies || Black || Check,black dress,
Ladieswear || Dress || Dresses Ladies || Black || Dot,black dress,
Ladieswear || Dress || Dresses Ladies || Black || Embroidery,black dress,
Ladieswear || Dress || Dresses Ladies || Black || Glittering/Metallic,black dress,
Ladieswear || Dress || Dresses Ladies || Black || Jacquard,black dress,
Ladieswear || Dress || Dresses Ladies || Black || Lace,black dress,
Ladieswear || Dress || Dresses Ladies || Black || Other structure,black dress,
Ladieswear || Dress || Dresses Ladies || Black || Sequin,black dress,
Ladieswear || Dress || Dresses Ladies || Black || Solid,black dress,
Ladieswear || Dress || Dresses Ladies || Black || Stripe,black dress,
Ladieswear || Dress || Dresses Ladies || Blue || All over pattern,blue dress,
Ladieswear || Dress || Dresses Ladies || Blue || Check,blue dress,
Ladieswear || Dress || Dresses Ladies || Blue || Denim,blue dress,
Ladieswear || Dress || Dresses Ladies || Blue || Embroidery,blue dress,
Ladieswear || Dress || Dresses Ladies || Blue || Lace,blue dress,
Ladieswear || Dress || Dresses Ladies || Blue || Solid,blue dress,
Ladieswear || Dress || Dresses Ladies || Blue || Stripe,blue dress,
Ladieswear || Dress || Dresses Ladies || Brown || All over pattern,brown dress,
Ladieswear || Dress || Dresses Ladies || Brown || Solid,brown dress,
Ladieswear || Dress || Dresses Ladies || Green || All over pattern,green dress,
Ladieswear || Dress || Dresses Ladies || Green || Lace,green dress,
Ladieswear || Dress || Dresses Ladies || Green || Solid,green dress,
Ladieswear || Dress || Dresses Ladies || Grey || All over pattern,grey dress,
Ladieswear || Dress || Dresses Ladies || Grey || Solid,grey dress,
Ladieswear || Dress || Dresses Ladies || Khaki green || All over pattern,khaki dress,
Ladieswear || Dress || Dresses Ladies || Khaki green || Solid,khaki dress,
Ladieswear || Dress || Dresses Ladies || Lilac Purple || Solid,lilac dress,
Ladieswear || Dress || Dresses Ladies || Mole || Solid,,colour unmapped
Ladieswear || Dress || Dresses Ladies || Orange || All over pattern,orange dress,
Ladieswear || Dress || Dresses Ladies || Orange || Solid,orange dress,
Ladieswear || Dress || Dresses Ladies || Pink || All over pattern,pink dress,
Ladieswear || Dress || Dresses Ladies || Pink || Lace,pink dress,
Ladieswear || Dress || Dresses Ladies || Pink || Solid,pink dress,
Ladieswear || Dress || Dresses Ladies || Red || All over pattern,red dress,
Ladieswear || Dress || Dresses Ladies || Red || Jacquard,red dress,
Ladieswear || Dress || Dresses Ladies || Red || Lace,red dress,
Ladieswear || Dress || Dresses Ladies || Red || Solid,red dress,
Ladieswear || Dress || Dresses Ladies || Turquoise || All over pattern,turquoise dress,
Ladieswear || Dress || Dresses Ladies || Turquoise || Solid,turquoise dress,
Ladieswear || Dress || Dresses Ladies || Unknown || All over pattern,,colour unmapped
Ladieswear || Dress || Dresses Ladies || Unknown || Solid,,colour unmapped
Ladieswear || Dress || Dresses Ladies || White || All over pattern,white dress,
Ladieswear || Dress || Dresses Ladies || White || Dot,white dress,
Ladieswear || Dress || Dresses Ladies || White || Embroidery,white dress,
Ladieswear || Dress || Dresses Ladies || White || Jacquard,white dress,
Ladieswear || Dress || Dresses Ladies || White || Lace,white dress,
Ladieswear || Dress || Dresses Ladies || White || Solid,white dress,
Ladieswear || Dress || Dresses Ladies || White || Stripe,white dress,
Ladieswear || Dress || Dresses Ladies || Yellow || All over pattern,yellow dress,
Ladieswear || Dress || Dresses Ladies || Yellow || Solid,yellow dress,
Ladieswear || Dress || Jersey Basic || Black || All over pattern,black dress,
Ladieswear || Dress || Jersey Basic || Black || Solid,black dress,
Ladieswear || Dress || Jersey Basic || Black || Stripe,black dress,
Ladieswear || Dress || Jersey Basic || Blue || Solid,blue dress,
Ladieswear || Dress || Jersey Basic || Blue || Stripe,blue dress,
Ladieswear || Dress || Jersey Basic || Brown || Solid,brown dress,
Ladieswear || Dress || Jersey Basic || Grey || Melange,grey dress,
Ladieswear || Dress || Jersey Basic || Grey || Solid,grey dress,
Ladieswear || Dress || Jersey Basic || Khaki green || Solid,khaki dress,
Ladieswear || Dress || Jersey Basic || Orange || Solid,orange dress,
Ladieswear || Dress || Jersey Basic || Pink || Solid,pink dress,
Ladieswear || Dress || Jersey Basic || Red || Solid,red dress,
Ladieswear || Dress || Jersey Basic || White || Stripe,white dress,
Ladieswear || Dress || Jersey Fancy || Beige || All over pattern,beige dress,
Ladieswear || Dress || Jersey Fancy || Beige || Melange,beige dress,
Ladieswear || Dress || Jersey Fancy || Beige || Solid,beige dress,
Ladieswear || Dress || Jersey Fancy || Black || All over pattern,black dress,
Ladieswear || Dress || Jersey Fancy || Black || Dot,black dress,
Ladieswear || Dress || Jersey Fancy || Black || Glittering/Metallic,black dress,
Ladieswear || Dress || Jersey Fancy || Black || Lace,black dress,
Ladieswear || Dress || Jersey Fancy || Black || Solid,black dress,
Ladieswear || Dress || Jersey Fancy || Black || Stripe,black dress,
Ladieswear || Dress || Jersey Fancy || Blue || All over pattern,blue dress,
Ladieswear || Dress || Jersey Fancy || Blue || Dot,blue dress,
Ladieswear || Dress || Jersey Fancy || Blue || Lace,blue dress,
Ladieswear || Dress || Jersey Fancy || Blue || Melange,blue dress,
Ladieswear || Dress || Jersey Fancy || Blue || Solid,blue dress,
Ladieswear || Dress || Jersey Fancy || Blue || Stripe,blue dress,
Ladieswear || Dress || Jersey Fancy || Brown || Solid,brown dress,
Ladieswear || Dress || Jersey Fancy || Green || All over pattern,green dress,
Ladieswear || Dress || Jersey Fancy || Green || Lace,green dress,
Ladieswear || Dress || Jersey Fancy || Green || Solid,green dress,
Ladieswear || Dress || Jersey Fancy || Grey || Melange,grey dress,
Ladieswear || Dress || Jersey Fancy || Grey || Solid,grey dress,
Ladieswear || Dress || Jersey Fancy || Khaki green || Solid,khaki dress,
Ladieswear || Dress || Jersey Fancy || Lilac Purple || Solid,lilac dress,
Ladieswear || Dress || Jersey Fancy || Orange || Solid,orange dress,
Ladieswear || Dress || Jersey Fancy || Pink || Lace,pink dress,
Ladieswear || Dress || Jersey Fancy || Pink || Solid,pink dress,
Ladieswear || Dress || Jersey Fancy || Red || All over pattern,red dress,
Ladieswear || Dress || Jersey Fancy || Red || Lace,red dress,
Ladieswear || Dress || Jersey Fancy || Red || Solid,red dress,
Ladieswear || Dress || Jersey Fancy || Red || Stripe,red dress,
Ladieswear || Dress || Jersey Fancy || Turquoise || Lace,turquoise dress,
Ladieswear || Dress || Jersey Fancy || Turquoise || Solid,turquoise dress,
Ladieswear || Dress || Jersey Fancy || Unknown || Solid,,colour unmapped
Ladieswear || Dress || Jersey Fancy || White || All over pattern,white dress,
Ladieswear || Dress || Jersey Fancy || White || Lace,white dress,
Ladieswear || Dress || Jersey Fancy || White || Solid,white dress,
Ladieswear || Dress || Jersey Fancy || White || Stripe,white dress,
Ladieswear || Dress || Jersey Fancy || Yellow || All over pattern,yellow dress,
Ladieswear || Dress || Jersey Fancy || Yellow || Solid,yellow dress,
Ladieswear || Dress || Knitwear || Beige || Solid,beige dress,
Ladieswear || Dress || Knitwear || Black || Glittering/Metallic,black dress,
Ladieswear || Dress || Knitwear || Black || Solid,black dress,
Ladieswear || Dress || Knitwear || Blue || Solid,blue dress,
Ladieswear || Dress || Knitwear || Brown || Solid,brown dress,
Ladieswear || Dress || Knitwear || Grey || Melange,grey dress,
Ladieswear || Dress || Knitwear || Red || Solid,red dress,
Ladieswear || Dress || Special Offers || Beige || All over pattern,beige dress,
Ladieswear || Dress || Special Offers || Black || Jacquard,black dress,
Ladieswear || Dress || Special Offers || Black || Solid,black dress,
Ladieswear || Dress || Special Offers || Blue || All over pattern,blue dress,
Ladieswear || Dress || Special Offers || Brown || All over pattern,brown dress,
Ladieswear || Dress || Special Offers || Orange || All over pattern,orange dress,
Ladieswear || Dress || Special Offers || Pink || All over pattern,pink dress,
Ladieswear || Dress || Special Offers || Pink || Solid,pink dress,
Ladieswear || Dress || Special Offers || Red || Solid,red dress,
Ladieswear || Dress || Special Offers || White || All over pattern,white dress,
Ladieswear || Dress || Special Offers || White || Embroidery,white dress,
Ladieswear || Dress || Special Offers || White || Solid,white dress,
"Ladieswear || Dress || Under-, Nightwear || Black || Solid",black dress,
Ladieswear || Dress || Unknown || Beige || All over pattern,beige dress,
Ladieswear || Dress || Unknown || Beige || Solid,beige dress,
Ladieswear || Dress || Unknown || Black || All over pattern,black dress,
Ladieswear || Dress || Unknown || Black || Solid,black dress,
Ladieswear || Dress || Unknown || Blue || All over pattern,blue dress,
Ladieswear || Dress || Unknown || Blue || Solid,blue dress,
Ladieswear || Dress || Unknown || Green || Solid,green dress,
Ladieswear || Dress || Unknown || Khaki green || Solid,khaki dress,
Ladieswear || Dress || Unknown || Orange || Solid,orange dress,
Ladieswear || Dress || Unknown || Pink || All over pattern,pink dress,
Ladieswear || Dress || Unknown || Pink || Solid,pink dress,
Ladieswear || Dress || Unknown || Red || All over pattern,red dress,
Ladieswear || Dress || Unknown || Red || Solid,red dress,
Ladieswear || Dress || Unknown || White || All over pattern,white dress,
Ladieswear || Dungarees || Trousers || Blue || Denim,blue dungarees,
Ladieswear || Earring || Accessories || Beige || Solid,beige earrings,
Ladieswear || Earring || Accessories || Black || Solid,black earrings,
Ladieswear || Earring || Accessories || Blue || Solid,blue earrings,
Ladieswear || Earring || Accessories || Brown || Solid,brown earrings,
Ladieswear || Earring || Accessories || Green || Solid,green earrings,
Ladieswear || Earring || Accessories || Lilac Purple || Solid,lilac earrings,
Ladieswear || Earring || Accessories || Metal || Solid,,colour unmapped
Ladieswear || Earring || Accessories || Orange || Solid,orange earrings,
Ladieswear || Earring || Accessories || Pink || Solid,pink earrings,
Ladieswear || Earring || Accessories || Red || Solid,red earrings,
Ladieswear || Earring || Accessories || Turquoise || Solid,turquoise earrings,
Ladieswear || Earring || Accessories || White || Solid,white earrings,
Ladieswear || Earring || Accessories || Yellow || Solid,yellow earrings,
Ladieswear || Earrings || Accessories || Metal || Solid,,colour unmapped
Ladieswear || Flat shoe || Shoes || Beige || Solid,,product type unmapped
Ladieswear || Flat shoe || Shoes || Black || Solid,,product type unmapped
Ladieswear || Flat shoe || Shoes || Brown || Solid,,product type unmapped
Ladieswear || Flat shoe || Shoes || Red || Solid,,product type unmapped
Ladieswear || Flat shoe || Shoes || White || Solid,,product type unmapped
Ladieswear || Flat shoe || Shoes || Yellow || Solid,,product type unmapped
Ladieswear || Flip flop || Shoes || Black || Solid,black flip flops,
Ladieswear || Gloves || Accessories || Black || Solid,black gloves,
Ladieswear || Hair clip || Accessories || Black || Solid,black hair clip,
Ladieswear || Hair clip || Accessories || Metal || Glittering/Metallic,,colour unmapped
Ladieswear || Hair clip || Accessories || Metal || Metallic,,colour unmapped
Ladieswear || Hair clip || Accessories || Metal || Solid,,colour unmapped
Ladieswear || Hair clip || Accessories || White || Solid,white hair clip,
Ladieswear || Hair string || Accessories || Beige || Solid,,product type unmapped
Ladieswear || Hair string || Accessories || Black || Solid,,product type unmapped
Ladieswear || Hair string || Accessories || Orange || Solid,,product type unmapped
Ladieswear || Hair string || Accessories || Pink || Solid,,product type unmapped
Ladieswear || Hair string || Accessories || Red || Solid,,product type unmapped
Ladieswear || Hair string || Accessories || White || Solid,,product type unmapped
Ladieswear || Hair ties || Accessories || Black || Solid,black hair ties,
Ladieswear || Hair ties || Accessories || Pink || Solid,pink hair ties,
Ladieswear || Hair/alice band || Accessories || Beige || All over pattern,beige headband,
Ladieswear || Hair/alice band || Accessories || Beige || Solid,beige headband,
Ladieswear || Hair/alice band || Accessories || Black || All over pattern,black headband,
Ladieswear || Hair/alice band || Accessories || Black || Dot,black headband,
Ladieswear || Hair/alice band || Accessories || Black || Solid,black headband,
Ladieswear || Hair/alice band || Accessories || Blue || All over pattern,blue headband,
Ladieswear || Hair/alice band || Accessories || Brown || Solid,brown headband,
Ladieswear || Hair/alice band || Accessories || Green || All over pattern,green headband,
Ladieswear || Hair/alice band || Accessories || Green || Solid,green headband,
Ladieswear || Hair/alice band || Accessories || Grey || Solid,grey headband,
Ladieswear || Hair/alice band || Accessories || Khaki green || Solid,khaki headband,
Ladieswear || Hair/alice band || Accessories || Metal || Glittering/Metallic,,colour unmapped
Ladieswear || Hair/alice band || Accessories || Orange || All over pattern,orange headband,
Ladieswear || Hair/alice band || Accessories || Orange || Solid,orange headband,
Ladieswear || Hair/alice band || Accessories || Pink || All over pattern,pink headband,
Ladieswear || Hair/alice band || Accessories || Pink || Glittering/Metallic,pink headband,
Ladieswear || Hair/alice band || Accessories || Pink || Solid,pink headband,
Ladieswear || Hair/alice band || Accessories || Red || All over pattern,red headband,
Ladieswear || Hair/alice band || Accessories || Red || Solid,red headband,
Ladieswear || Hair/alice band || Accessories || White || All over pattern,white headband,
Ladieswear || Hair/alice band || Accessories || White || Solid,white headband,
Ladieswear || Hair/alice band || Accessories || Yellow || All over pattern,yellow headband,
Ladieswear || Hair/alice band || Accessories || Yellow || Solid,yellow headband,
Ladieswear || Hat/beanie || Accessories || Beige || Solid,beige beanie,
Ladieswear || Hat/beanie || Accessories || Black || Solid,black beanie,
Ladieswear || Hat/beanie || Accessories || Brown || Solid,brown beanie,
Ladieswear || Hat/beanie || Accessories || Grey || Melange,grey beanie,
Ladieswear || Hat/beanie || Accessories || Grey || Solid,grey beanie,
Ladieswear || Hat/beanie || Accessories || Mole || Solid,,colour unmapped
Ladieswear || Hat/beanie || Accessories || Orange || Solid,orange beanie,
Ladieswear || Hat/beanie || Accessories || Pink || Solid,pink beanie,
Ladieswear || Hat/beanie || Accessories || Red || Solid,red beanie,
Ladieswear || Hat/beanie || Accessories || Unknown || Solid,,colour unmapped
Ladieswear || Hat/beanie || Accessories || White || Solid,white beanie,
Ladieswear || Hat/beanie || Accessories || Yellow || Solid,yellow beanie,
Ladieswear || Hat/brim || Accessories || Beige || Solid,beige hat,
Ladieswear || Hat/brim || Accessories || Black || Solid,black hat,
Ladieswear || Hat/brim || Accessories || Brown || Solid,brown hat,
Ladieswear || Hat/brim || Accessories || White || Solid,white hat,
Ladieswear || Heeled sandals || Shoes || Beige || Solid,beige heeled sandals,
Ladieswear || Heeled sandals || Shoes || Black || Solid,black heeled sandals,
Ladieswear || Heeled sandals || Shoes || Brown || Solid,brown heeled sandals,
Ladieswear || Heeled sandals || Shoes || Metal || Solid,,colour unmapped
Ladieswear || Heeled sandals || Shoes || Orange || Solid,orange heeled sandals,
Ladieswear || Heeled sandals || Shoes || Pink || Solid,pink heeled sandals,
Ladieswear || Heeled sandals || Shoes || Red || Solid,red heeled sandals,
Ladieswear || Heeled sandals || Shoes || White || Solid,white heeled sandals,
Ladieswear || Heeled sandals || Shoes || Yellow || Solid,yellow heeled sandals,
Ladieswear || Heels || Shoes || Black || Solid,black heels,
Ladieswear || Hoodie || Jersey Basic || Black || Solid,black hoodie,
Ladieswear || Hoodie || Jersey Basic || Blue || Solid,blue hoodie,
Ladieswear || Hoodie || Jersey Basic || Grey || Melange,grey hoodie,
Ladieswear || Hoodie || Jersey Basic || Mole || Solid,,colour unmapped
Ladieswear || Hoodie || Jersey Basic || Orange || Solid,orange hoodie,
Ladieswear || Hoodie || Jersey Basic || White || Solid,white hoodie,
Ladieswear || Hoodie || Jersey Fancy || Beige || Solid,beige hoodie,
Ladieswear || Hoodie || Jersey Fancy || Black || Solid,black hoodie,
Ladieswear || Hoodie || Jersey Fancy || Grey || Front print,grey hoodie,
Ladieswear || Hoodie || Jersey Fancy || Grey || Melange,grey hoodie,
Ladieswear || Hoodie || Jersey Fancy || White || Solid,white hoodie,
Ladieswear || Jacket || Blouses || Black || Solid,black jacket,
Ladieswear || Jacket || Blouses || Blue || Solid,blue jacket,
Ladieswear || Jacket || Dressed || Black || Solid,black jacket,
Ladieswear || Jacket || Outdoor || Beige || All over pattern,beige jacket,
Ladieswear || Jacket || Outdoor || Beige || Check,beige jacket,
Ladieswear || Jacket || Outdoor || Beige || Solid,beige jacket,
Ladieswear || Jacket || Outdoor || Black || All over pattern,black jacket,
Ladieswear || Jacket || Outdoor || Black || Check,black jacket,
Ladieswear || Jacket || Outdoor || Black || Other structure,black jacket,
Ladieswear || Jacket || Outdoor || Black || Solid,black jacket,
Ladieswear || Jacket || Outdoor || Blue || Denim,blue jacket,
Ladieswear || Jacket || Outdoor || Blue || Solid,blue jacket,
Ladieswear || Jacket || Outdoor || Brown || Solid,brown jacket,
Ladieswear || Jacket || Outdoor || Green || Solid,green jacket,
Ladieswear || Jacket || Outdoor || Grey || Melange,grey jacket,
Ladieswear || Jacket || Outdoor || Grey || Solid,grey jacket,
Ladieswear || Jacket || Outdoor || Khaki green || Solid,khaki jacket,
Ladieswear || Jacket || Outdoor || Mole || Solid,,colour unmapped
Ladieswear || Jacket || Outdoor || Orange || Solid,orange jacket,
Ladieswear || Jacket || Outdoor || Pink || Solid,pink jacket,
Ladieswear || Jacket || Outdoor || Red || Solid,red jacket,
Ladieswear || Jacket || Outdoor || White || Solid,white jacket,
Ladieswear || Jacket || Outdoor || Yellow || Solid,yellow jacket,
Ladieswear || Jacket || Trousers Denim || Black || Denim,black jacket,
Ladieswear || Jacket || Trousers Denim || Blue || Denim,blue jacket,
Ladieswear || Jacket || Unknown || Black || Solid,black jacket,
Ladieswear || Jacket || Unknown || Khaki green || Solid,khaki jacket,
Ladieswear || Jumpsuit/Playsuit || Jersey Fancy || Black || Solid,black jumpsuit,
Ladieswear || Jumpsuit/Playsuit || Trousers || Beige || Solid,beige jumpsuit,
Ladieswear || Jumpsuit/Playsuit || Trousers || Black || All over pattern,black jumpsuit,
Ladieswear || Jumpsuit/Playsuit || Trousers || Black || Solid,black jumpsuit,
Ladieswear || Jumpsuit/Playsuit || Trousers || Blue || Denim,blue jumpsuit,
Ladieswear || Jumpsuit/Playsuit || Trousers || Khaki green || Solid,khaki jumpsuit,
Ladieswear || Jumpsuit/Playsuit || Trousers || White || Solid,white jumpsuit,
Ladieswear || Leggings/Tights || Jersey Basic || Black || Solid,black leggings,
Ladieswear || Leggings/Tights || Jersey Basic || Grey || Melange,grey leggings,
Ladieswear || Leggings/Tights || Jersey Fancy || Black || All over pattern,black leggings,
Ladieswear || Leggings/Tights || Jersey Fancy || Black || Placement print,black leggings,
Ladieswear || Leggings/Tights || Jersey Fancy || Black || Solid,black leggings,
Ladieswear || Leggings/Tights || Jersey Fancy || Grey || All over pattern,grey leggings,
Ladieswear || Leggings/Tights || Jersey Fancy || Grey || Melange,grey leggings,
Ladieswear || Leggings/Tights || Socks and Tights || Black || Solid,black leggings,
Ladieswear || Leggings/Tights || Trousers || Black || Solid,black leggings,
Ladieswear || Necklace || Accessories || Black || Solid,black necklace,
Ladieswear || Necklace || Accessories || Metal || Solid,,colour unmapped
Ladieswear || Necklace || Accessories || Orange || Solid,orange necklace,
Ladieswear || Necklace || Accessories || Pink || Solid,pink necklace,
Ladieswear || Necklace || Accessories || Red || Solid,red necklace,
Ladieswear || Necklace || Accessories || Turquoise || Solid,turquoise necklace,
Ladieswear || Necklace || Accessories || White || Solid,white necklace,
"Ladieswear || Night gown || Under-, Nightwear || Black || Solid",black nightgown,
"Ladieswear || Night gown || Under-, Nightwear || Blue || All over pattern",blue nightgown,
"Ladieswear || Night gown || Under-, Nightwear || Blue || Stripe",blue nightgown,
"Ladieswear || Night gown || Under-, Nightwear || Pink || All over pattern",pink nightgown,
"Ladieswear || Night gown || Under-, Nightwear || Pink || Lace",pink nightgown,
"Ladieswear || Night gown || Under-, Nightwear || Pink || Solid",pink nightgown,
"Ladieswear || Night gown || Under-, Nightwear || Pink || Stripe",pink nightgown,
Ladieswear || Other accessories || Accessories || Beige || All over pattern,,product type unmapped
Ladieswear || Other accessories || Accessories || Beige || Solid,,product type unmapped
Ladieswear || Other accessories || Accessories || Black || All over pattern,,product type unmapped
Ladieswear || Other accessories || Accessories || Black || Solid,,product type unmapped
Ladieswear || Other accessories || Accessories || Brown || All over pattern,,product type unmapped
Ladieswear || Other accessories || Accessories || Green || All over pattern,,product type unmapped
Ladieswear || Other accessories || Accessories || Green || Solid,,product type unmapped
Ladieswear || Other accessories || Accessories || Grey || Solid,,product type unmapped
Ladieswear || Other accessories || Accessories || Metal || Glittering/Metallic,,product type and colour both unmapped
Ladieswear || Other accessories || Accessories || Metal || Solid,,product type and colour both unmapped
Ladieswear || Other accessories || Accessories || Orange || All over pattern,,product type unmapped
Ladieswear || Other accessories || Accessories || Pink || All over pattern,,product type unmapped
Ladieswear || Other accessories || Accessories || Pink || Solid,,product type unmapped
Ladieswear || Other accessories || Accessories || Red || All over pattern,,product type unmapped
Ladieswear || Other accessories || Accessories || Red || Solid,,product type unmapped
Ladieswear || Other accessories || Accessories || White || All over pattern,,product type unmapped
Ladieswear || Other accessories || Accessories || White || Solid,,product type unmapped
Ladieswear || Other accessories || Accessories || Yellow || All over pattern,,product type unmapped
Ladieswear || Other accessories || Accessories || Yellow || Solid,,product type unmapped
Ladieswear || Other shoe || Shoes || Beige || Solid,,product type unmapped
Ladieswear || Other shoe || Shoes || Black || Solid,,product type unmapped
Ladieswear || Other shoe || Shoes || Brown || Solid,,product type unmapped
Ladieswear || Pumps || Shoes || Beige || Solid,beige pumps,
Ladieswear || Pumps || Shoes || Black || Solid,black pumps,
Ladieswear || Pumps || Shoes || Brown || Solid,brown pumps,
Ladieswear || Pumps || Shoes || Orange || Solid,orange pumps,
Ladieswear || Pumps || Shoes || Pink || Solid,pink pumps,
Ladieswear || Pumps || Shoes || Red || Solid,red pumps,
Ladieswear || Pumps || Shoes || White || Solid,white pumps,
Ladieswear || Pumps || Shoes || Yellow || Solid,yellow pumps,
"Ladieswear || Pyjama bottom || Under-, Nightwear || Black || All over pattern",black pyjama bottoms,
"Ladieswear || Pyjama bottom || Under-, Nightwear || Black || Solid",black pyjama bottoms,
"Ladieswear || Pyjama bottom || Under-, Nightwear || Blue || All over pattern",blue pyjama bottoms,
"Ladieswear || Pyjama bottom || Under-, Nightwear || Blue || Stripe",blue pyjama bottoms,
"Ladieswear || Pyjama bottom || Under-, Nightwear || Grey || All over pattern",grey pyjama bottoms,
"Ladieswear || Pyjama bottom || Under-, Nightwear || Grey || Melange",grey pyjama bottoms,
"Ladieswear || Pyjama bottom || Under-, Nightwear || Grey || Solid",grey pyjama bottoms,
"Ladieswear || Pyjama bottom || Under-, Nightwear || Pink || All over pattern",pink pyjama bottoms,
"Ladieswear || Pyjama bottom || Under-, Nightwear || Pink || Solid",pink pyjama bottoms,
"Ladieswear || Pyjama bottom || Under-, Nightwear || Red || All over pattern",red pyjama bottoms,
"Ladieswear || Pyjama bottom || Under-, Nightwear || White || All over pattern",white pyjama bottoms,
"Ladieswear || Pyjama set || Under-, Nightwear || Black || All over pattern",black pyjamas,
"Ladieswear || Pyjama set || Under-, Nightwear || Black || Contrast",black pyjamas,
"Ladieswear || Pyjama set || Under-, Nightwear || Black || Dot",black pyjamas,
"Ladieswear || Pyjama set || Under-, Nightwear || Black || Solid",black pyjamas,
"Ladieswear || Pyjama set || Under-, Nightwear || Blue || All over pattern",blue pyjamas,
"Ladieswear || Pyjama set || Under-, Nightwear || Blue || Solid",blue pyjamas,
"Ladieswear || Pyjama set || Under-, Nightwear || Blue || Stripe",blue pyjamas,
"Ladieswear || Pyjama set || Under-, Nightwear || Grey || All over pattern",grey pyjamas,
"Ladieswear || Pyjama set || Under-, Nightwear || Grey || Front print",grey pyjamas,
"Ladieswear || Pyjama set || Under-, Nightwear || Grey || Melange",grey pyjamas,
"Ladieswear || Pyjama set || Under-, Nightwear || Grey || Solid",grey pyjamas,
"Ladieswear || Pyjama set || Under-, Nightwear || Mole || Melange",,colour unmapped
"Ladieswear || Pyjama set || Under-, Nightwear || Pink || All over pattern",pink pyjamas,
"Ladieswear || Pyjama set || Under-, Nightwear || Pink || Front print",pink pyjamas,
"Ladieswear || Pyjama set || Under-, Nightwear || Pink || Melange",pink pyjamas,
"Ladieswear || Pyjama set || Under-, Nightwear || Pink || Solid",pink pyjamas,
"Ladieswear || Pyjama set || Under-, Nightwear || Pink || Stripe",pink pyjamas,
"Ladieswear || Pyjama set || Under-, Nightwear || Red || All over pattern",red pyjamas,
"Ladieswear || Pyjama set || Under-, Nightwear || Red || Check",red pyjamas,
"Ladieswear || Pyjama set || Under-, Nightwear || White || All over pattern",white pyjamas,
"Ladieswear || Pyjama set || Under-, Nightwear || White || Solid",white pyjamas,
Ladieswear || Ring || Accessories || Green || Solid,,product type unmapped
Ladieswear || Ring || Accessories || Metal || Solid,,product type and colour both unmapped
Ladieswear || Ring || Accessories || Orange || Solid,,product type unmapped
Ladieswear || Ring || Accessories || Pink || Solid,,product type unmapped
Ladieswear || Ring || Accessories || Turquoise || Solid,,product type unmapped
Ladieswear || Ring || Accessories || White || Solid,,product type unmapped
"Ladieswear || Robe || Under-, Nightwear || Black || Solid",black robe,
"Ladieswear || Robe || Under-, Nightwear || Pink || Solid",pink robe,
Ladieswear || Sandals || Shoes || Beige || Solid,beige sandals,
Ladieswear || Sandals || Shoes || Black || Solid,black sandals,
Ladieswear || Sandals || Shoes || Brown || Solid,brown sandals,
Ladieswear || Sandals || Shoes || Metal || Solid,,colour unmapped
Ladieswear || Sandals || Shoes || Orange || Solid,orange sandals,
Ladieswear || Sandals || Shoes || Pink || Solid,pink sandals,
Ladieswear || Sandals || Shoes || Red || Solid,red sandals,
Ladieswear || Sandals || Shoes || White || Solid,white sandals,
Ladieswear || Sandals || Shoes || Yellow || Solid,yellow sandals,
Ladieswear || Sarong || Swimwear || Black || Placement print,black sarong,
Ladieswear || Sarong || Swimwear || Black || Solid,black sarong,
Ladieswear || Sarong || Swimwear || White || All over pattern,white sarong,
Ladieswear || Sarong || Swimwear || White || Placement print,white sarong,
Ladieswear || Scarf || Accessories || Beige || All over pattern,beige scarf,
Ladieswear || Scarf || Accessories || Beige || Check,beige scarf,
Ladieswear || Scarf || Accessories || Beige || Solid,beige scarf,
Ladieswear || Scarf || Accessories || Black || All over pattern,black scarf,
Ladieswear || Scarf || Accessories || Black || Colour blocking,black scarf,
Ladieswear || Scarf || Accessories || Black || Solid,black scarf,
Ladieswear || Scarf || Accessories || Blue || All over pattern,blue scarf,
Ladieswear || Scarf || Accessories || Blue || Solid,blue scarf,
Ladieswear || Scarf || Accessories || Brown || Check,brown scarf,
Ladieswear || Scarf || Accessories || Brown || Solid,brown scarf,
Ladieswear || Scarf || Accessories || Grey || Melange,grey scarf,
Ladieswear || Scarf || Accessories || Grey || Solid,grey scarf,
Ladieswear || Scarf || Accessories || Mole || Solid,,colour unmapped
Ladieswear || Scarf || Accessories || Orange || All over pattern,orange scarf,
Ladieswear || Scarf || Accessories || Orange || Solid,orange scarf,
Ladieswear || Scarf || Accessories || Pink || All over pattern,pink scarf,
Ladieswear || Scarf || Accessories || Pink || Colour blocking,pink scarf,
Ladieswear || Scarf || Accessories || Pink || Solid,pink scarf,
Ladieswear || Scarf || Accessories || Red || Solid,red scarf,
Ladieswear || Scarf || Accessories || White || All over pattern,white scarf,
Ladieswear || Scarf || Accessories || White || Check,white scarf,
Ladieswear || Scarf || Accessories || White || Solid,white scarf,
Ladieswear || Scarf || Accessories || Yellow || All over pattern,yellow scarf,
Ladieswear || Scarf || Accessories || Yellow || Solid,yellow scarf,
Ladieswear || Shirt || Blouses || Beige || Solid,beige shirt,
Ladieswear || Shirt || Blouses || Black || Check,black shirt,
Ladieswear || Shirt || Blouses || Black || Solid,black shirt,
Ladieswear || Shirt || Blouses || Blue || All over pattern,blue shirt,
Ladieswear || Shirt || Blouses || Blue || Check,blue shirt,
Ladieswear || Shirt || Blouses || Blue || Denim,blue shirt,
Ladieswear || Shirt || Blouses || Blue || Melange,blue shirt,
Ladieswear || Shirt || Blouses || Blue || Solid,blue shirt,
Ladieswear || Shirt || Blouses || Blue || Stripe,blue shirt,
Ladieswear || Shirt || Blouses || Green || Solid,green shirt,
Ladieswear || Shirt || Blouses || Khaki green || Solid,khaki shirt,
Ladieswear || Shirt || Blouses || Pink || Check,pink shirt,
Ladieswear || Shirt || Blouses || Pink || Solid,pink shirt,
Ladieswear || Shirt || Blouses || Pink || Stripe,pink shirt,
Ladieswear || Shirt || Blouses || Red || Check,red shirt,
Ladieswear || Shirt || Blouses || Red || Solid,red shirt,
Ladieswear || Shirt || Blouses || Red || Stripe,red shirt,
Ladieswear || Shirt || Blouses || White || All over pattern,white shirt,
Ladieswear || Shirt || Blouses || White || Check,white shirt,
Ladieswear || Shirt || Blouses || White || Solid,white shirt,
Ladieswear || Shirt || Blouses || White || Stripe,white shirt,
Ladieswear || Shirt || Trousers Denim || Blue || Denim,blue shirt,
Ladieswear || Shirt || Unknown || Beige || Solid,beige shirt,
Ladieswear || Shirt || Unknown || Black || Solid,black shirt,
Ladieswear || Shirt || Unknown || Blue || Solid,blue shirt,
Ladieswear || Shirt || Unknown || White || Solid,white shirt,
Ladieswear || Shorts || Jersey Basic || Black || Solid,black shorts,
Ladieswear || Shorts || Jersey Basic || Grey || Melange,grey shorts,
Ladieswear || Shorts || Jersey Basic || Khaki green || Solid,khaki shorts,
Ladieswear || Shorts || Jersey Fancy || Black || Solid,black shorts,
Ladieswear || Shorts || Shorts || Beige || Solid,beige shorts,
Ladieswear || Shorts || Shorts || Black || Solid,black shorts,
Ladieswear || Shorts || Shorts || Blue || All over pattern,blue shorts,
Ladieswear || Shorts || Shorts || Blue || Denim,blue shorts,
Ladieswear || Shorts || Shorts || Blue || Solid,blue shorts,
Ladieswear || Shorts || Shorts || Blue || Stripe,blue shorts,
Ladieswear || Shorts || Shorts || Brown || Solid,brown shorts,
Ladieswear || Shorts || Shorts || Green || Solid,green shorts,
Ladieswear || Shorts || Shorts || Grey || Denim,grey shorts,
Ladieswear || Shorts || Shorts || Khaki green || Solid,khaki shorts,
Ladieswear || Shorts || Shorts || Orange || Solid,orange shorts,
Ladieswear || Shorts || Shorts || Pink || Solid,pink shorts,
Ladieswear || Shorts || Shorts || White || All over pattern,white shorts,
Ladieswear || Shorts || Shorts || White || Denim,white shorts,
Ladieswear || Shorts || Shorts || White || Solid,white shorts,
Ladieswear || Shorts || Shorts || White || Stripe,white shorts,
Ladieswear || Shorts || Trousers Denim || Blue || Denim,blue shorts,
Ladieswear || Shorts || Trousers || Beige || All over pattern,beige shorts,
Ladieswear || Shorts || Trousers || Black || Solid,black shorts,
Ladieswear || Shorts || Trousers || Blue || All over pattern,blue shorts,
Ladieswear || Shorts || Trousers || Blue || Denim,blue shorts,
Ladieswear || Shorts || Trousers || Blue || Solid,blue shorts,
Ladieswear || Shorts || Trousers || Green || Solid,green shorts,
Ladieswear || Shorts || Trousers || Khaki green || Solid,khaki shorts,
Ladieswear || Shorts || Trousers || Pink || Solid,pink shorts,
Ladieswear || Shorts || Trousers || Turquoise || Solid,turquoise shorts,
Ladieswear || Shorts || Trousers || White || All over pattern,white shorts,
Ladieswear || Shorts || Trousers || White || Solid,white shorts,
Ladieswear || Skirt || Dresses Ladies || Black || Solid,black skirt,
Ladieswear || Skirt || Jersey Basic || Black || Solid,black skirt,
Ladieswear || Skirt || Jersey Fancy || Beige || All over pattern,beige skirt,
Ladieswear || Skirt || Jersey Fancy || Beige || Solid,beige skirt,
Ladieswear || Skirt || Jersey Fancy || Black || Solid,black skirt,
Ladieswear || Skirt || Jersey Fancy || Orange || Solid,orange skirt,
Ladieswear || Skirt || Knitwear || Beige || Solid,beige skirt,
Ladieswear || Skirt || Knitwear || Black || Solid,black skirt,
Ladieswear || Skirt || Shorts || Beige || Solid,beige skirt,
Ladieswear || Skirt || Shorts || Black || Solid,black skirt,
Ladieswear || Skirt || Shorts || Blue || All over pattern,blue skirt,
Ladieswear || Skirt || Shorts || Blue || Denim,blue skirt,
Ladieswear || Skirt || Shorts || Blue || Solid,blue skirt,
Ladieswear || Skirt || Shorts || Blue || Stripe,blue skirt,
Ladieswear || Skirt || Shorts || Khaki green || Solid,khaki skirt,
Ladieswear || Skirt || Skirts || Beige || All over pattern,beige skirt,
Ladieswear || Skirt || Skirts || Beige || Check,beige skirt,
Ladieswear || Skirt || Skirts || Beige || Solid,beige skirt,
Ladieswear || Skirt || Skirts || Black || All over pattern,black skirt,
Ladieswear || Skirt || Skirts || Black || Check,black skirt,
Ladieswear || Skirt || Skirts || Black || Other structure,black skirt,
Ladieswear || Skirt || Skirts || Black || Solid,black skirt,
Ladieswear || Skirt || Skirts || Black || Stripe,black skirt,
Ladieswear || Skirt || Skirts || Blue || All over pattern,blue skirt,
Ladieswear || Skirt || Skirts || Blue || Check,blue skirt,
Ladieswear || Skirt || Skirts || Blue || Denim,blue skirt,
Ladieswear || Skirt || Skirts || Blue || Jacquard,blue skirt,
Ladieswear || Skirt || Skirts || Blue || Solid,blue skirt,
Ladieswear || Skirt || Skirts || Blue || Stripe,blue skirt,
Ladieswear || Skirt || Skirts || Brown || Solid,brown skirt,
Ladieswear || Skirt || Skirts || Green || All over pattern,green skirt,
Ladieswear || Skirt || Skirts || Green || Solid,green skirt,
Ladieswear || Skirt || Skirts || Grey || Check,grey skirt,
Ladieswear || Skirt || Skirts || Grey || Solid,grey skirt,
Ladieswear || Skirt || Skirts || Khaki green || Solid,khaki skirt,
Ladieswear || Skirt || Skirts || Mole || Solid,,colour unmapped
Ladieswear || Skirt || Skirts || Orange || All over pattern,orange skirt,
Ladieswear || Skirt || Skirts || Orange || Solid,orange skirt,
Ladieswear || Skirt || Skirts || Pink || All over pattern,pink skirt,
Ladieswear || Skirt || Skirts || Pink || Solid,pink skirt,
Ladieswear || Skirt || Skirts || Red || All over pattern,red skirt,
Ladieswear || Skirt || Skirts || Red || Check,red skirt,
Ladieswear || Skirt || Skirts || Red || Solid,red skirt,
Ladieswear || Skirt || Skirts || Turquoise || Solid,turquoise skirt,
Ladieswear || Skirt || Skirts || White || All over pattern,white skirt,
Ladieswear || Skirt || Skirts || White || Solid,white skirt,
Ladieswear || Skirt || Skirts || White || Stripe,white skirt,
Ladieswear || Skirt || Skirts || Yellow || All over pattern,yellow skirt,
Ladieswear || Skirt || Skirts || Yellow || Solid,yellow skirt,
Ladieswear || Skirt || Special Offers || Black || Solid,black skirt,
Ladieswear || Skirt || Trousers Denim || Blue || Denim,blue skirt,
Ladieswear || Skirt || Trousers || Beige || All over pattern,beige skirt,
Ladieswear || Skirt || Trousers || Beige || Solid,beige skirt,
Ladieswear || Skirt || Trousers || Black || All over pattern,black skirt,
Ladieswear || Skirt || Trousers || Black || Solid,black skirt,
Ladieswear || Skirt || Trousers || Blue || All over pattern,blue skirt,
Ladieswear || Skirt || Trousers || Blue || Denim,blue skirt,
Ladieswear || Skirt || Trousers || Blue || Solid,blue skirt,
Ladieswear || Skirt || Trousers || Green || Solid,green skirt,
Ladieswear || Skirt || Trousers || Orange || Solid,orange skirt,
Ladieswear || Skirt || Trousers || White || All over pattern,white skirt,
Ladieswear || Skirt || Trousers || White || Solid,white skirt,
Ladieswear || Skirt || Trousers || Yellow || All over pattern,yellow skirt,
Ladieswear || Skirt || Trousers || Yellow || Solid,yellow skirt,
Ladieswear || Skirt || Unknown || Black || Solid,black skirt,
Ladieswear || Skirt || Unknown || Blue || Solid,blue skirt,
Ladieswear || Slippers || Shoes || Black || Solid,black slippers,
Ladieswear || Slippers || Socks and Tights || Pink || Solid,pink slippers,
Ladieswear || Sneakers || Shoes || Beige || All over pattern,beige sneakers,
Ladieswear || Sneakers || Shoes || Beige || Solid,beige sneakers,
Ladieswear || Sneakers || Shoes || Black || Solid,black sneakers,
Ladieswear || Sneakers || Shoes || Blue || Solid,blue sneakers,
Ladieswear || Sneakers || Shoes || Green || Solid,green sneakers,
Ladieswear || Sneakers || Shoes || Grey || Solid,grey sneakers,
Ladieswear || Sneakers || Shoes || Metal || Solid,,colour unmapped
Ladieswear || Sneakers || Shoes || Mole || Solid,,colour unmapped
Ladieswear || Sneakers || Shoes || Orange || Solid,orange sneakers,
Ladieswear || Sneakers || Shoes || Pink || Solid,pink sneakers,
Ladieswear || Sneakers || Shoes || White || Solid,white sneakers,
Ladieswear || Sneakers || Shoes || Yellow || Solid,yellow sneakers,
Ladieswear || Socks || Socks and Tights || Beige || All over pattern,beige socks,
Ladieswear || Socks || Socks and Tights || Beige || Melange,beige socks,
Ladieswear || Socks || Socks and Tights || Beige || Solid,beige socks,
Ladieswear || Socks || Socks and Tights || Black || All over pattern,black socks,
Ladieswear || Socks || Socks and Tights || Black || Contrast,black socks,
Ladieswear || Socks || Socks and Tights || Black || Glittering/Metallic,black socks,
Ladieswear || Socks || Socks and Tights || Black || Solid,black socks,
Ladieswear || Socks || Socks and Tights || Blue || Melange,blue socks,
Ladieswear || Socks || Socks and Tights || Grey || All over pattern,grey socks,
Ladieswear || Socks || Socks and Tights || Grey || Melange,grey socks,
Ladieswear || Socks || Socks and Tights || Grey || Solid,grey socks,
Ladieswear || Socks || Socks and Tights || Pink || All over pattern,pink socks,
Ladieswear || Socks || Socks and Tights || Pink || Glittering/Metallic,pink socks,
Ladieswear || Socks || Socks and Tights || Pink || Melange,pink socks,
Ladieswear || Socks || Socks and Tights || Pink || Solid,pink socks,
Ladieswear || Socks || Socks and Tights || Red || All over pattern,red socks,
Ladieswear || Socks || Socks and Tights || White || All over pattern,white socks,
Ladieswear || Socks || Socks and Tights || White || Placement print,white socks,
Ladieswear || Socks || Socks and Tights || White || Solid,white socks,
Ladieswear || Socks || Socks and Tights || White || Stripe,white socks,
Ladieswear || Sunglasses || Accessories || Beige || Solid,beige sunglasses,
Ladieswear || Sunglasses || Accessories || Black || Solid,black sunglasses,
Ladieswear || Sunglasses || Accessories || Brown || Melange,brown sunglasses,
Ladieswear || Sunglasses || Accessories || Brown || Solid,brown sunglasses,
Ladieswear || Sunglasses || Accessories || Green || Solid,green sunglasses,
Ladieswear || Sunglasses || Accessories || Grey || Solid,grey sunglasses,
Ladieswear || Sunglasses || Accessories || Metal || Solid,,colour unmapped
Ladieswear || Sunglasses || Accessories || Orange || Solid,orange sunglasses,
Ladieswear || Sunglasses || Accessories || Pink || Solid,pink sunglasses,
Ladieswear || Sunglasses || Accessories || Red || Solid,red sunglasses,
Ladieswear || Sunglasses || Accessories || White || Solid,white sunglasses,
Ladieswear || Sweater || Jersey Basic || Beige || Solid,beige sweater,
Ladieswear || Sweater || Jersey Basic || Black || Solid,black sweater,
Ladieswear || Sweater || Jersey Basic || Blue || Solid,blue sweater,
Ladieswear || Sweater || Jersey Basic || Grey || Melange,grey sweater,
Ladieswear || Sweater || Jersey Basic || Grey || Solid,grey sweater,
Ladieswear || Sweater || Jersey Basic || Khaki green || Solid,khaki sweater,
Ladieswear || Sweater || Jersey Basic || Pink || Solid,pink sweater,
Ladieswear || Sweater || Jersey Basic || White || Solid,white sweater,
Ladieswear || Sweater || Jersey Fancy || Beige || All over pattern,beige sweater,
Ladieswear || Sweater || Jersey Fancy || Beige || Melange,beige sweater,
Ladieswear || Sweater || Jersey Fancy || Beige || Solid,beige sweater,
Ladieswear || Sweater || Jersey Fancy || Black || Melange,black sweater,
Ladieswear || Sweater || Jersey Fancy || Black || Solid,black sweater,
Ladieswear || Sweater || Jersey Fancy || Blue || Solid,blue sweater,
Ladieswear || Sweater || Jersey Fancy || Blue || Stripe,blue sweater,
Ladieswear || Sweater || Jersey Fancy || Green || Solid,green sweater,
Ladieswear || Sweater || Jersey Fancy || Grey || All over pattern,grey sweater,
Ladieswear || Sweater || Jersey Fancy || Grey || Application/3D,grey sweater,
Ladieswear || Sweater || Jersey Fancy || Grey || Embroidery,grey sweater,
Ladieswear || Sweater || Jersey Fancy || Grey || Front print,grey sweater,
Ladieswear || Sweater || Jersey Fancy || Grey || Melange,grey sweater,
Ladieswear || Sweater || Jersey Fancy || Khaki green || Solid,khaki sweater,
Ladieswear || Sweater || Jersey Fancy || Mole || Solid,,colour unmapped
Ladieswear || Sweater || Jersey Fancy || Orange || Solid,orange sweater,
Ladieswear || Sweater || Jersey Fancy || Pink || Melange,pink sweater,
Ladieswear || Sweater || Jersey Fancy || Pink || Solid,pink sweater,
Ladieswear || Sweater || Jersey Fancy || Red || Solid,red sweater,
Ladieswear || Sweater || Jersey Fancy || Unknown || Solid,,colour unmapped
Ladieswear || Sweater || Jersey Fancy || White || Front print,white sweater,
Ladieswear || Sweater || Jersey Fancy || White || Solid,white sweater,
Ladieswear || Sweater || Jersey Fancy || Yellow || Melange,yellow sweater,
Ladieswear || Sweater || Jersey Fancy || Yellow || Solid,yellow sweater,
Ladieswear || Sweater || Knitwear || Beige || Glittering/Metallic,beige sweater,
Ladieswear || Sweater || Knitwear || Beige || Jacquard,beige sweater,
Ladieswear || Sweater || Knitwear || Beige || Melange,beige sweater,
Ladieswear || Sweater || Knitwear || Beige || Solid,beige sweater,
Ladieswear || Sweater || Knitwear || Beige || Stripe,beige sweater,
Ladieswear || Sweater || Knitwear || Black || Application/3D,black sweater,
Ladieswear || Sweater || Knitwear || Black || Jacquard,black sweater,
Ladieswear || Sweater || Knitwear || Black || Melange,black sweater,
Ladieswear || Sweater || Knitwear || Black || Solid,black sweater,
Ladieswear || Sweater || Knitwear || Black || Stripe,black sweater,
Ladieswear || Sweater || Knitwear || Blue || Glittering/Metallic,blue sweater,
Ladieswear || Sweater || Knitwear || Blue || Melange,blue sweater,
Ladieswear || Sweater || Knitwear || Blue || Other structure,blue sweater,
Ladieswear || Sweater || Knitwear || Blue || Solid,blue sweater,
Ladieswear || Sweater || Knitwear || Blue || Stripe,blue sweater,
Ladieswear || Sweater || Knitwear || Brown || Melange,brown sweater,
Ladieswear || Sweater || Knitwear || Brown || Solid,brown sweater,
Ladieswear || Sweater || Knitwear || Green || Melange,green sweater,
Ladieswear || Sweater || Knitwear || Green || Solid,green sweater,
Ladieswear || Sweater || Knitwear || Green || Stripe,green sweater,
Ladieswear || Sweater || Knitwear || Grey || Application/3D,grey sweater,
Ladieswear || Sweater || Knitwear || Grey || Dot,grey sweater,
Ladieswear || Sweater || Knitwear || Grey || Jacquard,grey sweater,
Ladieswear || Sweater || Knitwear || Grey || Melange,grey sweater,
Ladieswear || Sweater || Knitwear || Grey || Solid,grey sweater,
Ladieswear || Sweater || Knitwear || Khaki green || Melange,khaki sweater,
Ladieswear || Sweater || Knitwear || Khaki green || Solid,khaki sweater,
Ladieswear || Sweater || Knitwear || Lilac Purple || Melange,lilac sweater,
Ladieswear || Sweater || Knitwear || Lilac Purple || Solid,lilac sweater,
Ladieswear || Sweater || Knitwear || Mole || Melange,,colour unmapped
Ladieswear || Sweater || Knitwear || Mole || Solid,,colour unmapped
Ladieswear || Sweater || Knitwear || Orange || Melange,orange sweater,
Ladieswear || Sweater || Knitwear || Orange || Solid,orange sweater,
Ladieswear || Sweater || Knitwear || Pink || Melange,pink sweater,
Ladieswear || Sweater || Knitwear || Pink || Solid,pink sweater,
Ladieswear || Sweater || Knitwear || Pink || Stripe,pink sweater,
Ladieswear || Sweater || Knitwear || Red || Application/3D,red sweater,
Ladieswear || Sweater || Knitwear || Red || Jacquard,red sweater,
Ladieswear || Sweater || Knitwear || Red || Melange,red sweater,
Ladieswear || Sweater || Knitwear || Red || Solid,red sweater,
Ladieswear || Sweater || Knitwear || Turquoise || Melange,turquoise sweater,
Ladieswear || Sweater || Knitwear || Turquoise || Solid,turquoise sweater,
Ladieswear || Sweater || Knitwear || Unknown || Solid,,colour unmapped
Ladieswear || Sweater || Knitwear || White || Application/3D,white sweater,
Ladieswear || Sweater || Knitwear || White || Jacquard,white sweater,
Ladieswear || Sweater || Knitwear || White || Melange,white sweater,
Ladieswear || Sweater || Knitwear || White || Solid,white sweater,
Ladieswear || Sweater || Knitwear || White || Stripe,white sweater,
Ladieswear || Sweater || Knitwear || Yellow || Melange,yellow sweater,
Ladieswear || Sweater || Knitwear || Yellow || Solid,yellow sweater,
Ladieswear || Sweater || Special Offers || Black || Solid,black sweater,
"Ladieswear || Sweater || Under-, Nightwear || Beige || Melange",beige sweater,
"Ladieswear || Sweater || Under-, Nightwear || Beige || Solid",beige sweater,
"Ladieswear || Sweater || Under-, Nightwear || Black || Solid",black sweater,
"Ladieswear || Sweater || Under-, Nightwear || Grey || Melange",grey sweater,
"Ladieswear || Sweater || Under-, Nightwear || Orange || Solid",orange sweater,
"Ladieswear || Sweater || Under-, Nightwear || Pink || Solid",pink sweater,
"Ladieswear || Sweater || Under-, Nightwear || White || Solid",white sweater,
Ladieswear || Sweater || Unknown || Beige || Solid,beige sweater,
Ladieswear || Sweater || Unknown || Black || Solid,black sweater,
Ladieswear || Sweater || Unknown || Blue || Solid,blue sweater,
Ladieswear || Sweater || Unknown || Grey || Melange,grey sweater,
Ladieswear || Sweater || Unknown || Red || Solid,red sweater,
Ladieswear || Sweater || Unknown || White || Solid,white sweater,
Ladieswear || Swimsuit || Jersey Fancy || White || All over pattern,white swimsuit,
Ladieswear || Swimsuit || Swimwear || Beige || All over pattern,beige swimsuit,
Ladieswear || Swimsuit || Swimwear || Black || All over pattern,black swimsuit,
Ladieswear || Swimsuit || Swimwear || Black || Other structure,black swimsuit,
Ladieswear || Swimsuit || Swimwear || Black || Solid,black swimsuit,
Ladieswear || Swimsuit || Swimwear || Black || Stripe,black swimsuit,
Ladieswear || Swimsuit || Swimwear || Blue || All over pattern,blue swimsuit,
Ladieswear || Swimsuit || Swimwear || Blue || Solid,blue swimsuit,
Ladieswear || Swimsuit || Swimwear || Green || Other structure,green swimsuit,
Ladieswear || Swimsuit || Swimwear || Green || Solid,green swimsuit,
Ladieswear || Swimsuit || Swimwear || Orange || All over pattern,orange swimsuit,
Ladieswear || Swimsuit || Swimwear || Orange || Solid,orange swimsuit,
Ladieswear || Swimsuit || Swimwear || Red || Solid,red swimsuit,
Ladieswear || Swimsuit || Swimwear || White || All over pattern,white swimsuit,
Ladieswear || Swimsuit || Swimwear || White || Solid,white swimsuit,
Ladieswear || Swimsuit || Swimwear || White || Stripe,white swimsuit,
Ladieswear || Swimsuit || Swimwear || Yellow || Solid,yellow swimsuit,
Ladieswear || Swimwear bottom || Swimwear || Beige || All over pattern,beige bikini bottoms,
Ladieswear || Swimwear bottom || Swimwear || Black || All over pattern,black bikini bottoms,
Ladieswear || Swimwear bottom || Swimwear || Black || Lace,black bikini bottoms,
Ladieswear || Swimwear bottom || Swimwear || Black || Other structure,black bikini bottoms,
Ladieswear || Swimwear bottom || Swimwear || Black || Solid,black bikini bottoms,
Ladieswear || Swimwear bottom || Swimwear || Black || Stripe,black bikini bottoms,
Ladieswear || Swimwear bottom || Swimwear || Blue || All over pattern,blue bikini bottoms,
Ladieswear || Swimwear bottom || Swimwear || Blue || Other structure,blue bikini bottoms,
Ladieswear || Swimwear bottom || Swimwear || Blue || Solid,blue bikini bottoms,
Ladieswear || Swimwear bottom || Swimwear || Blue || Stripe,blue bikini bottoms,
Ladieswear || Swimwear bottom || Swimwear || Brown || Solid,brown bikini bottoms,
Ladieswear || Swimwear bottom || Swimwear || Green || All over pattern,green bikini bottoms,
Ladieswear || Swimwear bottom || Swimwear || Green || Other structure,green bikini bottoms,
Ladieswear || Swimwear bottom || Swimwear || Green || Solid,green bikini bottoms,
Ladieswear || Swimwear bottom || Swimwear || Grey || All over pattern,grey bikini bottoms,
Ladieswear || Swimwear bottom || Swimwear || Khaki green || Solid,khaki bikini bottoms,
Ladieswear || Swimwear bottom || Swimwear || Lilac Purple || Solid,lilac bikini bottoms,
Ladieswear || Swimwear bottom || Swimwear || Orange || All over pattern,orange bikini bottoms,
Ladieswear || Swimwear bottom || Swimwear || Orange || Solid,orange bikini bottoms,
Ladieswear || Swimwear bottom || Swimwear || Pink || All over pattern,pink bikini bottoms,
Ladieswear || Swimwear bottom || Swimwear || Pink || Other structure,pink bikini bottoms,
Ladieswear || Swimwear bottom || Swimwear || Pink || Solid,pink bikini bottoms,
Ladieswear || Swimwear bottom || Swimwear || Red || All over pattern,red bikini bottoms,
Ladieswear || Swimwear bottom || Swimwear || Red || Lace,red bikini bottoms,
Ladieswear || Swimwear bottom || Swimwear || Red || Solid,red bikini bottoms,
Ladieswear || Swimwear bottom || Swimwear || White || All over pattern,white bikini bottoms,
Ladieswear || Swimwear bottom || Swimwear || White || Lace,white bikini bottoms,
Ladieswear || Swimwear bottom || Swimwear || White || Other structure,white bikini bottoms,
Ladieswear || Swimwear bottom || Swimwear || White || Solid,white bikini bottoms,
Ladieswear || Swimwear bottom || Swimwear || White || Stripe,white bikini bottoms,
Ladieswear || Swimwear bottom || Swimwear || Yellow || All over pattern,yellow bikini bottoms,
Ladieswear || Swimwear bottom || Swimwear || Yellow || Other structure,yellow bikini bottoms,
Ladieswear || Swimwear bottom || Swimwear || Yellow || Solid,yellow bikini bottoms,
Ladieswear || T-shirt || Jersey Basic || Beige || Solid,beige t-shirt,
Ladieswear || T-shirt || Jersey Basic || Black || All over pattern,black t-shirt,
Ladieswear || T-shirt || Jersey Basic || Black || Solid,black t-shirt,
Ladieswear || T-shirt || Jersey Basic || Black || Stripe,black t-shirt,
Ladieswear || T-shirt || Jersey Basic || Blue || Melange,blue t-shirt,
Ladieswear || T-shirt || Jersey Basic || Blue || Solid,blue t-shirt,
Ladieswear || T-shirt || Jersey Basic || Blue || Stripe,blue t-shirt,
Ladieswear || T-shirt || Jersey Basic || Brown || Solid,brown t-shirt,
Ladieswear || T-shirt || Jersey Basic || Grey || Melange,grey t-shirt,
Ladieswear || T-shirt || Jersey Basic || Khaki green || Solid,khaki t-shirt,
Ladieswear || T-shirt || Jersey Basic || Mole || Solid,,colour unmapped
Ladieswear || T-shirt || Jersey Basic || Orange || Solid,orange t-shirt,
Ladieswear || T-shirt || Jersey Basic || Pink || Solid,pink t-shirt,
Ladieswear || T-shirt || Jersey Basic || Red || Solid,red t-shirt,
Ladieswear || T-shirt || Jersey Basic || White || All over pattern,white t-shirt,
Ladieswear || T-shirt || Jersey Basic || White || Solid,white t-shirt,
Ladieswear || T-shirt || Jersey Basic || White || Stripe,white t-shirt,
Ladieswear || T-shirt || Jersey Basic || Yellow || Solid,yellow t-shirt,
Ladieswear || T-shirt || Jersey Fancy || Beige || All over pattern,beige t-shirt,
Ladieswear || T-shirt || Jersey Fancy || Beige || Solid,beige t-shirt,
Ladieswear || T-shirt || Jersey Fancy || Black || All over pattern,black t-shirt,
Ladieswear || T-shirt || Jersey Fancy || Black || Front print,black t-shirt,
Ladieswear || T-shirt || Jersey Fancy || Black || Melange,black t-shirt,
Ladieswear || T-shirt || Jersey Fancy || Black || Solid,black t-shirt,
Ladieswear || T-shirt || Jersey Fancy || Black || Stripe,black t-shirt,
Ladieswear || T-shirt || Jersey Fancy || Blue || All over pattern,blue t-shirt,
Ladieswear || T-shirt || Jersey Fancy || Blue || Melange,blue t-shirt,
Ladieswear || T-shirt || Jersey Fancy || Blue || Solid,blue t-shirt,
Ladieswear || T-shirt || Jersey Fancy || Blue || Stripe,blue t-shirt,
Ladieswear || T-shirt || Jersey Fancy || Brown || Solid,brown t-shirt,
Ladieswear || T-shirt || Jersey Fancy || Green || Front print,green t-shirt,
Ladieswear || T-shirt || Jersey Fancy || Green || Solid,green t-shirt,
Ladieswear || T-shirt || Jersey Fancy || Grey || All over pattern,grey t-shirt,
Ladieswear || T-shirt || Jersey Fancy || Grey || Front print,grey t-shirt,
Ladieswear || T-shirt || Jersey Fancy || Grey || Melange,grey t-shirt,
Ladieswear || T-shirt || Jersey Fancy || Grey || Solid,grey t-shirt,
Ladieswear || T-shirt || Jersey Fancy || Grey || Stripe,grey t-shirt,
Ladieswear || T-shirt || Jersey Fancy || Khaki green || Solid,khaki t-shirt,
Ladieswear || T-shirt || Jersey Fancy || Orange || Front print,orange t-shirt,
Ladieswear || T-shirt || Jersey Fancy || Orange || Solid,orange t-shirt,
Ladieswear || T-shirt || Jersey Fancy || Pink || Front print,pink t-shirt,
Ladieswear || T-shirt || Jersey Fancy || Pink || Melange,pink t-shirt,
Ladieswear || T-shirt || Jersey Fancy || Pink || Solid,pink t-shirt,
Ladieswear || T-shirt || Jersey Fancy || Red || Front print,red t-shirt,
Ladieswear || T-shirt || Jersey Fancy || Red || Solid,red t-shirt,
Ladieswear || T-shirt || Jersey Fancy || Red || Stripe,red t-shirt,
Ladieswear || T-shirt || Jersey Fancy || Unknown || Front print,,colour unmapped
Ladieswear || T-shirt || Jersey Fancy || Unknown || Solid,,colour unmapped
Ladieswear || T-shirt || Jersey Fancy || White || All over pattern,white t-shirt,
Ladieswear || T-shirt || Jersey Fancy || White || Embroidery,white t-shirt,
Ladieswear || T-shirt || Jersey Fancy || White || Front print,white t-shirt,
Ladieswear || T-shirt || Jersey Fancy || White || Placement print,white t-shirt,
Ladieswear || T-shirt || Jersey Fancy || White || Solid,white t-shirt,
Ladieswear || T-shirt || Jersey Fancy || White || Stripe,white t-shirt,
Ladieswear || T-shirt || Jersey Fancy || Yellow || Front print,yellow t-shirt,
Ladieswear || T-shirt || Jersey Fancy || Yellow || Solid,yellow t-shirt,
Ladieswear || T-shirt || Knitwear || Black || Solid,black t-shirt,
Ladieswear || T-shirt || Knitwear || White || Solid,white t-shirt,
Ladieswear || Top || Blouses || Beige || All over pattern,beige top,
Ladieswear || Top || Blouses || Beige || Solid,beige top,
Ladieswear || Top || Blouses || Black || All over pattern,black top,
Ladieswear || Top || Blouses || Black || Solid,black top,
Ladieswear || Top || Blouses || Blue || All over pattern,blue top,
Ladieswear || Top || Blouses || Blue || Solid,blue top,
Ladieswear || Top || Blouses || Blue || Stripe,blue top,
Ladieswear || Top || Blouses || Green || Solid,green top,
Ladieswear || Top || Blouses || Pink || Solid,pink top,
Ladieswear || Top || Blouses || Red || Solid,red top,
Ladieswear || Top || Blouses || White || All over pattern,white top,
Ladieswear || Top || Blouses || White || Solid,white top,
Ladieswear || Top || Blouses || White || Stripe,white top,
Ladieswear || Top || Blouses || Yellow || Solid,yellow top,
Ladieswear || Top || Dresses Ladies || Black || Solid,black top,
Ladieswear || Top || Dresses Ladies || Blue || Solid,blue top,
Ladieswear || Top || Dresses Ladies || White || Solid,white top,
Ladieswear || Top || Jersey Basic || Beige || Solid,beige top,
Ladieswear || Top || Jersey Basic || Black || Solid,black top,
Ladieswear || Top || Jersey Basic || Black || Stripe,black top,
Ladieswear || Top || Jersey Basic || Blue || Solid,blue top,
Ladieswear || Top || Jersey Basic || Blue || Stripe,blue top,
Ladieswear || Top || Jersey Basic || Brown || Solid,brown top,
Ladieswear || Top || Jersey Basic || Grey || Melange,grey top,
Ladieswear || Top || Jersey Basic || White || Solid,white top,
Ladieswear || Top || Jersey Fancy || Beige || All over pattern,beige top,
Ladieswear || Top || Jersey Fancy || Beige || Solid,beige top,
Ladieswear || Top || Jersey Fancy || Black || All over pattern,black top,
Ladieswear || Top || Jersey Fancy || Black || Application/3D,black top,
Ladieswear || Top || Jersey Fancy || Black || Dot,black top,
Ladieswear || Top || Jersey Fancy || Black || Embroidery,black top,
Ladieswear || Top || Jersey Fancy || Black || Glittering/Metallic,black top,
Ladieswear || Top || Jersey Fancy || Black || Lace,black top,
Ladieswear || Top || Jersey Fancy || Black || Other structure,black top,
Ladieswear || Top || Jersey Fancy || Black || Solid,black top,
Ladieswear || Top || Jersey Fancy || Black || Stripe,black top,
Ladieswear || Top || Jersey Fancy || Blue || All over pattern,blue top,
Ladieswear || Top || Jersey Fancy || Blue || Lace,blue top,
Ladieswear || Top || Jersey Fancy || Blue || Solid,blue top,
Ladieswear || Top || Jersey Fancy || Blue || Stripe,blue top,
Ladieswear || Top || Jersey Fancy || Brown || All over pattern,brown top,
Ladieswear || Top || Jersey Fancy || Brown || Solid,brown top,
Ladieswear || Top || Jersey Fancy || Green || All over pattern,green top,
Ladieswear || Top || Jersey Fancy || Green || Solid,green top,
Ladieswear || Top || Jersey Fancy || Green || Stripe,green top,
Ladieswear || Top || Jersey Fancy || Grey || All over pattern,grey top,
Ladieswear || Top || Jersey Fancy || Grey || Melange,grey top,
Ladieswear || Top || Jersey Fancy || Grey || Solid,grey top,
Ladieswear || Top || Jersey Fancy || Khaki green || Embroidery,khaki top,
Ladieswear || Top || Jersey Fancy || Khaki green || Solid,khaki top,
Ladieswear || Top || Jersey Fancy || Lilac Purple || Solid,lilac top,
Ladieswear || Top || Jersey Fancy || Mole || Solid,,colour unmapped
Ladieswear || Top || Jersey Fancy || Orange || Solid,orange top,
Ladieswear || Top || Jersey Fancy || Pink || All over pattern,pink top,
Ladieswear || Top || Jersey Fancy || Pink || Lace,pink top,
Ladieswear || Top || Jersey Fancy || Pink || Melange,pink top,
Ladieswear || Top || Jersey Fancy || Pink || Solid,pink top,
Ladieswear || Top || Jersey Fancy || Red || All over pattern,red top,
Ladieswear || Top || Jersey Fancy || Red || Lace,red top,
Ladieswear || Top || Jersey Fancy || Red || Solid,red top,
Ladieswear || Top || Jersey Fancy || Red || Stripe,red top,
Ladieswear || Top || Jersey Fancy || Turquoise || Solid,turquoise top,
Ladieswear || Top || Jersey Fancy || Unknown || All over pattern,,colour unmapped
Ladieswear || Top || Jersey Fancy || Unknown || Solid,,colour unmapped
Ladieswear || Top || Jersey Fancy || Unknown || Stripe,,colour unmapped
Ladieswear || Top || Jersey Fancy || White || All over pattern,white top,
Ladieswear || Top || Jersey Fancy || White || Dot,white top,
Ladieswear || Top || Jersey Fancy || White || Embroidery,white top,
Ladieswear || Top || Jersey Fancy || White || Front print,white top,
Ladieswear || Top || Jersey Fancy || White || Lace,white top,
Ladieswear || Top || Jersey Fancy || White || Solid,white top,
Ladieswear || Top || Jersey Fancy || White || Stripe,white top,
Ladieswear || Top || Jersey Fancy || Yellow || All over pattern,yellow top,
Ladieswear || Top || Jersey Fancy || Yellow || Solid,yellow top,
Ladieswear || Top || Knitwear || Beige || Melange,beige top,
Ladieswear || Top || Knitwear || Black || Solid,black top,
Ladieswear || Top || Knitwear || Grey || Melange,grey top,
Ladieswear || Top || Knitwear || Red || Solid,red top,
Ladieswear || Top || Knitwear || White || Solid,white top,
Ladieswear || Top || Unknown || Beige || Solid,beige top,
Ladieswear || Top || Unknown || Black || Solid,black top,
Ladieswear || Top || Unknown || Blue || Solid,blue top,
Ladieswear || Top || Unknown || Grey || Solid,grey top,
Ladieswear || Top || Unknown || Pink || Solid,pink top,
Ladieswear || Top || Unknown || White || Solid,white top,
Ladieswear || Top || Unknown || Yellow || Solid,yellow top,
Ladieswear || Trousers || Blouses || Blue || Denim,blue trousers,
Ladieswear || Trousers || Jersey Basic || Black || Solid,black trousers,
Ladieswear || Trousers || Jersey Basic || Grey || Melange,grey trousers,
Ladieswear || Trousers || Jersey Fancy || Beige || All over pattern,beige trousers,
Ladieswear || Trousers || Jersey Fancy || Beige || Melange,beige trousers,
Ladieswear || Trousers || Jersey Fancy || Beige || Solid,beige trousers,
Ladieswear || Trousers || Jersey Fancy || Black || All over pattern,black trousers,
Ladieswear || Trousers || Jersey Fancy || Black || Melange,black trousers,
Ladieswear || Trousers || Jersey Fancy || Black || Solid,black trousers,
Ladieswear || Trousers || Jersey Fancy || Blue || All over pattern,blue trousers,
Ladieswear || Trousers || Jersey Fancy || Blue || Solid,blue trousers,
Ladieswear || Trousers || Jersey Fancy || Blue || Stripe,blue trousers,
Ladieswear || Trousers || Jersey Fancy || Brown || Solid,brown trousers,
Ladieswear || Trousers || Jersey Fancy || Green || Solid,green trousers,
Ladieswear || Trousers || Jersey Fancy || Grey || All over pattern,grey trousers,
Ladieswear || Trousers || Jersey Fancy || Grey || Melange,grey trousers,
Ladieswear || Trousers || Jersey Fancy || Khaki green || Solid,khaki trousers,
Ladieswear || Trousers || Jersey Fancy || Pink || Solid,pink trousers,
Ladieswear || Trousers || Jersey Fancy || Unknown || All over pattern,,colour unmapped
Ladieswear || Trousers || Jersey Fancy || White || All over pattern,white trousers,
Ladieswear || Trousers || Jersey Fancy || White || Solid,white trousers,
Ladieswear || Trousers || Knitwear || Beige || Melange,beige trousers,
Ladieswear || Trousers || Knitwear || Black || Solid,black trousers,
Ladieswear || Trousers || Knitwear || Grey || Melange,grey trousers,
Ladieswear || Trousers || Special Offers || Black || Solid,black trousers,
Ladieswear || Trousers || Trousers Denim || Black || Denim,black trousers,
Ladieswear || Trousers || Trousers Denim || Black || Solid,black trousers,
Ladieswear || Trousers || Trousers Denim || Blue || Denim,blue trousers,
Ladieswear || Trousers || Trousers Denim || Green || Denim,green trousers,
Ladieswear || Trousers || Trousers Denim || Grey || Denim,grey trousers,
Ladieswear || Trousers || Trousers || Beige || All over pattern,beige trousers,
Ladieswear || Trousers || Trousers || Beige || Check,beige trousers,
Ladieswear || Trousers || Trousers || Beige || Melange,beige trousers,
Ladieswear || Trousers || Trousers || Beige || Other structure,beige trousers,
Ladieswear || Trousers || Trousers || Beige || Solid,beige trousers,
Ladieswear || Trousers || Trousers || Beige || Stripe,beige trousers,
Ladieswear || Trousers || Trousers || Black || All over pattern,black trousers,
Ladieswear || Trousers || Trousers || Black || Check,black trousers,
Ladieswear || Trousers || Trousers || Black || Denim,black trousers,
Ladieswear || Trousers || Trousers || Black || Glittering/Metallic,black trousers,
Ladieswear || Trousers || Trousers || Black || Jacquard,black trousers,
Ladieswear || Trousers || Trousers || Black || Mixed solid/pattern,black trousers,
Ladieswear || Trousers || Trousers || Black || Other structure,black trousers,
Ladieswear || Trousers || Trousers || Black || Solid,black trousers,
Ladieswear || Trousers || Trousers || Black || Stripe,black trousers,
Ladieswear || Trousers || Trousers || Black || Treatment,black trousers,
Ladieswear || Trousers || Trousers || Blue || All over pattern,blue trousers,
Ladieswear || Trousers || Trousers || Blue || Denim,blue trousers,
Ladieswear || Trousers || Trousers || Blue || Other structure,blue trousers,
Ladieswear || Trousers || Trousers || Blue || Solid,blue trousers,
Ladieswear || Trousers || Trousers || Blue || Stripe,blue trousers,
Ladieswear || Trousers || Trousers || Brown || All over pattern,brown trousers,
Ladieswear || Trousers || Trousers || Brown || Check,brown trousers,
Ladieswear || Trousers || Trousers || Brown || Solid,brown trousers,
Ladieswear || Trousers || Trousers || Green || All over pattern,green trousers,
Ladieswear || Trousers || Trousers || Green || Solid,green trousers,
Ladieswear || Trousers || Trousers || Grey || All over pattern,grey trousers,
Ladieswear || Trousers || Trousers || Grey || Check,grey trousers,
Ladieswear || Trousers || Trousers || Grey || Denim,grey trousers,
Ladieswear || Trousers || Trousers || Grey || Melange,grey trousers,
Ladieswear || Trousers || Trousers || Grey || Other structure,grey trousers,
Ladieswear || Trousers || Trousers || Grey || Solid,grey trousers,
Ladieswear || Trousers || Trousers || Grey || Stripe,grey trousers,
Ladieswear || Trousers || Trousers || Khaki green || All over pattern,khaki trousers,
Ladieswear || Trousers || Trousers || Khaki green || Solid,khaki trousers,
Ladieswear || Trousers || Trousers || Mole || Solid,,colour unmapped
Ladieswear || Trousers || Trousers || Orange || Solid,orange trousers,
Ladieswear || Trousers || Trousers || Pink || Solid,pink trousers,
Ladieswear || Trousers || Trousers || Red || All over pattern,red trousers,
Ladieswear || Trousers || Trousers || Red || Check,red trousers,
Ladieswear || Trousers || Trousers || Red || Solid,red trousers,
Ladieswear || Trousers || Trousers || Turquoise || Denim,turquoise trousers,
Ladieswear || Trousers || Trousers || Turquoise || Solid,turquoise trousers,
Ladieswear || Trousers || Trousers || Unknown || Solid,,colour unmapped
Ladieswear || Trousers || Trousers || White || All over pattern,white trousers,
Ladieswear || Trousers || Trousers || White || Check,white trousers,
Ladieswear || Trousers || Trousers || White || Denim,white trousers,
Ladieswear || Trousers || Trousers || White || Solid,white trousers,
Ladieswear || Trousers || Trousers || White || Stripe,white trousers,
Ladieswear || Trousers || Trousers || Yellow || Solid,yellow trousers,
"Ladieswear || Trousers || Under-, Nightwear || Black || Solid",black trousers,
Ladieswear || Trousers || Unknown || Beige || Solid,beige trousers,
Ladieswear || Trousers || Unknown || Black || All over pattern,black trousers,
Ladieswear || Trousers || Unknown || Black || Solid,black trousers,
Ladieswear || Trousers || Unknown || Blue || All over pattern,blue trousers,
Ladieswear || Trousers || Unknown || Blue || Denim,blue trousers,
Ladieswear || Trousers || Unknown || Blue || Solid,blue trousers,
Ladieswear || Trousers || Unknown || Mole || Solid,,colour unmapped
Ladieswear || Trousers || Unknown || Pink || Solid,pink trousers,
Ladieswear || Trousers || Unknown || Red || Solid,red trousers,
Ladieswear || Trousers || Unknown || Unknown || Unknown,,colour unmapped
"Ladieswear || Underdress || Under-, Nightwear || Beige || Solid",,product type unmapped
"Ladieswear || Underdress || Under-, Nightwear || Black || Solid",,product type unmapped
Ladieswear || Underwear Tights || Socks and Tights || Beige || Solid,beige tights,
Ladieswear || Underwear Tights || Socks and Tights || Black || All over pattern,black tights,
Ladieswear || Underwear Tights || Socks and Tights || Black || Dot,black tights,
Ladieswear || Underwear Tights || Socks and Tights || Black || Glittering/Metallic,black tights,
Ladieswear || Underwear Tights || Socks and Tights || Black || Lace,black tights,
Ladieswear || Underwear Tights || Socks and Tights || Black || Solid,black tights,
Ladieswear || Underwear Tights || Socks and Tights || Brown || Solid,brown tights,
Ladieswear || Underwear Tights || Socks and Tights || Red || Solid,red tights,
"Ladieswear || Underwear body || Under-, Nightwear || Beige || Solid",,product type unmapped
"Ladieswear || Underwear body || Under-, Nightwear || Black || Lace",,product type unmapped
"Ladieswear || Underwear body || Under-, Nightwear || Black || Solid",,product type unmapped
"Ladieswear || Underwear body || Under-, Nightwear || Orange || Solid",,product type unmapped
"Ladieswear || Underwear body || Under-, Nightwear || Red || Lace",,product type unmapped
"Ladieswear || Underwear body || Under-, Nightwear || Red || Solid",,product type unmapped
"Ladieswear || Underwear body || Under-, Nightwear || White || Solid",,product type unmapped
"Ladieswear || Underwear bottom || Under-, Nightwear || Beige || Solid",beige underwear,
"Ladieswear || Underwear bottom || Under-, Nightwear || Black || All over pattern",black underwear,
"Ladieswear || Underwear bottom || Under-, Nightwear || Black || Contrast",black underwear,
"Ladieswear || Underwear bottom || Under-, Nightwear || Black || Dot",black underwear,
"Ladieswear || Underwear bottom || Under-, Nightwear || Black || Lace",black underwear,
"Ladieswear || Underwear bottom || Under-, Nightwear || Black || Solid",black underwear,
"Ladieswear || Underwear bottom || Under-, Nightwear || Blue || All over pattern",blue underwear,
"Ladieswear || Underwear bottom || Under-, Nightwear || Blue || Lace",blue underwear,
"Ladieswear || Underwear bottom || Under-, Nightwear || Blue || Solid",blue underwear,
"Ladieswear || Underwear bottom || Under-, Nightwear || Brown || Solid",brown underwear,
"Ladieswear || Underwear bottom || Under-, Nightwear || Green || Solid",green underwear,
"Ladieswear || Underwear bottom || Under-, Nightwear || Grey || Contrast",grey underwear,
"Ladieswear || Underwear bottom || Under-, Nightwear || Grey || Melange",grey underwear,
"Ladieswear || Underwear bottom || Under-, Nightwear || Grey || Solid",grey underwear,
"Ladieswear || Underwear bottom || Under-, Nightwear || Grey || Stripe",grey underwear,
"Ladieswear || Underwear bottom || Under-, Nightwear || Khaki green || Solid",khaki underwear,
"Ladieswear || Underwear bottom || Under-, Nightwear || Lilac Purple || Lace",lilac underwear,
"Ladieswear || Underwear bottom || Under-, Nightwear || Lilac Purple || Solid",lilac underwear,
"Ladieswear || Underwear bottom || Under-, Nightwear || Mole || Solid",,colour unmapped
"Ladieswear || Underwear bottom || Under-, Nightwear || Orange || Lace",orange underwear,
"Ladieswear || Underwear bottom || Under-, Nightwear || Orange || Solid",orange underwear,
"Ladieswear || Underwear bottom || Under-, Nightwear || Pink || All over pattern",pink underwear,
"Ladieswear || Underwear bottom || Under-, Nightwear || Pink || Contrast",pink underwear,
"Ladieswear || Underwear bottom || Under-, Nightwear || Pink || Lace",pink underwear,
"Ladieswear || Underwear bottom || Under-, Nightwear || Pink || Melange",pink underwear,
"Ladieswear || Underwear bottom || Under-, Nightwear || Pink || Solid",pink underwear,
"Ladieswear || Underwear bottom || Under-, Nightwear || Red || Lace",red underwear,
"Ladieswear || Underwear bottom || Under-, Nightwear || Red || Solid",red underwear,
"Ladieswear || Underwear bottom || Under-, Nightwear || Turquoise || Solid",turquoise underwear,
"Ladieswear || Underwear bottom || Under-, Nightwear || White || All over pattern",white underwear,
"Ladieswear || Underwear bottom || Under-, Nightwear || White || Lace",white underwear,
"Ladieswear || Underwear bottom || Under-, Nightwear || White || Solid",white underwear,
"Ladieswear || Unknown || Under-, Nightwear || Beige || Solid",,product type unmapped
"Ladieswear || Unknown || Under-, Nightwear || Black || Solid",,product type unmapped
"Ladieswear || Unknown || Under-, Nightwear || Brown || Solid",,product type unmapped
"Ladieswear || Unknown || Under-, Nightwear || White || Solid",,product type unmapped
Ladieswear || Vest top || Blouses || Beige || All over pattern,beige vest top,
Ladieswear || Vest top || Blouses || Beige || Solid,beige vest top,
Ladieswear || Vest top || Blouses || Black || All over pattern,black vest top,
Ladieswear || Vest top || Blouses || Black || Solid,black vest top,
Ladieswear || Vest top || Blouses || Blue || All over pattern,blue vest top,
Ladieswear || Vest top || Blouses || Blue || Solid,blue vest top,
Ladieswear || Vest top || Blouses || Brown || Solid,brown vest top,
Ladieswear || Vest top || Blouses || Green || Solid,green vest top,
Ladieswear || Vest top || Blouses || Orange || Solid,orange vest top,
Ladieswear || Vest top || Blouses || Pink || Solid,pink vest top,
Ladieswear || Vest top || Blouses || Red || Solid,red vest top,
Ladieswear || Vest top || Blouses || White || All over pattern,white vest top,
Ladieswear || Vest top || Blouses || White || Embroidery,white vest top,
Ladieswear || Vest top || Blouses || White || Solid,white vest top,
Ladieswear || Vest top || Blouses || Yellow || Solid,yellow vest top,
Ladieswear || Vest top || Jersey Basic || Beige || Solid,beige vest top,
Ladieswear || Vest top || Jersey Basic || Black || Solid,black vest top,
Ladieswear || Vest top || Jersey Basic || Blue || Solid,blue vest top,
Ladieswear || Vest top || Jersey Basic || Brown || Solid,brown vest top,
Ladieswear || Vest top || Jersey Basic || Grey || Melange,grey vest top,
Ladieswear || Vest top || Jersey Basic || Khaki green || Solid,khaki vest top,
Ladieswear || Vest top || Jersey Basic || Orange || Solid,orange vest top,
Ladieswear || Vest top || Jersey Basic || Pink || Solid,pink vest top,
Ladieswear || Vest top || Jersey Basic || White || Solid,white vest top,
Ladieswear || Vest top || Jersey Basic || Yellow || Solid,yellow vest top,
Ladieswear || Vest top || Jersey Fancy || Beige || All over pattern,beige vest top,
Ladieswear || Vest top || Jersey Fancy || Beige || Solid,beige vest top,
Ladieswear || Vest top || Jersey Fancy || Black || All over pattern,black vest top,
Ladieswear || Vest top || Jersey Fancy || Black || Solid,black vest top,
Ladieswear || Vest top || Jersey Fancy || Blue || All over pattern,blue vest top,
Ladieswear || Vest top || Jersey Fancy || Blue || Solid,blue vest top,
Ladieswear || Vest top || Jersey Fancy || Blue || Stripe,blue vest top,
Ladieswear || Vest top || Jersey Fancy || Brown || Solid,brown vest top,
Ladieswear || Vest top || Jersey Fancy || Green || Solid,green vest top,
Ladieswear || Vest top || Jersey Fancy || Grey || Melange,grey vest top,
Ladieswear || Vest top || Jersey Fancy || Khaki green || Solid,khaki vest top,
Ladieswear || Vest top || Jersey Fancy || Mole || Solid,,colour unmapped
Ladieswear || Vest top || Jersey Fancy || Orange || Solid,orange vest top,
Ladieswear || Vest top || Jersey Fancy || Pink || Melange,pink vest top,
Ladieswear || Vest top || Jersey Fancy || Pink || Solid,pink vest top,
Ladieswear || Vest top || Jersey Fancy || Red || Solid,red vest top,
Ladieswear || Vest top || Jersey Fancy || White || All over pattern,white vest top,
Ladieswear || Vest top || Jersey Fancy || White || Solid,white vest top,
Ladieswear || Vest top || Jersey Fancy || Yellow || Solid,yellow vest top,
Ladieswear || Vest top || Knitwear || Beige || Solid,beige vest top,
Ladieswear || Vest top || Knitwear || Black || Solid,black vest top,
Ladieswear || Vest top || Knitwear || Orange || Solid,orange vest top,
Ladieswear || Vest top || Knitwear || White || Solid,white vest top,
Ladieswear || Vest top || Unknown || Black || Solid,black vest top,
Ladieswear || Vest top || Unknown || White || Solid,white vest top,
Ladieswear || Watch || Accessories || Black || Solid,black watch,
Ladieswear || Watch || Accessories || Grey || Solid,grey watch,
Ladieswear || Watch || Accessories || Metal || Solid,,colour unmapped
Ladieswear || Watch || Accessories || Orange || Solid,orange watch,
Ladieswear || Wedge || Shoes || Beige || Solid,,product type unmapped
Ladieswear || Wedge || Shoes || Black || Solid,,product type unmapped
Ladieswear || Wedge || Shoes || Brown || Solid,,product type unmapped
Ladieswear || Wedge || Shoes || Orange || Solid,,product type unmapped
Ladieswear || Wedge || Shoes || Red || Solid,,product type unmapped
Ladieswear || Wedge || Shoes || White || Solid,,product type unmapped
Ladieswear || Wedge || Shoes || Yellow || Solid,,product type unmapped
Menswear || Bag || Accessories || Black || Solid,black bag,
Menswear || Beanie || Accessories || Black || Solid,black beanie,
Menswear || Belt || Accessories || Black || Solid,black belt,
Menswear || Belt || Accessories || Brown || Solid,brown belt,
Menswear || Blazer || Dressed || Black || Check,black blazer,
Menswear || Blazer || Dressed || Black || Solid,black blazer,
Menswear || Blazer || Dressed || Blue || Check,blue blazer,
Menswear || Blazer || Dressed || Blue || Melange,blue blazer,
Menswear || Blazer || Dressed || Blue || Solid,blue blazer,
Menswear || Blazer || Dressed || Grey || Melange,grey blazer,
Menswear || Boots || Shoes || Black || Solid,black boots,
Menswear || Boots || Shoes || Brown || Solid,brown boots,
Menswear || Bracelet || Accessories || Black || Solid,black bracelet,
Menswear || Bracelet || Accessories || Brown || Mixed solid/pattern,brown bracelet,
Menswear || Bracelet || Accessories || Metal || Solid,,colour unmapped
Menswear || Cap/peaked || Accessories || Black || Solid,black cap,
Menswear || Cap/peaked || Accessories || Grey || Application/3D,grey cap,
Menswear || Cardigan || Jersey Fancy || Black || Solid,black cardigan,
Menswear || Cardigan || Knitwear || Black || Solid,black cardigan,
Menswear || Cardigan || Knitwear || Blue || Melange,blue cardigan,
Menswear || Cardigan || Knitwear || Grey || Melange,grey cardigan,
Menswear || Coat || Outdoor || Beige || Solid,beige coat,
Menswear || Coat || Outdoor || Black || Solid,black coat,
Menswear || Coat || Outdoor || Blue || Solid,blue coat,
Menswear || Gloves || Accessories || Black || Solid,black gloves,
Menswear || Gloves || Accessories || Grey || Melange,grey gloves,
Menswear || Hat/beanie || Accessories || Black || Solid,black beanie,
Menswear || Hat/beanie || Accessories || Grey || Melange,grey beanie,
Menswear || Hat/brim || Accessories || Beige || Solid,beige hat,
Menswear || Hat/brim || Accessories || Black || Solid,black hat,
Menswear || Hoodie || Jersey Basic || Beige || Solid,beige hoodie,
Menswear || Hoodie || Jersey Basic || Black || Melange,black hoodie,
Menswear || Hoodie || Jersey Basic || Black || Solid,black hoodie,
Menswear || Hoodie || Jersey Basic || Blue || Melange,blue hoodie,
Menswear || Hoodie || Jersey Basic || Blue || Solid,blue hoodie,
Menswear || Hoodie || Jersey Basic || Green || Solid,green hoodie,
Menswear || Hoodie || Jersey Basic || Grey || Melange,grey hoodie,
Menswear || Hoodie || Jersey Basic || Khaki green || Solid,khaki hoodie,
Menswear || Hoodie || Jersey Basic || Lilac Purple || Melange,lilac hoodie,
Menswear || Hoodie || Jersey Basic || Lilac Purple || Solid,lilac hoodie,
Menswear || Hoodie || Jersey Basic || Orange || Solid,orange hoodie,
Menswear || Hoodie || Jersey Basic || Pink || Solid,pink hoodie,
Menswear || Hoodie || Jersey Basic || Red || Solid,red hoodie,
Menswear || Hoodie || Jersey Basic || White || Solid,white hoodie,
Menswear || Hoodie || Jersey Basic || Yellow || Solid,yellow hoodie,
Menswear || Hoodie || Jersey Fancy || Beige || Placement print,beige hoodie,
Menswear || Hoodie || Jersey Fancy || Black || Colour blocking,black hoodie,
Menswear || Hoodie || Jersey Fancy || Black || Embroidery,black hoodie,
Menswear || Hoodie || Jersey Fancy || Black || Front print,black hoodie,
Menswear || Hoodie || Jersey Fancy || Black || Placement print,black hoodie,
Menswear || Hoodie || Jersey Fancy || Black || Solid,black hoodie,
Menswear || Hoodie || Jersey Fancy || Blue || Colour blocking,blue hoodie,
Menswear || Hoodie || Jersey Fancy || Blue || Front print,blue hoodie,
Menswear || Hoodie || Jersey Fancy || Grey || Placement print,grey hoodie,
Menswear || Hoodie || Jersey Fancy || Pink || Placement print,pink hoodie,
Menswear || Hoodie || Jersey Fancy || Red || Colour blocking,red hoodie,
Menswear || Hoodie || Jersey Fancy || White || Placement print,white hoodie,
Menswear || Hoodie || Outdoor || Black || Solid,black hoodie,
Menswear || Hoodie || Outdoor || Blue || Solid,blue hoodie,
Menswear || Hoodie || Outdoor || Brown || Solid,brown hoodie,
Menswear || Hoodie || Outdoor || Khaki green || Solid,khaki hoodie,
Menswear || Jacket || Outdoor || Black || Colour blocking,black jacket,
Menswear || Jacket || Outdoor || Black || Denim,black jacket,
Menswear || Jacket || Outdoor || Black || Solid,black jacket,
Menswear || Jacket || Outdoor || Blue || Denim,blue jacket,
Menswear || Jacket || Outdoor || Blue || Solid,blue jacket,
Menswear || Jacket || Outdoor || Brown || Solid,brown jacket,
Menswear || Jacket || Outdoor || Khaki green || Solid,khaki jacket,
Menswear || Necklace || Accessories || Metal || Solid,,colour unmapped
Menswear || Other shoe || Shoes || Black || Solid,,product type unmapped
Menswear || Other shoe || Shoes || Blue || Solid,,product type unmapped
Menswear || Other shoe || Shoes || Brown || Solid,,product type unmapped
Menswear || Polo shirt || Jersey Basic || Blue || Stripe,blue polo shirt,
Menswear || Polo shirt || Jersey Fancy || Black || All over pattern,black polo shirt,
Menswear || Polo shirt || Jersey Fancy || Black || Solid,black polo shirt,
Menswear || Polo shirt || Jersey Fancy || Blue || All over pattern,blue polo shirt,
Menswear || Polo shirt || Jersey Fancy || Blue || Solid,blue polo shirt,
Menswear || Polo shirt || Jersey Fancy || White || Solid,white polo shirt,
Menswear || Polo shirt || Knitwear || Beige || Melange,beige polo shirt,
Menswear || Polo shirt || Knitwear || Black || Solid,black polo shirt,
Menswear || Polo shirt || Knitwear || Blue || Solid,blue polo shirt,
Menswear || Polo shirt || Knitwear || Green || Solid,green polo shirt,
Menswear || Polo shirt || Knitwear || Red || Solid,red polo shirt,
Menswear || Polo shirt || Knitwear || White || Solid,white polo shirt,
"Menswear || Pyjama bottom || Under-, Nightwear || Black || Check",black pyjama bottoms,
"Menswear || Pyjama bottom || Under-, Nightwear || Blue || All over pattern",blue pyjama bottoms,
"Menswear || Pyjama bottom || Under-, Nightwear || Blue || Check",blue pyjama bottoms,
"Menswear || Pyjama bottom || Under-, Nightwear || Grey || Melange",grey pyjama bottoms,
"Menswear || Pyjama set || Under-, Nightwear || Blue || Check",blue pyjamas,
"Menswear || Pyjama set || Under-, Nightwear || Blue || Solid",blue pyjamas,
"Menswear || Pyjama set || Under-, Nightwear || Grey || Melange",grey pyjamas,
Menswear || Ring || Accessories || Metal || Solid,,product type and colour both unmapped
Menswear || Sandals || Shoes || Black || Solid,black sandals,
Menswear || Scarf || Accessories || Black || Solid,black scarf,
Menswear || Scarf || Accessories || Grey || Melange,grey scarf,
Menswear || Shirt || Shirts || Beige || All over pattern,beige shirt,
Menswear || Shirt || Shirts || Beige || Check,beige shirt,
Menswear || Shirt || Shirts || Beige || Solid,beige shirt,
Menswear || Shirt || Shirts || Black || All over pattern,black shirt,
Menswear || Shirt || Shirts || Black || Check,black shirt,
Menswear || Shirt || Shirts || Black || Denim,black shirt,
Menswear || Shirt || Shirts || Black || Solid,black shirt,
Menswear || Shirt || Shirts || Black || Stripe,black shirt,
Menswear || Shirt || Shirts || Blue || All over pattern,blue shirt,
Menswear || Shirt || Shirts || Blue || Chambray,blue shirt,
Menswear || Shirt || Shirts || Blue || Check,blue shirt,
Menswear || Shirt || Shirts || Blue || Denim,blue shirt,
Menswear || Shirt || Shirts || Blue || Dot,blue shirt,
Menswear || Shirt || Shirts || Blue || Melange,blue shirt,
Menswear || Shirt || Shirts || Blue || Solid,blue shirt,
Menswear || Shirt || Shirts || Blue || Stripe,blue shirt,
Menswear || Shirt || Shirts || Brown || Check,brown shirt,
Menswear || Shirt || Shirts || Brown || Solid,brown shirt,
Menswear || Shirt || Shirts || Green || Check,green shirt,
Menswear || Shirt || Shirts || Green || Solid,green shirt,
Menswear || Shirt || Shirts || Green || Stripe,green shirt,
Menswear || Shirt || Shirts || Grey || Chambray,grey shirt,
Menswear || Shirt || Shirts || Grey || Check,grey shirt,
Menswear || Shirt || Shirts || Grey || Melange,grey shirt,
Menswear || Shirt || Shirts || Grey || Solid,grey shirt,
Menswear || Shirt || Shirts || Khaki green || All over pattern,khaki shirt,
Menswear || Shirt || Shirts || Khaki green || Check,khaki shirt,
Menswear || Shirt || Shirts || Khaki green || Solid,khaki shirt,
Menswear || Shirt || Shirts || Orange || All over pattern,orange shirt,
Menswear || Shirt || Shirts || Orange || Check,orange shirt,
Menswear || Shirt || Shirts || Pink || Melange,pink shirt,
Menswear || Shirt || Shirts || Pink || Solid,pink shirt,
Menswear || Shirt || Shirts || Red || All over pattern,red shirt,
Menswear || Shirt || Shirts || Red || Check,red shirt,
Menswear || Shirt || Shirts || Red || Solid,red shirt,
Menswear || Shirt || Shirts || Turquoise || Solid,turquoise shirt,
Menswear || Shirt || Shirts || White || All over pattern,white shirt,
Menswear || Shirt || Shirts || White || Check,white shirt,
Menswear || Shirt || Shirts || White || Dot,white shirt,
Menswear || Shirt || Shirts || White || Melange,white shirt,
Menswear || Shirt || Shirts || White || Solid,white shirt,
Menswear || Shirt || Shirts || White || Stripe,white shirt,
Menswear || Shirt || Shirts || Yellow || All over pattern,yellow shirt,
Menswear || Shirt || Shirts || Yellow || Check,yellow shirt,
Menswear || Shirt || Shirts || Yellow || Solid,yellow shirt,
Menswear || Shorts || Jersey Basic || Black || Solid,black shorts,
Menswear || Shorts || Jersey Basic || Blue || Melange,blue shorts,
Menswear || Shorts || Jersey Basic || Blue || Solid,blue shorts,
Menswear || Shorts || Jersey Basic || Grey || Melange,grey shorts,
Menswear || Shorts || Jersey Basic || Khaki green || Solid,khaki shorts,
Menswear || Shorts || Jersey Fancy || Black || All over pattern,black shorts,
Menswear || Shorts || Jersey Fancy || Black || Solid,black shorts,
Menswear || Shorts || Jersey Fancy || Blue || All over pattern,blue shorts,
Menswear || Shorts || Shorts || Beige || All over pattern,beige shorts,
Menswear || Shorts || Shorts || Beige || Solid,beige shorts,
Menswear || Shorts || Shorts || Black || All over pattern,black shorts,
Menswear || Shorts || Shorts || Black || Denim,black shorts,
Menswear || Shorts || Shorts || Black || Solid,black shorts,
Menswear || Shorts || Shorts || Blue || All over pattern,blue shorts,
Menswear || Shorts || Shorts || Blue || Chambray,blue shorts,
Menswear || Shorts || Shorts || Blue || Denim,blue shorts,
Menswear || Shorts || Shorts || Blue || Solid,blue shorts,
Menswear || Shorts || Shorts || Brown || Solid,brown shorts,
Menswear || Shorts || Shorts || Green || Solid,green shorts,
Menswear || Shorts || Shorts || Grey || Denim,grey shorts,
Menswear || Shorts || Shorts || Grey || Solid,grey shorts,
Menswear || Shorts || Shorts || Khaki green || Solid,khaki shorts,
Menswear || Shorts || Shorts || Mole || Solid,,colour unmapped
Menswear || Shorts || Shorts || Pink || Solid,pink shorts,
Menswear || Shorts || Shorts || Red || Solid,red shorts,
Menswear || Shorts || Shorts || White || Denim,white shorts,
Menswear || Shorts || Shorts || Yellow || Solid,yellow shorts,
Menswear || Sneakers || Shoes || Beige || Solid,beige sneakers,
Menswear || Sneakers || Shoes || Black || Solid,black sneakers,
Menswear || Sneakers || Shoes || Blue || Solid,blue sneakers,
Menswear || Sneakers || Shoes || Mole || Solid,,colour unmapped
Menswear || Sneakers || Shoes || White || Solid,white sneakers,
Menswear || Socks || Socks and Tights || Black || All over pattern,black socks,
Menswear || Socks || Socks and Tights || Black || Solid,black socks,
Menswear || Socks || Socks and Tights || Blue || All over pattern,blue socks,
Menswear || Socks || Socks and Tights || Blue || Mixed solid/pattern,blue socks,
Menswear || Socks || Socks and Tights || Green || All over pattern,green socks,
Menswear || Socks || Socks and Tights || Grey || All over pattern,grey socks,
Menswear || Socks || Socks and Tights || Lilac Purple || All over pattern,lilac socks,
Menswear || Socks || Socks and Tights || Orange || All over pattern,orange socks,
Menswear || Socks || Socks and Tights || Pink || All over pattern,pink socks,
Menswear || Socks || Socks and Tights || Red || All over pattern,red socks,
Menswear || Socks || Socks and Tights || Turquoise || All over pattern,turquoise socks,
Menswear || Socks || Socks and Tights || White || All over pattern,white socks,
Menswear || Socks || Socks and Tights || White || Embroidery,white socks,
Menswear || Socks || Socks and Tights || White || Placement print,white socks,
Menswear || Socks || Socks and Tights || White || Solid,white socks,
Menswear || Socks || Socks and Tights || Yellow || All over pattern,yellow socks,
Menswear || Sunglasses || Accessories || Black || Solid,black sunglasses,
Menswear || Sunglasses || Accessories || Brown || Other pattern,brown sunglasses,
Menswear || Sunglasses || Accessories || Metal || Solid,,colour unmapped
Menswear || Sweater || Jersey Basic || Beige || Solid,beige sweater,
Menswear || Sweater || Jersey Basic || Black || Solid,black sweater,
Menswear || Sweater || Jersey Basic || Blue || Solid,blue sweater,
Menswear || Sweater || Jersey Basic || Green || Solid,green sweater,
Menswear || Sweater || Jersey Basic || Grey || Melange,grey sweater,
Menswear || Sweater || Jersey Basic || Khaki green || Solid,khaki sweater,
Menswear || Sweater || Jersey Basic || Pink || Solid,pink sweater,
Menswear || Sweater || Jersey Basic || White || Solid,white sweater,
Menswear || Sweater || Jersey Basic || Yellow || Solid,yellow sweater,
Menswear || Sweater || Jersey Fancy || Beige || Embroidery,beige sweater,
Menswear || Sweater || Jersey Fancy || Black || All over pattern,black sweater,
Menswear || Sweater || Jersey Fancy || Black || Colour blocking,black sweater,
Menswear || Sweater || Jersey Fancy || Black || Front print,black sweater,
Menswear || Sweater || Jersey Fancy || Black || Melange,black sweater,
Menswear || Sweater || Jersey Fancy || Black || Placement print,black sweater,
Menswear || Sweater || Jersey Fancy || Black || Solid,black sweater,
Menswear || Sweater || Jersey Fancy || Black || Stripe,black sweater,
Menswear || Sweater || Jersey Fancy || Black || Treatment,black sweater,
Menswear || Sweater || Jersey Fancy || Blue || Colour blocking,blue sweater,
Menswear || Sweater || Jersey Fancy || Blue || Front print,blue sweater,
Menswear || Sweater || Jersey Fancy || Blue || Placement print,blue sweater,
Menswear || Sweater || Jersey Fancy || Blue || Solid,blue sweater,
Menswear || Sweater || Jersey Fancy || Grey || Colour blocking,grey sweater,
Menswear || Sweater || Jersey Fancy || Grey || Embroidery,grey sweater,
Menswear || Sweater || Jersey Fancy || Grey || Front print,grey sweater,
Menswear || Sweater || Jersey Fancy || Grey || Melange,grey sweater,
Menswear || Sweater || Jersey Fancy || Grey || Placement print,grey sweater,
Menswear || Sweater || Jersey Fancy || Red || Colour blocking,red sweater,
Menswear || Sweater || Jersey Fancy || Red || Front print,red sweater,
Menswear || Sweater || Jersey Fancy || Red || Solid,red sweater,
Menswear || Sweater || Jersey Fancy || White || Front print,white sweater,
Menswear || Sweater || Jersey Fancy || White || Placement print,white sweater,
Menswear || Sweater || Jersey Fancy || White || Solid,white sweater,
Menswear || Sweater || Jersey Fancy || White || Stripe,white sweater,
Menswear || Sweater || Jersey Fancy || Yellow || Front print,yellow sweater,
Menswear || Sweater || Jersey Fancy || Yellow || Solid,yellow sweater,
Menswear || Sweater || Knitwear || Beige || Melange,beige sweater,
Menswear || Sweater || Knitwear || Beige || Solid,beige sweater,
Menswear || Sweater || Knitwear || Black || Jacquard,black sweater,
Menswear || Sweater || Knitwear || Black || Melange,black sweater,
Menswear || Sweater || Knitwear || Black || Solid,black sweater,
Menswear || Sweater || Knitwear || Black || Stripe,black sweater,
Menswear || Sweater || Knitwear || Blue || Colour blocking,blue sweater,
Menswear || Sweater || Knitwear || Blue || Jacquard,blue sweater,
Menswear || Sweater || Knitwear || Blue || Melange,blue sweater,
Menswear || Sweater || Knitwear || Blue || Other structure,blue sweater,
Menswear || Sweater || Knitwear || Blue || Solid,blue sweater,
Menswear || Sweater || Knitwear || Blue || Stripe,blue sweater,
Menswear || Sweater || Knitwear || Brown || Melange,brown sweater,
Menswear || Sweater || Knitwear || Brown || Solid,brown sweater,
Menswear || Sweater || Knitwear || Green || Melange,green sweater,
Menswear || Sweater || Knitwear || Green || Solid,green sweater,
Menswear || Sweater || Knitwear || Grey || Melange,grey sweater,
Menswear || Sweater || Knitwear || Grey || Solid,grey sweater,
Menswear || Sweater || Knitwear || Khaki green || Melange,khaki sweater,
Menswear || Sweater || Knitwear || Khaki green || Solid,khaki sweater,
Menswear || Sweater || Knitwear || Lilac Purple || Melange,lilac sweater,
Menswear || Sweater || Knitwear || Mole || Melange,,colour unmapped
Menswear || Sweater || Knitwear || Mole || Solid,,colour unmapped
Menswear || Sweater || Knitwear || Pink || Melange,pink sweater,
Menswear || Sweater || Knitwear || Pink || Solid,pink sweater,
Menswear || Sweater || Knitwear || Red || Melange,red sweater,
Menswear || Sweater || Knitwear || Red || Solid,red sweater,
Menswear || Sweater || Knitwear || Unknown || Melange,,colour unmapped
Menswear || Sweater || Knitwear || White || Melange,white sweater,
Menswear || Sweater || Knitwear || White || Other structure,white sweater,
Menswear || Sweater || Knitwear || White || Solid,white sweater,
Menswear || Sweater || Knitwear || White || Stripe,white sweater,
Menswear || Sweater || Knitwear || Yellow || Solid,yellow sweater,
Menswear || Sweater || Unknown || Blue || Jacquard,blue sweater,
Menswear || Swimwear bottom || Swimwear || Black || All over pattern,black bikini bottoms,
Menswear || Swimwear bottom || Swimwear || Black || Solid,black bikini bottoms,
Menswear || Swimwear bottom || Swimwear || Blue || All over pattern,blue bikini bottoms,
Menswear || Swimwear bottom || Swimwear || Blue || Colour blocking,blue bikini bottoms,
Menswear || Swimwear bottom || Swimwear || Blue || Solid,blue bikini bottoms,
Menswear || Swimwear bottom || Swimwear || Blue || Stripe,blue bikini bottoms,
Menswear || Swimwear bottom || Swimwear || Green || All over pattern,green bikini bottoms,
Menswear || Swimwear bottom || Swimwear || Green || Colour blocking,green bikini bottoms,
Menswear || Swimwear bottom || Swimwear || Green || Solid,green bikini bottoms,
Menswear || Swimwear bottom || Swimwear || Khaki green || Solid,khaki bikini bottoms,
Menswear || Swimwear bottom || Swimwear || Orange || All over pattern,orange bikini bottoms,
Menswear || Swimwear bottom || Swimwear || Pink || All over pattern,pink bikini bottoms,
Menswear || Swimwear bottom || Swimwear || Pink || Solid,pink bikini bottoms,
Menswear || Swimwear bottom || Swimwear || Red || All over pattern,red bikini bottoms,
Menswear || Swimwear bottom || Swimwear || Red || Solid,red bikini bottoms,
Menswear || Swimwear bottom || Swimwear || Turquoise || All over pattern,turquoise bikini bottoms,
Menswear || Swimwear bottom || Swimwear || Yellow || Solid,yellow bikini bottoms,
Menswear || T-shirt || Jersey Basic || Beige || Solid,beige t-shirt,
Menswear || T-shirt || Jersey Basic || Black || Solid,black t-shirt,
Menswear || T-shirt || Jersey Basic || Black || Stripe,black t-shirt,
Menswear || T-shirt || Jersey Basic || Blue || Melange,blue t-shirt,
Menswear || T-shirt || Jersey Basic || Blue || Solid,blue t-shirt,
Menswear || T-shirt || Jersey Basic || Blue || Stripe,blue t-shirt,
Menswear || T-shirt || Jersey Basic || Brown || Solid,brown t-shirt,
Menswear || T-shirt || Jersey Basic || Green || Solid,green t-shirt,
Menswear || T-shirt || Jersey Basic || Green || Stripe,green t-shirt,
Menswear || T-shirt || Jersey Basic || Grey || Melange,grey t-shirt,
Menswear || T-shirt || Jersey Basic || Grey || Solid,grey t-shirt,
Menswear || T-shirt || Jersey Basic || Khaki green || Melange,khaki t-shirt,
Menswear || T-shirt || Jersey Basic || Khaki green || Solid,khaki t-shirt,
Menswear || T-shirt || Jersey Basic || Khaki green || Stripe,khaki t-shirt,
Menswear || T-shirt || Jersey Basic || Lilac Purple || Solid,lilac t-shirt,
Menswear || T-shirt || Jersey Basic || Orange || Solid,orange t-shirt,
Menswear || T-shirt || Jersey Basic || Pink || Melange,pink t-shirt,
Menswear || T-shirt || Jersey Basic || Pink || Solid,pink t-shirt,
Menswear || T-shirt || Jersey Basic || Pink || Stripe,pink t-shirt,
Menswear || T-shirt || Jersey Basic || Red || Solid,red t-shirt,
Menswear || T-shirt || Jersey Basic || Red || Stripe,red t-shirt,
Menswear || T-shirt || Jersey Basic || White || Solid,white t-shirt,
Menswear || T-shirt || Jersey Basic || White || Stripe,white t-shirt,
Menswear || T-shirt || Jersey Basic || Yellow || Solid,yellow t-shirt,
Menswear || T-shirt || Jersey Fancy || Beige || Placement print,beige t-shirt,
Menswear || T-shirt || Jersey Fancy || Beige || Solid,beige t-shirt,
Menswear || T-shirt || Jersey Fancy || Black || All over pattern,black t-shirt,
Menswear || T-shirt || Jersey Fancy || Black || Colour blocking,black t-shirt,
Menswear || T-shirt || Jersey Fancy || Black || Front print,black t-shirt,
Menswear || T-shirt || Jersey Fancy || Black || Placement print,black t-shirt,
Menswear || T-shirt || Jersey Fancy || Black || Solid,black t-shirt,
Menswear || T-shirt || Jersey Fancy || Black || Stripe,black t-shirt,
Menswear || T-shirt || Jersey Fancy || Black || Treatment,black t-shirt,
Menswear || T-shirt || Jersey Fancy || Blue || All over pattern,blue t-shirt,
Menswear || T-shirt || Jersey Fancy || Blue || Colour blocking,blue t-shirt,
Menswear || T-shirt || Jersey Fancy || Blue || Front print,blue t-shirt,
Menswear || T-shirt || Jersey Fancy || Blue || Placement print,blue t-shirt,
Menswear || T-shirt || Jersey Fancy || Blue || Solid,blue t-shirt,
Menswear || T-shirt || Jersey Fancy || Blue || Stripe,blue t-shirt,
Menswear || T-shirt || Jersey Fancy || Blue || Treatment,blue t-shirt,
Menswear || T-shirt || Jersey Fancy || Green || Placement print,green t-shirt,
Menswear || T-shirt || Jersey Fancy || Grey || All over pattern,grey t-shirt,
Menswear || T-shirt || Jersey Fancy || Grey || Front print,grey t-shirt,
Menswear || T-shirt || Jersey Fancy || Grey || Melange,grey t-shirt,
Menswear || T-shirt || Jersey Fancy || Grey || Placement print,grey t-shirt,
Menswear || T-shirt || Jersey Fancy || Khaki green || All over pattern,khaki t-shirt,
Menswear || T-shirt || Jersey Fancy || Khaki green || Solid,khaki t-shirt,
Menswear || T-shirt || Jersey Fancy || Pink || Front print,pink t-shirt,
Menswear || T-shirt || Jersey Fancy || Pink || Placement print,pink t-shirt,
Menswear || T-shirt || Jersey Fancy || Pink || Solid,pink t-shirt,
Menswear || T-shirt || Jersey Fancy || Red || Solid,red t-shirt,
Menswear || T-shirt || Jersey Fancy || Red || Treatment,red t-shirt,
Menswear || T-shirt || Jersey Fancy || White || All over pattern,white t-shirt,
Menswear || T-shirt || Jersey Fancy || White || Colour blocking,white t-shirt,
Menswear || T-shirt || Jersey Fancy || White || Embroidery,white t-shirt,
Menswear || T-shirt || Jersey Fancy || White || Front print,white t-shirt,
Menswear || T-shirt || Jersey Fancy || White || Placement print,white t-shirt,
Menswear || T-shirt || Jersey Fancy || White || Solid,white t-shirt,
Menswear || T-shirt || Jersey Fancy || White || Stripe,white t-shirt,
Menswear || T-shirt || Jersey Fancy || Yellow || Placement print,yellow t-shirt,
Menswear || T-shirt || Knitwear || Black || Solid,black t-shirt,
Menswear || T-shirt || Knitwear || Blue || Solid,blue t-shirt,
Menswear || T-shirt || Knitwear || Grey || Melange,grey t-shirt,
Menswear || T-shirt || Knitwear || Red || Solid,red t-shirt,
Menswear || T-shirt || Knitwear || White || Solid,white t-shirt,
Menswear || Tailored Waistcoat || Dressed || Blue || Solid,blue waistcoat,
Menswear || Tie || Accessories || Black || Solid,black tie,
Menswear || Tie || Accessories || Blue || Solid,blue tie,
Menswear || Tie || Accessories || Red || Solid,red tie,
Menswear || Top || Jersey Basic || Black || Melange,black top,
Menswear || Top || Jersey Basic || Black || Solid,black top,
Menswear || Top || Jersey Basic || Blue || Melange,blue top,
Menswear || Top || Jersey Basic || Blue || Solid,blue top,
Menswear || Top || Jersey Basic || Blue || Stripe,blue top,
Menswear || Top || Jersey Basic || Grey || Melange,grey top,
Menswear || Top || Jersey Basic || White || Solid,white top,
Menswear || Trousers || Jersey Basic || Black || Melange,black trousers,
Menswear || Trousers || Jersey Basic || Black || Solid,black trousers,
Menswear || Trousers || Jersey Basic || Blue || Solid,blue trousers,
Menswear || Trousers || Jersey Basic || Grey || Melange,grey trousers,
Menswear || Trousers || Jersey Fancy || Black || Colour blocking,black trousers,
Menswear || Trousers || Jersey Fancy || Black || Solid,black trousers,
Menswear || Trousers || Jersey Fancy || Grey || Melange,grey trousers,
Menswear || Trousers || Trousers Denim || Black || Denim,black trousers,
Menswear || Trousers || Trousers Denim || Blue || Denim,blue trousers,
Menswear || Trousers || Trousers Denim || Green || Denim,green trousers,
Menswear || Trousers || Trousers Denim || Grey || Denim,grey trousers,
Menswear || Trousers || Trousers Denim || Turquoise || Denim,turquoise trousers,
Menswear || Trousers || Trousers Denim || Unknown || Denim,,colour unmapped
Menswear || Trousers || Trousers || Beige || Check,beige trousers,
Menswear || Trousers || Trousers || Beige || Solid,beige trousers,
Menswear || Trousers || Trousers || Black || Check,black trousers,
Menswear || Trousers || Trousers || Black || Denim,black trousers,
Menswear || Trousers || Trousers || Black || Melange,black trousers,
Menswear || Trousers || Trousers || Black || Solid,black trousers,
Menswear || Trousers || Trousers || Blue || Check,blue trousers,
Menswear || Trousers || Trousers || Blue || Denim,blue trousers,
Menswear || Trousers || Trousers || Blue || Melange,blue trousers,
Menswear || Trousers || Trousers || Blue || Other structure,blue trousers,
Menswear || Trousers || Trousers || Blue || Solid,blue trousers,
Menswear || Trousers || Trousers || Brown || Check,brown trousers,
Menswear || Trousers || Trousers || Brown || Solid,brown trousers,
Menswear || Trousers || Trousers || Green || Solid,green trousers,
Menswear || Trousers || Trousers || Grey || Check,grey trousers,
Menswear || Trousers || Trousers || Grey || Denim,grey trousers,
Menswear || Trousers || Trousers || Grey || Melange,grey trousers,
Menswear || Trousers || Trousers || Grey || Solid,grey trousers,
Menswear || Trousers || Trousers || Khaki green || All over pattern,khaki trousers,
Menswear || Trousers || Trousers || Khaki green || Solid,khaki trousers,
Menswear || Trousers || Trousers || Mole || Check,,colour unmapped
Menswear || Trousers || Trousers || Mole || Solid,,colour unmapped
Menswear || Trousers || Trousers || Red || Solid,red trousers,
Menswear || Trousers || Trousers || Unknown || Check,,colour unmapped
Menswear || Trousers || Trousers || White || Check,white trousers,
Menswear || Trousers || Trousers || White || Melange,white trousers,
Menswear || Trousers || Trousers || White || Solid,white trousers,
"Menswear || Underwear bottom || Under-, Nightwear || Black || All over pattern",black underwear,
"Menswear || Underwear bottom || Under-, Nightwear || Black || Mixed solid/pattern",black underwear,
"Menswear || Underwear bottom || Under-, Nightwear || Black || Solid",black underwear,
"Menswear || Underwear bottom || Under-, Nightwear || Blue || All over pattern",blue underwear,
"Menswear || Underwear bottom || Under-, Nightwear || Blue || Check",blue underwear,
"Menswear || Underwear bottom || Under-, Nightwear || Blue || Mixed solid/pattern",blue underwear,
"Menswear || Underwear bottom || Under-, Nightwear || Blue || Solid",blue underwear,
"Menswear || Underwear bottom || Under-, Nightwear || Blue || Stripe",blue underwear,
"Menswear || Underwear bottom || Under-, Nightwear || Green || All over pattern",green underwear,
"Menswear || Underwear bottom || Under-, Nightwear || Grey || Melange",grey underwear,
"Menswear || Underwear bottom || Under-, Nightwear || Pink || All over pattern",pink underwear,
"Menswear || Underwear bottom || Under-, Nightwear || Red || All over pattern",red underwear,
"Menswear || Underwear bottom || Under-, Nightwear || Red || Check",red underwear,
"Menswear || Underwear bottom || Under-, Nightwear || Red || Mixed solid/pattern",red underwear,
"Menswear || Underwear bottom || Under-, Nightwear || Red || Solid",red underwear,
"Menswear || Underwear bottom || Under-, Nightwear || Turquoise || All over pattern",turquoise underwear,
"Menswear || Underwear bottom || Under-, Nightwear || White || Solid",white underwear,
Menswear || Vest top || Jersey Basic || Black || Solid,black vest top,
Menswear || Vest top || Jersey Basic || White || Solid,white vest top,
Menswear || Vest top || Jersey Fancy || Black || Front print,black vest top,
Menswear || Vest top || Jersey Fancy || Black || Placement print,black vest top,
Menswear || Vest top || Jersey Fancy || Black || Solid,black vest top,
Menswear || Vest top || Jersey Fancy || White || Front print,white vest top,
Menswear || Vest top || Jersey Fancy || White || Solid,white vest top,
Sport || Bag || Accessories || Black || Solid,black bag,
Sport || Bag || Accessories || Pink || Solid,pink bag,
Sport || Bikini top || Accessories || Black || Solid,black bikini top,
Sport || Bra || Jersey Fancy || Black || All over pattern,black bra,
Sport || Bra || Jersey Fancy || Black || Colour blocking,black bra,
Sport || Bra || Jersey Fancy || Black || Melange,black bra,
Sport || Bra || Jersey Fancy || Black || Solid,black bra,
Sport || Bra || Jersey Fancy || Blue || All over pattern,blue bra,
Sport || Bra || Jersey Fancy || Blue || Colour blocking,blue bra,
Sport || Bra || Jersey Fancy || Blue || Solid,blue bra,
Sport || Bra || Jersey Fancy || Grey || Melange,grey bra,
Sport || Bra || Jersey Fancy || Grey || Solid,grey bra,
Sport || Bra || Jersey Fancy || Khaki green || Solid,khaki bra,
Sport || Bra || Jersey Fancy || Orange || Solid,orange bra,
Sport || Bra || Jersey Fancy || Pink || Solid,pink bra,
Sport || Bra || Jersey Fancy || Red || Solid,red bra,
Sport || Bra || Jersey Fancy || White || Solid,white bra,
Sport || Cap/peaked || Accessories || Black || Solid,black cap,
Sport || Gloves || Accessories || Black || Solid,black gloves,
Sport || Hat/beanie || Accessories || Black || Solid,black beanie,
Sport || Hoodie || Jersey Fancy || Black || Melange,black hoodie,
Sport || Hoodie || Jersey Fancy || Black || Solid,black hoodie,
Sport || Hoodie || Jersey Fancy || Blue || Melange,blue hoodie,
Sport || Hoodie || Jersey Fancy || Grey || Melange,grey hoodie,
Sport || Hoodie || Jersey Fancy || Pink || Solid,pink hoodie,
Sport || Hoodie || Outdoor || Black || Solid,black hoodie,
Sport || Hoodie || Outdoor || Grey || Melange,grey hoodie,
Sport || Hoodie || Unknown || Black || Solid,black hoodie,
Sport || Jacket || Jersey Fancy || Black || Solid,black jacket,
Sport || Jacket || Outdoor || Black || Solid,black jacket,
Sport || Jacket || Unknown || Black || Solid,black jacket,
Sport || Jacket || Unknown || Pink || Solid,pink jacket,
Sport || Leggings/Tights || Jersey Fancy || Black || All over pattern,black leggings,
Sport || Leggings/Tights || Jersey Fancy || Black || Colour blocking,black leggings,
Sport || Leggings/Tights || Jersey Fancy || Black || Melange,black leggings,
Sport || Leggings/Tights || Jersey Fancy || Black || Mesh,black leggings,
Sport || Leggings/Tights || Jersey Fancy || Black || Other structure,black leggings,
Sport || Leggings/Tights || Jersey Fancy || Black || Placement print,black leggings,
Sport || Leggings/Tights || Jersey Fancy || Black || Solid,black leggings,
Sport || Leggings/Tights || Jersey Fancy || Blue || All over pattern,blue leggings,
Sport || Leggings/Tights || Jersey Fancy || Blue || Colour blocking,blue leggings,
Sport || Leggings/Tights || Jersey Fancy || Blue || Solid,blue leggings,
Sport || Leggings/Tights || Jersey Fancy || Grey || Colour blocking,grey leggings,
Sport || Leggings/Tights || Jersey Fancy || Grey || Solid,grey leggings,
Sport || Leggings/Tights || Jersey Fancy || Khaki green || Solid,khaki leggings,
Sport || Leggings/Tights || Jersey Fancy || Lilac Purple || Colour blocking,lilac leggings,
Sport || Leggings/Tights || Jersey Fancy || Lilac Purple || Solid,lilac leggings,
Sport || Leggings/Tights || Jersey Fancy || Pink || Solid,pink leggings,
Sport || Leggings/Tights || Jersey Fancy || Red || Solid,red leggings,
Sport || Leggings/Tights || Jersey Fancy || Unknown || Colour blocking,,colour unmapped
Sport || Leggings/Tights || Jersey Fancy || Unknown || Melange,,colour unmapped
Sport || Other accessories || Accessories || Black || Solid,,product type unmapped
Sport || Outdoor trousers || Unknown || Black || Solid,,product type unmapped
Sport || Shorts || Jersey Fancy || Black || All over pattern,black shorts,
Sport || Shorts || Jersey Fancy || Black || Melange,black shorts,
Sport || Shorts || Jersey Fancy || Black || Solid,black shorts,
Sport || Shorts || Jersey Fancy || Blue || Solid,blue shorts,
Sport || Shorts || Jersey Fancy || Grey || Melange,grey shorts,
Sport || Shorts || Jersey Fancy || Grey || Solid,grey shorts,
Sport || Shorts || Unknown || Black || Solid,black shorts,
Sport || Shorts || Unknown || Grey || Solid,grey shorts,
Sport || Socks || Accessories || Black || Solid,black socks,
Sport || Socks || Accessories || Grey || Melange,grey socks,
Sport || Socks || Accessories || Pink || Solid,pink socks,
Sport || Socks || Accessories || White || Solid,white socks,
Sport || Sweater || Jersey Fancy || Beige || Solid,beige sweater,
Sport || Sweater || Jersey Fancy || Black || Solid,black sweater,
Sport || Sweater || Jersey Fancy || Grey || Melange,grey sweater,
Sport || Sweater || Jersey Fancy || Grey || Solid,grey sweater,
Sport || Sweater || Jersey Fancy || Orange || Solid,orange sweater,
Sport || Sweater || Jersey Fancy || Pink || Melange,pink sweater,
Sport || Sweater || Jersey Fancy || Pink || Solid,pink sweater,
Sport || Swimsuit || Accessories || Black || Solid,black swimsuit,
Sport || Swimwear bottom || Accessories || Black || Solid,black bikini bottoms,
Sport || T-shirt || Jersey Fancy || Black || All over pattern,black t-shirt,
Sport || T-shirt || Jersey Fancy || Black || Front print,black t-shirt,
Sport || T-shirt || Jersey Fancy || Black || Melange,black t-shirt,
Sport || T-shirt || Jersey Fancy || Black || Placement print,black t-shirt,
Sport || T-shirt || Jersey Fancy || Black || Solid,black t-shirt,
Sport || T-shirt || Jersey Fancy || Blue || Melange,blue t-shirt,
Sport || T-shirt || Jersey Fancy || Green || Melange,green t-shirt,
Sport || T-shirt || Jersey Fancy || Green || Solid,green t-shirt,
Sport || T-shirt || Jersey Fancy || Grey || Melange,grey t-shirt,
Sport || T-shirt || Jersey Fancy || Orange || Melange,orange t-shirt,
Sport || T-shirt || Jersey Fancy || Orange || Solid,orange t-shirt,
Sport || T-shirt || Jersey Fancy || Pink || Melange,pink t-shirt,
Sport || T-shirt || Jersey Fancy || Pink || Solid,pink t-shirt,
Sport || T-shirt || Jersey Fancy || Red || Solid,red t-shirt,
Sport || T-shirt || Jersey Fancy || Turquoise || Melange,turquoise t-shirt,
Sport || T-shirt || Jersey Fancy || White || Solid,white t-shirt,
Sport || T-shirt || Unknown || Black || Front print,black t-shirt,
Sport || T-shirt || Unknown || Pink || Melange,pink t-shirt,
Sport || Top || Jersey Fancy || Black || Melange,black top,
Sport || Top || Jersey Fancy || Black || Solid,black top,
Sport || Top || Jersey Fancy || Brown || Solid,brown top,
Sport || Top || Jersey Fancy || Pink || Solid,pink top,
Sport || Top || Jersey Fancy || White || Solid,white top,
Sport || Trousers || Jersey Fancy || Black || Solid,black trousers,
Sport || Trousers || Jersey Fancy || Grey || Melange,grey trousers,
Sport || Trousers || Outdoor || Black || Solid,black trousers,
Sport || Trousers || Outdoor || Blue || Solid,blue trousers,
Sport || Trousers || Outdoor || Grey || Melange,grey trousers,
Sport || Trousers || Unknown || Black || All over pattern,black trousers,
Sport || Trousers || Unknown || Black || Solid,black trousers,
Sport || Trousers || Unknown || Grey || Melange,grey trousers,
Sport || Vest top || Jersey Fancy || Black || All over pattern,black vest top,
Sport || Vest top || Jersey Fancy || Black || Front print,black vest top,
Sport || Vest top || Jersey Fancy || Black || Melange,black vest top,
Sport || Vest top || Jersey Fancy || Black || Placement print,black vest top,
Sport || Vest top || Jersey Fancy || Black || Solid,black vest top,
Sport || Vest top || Jersey Fancy || Blue || Melange,blue vest top,
Sport || Vest top || Jersey Fancy || Blue || Solid,blue vest top,
Sport || Vest top || Jersey Fancy || Grey || Melange,grey vest top,
Sport || Vest top || Jersey Fancy || Grey || Solid,grey vest top,
Sport || Vest top || Jersey Fancy || Khaki green || Solid,khaki vest top,
Sport || Vest top || Jersey Fancy || Lilac Purple || Solid,lilac vest top,
Sport || Vest top || Jersey Fancy || Mole || Solid,,colour unmapped
Sport || Vest top || Jersey Fancy || Orange || Solid,orange vest top,
Sport || Vest top || Jersey Fancy || Pink || Melange,pink vest top,
Sport || Vest top || Jersey Fancy || Pink || Solid,pink vest top,
Sport || Vest top || Jersey Fancy || Red || Solid,red vest top,
Sport || Vest top || Jersey Fancy || Turquoise || Melange,turquoise vest top,
Sport || Vest top || Jersey Fancy || White || Solid,white vest top,
Sport || Vest top || Jersey Fancy || Yellow || Solid,yellow vest top,
