rank_unguarded,style_key,index_group_name,product_type_name,garment_group_name,perceived_colour_master_name,graphical_appearance_name,price_index_level,predicted_intensity,guard1_n_active_articles_trailing_mean,guard3_n_weeks_active_trailing,guard1_pass,guard2_pass,guard3_pass,all_guards_pass
1,Ladieswear || Hoodie || Jersey Basic || Black || Solid,Ladieswear,Hoodie,Jersey Basic,Black,Solid,1.0597463949766324,48.00784516621666,2.1538461538461537,52,false,true,true,false
2,Sport || Leggings/Tights || Jersey Fancy || Black || Melange,Sport,Leggings/Tights,Jersey Fancy,Black,Melange,1.2161639237991404,40.0416663564981,3.5384615384615383,52,false,true,true,false
3,Divided || Hoodie || Jersey Basic || Black || Solid,Divided,Hoodie,Jersey Basic,Black,Solid,0.9665081870412605,36.72262937731717,3.923076923076923,52,false,true,true,false
4,Ladieswear || Blazer || Dressed || Brown || Check,Ladieswear,Blazer,Dressed,Brown,Check,1.506355327947066,35.199395848322446,0.7692307692307693,42,false,true,true,false
5,Ladieswear || Blazer || Dressed || Black || Check,Ladieswear,Blazer,Dressed,Black,Check,1.1651746610251972,34.373427058869304,2.0,49,false,true,true,false
6,Ladieswear || T-shirt || Jersey Basic || Black || Solid,Ladieswear,T-shirt,Jersey Basic,Black,Solid,1.0589412126425564,33.773553456977744,23.0,52,true,true,true,true
7,Ladieswear || Hoodie || Jersey Basic || Mole || Solid,Ladieswear,Hoodie,Jersey Basic,Mole,Solid,1.0375171583520864,31.445606199879208,2.0,50,false,true,true,false
8,"Ladieswear || Pyjama bottom || Under-, Nightwear || Black || Solid",Ladieswear,Pyjama bottom,"Under-, Nightwear",Black,Solid,1.0212526345060784,31.33387853226494,2.076923076923077,52,false,true,true,false
9,"Divided || Underwear bottom || Under-, Nightwear || Black || Solid",Divided,Underwear bottom,"Under-, Nightwear",Black,Solid,1.1221727924494829,30.780497095095264,6.461538461538462,52,false,true,true,false
10,Ladieswear || Top || Knitwear || Black || Solid,Ladieswear,Top,Knitwear,Black,Solid,1.733569778450991,29.536839665625628,5.923076923076923,52,false,true,true,false
11,Divided || Sweater || Jersey Basic || Black || Solid,Divided,Sweater,Jersey Basic,Black,Solid,1.4225838292330866,29.0804606178471,4.076923076923077,52,false,true,true,false
12,Ladieswear || Blazer || Dressed || Grey || Solid,Ladieswear,Blazer,Dressed,Grey,Solid,1.0210689879564914,28.363148725040393,2.4615384615384617,52,false,true,true,false
13,Ladieswear || Trousers || Trousers || Black || Treatment,Ladieswear,Trousers,Trousers,Black,Treatment,1.768979205023769,28.0443592438437,7.846153846153846,52,false,true,true,false
14,Sport || Hoodie || Jersey Fancy || Black || Melange,Sport,Hoodie,Jersey Fancy,Black,Melange,1.0302960811011281,27.969469059672523,1.8461538461538463,52,false,true,true,false
15,Divided || Leggings/Tights || Trousers || Black || Solid,Divided,Leggings/Tights,Trousers,Black,Solid,1.2964313270911418,27.46947615825697,3.6923076923076925,52,false,true,true,false
16,Divided || Trousers || Jersey Basic || Black || Solid,Divided,Trousers,Jersey Basic,Black,Solid,1.0647380180115806,27.36523619379833,5.615384615384615,52,false,true,true,false
17,Menswear || Hoodie || Jersey Basic || Green || Solid,Menswear,Hoodie,Jersey Basic,Green,Solid,1.0189857808702463,26.947555630491014,1.8461538461538463,38,false,true,true,false
18,Ladieswear || Blazer || Dressed || Black || Solid,Ladieswear,Blazer,Dressed,Black,Solid,0.9808632482209989,26.884951094655623,20.692307692307693,52,true,true,true,true
19,Ladieswear || Top || Jersey Basic || Black || Solid,Ladieswear,Top,Jersey Basic,Black,Solid,1.0187242203921894,26.806200859583825,14.23076923076923,52,true,true,true,true
20,Divided || Hoodie || Jersey Basic || Grey || Melange,Divided,Hoodie,Jersey Basic,Grey,Melange,1.024646739515569,26.73469144134471,5.846153846153846,52,false,true,true,false
21,Divided || Leggings/Tights || Jersey Basic || Black || Solid,Divided,Leggings/Tights,Jersey Basic,Black,Solid,1.0584185851079468,26.616766977685817,7.769230769230769,52,false,true,true,false
22,Divided || Cardigan || Knitwear || Grey || Melange,Divided,Cardigan,Knitwear,Grey,Melange,1.4569870085062235,26.583590957497194,4.153846153846154,52,false,true,true,false
23,Ladieswear || Sweater || Knitwear || Mole || Solid,Ladieswear,Sweater,Knitwear,Mole,Solid,1.0688621319832503,26.528335510104608,7.923076923076923,52,false,true,true,false
24,Ladieswear || Cardigan || Knitwear || Black || Solid,Ladieswear,Cardigan,Knitwear,Black,Solid,1.3940445086793867,26.39068562260886,10.307692307692308,52,true,true,true,true
25,Ladieswear || Sweater || Knitwear || White || Solid,Ladieswear,Sweater,Knitwear,White,Solid,1.2112677461073251,25.917108723701226,26.846153846153847,52,true,true,true,true
26,Divided || Trousers || Jersey Basic || Grey || Melange,Divided,Trousers,Jersey Basic,Grey,Melange,1.018962338469886,25.813701246084346,3.3846153846153846,52,false,true,true,false
27,Ladieswear || Sweater || Knitwear || Black || Stripe,Ladieswear,Sweater,Knitwear,Black,Stripe,1.2777642951123012,25.52113251821999,3.3076923076923075,52,false,true,true,false
28,Ladieswear || T-shirt || Jersey Basic || White || Solid,Ladieswear,T-shirt,Jersey Basic,White,Solid,1.1575622705197335,25.197520026067032,21.53846153846154,52,true,true,true,true
29,Ladieswear || Sweater || Knitwear || Black || Solid,Ladieswear,Sweater,Knitwear,Black,Solid,1.1767462530699149,24.678683942305575,36.30769230769231,52,true,true,true,true
30,Ladieswear || Trousers || Jersey Basic || Grey || Melange,Ladieswear,Trousers,Jersey Basic,Grey,Melange,1.0257708933708127,24.638286426588135,3.230769230769231,52,false,true,true,false
31,Divided || Trousers || Trousers || Black || Check,Divided,Trousers,Trousers,Black,Check,1.2932051020605857,24.532061478444657,3.3846153846153846,52,false,true,true,false
32,Ladieswear || Leggings/Tights || Jersey Basic || Black || Solid,Ladieswear,Leggings/Tights,Jersey Basic,Black,Solid,1.0376333850527568,24.519238018438838,11.384615384615385,52,true,true,true,true
33,Ladieswear || Trousers || Jersey Basic || Black || Solid,Ladieswear,Trousers,Jersey Basic,Black,Solid,1.1964485466633776,24.270382710682863,4.923076923076923,52,false,true,true,false
34,"Ladieswear || Sweater || Under-, Nightwear || Black || Solid",Ladieswear,Sweater,"Under-, Nightwear",Black,Solid,1.1913378035401228,24.19156212103644,11.538461538461538,52,true,true,true,true
35,Menswear || Hoodie || Jersey Basic || Black || Solid,Menswear,Hoodie,Jersey Basic,Black,Solid,1.0562166141835194,24.000177843198596,5.615384615384615,52,false,true,true,false
36,Sport || Leggings/Tights || Jersey Fancy || Black || Solid,Sport,Leggings/Tights,Jersey Fancy,Black,Solid,1.0021505898470964,23.85748122961213,25.0,52,true,true,true,true
37,Ladieswear || Sweater || Jersey Basic || Black || Solid,Ladieswear,Sweater,Jersey Basic,Black,Solid,0.9961191983770056,23.70682911467321,2.5384615384615383,52,false,true,true,false
38,Divided || Hoodie || Jersey Fancy || Black || Placement print,Divided,Hoodie,Jersey Fancy,Black,Placement print,1.4167411554344194,23.632731880090095,2.923076923076923,52,false,true,true,false
39,"Ladieswear || Sweater || Under-, Nightwear || Beige || Melange",Ladieswear,Sweater,"Under-, Nightwear",Beige,Melange,0.988503847853479,23.616919592338412,4.0,52,false,true,true,false
40,"Ladieswear || Unknown || Under-, Nightwear || Black || Solid",Ladieswear,Unknown,"Under-, Nightwear",Black,Solid,1.1205818055086179,23.415988853760673,8.692307692307692,52,false,true,true,false
41,"Ladieswear || Underwear body || Under-, Nightwear || Black || Lace",Ladieswear,Underwear body,"Under-, Nightwear",Black,Lace,1.9701868531480415,23.217003811830832,0.8461538461538461,37,false,true,true,false
42,Sport || T-shirt || Jersey Fancy || Pink || Solid,Sport,T-shirt,Jersey Fancy,Pink,Solid,1.8674036990682799,23.128230520475977,0.46153846153846156,45,false,true,true,false
43,Ladieswear || Leggings/Tights || Socks and Tights || Black || Solid,Ladieswear,Leggings/Tights,Socks and Tights,Black,Solid,1.0475402226394388,22.855420734746108,19.076923076923077,52,true,true,true,true
44,Sport || Top || Jersey Fancy || Black || Melange,Sport,Top,Jersey Fancy,Black,Melange,1.0620223250741612,22.72169401929239,4.384615384615385,52,false,true,true,false
45,Sport || Hoodie || Jersey Fancy || Black || Solid,Sport,Hoodie,Jersey Fancy,Black,Solid,1.0686199940474224,22.674625083878237,1.5384615384615385,43,false,true,true,false
46,Divided || Trousers || Trousers Denim || Green || Denim,Divided,Trousers,Trousers Denim,Green,Denim,1.1744805927047979,22.661448988365244,4.3076923076923075,52,false,true,true,false
47,Ladieswear || Top || Knitwear || Beige || Melange,Ladieswear,Top,Knitwear,Beige,Melange,1.4877712638182752,22.5746328052082,2.6923076923076925,52,false,true,true,false
48,Ladieswear || Socks || Socks and Tights || White || Solid,Ladieswear,Socks,Socks and Tights,White,Solid,1.115303989247024,22.416843819588703,9.384615384615385,52,false,true,true,false
49,"Ladieswear || Pyjama set || Under-, Nightwear || Black || Contrast",Ladieswear,Pyjama set,"Under-, Nightwear",Black,Contrast,1.4350260349176258,22.26589899776912,1.1538461538461537,32,false,true,true,false
50,Ladieswear || Trousers || Trousers || Black || Check,Ladieswear,Trousers,Trousers,Black,Check,1.1457951205505033,21.87076963603352,14.538461538461538,52,true,true,true,true
51,Divided || Trousers || Trousers || Grey || Solid,Divided,Trousers,Trousers,Grey,Solid,1.1367022022153193,21.69013754898573,15.0,52,true,true,true,true
52,Ladieswear || Shirt || Blouses || Black || Solid,Ladieswear,Shirt,Blouses,Black,Solid,1.0753639967860382,21.559440022702386,10.923076923076923,52,true,true,true,true
53,Ladieswear || Sweater || Knitwear || White || Stripe,Ladieswear,Sweater,Knitwear,White,Stripe,1.305095379756735,21.42582231980127,4.3076923076923075,52,false,true,true,false
54,Ladieswear || Skirt || Jersey Basic || Black || Solid,Ladieswear,Skirt,Jersey Basic,Black,Solid,1.0213635666711671,21.372565208769576,1.1538461538461537,52,false,true,true,false
55,Ladieswear || Shirt || Blouses || White || Solid,Ladieswear,Shirt,Blouses,White,Solid,1.0583949556375072,21.31616212269963,42.23076923076923,52,true,true,true,true
56,Sport || Top || Jersey Fancy || Black || Solid,Sport,Top,Jersey Fancy,Black,Solid,0.983271364455054,21.286586364663307,16.692307692307693,52,true,true,true,true
57,Divided || Top || Jersey Basic || Black || Solid,Divided,Top,Jersey Basic,Black,Solid,1.1956883892284897,21.271058715676716,12.23076923076923,52,true,true,true,true
58,Divided || Hoodie || Jersey Fancy || Red || Placement print,Divided,Hoodie,Jersey Fancy,Red,Placement print,3.316549157853505,21.250545216666467,0.23076923076923078,10,false,true,false,false
59,Divided || Cardigan || Knitwear || Black || Solid,Divided,Cardigan,Knitwear,Black,Solid,1.1931270420634323,21.242724726189184,7.153846153846154,52,false,true,true,false
60,Sport || Vest top || Jersey Fancy || Black || Solid,Sport,Vest top,Jersey Fancy,Black,Solid,0.9804513816816157,21.217579377347736,20.46153846153846,52,true,true,true,true
61,Divided || Hoodie || Jersey Basic || White || Solid,Divided,Hoodie,Jersey Basic,White,Solid,1.0759862234745123,21.172040419408578,2.8461538461538463,52,false,true,true,false
62,Ladieswear || Blazer || Dressed || Beige || Solid,Ladieswear,Blazer,Dressed,Beige,Solid,1.0127315050486387,21.09373161425064,11.461538461538462,52,true,true,true,true
63,Ladieswear || Sweater || Jersey Basic || Beige || Solid,Ladieswear,Sweater,Jersey Basic,Beige,Solid,1.0758689436080517,20.976689019450674,2.8461538461538463,52,false,true,true,false
64,Ladieswear || Vest top || Jersey Basic || Black || Solid,Ladieswear,Vest top,Jersey Basic,Black,Solid,1.1822563764926821,20.797504478987346,22.23076923076923,52,true,true,true,true
65,Sport || Bra || Jersey Fancy || Black || Solid,Sport,Bra,Jersey Fancy,Black,Solid,1.1506855383561163,20.725271267891564,19.0,52,true,true,true,true
66,Sport || Hoodie || Jersey Fancy || Pink || Solid,Sport,Hoodie,Jersey Fancy,Pink,Solid,1.138337361278942,20.66062912050333,0.6153846153846154,45,false,true,true,false
67,Sport || T-shirt || Jersey Fancy || Black || Melange,Sport,T-shirt,Jersey Fancy,Black,Melange,1.0332531676815793,20.647004941501432,6.923076923076923,52,false,true,true,false
68,Divided || Trousers || Trousers || Blue || Solid,Divided,Trousers,Trousers,Blue,Solid,1.0747673307524204,20.57855963407169,55.15384615384615,52,true,true,true,true
69,"Ladieswear || Pyjama set || Under-, Nightwear || Mole || Melange",Ladieswear,Pyjama set,"Under-, Nightwear",Mole,Melange,,20.56580291340402,3.769230769230769,43,false,false,true,false
70,Ladieswear || Trousers || Trousers || Black || Denim,Ladieswear,Trousers,Trousers,Black,Denim,0.9294422150453886,20.523373985699283,9.846153846153847,52,false,true,true,false
71,Sport || T-shirt || Jersey Fancy || Black || Solid,Sport,T-shirt,Jersey Fancy,Black,Solid,0.8686031363729576,20.299859837475523,6.076923076923077,52,false,true,true,false
72,Divided || Trousers || Trousers Denim || Black || Solid,Divided,Trousers,Trousers Denim,Black,Solid,1.19300834416875,20.283304692323746,2.923076923076923,52,false,true,true,false
73,Ladieswear || Blazer || Dressed || Beige || Melange,Ladieswear,Blazer,Dressed,Beige,Melange,0.7288972256300361,20.02944007495651,2.6923076923076925,52,false,false,true,false
74,Ladieswear || Cardigan || Knitwear || Red || Solid,Ladieswear,Cardigan,Knitwear,Red,Solid,1.5268728528599675,19.93905600581843,2.230769230769231,52,false,true,true,false
75,Ladieswear || Cardigan || Knitwear || Grey || Melange,Ladieswear,Cardigan,Knitwear,Grey,Melange,1.4293431215646817,19.917811161207965,11.76923076923077,52,true,true,true,true
76,Ladieswear || Trousers || Trousers || Grey || Denim,Ladieswear,Trousers,Trousers,Grey,Denim,0.9998630389624533,19.902746616449473,15.76923076923077,52,true,true,true,true
77,Menswear || Sweater || Jersey Basic || White || Solid,Menswear,Sweater,Jersey Basic,White,Solid,1.2049800190496505,19.8388810472083,3.0,52,false,true,true,false
78,Ladieswear || Hoodie || Jersey Basic || Grey || Melange,Ladieswear,Hoodie,Jersey Basic,Grey,Melange,1.0197187804789944,19.75666823679623,4.0,52,false,true,true,false
79,Ladieswear || Sweater || Knitwear || Khaki green || Solid,Ladieswear,Sweater,Knitwear,Khaki green,Solid,1.2637244235629128,19.73927686509989,6.076923076923077,52,false,true,true,false
80,Menswear || Sweater || Jersey Basic || Black || Solid,Menswear,Sweater,Jersey Basic,Black,Solid,1.1901236691976993,19.62339698429255,3.1538461538461537,52,false,true,true,false
81,Divided || Shirt || Blouses || Red || Check,Divided,Shirt,Blouses,Red,Check,1.0469902105587254,19.50761967612777,0.8461538461538461,48,false,true,true,false
82,Divided || Shirt || Blouses || Black || Check,Divided,Shirt,Blouses,Black,Check,1.0205260013074358,19.396344996290896,1.0769230769230769,46,false,true,true,false
83,Divided || Unknown || Trousers Denim || Blue || Denim,Divided,Unknown,Trousers Denim,Blue,Denim,,19.38347155781727,3.4,10,false,false,false,false
84,Ladieswear || Blazer || Dressed || Green || Solid,Ladieswear,Blazer,Dressed,Green,Solid,0.9831062180854857,19.297176616883366,2.5384615384615383,52,false,true,true,false
85,Divided || Leggings/Tights || Jersey Basic || Black || Contrast,Divided,Leggings/Tights,Jersey Basic,Black,Contrast,0.9569646272069153,19.19779094920597,3.4615384615384617,52,false,true,true,false
86,Divided || Trousers || Trousers Denim || Black || Denim,Divided,Trousers,Trousers Denim,Black,Denim,1.0120294667156313,19.09946744505252,36.38461538461539,52,true,true,true,true
87,Divided || Trousers || Trousers || Black || Solid,Divided,Trousers,Trousers,Black,Solid,1.068237345381699,19.066026353417815,48.76923076923077,52,true,true,true,true
88,Divided || Dress || Jersey Basic || Black || Solid,Divided,Dress,Jersey Basic,Black,Solid,1.308007374765265,18.931747132235127,25.384615384615383,52,true,true,true,true
89,Menswear || Hoodie || Jersey Basic || White || Solid,Menswear,Hoodie,Jersey Basic,White,Solid,1.1084713431024018,18.890580160860313,2.3076923076923075,52,false,true,true,false
90,Sport || Leggings/Tights || Jersey Fancy || Black || Mesh,Sport,Leggings/Tights,Jersey Fancy,Black,Mesh,1.0671603359104542,18.680719739712057,5.076923076923077,52,false,true,true,false
91,Ladieswear || Blouse || Blouses || Black || Lace,Ladieswear,Blouse,Blouses,Black,Lace,0.588135797195556,18.641868027427346,2.6923076923076925,51,false,false,true,false
92,Ladieswear || Socks || Socks and Tights || Black || Solid,Ladieswear,Socks,Socks and Tights,Black,Solid,1.0068403746424734,18.532743118008142,20.153846153846153,52,true,true,true,true
93,Ladieswear || Sweater || Knitwear || Green || Solid,Ladieswear,Sweater,Knitwear,Green,Solid,0.9648809044793638,18.47829716364268,8.153846153846153,52,false,true,true,false
94,Ladieswear || Sweater || Jersey Basic || White || Solid,Ladieswear,Sweater,Jersey Basic,White,Solid,0.9510312491959602,18.42187058554724,2.8461538461538463,52,false,true,true,false
95,"Ladieswear || Trousers || Under-, Nightwear || Black || Solid",Ladieswear,Trousers,"Under-, Nightwear",Black,Solid,1.0925614984845249,18.319850483913758,1.5384615384615385,52,false,true,true,false
96,Divided || T-shirt || Jersey Basic || Black || Solid,Divided,T-shirt,Jersey Basic,Black,Solid,1.0494347482621826,18.284831025033892,19.384615384615383,52,true,true,true,true
97,Divided || Sweater || Jersey Basic || Grey || Melange,Divided,Sweater,Jersey Basic,Grey,Melange,1.1237410653138638,18.2036388676685,2.6153846153846154,52,false,true,true,false
98,"Ladieswear || Underwear bottom || Under-, Nightwear || Black || Dot",Ladieswear,Underwear bottom,"Under-, Nightwear",Black,Dot,1.1670162991436588,18.118991883705476,3.5384615384615383,52,false,true,true,false
99,Ladieswear || T-shirt || Jersey Basic || Black || All over pattern,Ladieswear,T-shirt,Jersey Basic,Black,All over pattern,1.0296470013996724,18.09756700133839,2.0,52,false,true,true,false
100,"Ladieswear || Pyjama bottom || Under-, Nightwear || Grey || Melange",Ladieswear,Pyjama bottom,"Under-, Nightwear",Grey,Melange,2.280513407767917,18.07497326701112,1.5384615384615385,25,false,true,false,false
101,Divided || Sweater || Knitwear || Green || Solid,Divided,Sweater,Knitwear,Green,Solid,1.267501852634488,18.023763854850404,3.8461538461538463,52,false,true,true,false
102,Ladieswear || Cardigan || Knitwear || Mole || Melange,Ladieswear,Cardigan,Knitwear,Mole,Melange,0.9226032067941218,17.944332180234834,6.3076923076923075,52,false,true,true,false
103,Ladieswear || Top || Jersey Fancy || Black || All over pattern,Ladieswear,Top,Jersey Fancy,Black,All over pattern,0.8787491349384804,17.86892158824342,8.461538461538462,52,false,true,true,false
104,Ladieswear || Blazer || Dressed || Black || Other structure,Ladieswear,Blazer,Dressed,Black,Other structure,1.3829405449817271,17.808258029623104,3.3076923076923075,52,false,true,true,false
105,Ladieswear || Blazer || Dressed || White || Check,Ladieswear,Blazer,Dressed,White,Check,1.0077404350265045,17.791295013213073,1.6153846153846154,31,false,true,true,false
106,Ladieswear || Sweater || Knitwear || Beige || Melange,Ladieswear,Sweater,Knitwear,Beige,Melange,0.9963531924100005,17.783148281064506,20.846153846153847,52,true,true,true,true
107,Ladieswear || Blazer || Dressed || Red || Solid,Ladieswear,Blazer,Dressed,Red,Solid,1.1604137107527255,17.753266602090566,3.1538461538461537,52,false,true,true,false
108,Ladieswear || Shirt || Blouses || Green || Solid,Ladieswear,Shirt,Blouses,Green,Solid,1.1965956760745056,17.679164820650517,3.8461538461538463,52,false,true,true,false
109,Divided || Trousers || Trousers || Black || All over pattern,Divided,Trousers,Trousers,Black,All over pattern,2.1701186877348033,17.6181747355922,7.384615384615385,52,false,true,true,false
110,Divided || Top || Jersey Basic || White || Solid,Divided,Top,Jersey Basic,White,Solid,1.0937324802929989,17.607008347027804,10.076923076923077,52,true,true,true,true
111,Ladieswear || Vest top || Jersey Basic || White || Solid,Ladieswear,Vest top,Jersey Basic,White,Solid,1.220646968524758,17.490661279442982,18.153846153846153,52,true,true,true,true
112,Ladieswear || Cardigan || Knitwear || White || Solid,Ladieswear,Cardigan,Knitwear,White,Solid,1.3034129744667409,17.412862768391935,5.3076923076923075,52,false,true,true,false
113,Ladieswear || Blazer || Dressed || Grey || Melange,Ladieswear,Blazer,Dressed,Grey,Melange,1.3376715103295698,17.407525120316887,1.1538461538461537,24,false,true,false,false
114,Ladieswear || Blazer || Dressed || Khaki green || Solid,Ladieswear,Blazer,Dressed,Khaki green,Solid,1.0396690555745347,17.335463474621733,4.3076923076923075,52,false,true,true,false
115,Ladieswear || Hoodie || Jersey Basic || White || Solid,Ladieswear,Hoodie,Jersey Basic,White,Solid,1.0991552501422508,16.972224342485887,1.6153846153846154,51,false,true,true,false
116,Ladieswear || T-shirt || Jersey Fancy || Unknown || Front print,Ladieswear,T-shirt,Jersey Fancy,Unknown,Front print,1.013107194097151,16.96852645014743,0.23076923076923078,4,false,true,false,false
117,Sport || Leggings/Tights || Jersey Fancy || Black || Placement print,Sport,Leggings/Tights,Jersey Fancy,Black,Placement print,0.9835448611357471,16.817129613343766,6.769230769230769,52,false,true,true,false
118,Divided || Sweater || Knitwear || Blue || Solid,Divided,Sweater,Knitwear,Blue,Solid,1.0885032451386778,16.79978440304649,1.2307692307692308,45,false,true,true,false
119,Ladieswear || T-shirt || Jersey Basic || White || All over pattern,Ladieswear,T-shirt,Jersey Basic,White,All over pattern,1.0353334212492857,16.79908596980129,2.3076923076923075,52,false,true,true,false
120,Ladieswear || Blazer || Dressed || Beige || Check,Ladieswear,Blazer,Dressed,Beige,Check,1.3234456088508226,16.698000300064002,4.461538461538462,52,false,true,true,false
121,Sport || Trousers || Jersey Fancy || Black || Solid,Sport,Trousers,Jersey Fancy,Black,Solid,1.065616292409202,16.632901015708644,4.384615384615385,52,false,true,true,false
122,"Ladieswear || Sweater || Under-, Nightwear || Grey || Melange",Ladieswear,Sweater,"Under-, Nightwear",Grey,Melange,1.2723377445005377,16.601907554316117,7.384615384615385,52,false,true,true,false
123,Ladieswear || Sweater || Knitwear || White || Melange,Ladieswear,Sweater,Knitwear,White,Melange,0.9394983477688691,16.554779719066225,5.846153846153846,52,false,true,true,false
124,Divided || T-shirt || Jersey Basic || White || Solid,Divided,T-shirt,Jersey Basic,White,Solid,1.1232535349095492,16.522018817245478,22.923076923076923,52,true,true,true,true
125,Ladieswear || Blazer || Dressed || Beige || Other structure,Ladieswear,Blazer,Dressed,Beige,Other structure,1.0444385544018915,16.48896998265878,6.153846153846154,52,false,true,true,false
126,Divided || Sweater || Jersey Basic || Mole || Solid,Divided,Sweater,Jersey Basic,Mole,Solid,0.9361116276791707,16.36749032787834,2.8461538461538463,52,false,true,true,false
127,Ladieswear || Trousers || Trousers || Black || Solid,Ladieswear,Trousers,Trousers,Black,Solid,1.0843373198419592,16.331367615737868,145.23076923076923,52,true,true,true,true
128,Menswear || Hoodie || Jersey Basic || Beige || Solid,Menswear,Hoodie,Jersey Basic,Beige,Solid,1.205569338122466,16.292911271615328,2.923076923076923,52,false,true,true,false
129,Ladieswear || Blazer || Dressed || Mole || Solid,Ladieswear,Blazer,Dressed,Mole,Solid,1.0732719010078404,16.283169907455704,2.3846153846153846,48,false,true,true,false
130,Ladieswear || Blazer || Dressed || Blue || Solid,Ladieswear,Blazer,Dressed,Blue,Solid,1.0304008309353445,16.25726527025839,5.923076923076923,52,false,true,true,false
131,"Ladieswear || Underwear bottom || Under-, Nightwear || Red || Solid",Ladieswear,Underwear bottom,"Under-, Nightwear",Red,Solid,1.3770306398465844,16.25523950275885,14.923076923076923,52,true,true,true,true
132,Divided || Sweater || Knitwear || Black || Stripe,Divided,Sweater,Knitwear,Black,Stripe,1.0118657127606454,16.13534029723502,0.8461538461538461,35,false,true,true,false
133,Sport || Bra || Jersey Fancy || Pink || Solid,Sport,Bra,Jersey Fancy,Pink,Solid,1.4261898252567788,16.082438109352847,6.0,52,false,true,true,false
134,Ladieswear || Top || Knitwear || Grey || Melange,Ladieswear,Top,Knitwear,Grey,Melange,1.061764482986348,15.940614698540585,0.5384615384615384,39,false,true,true,false
135,Divided || Sweater || Knitwear || Blue || Stripe,Divided,Sweater,Knitwear,Blue,Stripe,1.3816219549799564,15.908691520170077,2.1538461538461537,51,false,true,true,false
136,Ladieswear || Trousers || Trousers Denim || Black || Solid,Ladieswear,Trousers,Trousers Denim,Black,Solid,0.9176542497268103,15.84163500462904,2.5384615384615383,52,false,true,true,false
137,Ladieswear || Sweater || Jersey Basic || Grey || Solid,Ladieswear,Sweater,Jersey Basic,Grey,Solid,1.0376794217687075,15.793456174773716,2.3846153846153846,37,false,true,true,false
138,Ladieswear || Sweater || Knitwear || Mole || Melange,Ladieswear,Sweater,Knitwear,Mole,Melange,1.333899668107995,15.793351132507922,13.153846153846153,52,true,true,true,true
139,Ladieswear || Bodysuit || Jersey Basic || Black || Solid,Ladieswear,Bodysuit,Jersey Basic,Black,Solid,1.361775202456188,15.768322508184717,4.6923076923076925,52,false,true,true,false
140,Sport || Top || Jersey Fancy || White || Solid,Sport,Top,Jersey Fancy,White,Solid,1.0657648594063387,15.760346777969396,2.0,52,false,true,true,false
141,Sport || Leggings/Tights || Jersey Fancy || Khaki green || Solid,Sport,Leggings/Tights,Jersey Fancy,Khaki green,Solid,,15.749160645355886,4.076923076923077,40,false,false,true,false
142,Ladieswear || Trousers || Trousers || Mole || Solid,Ladieswear,Trousers,Trousers,Mole,Solid,0.8962716516197953,15.607809837062291,5.538461538461538,52,false,true,true,false
143,Sport || T-shirt || Jersey Fancy || Grey || Melange,Sport,T-shirt,Jersey Fancy,Grey,Melange,1.2282119576960322,15.606911864083592,6.846153846153846,52,false,true,true,false
144,Ladieswear || Bodysuit || Jersey Fancy || Black || Lace,Ladieswear,Bodysuit,Jersey Fancy,Black,Lace,1.158183619835423,15.604138505571495,1.7692307692307692,47,false,true,true,false
145,Ladieswear || Jacket || Outdoor || White || Solid,Ladieswear,Jacket,Outdoor,White,Solid,1.5641379026536912,15.491891656654719,6.230769230769231,52,false,true,true,false
146,Divided || Sweater || Knitwear || Black || Solid,Divided,Sweater,Knitwear,Black,Solid,1.1494720839468857,15.43790984773269,22.846153846153847,52,true,true,true,true
147,Sport || Leggings/Tights || Jersey Fancy || Grey || Solid,Sport,Leggings/Tights,Jersey Fancy,Grey,Solid,0.8935517024658953,15.28147484601455,3.5384615384615383,52,false,true,true,false
148,"Ladieswear || Underwear bottom || Under-, Nightwear || Black || Lace",Ladieswear,Underwear bottom,"Under-, Nightwear",Black,Lace,1.103159158057839,15.220017589105176,7.615384615384615,52,false,true,true,false
149,"Ladieswear || Pyjama bottom || Under-, Nightwear || Grey || Solid",Ladieswear,Pyjama bottom,"Under-, Nightwear",Grey,Solid,2.3691526832095304,15.217315880766343,3.4615384615384617,51,false,true,true,false
150,Ladieswear || Cardigan || Knitwear || Beige || Melange,Ladieswear,Cardigan,Knitwear,Beige,Melange,1.3188838403303391,15.190514051352178,5.846153846153846,52,false,true,true,false
151,Divided || Hoodie || Jersey Basic || Mole || Solid,Divided,Hoodie,Jersey Basic,Mole,Solid,0.9884524334357069,14.9989660733629,2.3076923076923075,52,false,true,true,false
152,"Ladieswear || Underwear bottom || Under-, Nightwear || Black || Solid",Ladieswear,Underwear bottom,"Under-, Nightwear",Black,Solid,1.149635376312889,14.925374854266614,103.61538461538461,52,true,true,true,true
153,"Divided || Underwear bottom || Under-, Nightwear || Black || Melange",Divided,Underwear bottom,"Under-, Nightwear",Black,Melange,1.0044331690766748,14.894566628147814,1.4615384615384615,52,false,true,true,false
154,Menswear || Sweater || Jersey Basic || Green || Solid,Menswear,Sweater,Jersey Basic,Green,Solid,0.9944797392152663,14.889360196662864,2.230769230769231,45,false,true,true,false
155,Ladieswear || T-shirt || Knitwear || Black || Solid,Ladieswear,T-shirt,Knitwear,Black,Solid,0.6185863783858521,14.841157664442392,1.0,40,false,false,true,false
156,"Ladieswear || Unknown || Under-, Nightwear || White || Solid",Ladieswear,Unknown,"Under-, Nightwear",White,Solid,1.0672815158659887,14.78832117235727,6.0,52,false,true,true,false
157,"Ladieswear || Bra || Under-, Nightwear || Unknown || Solid",Ladieswear,Bra,"Under-, Nightwear",Unknown,Solid,1.3592055655745083,14.754257289795005,2.230769230769231,52,false,true,true,false
158,Ladieswear || Blouse || Blouses || Orange || All over pattern,Ladieswear,Blouse,Blouses,Orange,All over pattern,1.1482303411876291,14.718309495914674,8.153846153846153,52,false,true,true,false
159,Sport || Vest top || Jersey Fancy || White || Solid,Sport,Vest top,Jersey Fancy,White,Solid,1.0451951468135598,14.716889964661151,8.23076923076923,52,false,true,true,false
160,Ladieswear || Sweater || Jersey Fancy || Green || Solid,Ladieswear,Sweater,Jersey Fancy,Green,Solid,1.051870734918462,14.667274392122481,2.4615384615384617,52,false,true,true,false
161,Ladieswear || Blouse || Blouses || Mole || Solid,Ladieswear,Blouse,Blouses,Mole,Solid,,14.650552928189004,4.153846153846154,49,false,false,true,false
162,Ladieswear || Blazer || Dressed || Grey || Other structure,Ladieswear,Blazer,Dressed,Grey,Other structure,1.0364351045019145,14.465397138422235,4.6923076923076925,52,false,true,true,false
163,"Ladieswear || Unknown || Under-, Nightwear || Brown || Solid",Ladieswear,Unknown,"Under-, Nightwear",Brown,Solid,,14.408513449497722,4.615384615384615,38,false,false,true,false
164,Ladieswear || Trousers || Trousers || Grey || Solid,Ladieswear,Trousers,Trousers,Grey,Solid,0.94447595889248,14.350263882585539,5.153846153846154,52,false,true,true,false
165,"Ladieswear || Unknown || Under-, Nightwear || Beige || Solid",Ladieswear,Unknown,"Under-, Nightwear",Beige,Solid,0.9389650331949104,14.288712571914012,5.0,52,false,true,true,false
166,"Ladieswear || Bra || Under-, Nightwear || Red || Solid",Ladieswear,Bra,"Under-, Nightwear",Red,Solid,0.8394245627452813,14.288208947497619,33.76923076923077,52,true,false,true,false
167,Ladieswear || Skirt || Skirts || Black || Other structure,Ladieswear,Skirt,Skirts,Black,Other structure,0.9507126902712493,14.185807563935668,1.7692307692307692,52,false,true,true,false
168,"Ladieswear || Pyjama set || Under-, Nightwear || Grey || Solid",Ladieswear,Pyjama set,"Under-, Nightwear",Grey,Solid,1.3491707076256678,14.145171000456363,2.6923076923076925,36,false,true,true,false
169,Ladieswear || Sweater || Knitwear || Green || Stripe,Ladieswear,Sweater,Knitwear,Green,Stripe,1.3610061608632011,14.090766654272313,1.5384615384615385,49,false,true,true,false
170,Divided || Sweater || Knitwear || Black || Placement print,Divided,Sweater,Knitwear,Black,Placement print,1.6556948346660902,14.086367237980692,1.1538461538461537,45,false,true,true,false
171,Sport || Bra || Jersey Fancy || Grey || Solid,Sport,Bra,Jersey Fancy,Grey,Solid,0.9951804876839102,13.976711851396233,4.461538461538462,52,false,true,true,false
172,Divided || T-shirt || Jersey Basic || Mole || Solid,Divided,T-shirt,Jersey Basic,Mole,Solid,0.908848699618489,13.923804647014935,5.3076923076923075,52,false,true,true,false
173,Ladieswear || Underwear Tights || Socks and Tights || Black || Solid,Ladieswear,Underwear Tights,Socks and Tights,Black,Solid,1.078786700242349,13.908702592343365,33.92307692307692,52,true,true,true,true
174,Ladieswear || Top || Jersey Basic || White || Solid,Ladieswear,Top,Jersey Basic,White,Solid,1.0788786951193887,13.853842573439003,11.923076923076923,52,true,true,true,true
175,Ladieswear || Socks || Socks and Tights || Black || Contrast,Ladieswear,Socks,Socks and Tights,Black,Contrast,0.9837571463432395,13.809580060293206,4.153846153846154,52,false,true,true,false
176,Ladieswear || Blazer || Dressed || Red || Check,Ladieswear,Blazer,Dressed,Red,Check,1.428951426368543,13.737007831737099,1.6153846153846154,51,false,true,true,false
177,Ladieswear || Sweater || Knitwear || Grey || Solid,Ladieswear,Sweater,Knitwear,Grey,Solid,1.4811456562285634,13.719024308089303,9.76923076923077,52,false,true,true,false
178,Ladieswear || Dress || Jersey Basic || Black || Solid,Ladieswear,Dress,Jersey Basic,Black,Solid,1.3281970601116393,13.700221649759984,26.153846153846153,52,true,true,true,true
179,"Ladieswear || Pyjama set || Under-, Nightwear || Grey || All over pattern",Ladieswear,Pyjama set,"Under-, Nightwear",Grey,All over pattern,1.1572218127013134,13.684084186551077,5.6923076923076925,52,false,true,true,false
180,Ladieswear || Trousers || Jersey Fancy || Grey || Melange,Ladieswear,Trousers,Jersey Fancy,Grey,Melange,1.0461613441052677,13.65944069468878,7.153846153846154,52,false,true,true,false
181,"Divided || Underwear bottom || Under-, Nightwear || Pink || Solid",Divided,Underwear bottom,"Under-, Nightwear",Pink,Solid,1.4258461550802781,13.656662304353919,1.4615384615384615,52,false,true,true,false
182,"Ladieswear || Sweater || Under-, Nightwear || Pink || Solid",Ladieswear,Sweater,"Under-, Nightwear",Pink,Solid,2.043950615373106,13.628310235983827,1.8461538461538463,49,false,true,true,false
183,Sport || Leggings/Tights || Jersey Fancy || Black || Colour blocking,Sport,Leggings/Tights,Jersey Fancy,Black,Colour blocking,1.0308132021808745,13.624646612160959,6.461538461538462,52,false,true,true,false
184,Ladieswear || Dress || Jersey Fancy || Unknown || Solid,Ladieswear,Dress,Jersey Fancy,Unknown,Solid,1.702196122596734,13.513064567006687,3.230769230769231,48,false,true,true,false
185,Ladieswear || Jacket || Outdoor || Black || All over pattern,Ladieswear,Jacket,Outdoor,Black,All over pattern,0.8680002395639936,13.485264004810047,2.3846153846153846,51,false,true,true,false
186,Ladieswear || Sweater || Knitwear || Black || Melange,Ladieswear,Sweater,Knitwear,Black,Melange,1.9046832757052758,13.439323258579675,2.3076923076923075,52,false,true,true,false
187,Ladieswear || Leggings/Tights || Jersey Fancy || Black || Solid,Ladieswear,Leggings/Tights,Jersey Fancy,Black,Solid,1.181956273867457,13.43223957296038,19.307692307692307,52,true,true,true,true
188,Divided || Sweater || Knitwear || White || Solid,Divided,Sweater,Knitwear,White,Solid,1.1544940513478152,13.322306615783322,17.615384615384617,52,true,true,true,true
189,Divided || Shirt || Blouses || Beige || Check,Divided,Shirt,Blouses,Beige,Check,1.0460772779867638,13.235228582331455,2.3846153846153846,52,false,true,true,false
190,Ladieswear || Belt || Accessories || Black || Other structure,Ladieswear,Belt,Accessories,Black,Other structure,1.0086248007749241,13.198787803102451,2.6923076923076925,52,false,true,true,false
191,Menswear || Sweater || Jersey Basic || Beige || Solid,Menswear,Sweater,Jersey Basic,Beige,Solid,1.3878609922798775,13.192386326626712,2.6923076923076925,52,false,true,true,false
192,Ladieswear || Blouse || Blouses || Beige || Solid,Ladieswear,Blouse,Blouses,Beige,Solid,1.0385732140489365,13.186310332316426,19.23076923076923,52,true,true,true,true
193,Ladieswear || Sweater || Jersey Fancy || Unknown || Solid,Ladieswear,Sweater,Jersey Fancy,Unknown,Solid,0.8933768933768935,13.171214614787482,0.6923076923076923,13,false,true,false,false
194,Sport || Leggings/Tights || Jersey Fancy || Pink || Solid,Sport,Leggings/Tights,Jersey Fancy,Pink,Solid,1.5617422250973516,13.162201279506611,2.076923076923077,52,false,true,true,false
195,Ladieswear || Hoodie || Jersey Fancy || Black || Solid,Ladieswear,Hoodie,Jersey Fancy,Black,Solid,0.9632932190249605,13.149240212631073,2.8461538461538463,52,false,true,true,false
196,Divided || Sweater || Jersey Basic || White || Solid,Divided,Sweater,Jersey Basic,White,Solid,0.9290614550983888,13.100528719887121,3.6923076923076925,52,false,true,true,false
197,Ladieswear || T-shirt || Jersey Basic || Grey || Melange,Ladieswear,T-shirt,Jersey Basic,Grey,Melange,1.0742328313966258,13.06274432747744,12.384615384615385,52,true,true,true,true
198,Ladieswear || Blouse || Blouses || Black || Solid,Ladieswear,Blouse,Blouses,Black,Solid,1.058801235266514,13.062738287975337,59.23076923076923,52,true,true,true,true
199,Ladieswear || Sweater || Knitwear || Pink || Solid,Ladieswear,Sweater,Knitwear,Pink,Solid,0.9343572852134605,13.053416182892029,10.923076923076923,52,true,true,true,true
200,Divided || Dress || Dresses Ladies || Black || Solid,Divided,Dress,Dresses Ladies,Black,Solid,1.163767700077742,13.03706226198929,78.61538461538461,52,true,true,true,true
201,Sport || Leggings/Tights || Jersey Fancy || Unknown || Melange,Sport,Leggings/Tights,Jersey Fancy,Unknown,Melange,0.9727213404218568,13.031583690370224,0.9230769230769231,41,false,true,true,false
202,"Ladieswear || Bra || Under-, Nightwear || Orange || Solid",Ladieswear,Bra,"Under-, Nightwear",Orange,Solid,1.0889531897229672,12.939205200537574,25.0,52,true,true,true,true
203,Menswear || Hoodie || Jersey Basic || Red || Solid,Menswear,Hoodie,Jersey Basic,Red,Solid,1.0197995167403027,12.861921953999778,0.7692307692307693,45,false,true,true,false
204,Divided || Hoodie || Jersey Basic || Lilac Purple || Solid,Divided,Hoodie,Jersey Basic,Lilac Purple,Solid,1.25261285301312,12.840512662220796,1.4615384615384615,32,false,true,true,false
205,Ladieswear || Sweater || Knitwear || Beige || Solid,Ladieswear,Sweater,Knitwear,Beige,Solid,1.2788790421722165,12.78137178579583,19.384615384615383,52,true,true,true,true
206,Menswear || Sweater || Jersey Basic || Khaki green || Solid,Menswear,Sweater,Jersey Basic,Khaki green,Solid,1.0201320497315345,12.73597342863792,1.7692307692307692,52,false,true,true,false
207,Ladieswear || Shirt || Blouses || White || Check,Ladieswear,Shirt,Blouses,White,Check,1.6723556374845598,12.697354391560905,4.230769230769231,52,false,true,true,false
208,Divided || T-shirt || Jersey Basic || Yellow || Solid,Divided,T-shirt,Jersey Basic,Yellow,Solid,1.0460893776168911,12.665670253837218,2.0,52,false,true,true,false
209,Divided || T-shirt || Jersey Basic || Pink || Solid,Divided,T-shirt,Jersey Basic,Pink,Solid,1.0049671000540543,12.659509245087891,6.538461538461538,52,false,true,true,false
210,Ladieswear || Jacket || Outdoor || Beige || Solid,Ladieswear,Jacket,Outdoor,Beige,Solid,1.2016801724561088,12.65470690523175,38.76923076923077,52,true,true,true,true
211,Ladieswear || Blouse || Blouses || White || Lace,Ladieswear,Blouse,Blouses,White,Lace,0.8228280545260901,12.653679267329585,3.1538461538461537,52,false,false,true,false
212,Divided || Vest top || Jersey Basic || Black || Solid,Divided,Vest top,Jersey Basic,Black,Solid,1.4504065852135037,12.63736853007315,16.153846153846153,52,true,true,true,true
213,"Ladieswear || Bra || Under-, Nightwear || Black || Solid",Ladieswear,Bra,"Under-, Nightwear",Black,Solid,1.1277975290179338,12.626058205252845,128.15384615384616,52,true,true,true,true
214,Ladieswear || Top || Jersey Basic || Grey || Melange,Ladieswear,Top,Jersey Basic,Grey,Melange,1.0289435362286543,12.58904028375101,5.153846153846154,52,false,true,true,false
215,Divided || Top || Knitwear || White || Solid,Divided,Top,Knitwear,White,Solid,1.2618177590273392,12.578203734723155,1.4615384615384615,50,false,true,true,false
216,Sport || Top || Jersey Fancy || Pink || Solid,Sport,Top,Jersey Fancy,Pink,Solid,1.016101696267155,12.551913461696934,4.3076923076923075,44,false,true,true,false
217,Ladieswear || Trousers || Trousers || Grey || Check,Ladieswear,Trousers,Trousers,Grey,Check,1.1906046140137174,12.547706906688582,7.384615384615385,52,false,true,true,false
218,Ladieswear || Top || Jersey Fancy || Black || Solid,Ladieswear,Top,Jersey Fancy,Black,Solid,1.0891638716838963,12.529905955918279,81.07692307692308,52,true,true,true,true
219,Ladieswear || Blazer || Dressed || Pink || Other structure,Ladieswear,Blazer,Dressed,Pink,Other structure,1.0684666218758136,12.481388591979945,1.5384615384615385,37,false,true,true,false
220,Divided || Skirt || Jersey Basic || Black || Solid,Divided,Skirt,Jersey Basic,Black,Solid,1.080853870508043,12.392215148278849,3.0,52,false,true,true,false
221,Ladieswear || Sweater || Jersey Fancy || Mole || Solid,Ladieswear,Sweater,Jersey Fancy,Mole,Solid,,12.373694382723246,2.3076923076923075,41,false,false,true,false
222,Divided || Trousers || Trousers || Blue || Denim,Divided,Trousers,Trousers,Blue,Denim,1.0088722806650463,12.35941165120625,39.92307692307692,52,true,true,true,true
223,Ladieswear || Socks || Socks and Tights || Beige || All over pattern,Ladieswear,Socks,Socks and Tights,Beige,All over pattern,1.1480687462035943,12.33061774876142,6.3076923076923075,47,false,true,true,false
224,Ladieswear || Socks || Socks and Tights || Grey || Melange,Ladieswear,Socks,Socks and Tights,Grey,Melange,1.0334515855807398,12.30859484891124,5.6923076923076925,52,false,true,true,false
225,Divided || Shorts || Jersey Basic || Black || Solid,Divided,Shorts,Jersey Basic,Black,Solid,0.9848428937926644,12.295053875469868,5.615384615384615,52,false,true,true,false
226,Ladieswear || Sweater || Knitwear || Lilac Purple || Solid,Ladieswear,Sweater,Knitwear,Lilac Purple,Solid,1.0862475773629703,12.27129316033035,1.8461538461538463,50,false,true,true,false
227,"Ladieswear || Underwear body || Under-, Nightwear || Black || Solid",Ladieswear,Underwear body,"Under-, Nightwear",Black,Solid,1.1446748434395266,12.268837562823725,23.153846153846153,52,true,true,true,true
228,Divided || T-shirt || Jersey Basic || Beige || Solid,Divided,T-shirt,Jersey Basic,Beige,Solid,0.9822870955017415,12.248887693630735,5.3076923076923075,52,false,true,true,false
229,"Ladieswear || Pyjama set || Under-, Nightwear || Pink || All over pattern",Ladieswear,Pyjama set,"Under-, Nightwear",Pink,All over pattern,1.456800718615616,12.201702939202939,7.0,52,false,true,true,false
230,Divided || Top || Jersey Basic || Khaki green || Solid,Divided,Top,Jersey Basic,Khaki green,Solid,1.024414663319156,12.159299805240254,2.076923076923077,45,false,true,true,false
231,Ladieswear || Blouse || Blouses || Blue || Denim,Ladieswear,Blouse,Blouses,Blue,Denim,1.137577454380081,12.151131577410757,4.153846153846154,51,false,true,true,false
232,Ladieswear || Skirt || Skirts || Beige || Check,Ladieswear,Skirt,Skirts,Beige,Check,1.4139950717542753,12.143676416782464,2.923076923076923,48,false,true,true,false
233,Divided || Trousers || Trousers Denim || Grey || Denim,Divided,Trousers,Trousers Denim,Grey,Denim,1.0532726601291478,12.070810159549401,18.76923076923077,52,true,true,true,true
234,Divided || Sweater || Knitwear || Grey || Melange,Divided,Sweater,Knitwear,Grey,Melange,1.4795797546769525,12.069972511439065,7.615384615384615,52,false,true,true,false
235,Sport || Vest top || Jersey Fancy || Grey || Solid,Sport,Vest top,Jersey Fancy,Grey,Solid,1.3966747075454566,12.026370797379476,2.5384615384615383,52,false,true,true,false
236,"Ladieswear || Underwear bottom || Under-, Nightwear || Grey || Solid",Ladieswear,Underwear bottom,"Under-, Nightwear",Grey,Solid,1.294531354192438,11.988245459035383,12.0,52,true,true,true,true
237,Menswear || T-shirt || Jersey Basic || Black || Solid,Menswear,T-shirt,Jersey Basic,Black,Solid,1.0698998121027148,11.967220104690035,18.615384615384617,52,true,true,true,true
238,Ladieswear || Belt || Accessories || Black || Application/3D,Ladieswear,Belt,Accessories,Black,Application/3D,1.060532240563152,11.946872887539898,2.3846153846153846,48,false,true,true,false
239,Ladieswear || Socks || Socks and Tights || Pink || Melange,Ladieswear,Socks,Socks and Tights,Pink,Melange,0.9726961436754988,11.94337480323921,2.923076923076923,52,false,true,true,false
240,Ladieswear || Top || Jersey Fancy || Brown || Solid,Ladieswear,Top,Jersey Fancy,Brown,Solid,1.6910863757851562,11.93061233487509,2.6153846153846154,51,false,true,true,false
241,Divided || Trousers || Trousers Denim || White || Denim,Divided,Trousers,Trousers Denim,White,Denim,1.346929037606144,11.880814888949308,15.538461538461538,52,true,true,true,true
242,Ladieswear || Top || Jersey Fancy || Mole || Solid,Ladieswear,Top,Jersey Fancy,Mole,Solid,1.5186601924953977,11.861941211249539,2.4615384615384617,49,false,true,true,false
243,Sport || Top || Jersey Fancy || Brown || Solid,Sport,Top,Jersey Fancy,Brown,Solid,,11.837071544641773,4.384615384615385,15,false,false,false,false
244,Ladieswear || Bodysuit || Jersey Fancy || Black || Solid,Ladieswear,Bodysuit,Jersey Fancy,Black,Solid,0.8440952494858593,11.82478398766342,18.76923076923077,52,true,false,true,false
245,"Ladieswear || Bra || Under-, Nightwear || Khaki green || Solid",Ladieswear,Bra,"Under-, Nightwear",Khaki green,Solid,1.0603772109538325,11.809378981016904,2.1538461538461537,24,false,true,false,false
246,Divided || Dress || Dresses Ladies || Red || Solid,Divided,Dress,Dresses Ladies,Red,Solid,1.019680415573594,11.697740652801505,11.307692307692308,52,true,true,true,true
247,Ladieswear || Jacket || Outdoor || Black || Solid,Ladieswear,Jacket,Outdoor,Black,Solid,1.4857260261939444,11.65596803850053,40.76923076923077,52,true,true,true,true
248,Divided || Hoodie || Jersey Fancy || Pink || Placement print,Divided,Hoodie,Jersey Fancy,Pink,Placement print,0.9830696361605958,11.636046246233285,1.5384615384615385,13,false,true,false,false
249,Ladieswear || Sweater || Jersey Fancy || Beige || Solid,Ladieswear,Sweater,Jersey Fancy,Beige,Solid,1.168646276434642,11.63388079026777,7.076923076923077,52,false,true,true,false
250,Ladieswear || Hair ties || Accessories || Black || Solid,Ladieswear,Hair ties,Accessories,Black,Solid,1.1083997653594235,11.62634646197691,7.461538461538462,46,false,true,true,false
251,Ladieswear || Blouse || Blouses || Grey || All over pattern,Ladieswear,Blouse,Blouses,Grey,All over pattern,1.287681108722788,11.584161548049746,3.230769230769231,52,false,true,true,false
252,Ladieswear || Top || Jersey Fancy || Beige || All over pattern,Ladieswear,Top,Jersey Fancy,Beige,All over pattern,0.9683679729132557,11.573774056504071,10.846153846153847,52,true,true,true,true
253,Ladieswear || Socks || Socks and Tights || Black || Glittering/Metallic,Ladieswear,Socks,Socks and Tights,Black,Glittering/Metallic,1.479906006636701,11.572685748994763,4.076923076923077,46,false,true,true,false
254,Divided || Sweater || Knitwear || White || Other structure,Divided,Sweater,Knitwear,White,Other structure,1.0839052063317778,11.557645948200367,1.6923076923076923,51,false,true,true,false
255,Ladieswear || Belt || Accessories || Black || Solid,Ladieswear,Belt,Accessories,Black,Solid,1.1578423037129182,11.551560901467537,37.15384615384615,52,true,true,true,true
256,Ladieswear || Top || Knitwear || Red || Solid,Ladieswear,Top,Knitwear,Red,Solid,1.3210907949635011,11.52069599264292,2.1538461538461537,52,false,true,true,false
257,Sport || Sweater || Jersey Fancy || Black || Solid,Sport,Sweater,Jersey Fancy,Black,Solid,1.0964974651168946,11.47464244961405,1.9230769230769231,52,false,true,true,false
258,Divided || T-shirt || Jersey Basic || Grey || Melange,Divided,T-shirt,Jersey Basic,Grey,Melange,1.0575802652782946,11.45426640478235,4.384615384615385,52,false,true,true,false
259,Divided || Hoodie || Jersey Basic || Orange || Solid,Divided,Hoodie,Jersey Basic,Orange,Solid,0.9671757065121995,11.422011969453903,1.6923076923076923,51,false,true,true,false
260,Divided || Dress || Jersey Basic || White || Solid,Divided,Dress,Jersey Basic,White,Solid,1.063203564727955,11.393144324436648,2.4615384615384617,40,false,true,true,false
261,Ladieswear || Dress || Dresses Ladies || Black || All over pattern,Ladieswear,Dress,Dresses Ladies,Black,All over pattern,1.0942449010614075,11.386091636209372,60.38461538461539,52,true,true,true,true
262,"Ladieswear || Bra || Under-, Nightwear || Grey || Solid",Ladieswear,Bra,"Under-, Nightwear",Grey,Solid,1.0786663167065567,11.359355526239042,12.153846153846153,52,true,true,true,true
263,Ladieswear || Trousers || Trousers Denim || Black || Denim,Ladieswear,Trousers,Trousers Denim,Black,Denim,1.083686872080672,11.344486939930643,8.384615384615385,52,false,true,true,false
264,"Ladieswear || Bra || Under-, Nightwear || Beige || Solid",Ladieswear,Bra,"Under-, Nightwear",Beige,Solid,1.079366639758655,11.334860018883807,34.76923076923077,52,true,true,true,true
265,Divided || T-shirt || Jersey Basic || Lilac Purple || Solid,Divided,T-shirt,Jersey Basic,Lilac Purple,Solid,1.5918503674014695,11.323693001578997,6.6923076923076925,35,false,true,true,false
266,"Ladieswear || Underwear bottom || Under-, Nightwear || Khaki green || Solid",Ladieswear,Underwear bottom,"Under-, Nightwear",Khaki green,Solid,1.278717174349619,11.314575751275862,2.923076923076923,30,false,true,true,false
267,Sport || T-shirt || Jersey Fancy || Pink || Melange,Sport,T-shirt,Jersey Fancy,Pink,Melange,1.0705406607008512,11.308523962628051,8.153846153846153,52,false,true,true,false
268,Ladieswear || Sweater || Knitwear || Black || Jacquard,Ladieswear,Sweater,Knitwear,Black,Jacquard,1.3679800051648838,11.306069977761945,4.769230769230769,52,false,true,true,false
269,Ladieswear || T-shirt || Jersey Fancy || Black || Solid,Ladieswear,T-shirt,Jersey Fancy,Black,Solid,0.8171954540070356,11.282334510791873,20.153846153846153,52,true,false,true,false
270,Ladieswear || Sweater || Jersey Fancy || Black || Solid,Ladieswear,Sweater,Jersey Fancy,Black,Solid,1.1426291121657672,11.269686436751206,11.153846153846153,52,true,true,true,true
271,Divided || Jacket || Outdoor || Green || Solid,Divided,Jacket,Outdoor,Green,Solid,1.075911370139303,11.269078050209526,4.153846153846154,52,false,true,true,false
272,"Ladieswear || Pyjama set || Under-, Nightwear || Grey || Melange",Ladieswear,Pyjama set,"Under-, Nightwear",Grey,Melange,1.106952550208953,11.170963556731722,5.461538461538462,52,false,true,true,false
273,Divided || Sweater || Knitwear || White || Embroidery,Divided,Sweater,Knitwear,White,Embroidery,1.237609705166682,11.168956260909543,2.0,30,false,true,true,false
274,Divided || Trousers || Trousers Denim || Blue || Denim,Divided,Trousers,Trousers Denim,Blue,Denim,1.0693810328404079,11.153292775697302,143.53846153846155,52,true,true,true,true
275,Menswear || Hoodie || Jersey Basic || Grey || Melange,Menswear,Hoodie,Jersey Basic,Grey,Melange,1.0733751069348632,11.150816177532146,8.076923076923077,52,false,true,true,false
276,Ladieswear || Swimwear bottom || Swimwear || Black || Other structure,Ladieswear,Swimwear bottom,Swimwear,Black,Other structure,1.0223534831566081,11.1403513490756,13.153846153846153,52,true,true,true,true
277,Sport || Leggings/Tights || Jersey Fancy || Lilac Purple || Solid,Sport,Leggings/Tights,Jersey Fancy,Lilac Purple,Solid,1.2989103847009118,11.105118720704365,0.6153846153846154,28,false,true,true,false
278,"Ladieswear || Underwear bottom || Under-, Nightwear || White || Solid",Ladieswear,Underwear bottom,"Under-, Nightwear",White,Solid,1.31619680800602,11.102269913027596,34.07692307692308,52,true,true,true,true
279,Divided || Sweater || Knitwear || Black || Melange,Divided,Sweater,Knitwear,Black,Melange,1.0611137328928737,11.098044892966437,1.0,45,false,true,true,false
280,Divided || Sweater || Jersey Basic || Khaki green || Solid,Divided,Sweater,Jersey Basic,Khaki green,Solid,1.0368014780656651,11.064524222557374,1.0,43,false,true,true,false
281,Divided || Sweater || Knitwear || Black || Lace,Divided,Sweater,Knitwear,Black,Lace,1.3330130583933413,11.04326131834865,2.3076923076923075,50,false,true,true,false
282,Ladieswear || Dress || Dresses Ladies || Red || Solid,Ladieswear,Dress,Dresses Ladies,Red,Solid,1.663816825307036,10.996816441902132,17.615384615384617,52,true,true,true,true
283,Ladieswear || Skirt || Skirts || Black || Solid,Ladieswear,Skirt,Skirts,Black,Solid,1.138928042030333,10.992420136010033,30.615384615384617,52,true,true,true,true
284,Menswear || Sweater || Jersey Basic || Grey || Melange,Menswear,Sweater,Jersey Basic,Grey,Melange,1.0138995035805594,10.94134483053816,4.384615384615385,52,false,true,true,false
285,"Ladieswear || Sweater || Under-, Nightwear || Beige || Solid",Ladieswear,Sweater,"Under-, Nightwear",Beige,Solid,1.0172439336698518,10.939455089187195,4.076923076923077,52,false,true,true,false
286,Ladieswear || Scarf || Accessories || Black || Solid,Ladieswear,Scarf,Accessories,Black,Solid,1.3119478237791629,10.868995391012342,5.461538461538462,52,false,true,true,false
287,Ladieswear || Sweater || Knitwear || Green || Melange,Ladieswear,Sweater,Knitwear,Green,Melange,1.1689257663841754,10.852172878697386,2.769230769230769,52,false,true,true,false
288,Divided || Jacket || Outdoor || Black || Solid,Divided,Jacket,Outdoor,Black,Solid,1.337315796037487,10.83696526190775,28.846153846153847,52,true,true,true,true
289,Ladieswear || Trousers || Trousers || Grey || Melange,Ladieswear,Trousers,Trousers,Grey,Melange,1.3630175294757427,10.793346047090756,3.230769230769231,50,false,true,true,false
290,Ladieswear || Cardigan || Knitwear || Beige || Solid,Ladieswear,Cardigan,Knitwear,Beige,Solid,1.3841682812650786,10.765734269333265,3.4615384615384617,52,false,true,true,false
291,Divided || Cardigan || Knitwear || Lilac Purple || Solid,Divided,Cardigan,Knitwear,Lilac Purple,Solid,,10.7650758232809,1.7692307692307692,39,false,false,true,false
292,Divided || Sweater || Knitwear || White || Melange,Divided,Sweater,Knitwear,White,Melange,0.9441919078266348,10.712797715454808,1.3076923076923077,51,false,true,true,false
293,Ladieswear || Top || Jersey Fancy || Turquoise || Solid,Ladieswear,Top,Jersey Fancy,Turquoise,Solid,0.8342033984651495,10.562869099884393,6.230769230769231,52,false,false,true,false
294,Divided || Dress || Dresses Ladies || Black || Denim,Divided,Dress,Dresses Ladies,Black,Denim,1.494882056072981,10.555489505116988,3.6923076923076925,52,false,true,true,false
295,Divided || Sweater || Knitwear || Khaki green || Solid,Divided,Sweater,Knitwear,Khaki green,Solid,1.3853061226590881,10.5538886584348,5.153846153846154,52,false,true,true,false
296,Ladieswear || Top || Jersey Basic || Blue || Solid,Ladieswear,Top,Jersey Basic,Blue,Solid,0.5256798326922186,10.530497322563226,1.1538461538461537,29,false,false,true,false
297,Ladieswear || Sweater || Knitwear || Grey || Melange,Ladieswear,Sweater,Knitwear,Grey,Melange,1.2084051617778262,10.51041900701676,25.53846153846154,52,true,true,true,true
298,Ladieswear || Socks || Socks and Tights || Beige || Melange,Ladieswear,Socks,Socks and Tights,Beige,Melange,1.2884884884884888,10.435188023400144,0.7692307692307693,41,false,true,true,false
299,Ladieswear || Trousers || Jersey Fancy || Black || Solid,Ladieswear,Trousers,Jersey Fancy,Black,Solid,0.9454855093496233,10.415978964387527,21.23076923076923,52,true,true,true,true
300,Ladieswear || Socks || Socks and Tights || Blue || Melange,Ladieswear,Socks,Socks and Tights,Blue,Melange,1.3806571150857825,10.396293591698369,2.6923076923076925,52,false,true,true,false
301,Divided || Vest top || Jersey Basic || Khaki green || Solid,Divided,Vest top,Jersey Basic,Khaki green,Solid,0.9912927838574751,10.38998758785675,3.3846153846153846,51,false,true,true,false
302,Divided || Top || Jersey Basic || Black || Stripe,Divided,Top,Jersey Basic,Black,Stripe,1.1505415162454875,10.331974161980051,1.3076923076923077,52,false,true,true,false
303,Ladieswear || Sweater || Knitwear || Brown || Solid,Ladieswear,Sweater,Knitwear,Brown,Solid,1.8755790997937358,10.295031759595423,5.538461538461538,51,false,true,true,false
304,Divided || T-shirt || Jersey Basic || Grey || Solid,Divided,T-shirt,Jersey Basic,Grey,Solid,1.3610773046943951,10.293657433740572,5.153846153846154,47,false,true,true,false
305,Ladieswear || Top || Jersey Fancy || Black || Lace,Ladieswear,Top,Jersey Fancy,Black,Lace,1.1105930981241943,10.266083061138746,4.153846153846154,52,false,true,true,false
306,Ladieswear || Blouse || Blouses || Beige || All over pattern,Ladieswear,Blouse,Blouses,Beige,All over pattern,1.1308276610627468,10.246664716136149,41.92307692307692,52,true,true,true,true
307,"Ladieswear || Sweater || Under-, Nightwear || White || Solid",Ladieswear,Sweater,"Under-, Nightwear",White,Solid,1.2000572498525075,10.221992305994194,7.230769230769231,52,false,true,true,false
308,Ladieswear || Sweater || Jersey Basic || Khaki green || Solid,Ladieswear,Sweater,Jersey Basic,Khaki green,Solid,0.9850297992571483,10.21925059631465,1.0,43,false,true,true,false
309,Ladieswear || Sweater || Knitwear || Pink || Stripe,Ladieswear,Sweater,Knitwear,Pink,Stripe,1.1727197935193505,10.195179803221992,1.6153846153846154,50,false,true,true,false
310,Ladieswear || Skirt || Knitwear || Black || Solid,Ladieswear,Skirt,Knitwear,Black,Solid,0.8536277358003803,10.19090553811192,1.3846153846153846,41,false,true,true,false
311,Divided || Dress || Dresses Ladies || Black || Sequin,Divided,Dress,Dresses Ladies,Black,Sequin,1.0075783685453006,10.16458479939313,1.3846153846153846,52,false,true,true,false
312,Ladieswear || Trousers || Trousers || Beige || Other structure,Ladieswear,Trousers,Trousers,Beige,Other structure,1.3996766483537875,10.163721201611908,3.230769230769231,47,false,true,true,false
313,Ladieswear || Earrings || Accessories || Metal || Solid,Ladieswear,Earrings,Accessories,Metal,Solid,1.0679296610502993,10.145702789407038,9.692307692307692,52,false,true,true,false
314,Divided || Sweater || Knitwear || Yellow || Other structure,Divided,Sweater,Knitwear,Yellow,Other structure,0.8771819548101261,10.13699683648274,1.1538461538461537,46,false,true,true,false
315,Ladieswear || T-shirt || Jersey Basic || Khaki green || Solid,Ladieswear,T-shirt,Jersey Basic,Khaki green,Solid,1.007718972837544,10.110169317877535,9.0,52,false,true,true,false
316,Divided || Dress || Dresses Ladies || Orange || All over pattern,Divided,Dress,Dresses Ladies,Orange,All over pattern,3.667463791003022,10.08651906752086,2.3846153846153846,17,false,true,false,false
317,Ladieswear || Dress || Jersey Fancy || Black || All over pattern,Ladieswear,Dress,Jersey Fancy,Black,All over pattern,1.243009772104921,10.074428572608833,16.307692307692307,52,true,true,true,true
318,Menswear || Trousers || Jersey Basic || Black || Solid,Menswear,Trousers,Jersey Basic,Black,Solid,0.9305326974644913,10.04376911794428,4.846153846153846,52,false,true,true,false
319,Ladieswear || Sweater || Knitwear || White || Jacquard,Ladieswear,Sweater,Knitwear,White,Jacquard,0.740773188037183,10.040572800705197,2.6153846153846154,52,false,false,true,false
320,Divided || Vest top || Jersey Basic || White || Solid,Divided,Vest top,Jersey Basic,White,Solid,1.1998987114497037,10.01896877054535,16.76923076923077,52,true,true,true,true
321,Ladieswear || Dress || Dresses Ladies || Green || Solid,Ladieswear,Dress,Dresses Ladies,Green,Solid,0.8498697955988727,10.014202237473578,19.615384615384617,52,true,false,true,false
322,Divided || Dress || Dresses Ladies || Pink || Solid,Divided,Dress,Dresses Ladies,Pink,Solid,1.2090068945563854,9.993402294721157,30.923076923076923,52,true,true,true,true
323,Ladieswear || T-shirt || Jersey Basic || White || Stripe,Ladieswear,T-shirt,Jersey Basic,White,Stripe,0.843365612114587,9.990356059301654,7.384615384615385,52,false,false,true,false
324,Menswear || Hoodie || Jersey Basic || Pink || Solid,Menswear,Hoodie,Jersey Basic,Pink,Solid,1.0421334855084792,9.939375934956454,1.9230769230769231,52,false,true,true,false
325,Ladieswear || Trousers || Trousers || Blue || Denim,Ladieswear,Trousers,Trousers,Blue,Denim,1.231665456971423,9.90900500931584,109.76923076923077,52,true,true,true,true
326,Menswear || Sweater || Jersey Basic || Pink || Solid,Menswear,Sweater,Jersey Basic,Pink,Solid,1.054752241136737,9.902928203894113,1.8461538461538463,52,false,true,true,false
327,Sport || Bra || Jersey Fancy || Grey || Melange,Sport,Bra,Jersey Fancy,Grey,Melange,0.9988720211689556,9.902480762273802,4.384615384615385,52,false,true,true,false
328,Menswear || Socks || Socks and Tights || Black || Solid,Menswear,Socks,Socks and Tights,Black,Solid,1.032888827054442,9.896454606606415,9.76923076923077,52,false,true,true,false
329,Ladieswear || Cardigan || Knitwear || Blue || Solid,Ladieswear,Cardigan,Knitwear,Blue,Solid,2.5067453310759844,9.848543430605956,2.6923076923076925,52,false,true,true,false
330,Divided || Cardigan || Knitwear || Pink || Solid,Divided,Cardigan,Knitwear,Pink,Solid,1.3072825814691946,9.832547846282798,3.4615384615384617,52,false,true,true,false
331,Ladieswear || Sweater || Knitwear || Yellow || Solid,Ladieswear,Sweater,Knitwear,Yellow,Solid,0.7897628061958586,9.830257957002146,8.846153846153847,52,false,false,true,false
332,Divided || Dress || Jersey Basic || Grey || Solid,Divided,Dress,Jersey Basic,Grey,Solid,1.1944855815844366,9.80279785071467,5.384615384615385,52,false,true,true,false
333,Divided || Jacket || Trousers Denim || Black || Denim,Divided,Jacket,Trousers Denim,Black,Denim,0.9970146328467577,9.768259421262197,4.384615384615385,52,false,true,true,false
334,Divided || Top || Jersey Basic || Lilac Purple || Solid,Divided,Top,Jersey Basic,Lilac Purple,Solid,,9.721734883885285,2.4615384615384617,35,false,false,true,false
335,Ladieswear || Shirt || Blouses || Beige || Solid,Ladieswear,Shirt,Blouses,Beige,Solid,1.3969427132525025,9.688256662378016,6.769230769230769,52,false,true,true,false
336,Divided || Top || Jersey Fancy || Black || Solid,Divided,Top,Jersey Fancy,Black,Solid,1.034967972795018,9.658986424128852,21.153846153846153,52,true,true,true,true
337,Ladieswear || Blouse || Blouses || Green || All over pattern,Ladieswear,Blouse,Blouses,Green,All over pattern,1.0598547871119444,9.633392278896086,10.307692307692308,52,true,true,true,true
338,Sport || Sweater || Jersey Fancy || Beige || Solid,Sport,Sweater,Jersey Fancy,Beige,Solid,1.4420210105052529,9.58408193956266,0.6153846153846154,42,false,true,true,false
339,Ladieswear || Blazer || Dressed || Pink || Solid,Ladieswear,Blazer,Dressed,Pink,Solid,0.7718780262352907,9.581822033376715,8.076923076923077,52,false,false,true,false
340,Ladieswear || Top || Jersey Fancy || White || Solid,Ladieswear,Top,Jersey Fancy,White,Solid,1.2022429037264386,9.578540016417904,66.6923076923077,52,true,true,true,true
341,Divided || Cardigan || Knitwear || Beige || Solid,Divided,Cardigan,Knitwear,Beige,Solid,1.1993304351062637,9.558956523936958,4.076923076923077,52,false,true,true,false
342,Ladieswear || Blazer || Dressed || Black || Stripe,Ladieswear,Blazer,Dressed,Black,Stripe,0.9179505495833478,9.5446538618306,1.0,50,false,true,true,false
343,Ladieswear || Top || Jersey Fancy || Red || Solid,Ladieswear,Top,Jersey Fancy,Red,Solid,0.7798505021113571,9.538290113431076,12.307692307692308,52,true,false,true,false
344,Divided || Sweater || Jersey Fancy || Black || Placement print,Divided,Sweater,Jersey Fancy,Black,Placement print,1.5178912213740459,9.526671095802108,1.8461538461538463,47,false,true,true,false
345,Divided || T-shirt || Jersey Basic || White || Stripe,Divided,T-shirt,Jersey Basic,White,Stripe,1.2204113410796327,9.516689350647777,4.6923076923076925,52,false,true,true,false
346,Sport || Vest top || Jersey Fancy || Khaki green || Solid,Sport,Vest top,Jersey Fancy,Khaki green,Solid,0.9622075836326255,9.494659639849248,4.538461538461538,48,false,true,true,false
347,Divided || Skirt || Skirts || Black || Solid,Divided,Skirt,Skirts,Black,Solid,1.144210337285919,9.447884683214767,47.53846153846154,52,true,true,true,true
348,Ladieswear || Shorts || Jersey Basic || Black || Solid,Ladieswear,Shorts,Jersey Basic,Black,Solid,1.323619535478414,9.438298036610515,3.769230769230769,52,false,true,true,false
349,Ladieswear || Socks || Socks and Tights || Black || All over pattern,Ladieswear,Socks,Socks and Tights,Black,All over pattern,1.6112964948165018,9.424532221335749,14.923076923076923,51,true,true,true,true
350,Ladieswear || Socks || Socks and Tights || Grey || Solid,Ladieswear,Socks,Socks and Tights,Grey,Solid,1.115624153804495,9.410582765817722,2.1538461538461537,50,false,true,true,false
351,Ladieswear || Sweater || Knitwear || Red || Solid,Ladieswear,Sweater,Knitwear,Red,Solid,1.0832194992479873,9.395959431198444,2.5384615384615383,51,false,true,true,false
352,Ladieswear || Trousers || Jersey Fancy || White || Solid,Ladieswear,Trousers,Jersey Fancy,White,Solid,1.0778721580884207,9.347579230727604,0.6923076923076923,29,false,true,true,false
353,Menswear || Hoodie || Jersey Basic || Blue || Solid,Menswear,Hoodie,Jersey Basic,Blue,Solid,1.016585399039965,9.340494791088181,2.230769230769231,52,false,true,true,false
354,Ladieswear || Hair ties || Accessories || Pink || Solid,Ladieswear,Hair ties,Accessories,Pink,Solid,1.1645643175636613,9.31527727540007,4.923076923076923,46,false,true,true,false
355,Ladieswear || Socks || Socks and Tights || White || Stripe,Ladieswear,Socks,Socks and Tights,White,Stripe,2.896102305727581,9.310916947355084,3.769230769230769,49,false,true,true,false
356,Ladieswear || Sweater || Jersey Fancy || Beige || Melange,Ladieswear,Sweater,Jersey Fancy,Beige,Melange,0.905723299403344,9.289809921609066,5.153846153846154,52,false,true,true,false
357,Sport || Leggings/Tights || Jersey Fancy || Black || All over pattern,Sport,Leggings/Tights,Jersey Fancy,Black,All over pattern,1.4880905121079793,9.283375769062895,0.5384615384615384,39,false,true,true,false
358,Menswear || T-shirt || Jersey Basic || White || Solid,Menswear,T-shirt,Jersey Basic,White,Solid,1.116675770481177,9.26911726837888,19.153846153846153,52,true,true,true,true
359,Menswear || Trousers || Jersey Basic || Grey || Melange,Menswear,Trousers,Jersey Basic,Grey,Melange,0.9176020794875043,9.237016051154919,6.615384615384615,52,false,true,true,false
360,Ladieswear || Blazer || Dressed || Brown || Solid,Ladieswear,Blazer,Dressed,Brown,Solid,0.9480386563892589,9.234089501763732,1.8461538461538463,52,false,true,true,false
361,Divided || Cardigan || Knitwear || Yellow || Solid,Divided,Cardigan,Knitwear,Yellow,Solid,1.2470315333296451,9.224101508193462,3.5384615384615383,52,false,true,true,false
362,Divided || Trousers || Trousers || Black || Denim,Divided,Trousers,Trousers,Black,Denim,1.0264210036239565,9.224036376606076,1.0769230769230769,37,false,true,true,false
363,Ladieswear || Leggings/Tights || Jersey Basic || Grey || Melange,Ladieswear,Leggings/Tights,Jersey Basic,Grey,Melange,1.2147395783190527,9.210829667701125,1.9230769230769231,28,false,true,true,false
364,Divided || Trousers || Trousers || Brown || Solid,Divided,Trousers,Trousers,Brown,Solid,0.8965175262577509,9.192066404240018,1.8461538461538463,52,false,true,true,false
365,"Ladieswear || Bra || Under-, Nightwear || White || Solid",Ladieswear,Bra,"Under-, Nightwear",White,Solid,1.1091464182977295,9.191455335103488,87.92307692307692,52,true,true,true,true
366,Menswear || Hoodie || Jersey Basic || Khaki green || Solid,Menswear,Hoodie,Jersey Basic,Khaki green,Solid,1.0316860576249156,9.177017901071375,2.769230769230769,51,false,true,true,false
367,Ladieswear || Socks || Socks and Tights || Pink || All over pattern,Ladieswear,Socks,Socks and Tights,Pink,All over pattern,0.7172792446643422,9.159775180069552,14.0,50,true,false,true,false
368,Ladieswear || Bikini top || Swimwear || Black || Other structure,Ladieswear,Bikini top,Swimwear,Black,Other structure,1.0020069851749998,9.125993704432904,15.384615384615385,52,true,true,true,true
369,Ladieswear || Jacket || Outdoor || Beige || Check,Ladieswear,Jacket,Outdoor,Beige,Check,1.3658881344817382,9.103161630697196,0.7692307692307693,25,false,true,false,false
370,Ladieswear || Trousers || Trousers || Black || Mixed solid/pattern,Ladieswear,Trousers,Trousers,Black,Mixed solid/pattern,0.9547955989637936,9.101250575660687,4.923076923076923,52,false,true,true,false
371,Divided || Skirt || Trousers Denim || Black || Denim,Divided,Skirt,Trousers Denim,Black,Denim,0.9654464124888317,9.09311787010462,11.0,52,true,true,true,true
372,"Ladieswear || Bra || Under-, Nightwear || Black || Lace",Ladieswear,Bra,"Under-, Nightwear",Black,Lace,1.0200798429295423,9.064695996557393,17.846153846153847,52,true,true,true,true
373,"Ladieswear || Bra || Under-, Nightwear || Brown || Solid",Ladieswear,Bra,"Under-, Nightwear",Brown,Solid,1.4508773306325908,9.051227604554988,23.615384615384617,52,true,true,true,true
374,Ladieswear || Blouse || Blouses || White || All over pattern,Ladieswear,Blouse,Blouses,White,All over pattern,1.1340483135384412,9.041671747690907,38.0,52,true,true,true,true
375,Divided || Skirt || Skirts || Black || Check,Divided,Skirt,Skirts,Black,Check,1.0317985380283428,9.028085097407743,7.615384615384615,52,false,true,true,false
376,Ladieswear || T-shirt || Jersey Basic || Brown || Solid,Ladieswear,T-shirt,Jersey Basic,Brown,Solid,1.175246526675177,8.961121119736395,1.5384615384615385,52,false,true,true,false
377,Ladieswear || Sweater || Knitwear || Blue || Solid,Ladieswear,Sweater,Knitwear,Blue,Solid,1.1161926601175713,8.94175767859303,5.384615384615385,52,false,true,true,false
378,"Ladieswear || Underwear bottom || Under-, Nightwear || Pink || Solid",Ladieswear,Underwear bottom,"Under-, Nightwear",Pink,Solid,1.1394036144201996,8.922262527479658,45.07692307692308,52,true,true,true,true
379,"Ladieswear || Pyjama set || Under-, Nightwear || Black || Solid",Ladieswear,Pyjama set,"Under-, Nightwear",Black,Solid,1.14296657079678,8.891151954983888,1.2307692307692308,47,false,true,true,false
380,"Ladieswear || Bra || Under-, Nightwear || Pink || Solid",Ladieswear,Bra,"Under-, Nightwear",Pink,Solid,1.08268016547072,8.874579665194313,52.69230769230769,52,true,true,true,true
381,Ladieswear || Coat || Outdoor || Beige || Melange,Ladieswear,Coat,Outdoor,Beige,Melange,1.5383765323175231,8.864165361331406,1.6153846153846154,43,false,true,true,false
382,Ladieswear || Top || Jersey Basic || Black || Stripe,Ladieswear,Top,Jersey Basic,Black,Stripe,1.4372197309417039,8.850472711604544,1.0769230769230769,43,false,true,true,false
383,Ladieswear || T-shirt || Jersey Basic || Blue || Solid,Ladieswear,T-shirt,Jersey Basic,Blue,Solid,1.1385321798030894,8.847143550458028,9.538461538461538,52,false,true,true,false
384,"Ladieswear || Bra || Under-, Nightwear || Blue || Solid",Ladieswear,Bra,"Under-, Nightwear",Blue,Solid,1.2897337032403933,8.841026763688522,12.076923076923077,52,true,true,true,true
385,Ladieswear || Shirt || Blouses || Pink || Solid,Ladieswear,Shirt,Blouses,Pink,Solid,1.0756295244442544,8.839727656933256,6.615384615384615,52,false,true,true,false
386,Ladieswear || Dress || Dresses Ladies || Black || Solid,Ladieswear,Dress,Dresses Ladies,Black,Solid,1.4341979337842061,8.836332081848319,87.15384615384616,52,true,true,true,true
387,"Ladieswear || Underwear bottom || Under-, Nightwear || Pink || All over pattern",Ladieswear,Underwear bottom,"Under-, Nightwear",Pink,All over pattern,2.2087451424375018,8.82945019660142,0.46153846153846156,35,false,true,true,false
388,Ladieswear || Bag || Accessories || Black || Other structure,Ladieswear,Bag,Accessories,Black,Other structure,0.9718250399843614,8.829313859968629,4.3076923076923075,52,false,true,true,false
389,Ladieswear || Swimwear bottom || Swimwear || Black || All over pattern,Ladieswear,Swimwear bottom,Swimwear,Black,All over pattern,1.006997915025396,8.81728225048175,13.307692307692308,52,true,true,true,true
390,Ladieswear || Underwear Tights || Socks and Tights || Brown || Solid,Ladieswear,Underwear Tights,Socks and Tights,Brown,Solid,1.583648993500443,8.800126086890323,2.923076923076923,52,false,true,true,false
391,Ladieswear || Sweater || Jersey Basic || Grey || Melange,Ladieswear,Sweater,Jersey Basic,Grey,Melange,1.1582546769909006,8.788199151339612,1.2307692307692308,44,false,true,true,false
392,Divided || Vest top || Jersey Basic || Grey || Melange,Divided,Vest top,Jersey Basic,Grey,Melange,0.926494517919643,8.778913660909422,7.6923076923076925,52,false,true,true,false
393,Ladieswear || Trousers || Trousers || Beige || Solid,Ladieswear,Trousers,Trousers,Beige,Solid,0.9616853739567484,8.758640626796648,52.38461538461539,52,true,true,true,true
394,Divided || T-shirt || Jersey Basic || Orange || Solid,Divided,T-shirt,Jersey Basic,Orange,Solid,1.0572384767292178,8.758474201165694,5.769230769230769,52,false,true,true,false
395,Ladieswear || Dress || Dresses Ladies || Khaki green || Solid,Ladieswear,Dress,Dresses Ladies,Khaki green,Solid,1.2446326698011896,8.755833122686656,22.0,52,true,true,true,true
396,Divided || Coat || Outdoor || Black || Solid,Divided,Coat,Outdoor,Black,Solid,1.018544821826008,8.754125181888535,1.7692307692307692,50,false,true,true,false
397,Divided || Sweater || Knitwear || Pink || Other structure,Divided,Sweater,Knitwear,Pink,Other structure,1.0086902206873012,8.750369693778236,0.46153846153846156,31,false,true,true,false
398,"Ladieswear || Underwear bottom || Under-, Nightwear || Beige || Solid",Ladieswear,Underwear bottom,"Under-, Nightwear",Beige,Solid,1.1168111806063508,8.702344748114545,26.153846153846153,52,true,true,true,true
399,Divided || Shirt || Blouses || Green || Solid,Divided,Shirt,Blouses,Green,Solid,1.2094192891925286,8.691729622853668,2.6923076923076925,45,false,true,true,false
400,Divided || Dress || Dresses Ladies || Green || Solid,Divided,Dress,Dresses Ladies,Green,Solid,0.9706937795895649,8.683562057384956,8.23076923076923,52,false,true,true,false
401,Ladieswear || Jacket || Outdoor || Pink || Solid,Ladieswear,Jacket,Outdoor,Pink,Solid,1.4689873677714333,8.662999842480948,2.8461538461538463,46,false,true,true,false
402,Divided || Belt || Accessories || Black || Solid,Divided,Belt,Accessories,Black,Solid,1.0879084726006325,8.64310723815554,18.923076923076923,52,true,true,true,true
403,"Ladieswear || Dress || Under-, Nightwear || Black || Solid",Ladieswear,Dress,"Under-, Nightwear",Black,Solid,0.9774096424868979,8.639630419882424,4.769230769230769,52,false,true,true,false
404,Ladieswear || Jumpsuit/Playsuit || Trousers || Black || Solid,Ladieswear,Jumpsuit/Playsuit,Trousers,Black,Solid,0.5588827516189859,8.578773848290046,7.153846153846154,52,false,false,true,false
405,"Ladieswear || Underwear bottom || Under-, Nightwear || Grey || Melange",Ladieswear,Underwear bottom,"Under-, Nightwear",Grey,Melange,1.2067544781271975,8.578495024598096,19.615384615384617,52,true,true,true,true
406,Divided || Top || Jersey Fancy || Pink || Solid,Divided,Top,Jersey Fancy,Pink,Solid,1.2520240597923395,8.544637306310722,11.461538461538462,52,true,true,true,true
407,Sport || Vest top || Jersey Fancy || Pink || Solid,Sport,Vest top,Jersey Fancy,Pink,Solid,1.1810363851989285,8.53167266067129,10.0,52,true,true,true,true
408,Ladieswear || Bag || Accessories || Black || Solid,Ladieswear,Bag,Accessories,Black,Solid,1.2332951329369786,8.522649781828704,28.53846153846154,52,true,true,true,true
409,Ladieswear || Socks || Socks and Tights || Beige || Solid,Ladieswear,Socks,Socks and Tights,Beige,Solid,1.5423682705706656,8.506939863325428,6.076923076923077,52,false,true,true,false
410,Divided || Hoodie || Outdoor || Khaki green || Solid,Divided,Hoodie,Outdoor,Khaki green,Solid,1.1623516325903376,8.505178736040431,1.9230769230769231,52,false,true,true,false
411,Divided || Sweater || Knitwear || Pink || Solid,Divided,Sweater,Knitwear,Pink,Solid,1.2322290963351952,8.486479257520449,11.076923076923077,52,true,true,true,true
412,Ladieswear || Sarong || Swimwear || Black || Solid,Ladieswear,Sarong,Swimwear,Black,Solid,2.786688597254038,8.451178774067793,4.384615384615385,47,false,true,true,false
413,Divided || Dress || Dresses Ladies || Blue || Denim,Divided,Dress,Dresses Ladies,Blue,Denim,1.2336660502769732,8.450038958595375,21.923076923076923,52,true,true,true,true
414,Ladieswear || Flip flop || Shoes || Black || Solid,Ladieswear,Flip flop,Shoes,Black,Solid,2.667105700527178,8.431153628746266,4.769230769230769,50,false,true,true,false
415,Divided || Vest top || Jersey Basic || Beige || Solid,Divided,Vest top,Jersey Basic,Beige,Solid,1.1895363408521302,8.416931499032405,5.923076923076923,51,false,true,true,false
416,Divided || Cardigan || Knitwear || Khaki green || Solid,Divided,Cardigan,Knitwear,Khaki green,Solid,0.6280834863593957,8.410929489676791,1.0,52,false,false,true,false
417,Divided || T-shirt || Jersey Basic || Khaki green || Solid,Divided,T-shirt,Jersey Basic,Khaki green,Solid,1.0196601990707779,8.38554500920064,6.230769230769231,52,false,true,true,false
418,Ladieswear || Top || Jersey Fancy || White || Stripe,Ladieswear,Top,Jersey Fancy,White,Stripe,0.9869284087232091,8.375020278056303,4.461538461538462,52,false,true,true,false
419,Divided || Sweater || Knitwear || Grey || Solid,Divided,Sweater,Knitwear,Grey,Solid,1.5915545957265795,8.345059767297432,0.8461538461538461,37,false,true,true,false
420,Divided || Sweater || Jersey Fancy || White || Solid,Divided,Sweater,Jersey Fancy,White,Solid,1.30002210358078,8.330463340811846,4.769230769230769,52,false,true,true,false
421,Divided || Shirt || Blouses || White || Solid,Divided,Shirt,Blouses,White,Solid,1.1478749663576728,8.304784297720444,18.0,52,true,true,true,true
422,Ladieswear || Blouse || Blouses || Red || Solid,Ladieswear,Blouse,Blouses,Red,Solid,1.1676852836268434,8.302556653630402,10.384615384615385,52,true,true,true,true
423,Ladieswear || Sweater || Knitwear || Beige || Stripe,Ladieswear,Sweater,Knitwear,Beige,Stripe,1.3049556530053745,8.291980124655383,1.0769230769230769,40,false,true,true,false
424,Ladieswear || Dress || Dresses Ladies || Black || Sequin,Ladieswear,Dress,Dresses Ladies,Black,Sequin,1.2001000500250125,8.275807385844569,1.3846153846153846,48,false,true,true,false
425,"Ladieswear || Underwear bottom || Under-, Nightwear || Grey || Contrast",Ladieswear,Underwear bottom,"Under-, Nightwear",Grey,Contrast,1.09624501687231,8.2707002851726,4.538461538461538,46,false,true,true,false
426,Ladieswear || Underwear Tights || Socks and Tights || Black || Lace,Ladieswear,Underwear Tights,Socks and Tights,Black,Lace,1.1755041812500902,8.25800921044856,2.076923076923077,49,false,true,true,false
427,Ladieswear || Blouse || Blouses || Black || All over pattern,Ladieswear,Blouse,Blouses,Black,All over pattern,1.0542200824356822,8.257081876514354,33.46153846153846,52,true,true,true,true
428,Divided || Skirt || Skirts || Beige || Check,Divided,Skirt,Skirts,Beige,Check,1.0888203978705522,8.250957134749914,0.8461538461538461,44,false,true,true,false
429,"Ladieswear || Pyjama bottom || Under-, Nightwear || Pink || All over pattern",Ladieswear,Pyjama bottom,"Under-, Nightwear",Pink,All over pattern,1.047191541274554,8.250320375525098,4.230769230769231,52,false,true,true,false
430,Divided || Hat/beanie || Accessories || Black || Solid,Divided,Hat/beanie,Accessories,Black,Solid,1.276309466602595,8.240090147566548,4.923076923076923,51,false,true,true,false
431,Menswear || Socks || Socks and Tights || White || Solid,Menswear,Socks,Socks and Tights,White,Solid,0.9362841914450368,8.234819266453819,4.0,52,false,true,true,false
432,Ladieswear || Underwear Tights || Socks and Tights || Black || Glittering/Metallic,Ladieswear,Underwear Tights,Socks and Tights,Black,Glittering/Metallic,0.9022489999024293,8.227990493995716,1.0769230769230769,32,false,true,true,false
433,Ladieswear || Skirt || Skirts || Black || Check,Ladieswear,Skirt,Skirts,Black,Check,1.0745103901928539,8.212776831064353,4.615384615384615,52,false,true,true,false
434,Sport || Vest top || Jersey Fancy || Grey || Melange,Sport,Vest top,Jersey Fancy,Grey,Melange,1.1457195069294326,8.195822269940944,4.153846153846154,52,false,true,true,false
435,Divided || Dress || Dresses Ladies || Beige || All over pattern,Divided,Dress,Dresses Ladies,Beige,All over pattern,1.8283443996107465,8.195687285104611,7.384615384615385,52,false,true,true,false
436,Divided || Sweater || Knitwear || Beige || Stripe,Divided,Sweater,Knitwear,Beige,Stripe,1.6984717782545868,8.17536814036942,1.8461538461538463,48,false,true,true,false
437,Ladieswear || Blouse || Blouses || Pink || Solid,Ladieswear,Blouse,Blouses,Pink,Solid,1.0941713183859667,8.150548599008763,32.38461538461539,52,true,true,true,true
438,Ladieswear || Blouse || Blouses || Green || Solid,Ladieswear,Blouse,Blouses,Green,Solid,0.7814265724787045,8.147048155252776,13.076923076923077,52,true,false,true,false
439,Ladieswear || Trousers || Trousers || Red || Solid,Ladieswear,Trousers,Trousers,Red,Solid,1.049657206313876,8.143433139229325,10.461538461538462,52,true,true,true,true
440,Divided || Hoodie || Outdoor || Black || Solid,Divided,Hoodie,Outdoor,Black,Solid,1.3247765537310332,8.119413586810433,3.1538461538461537,51,false,true,true,false
441,Divided || Trousers || Trousers || Beige || Solid,Divided,Trousers,Trousers,Beige,Solid,0.7556024822137253,8.100550207800545,24.153846153846153,52,true,false,true,false
442,Ladieswear || Boots || Shoes || Beige || Solid,Ladieswear,Boots,Shoes,Beige,Solid,1.0408269706471887,8.0988584393197,9.0,52,false,true,true,false
443,Ladieswear || Sweater || Jersey Fancy || Blue || Solid,Ladieswear,Sweater,Jersey Fancy,Blue,Solid,1.6925794479709584,8.09803411770672,2.076923076923077,42,false,true,true,false
444,Ladieswear || Top || Jersey Fancy || Khaki green || Solid,Ladieswear,Top,Jersey Fancy,Khaki green,Solid,1.128464432972899,8.094423451357493,10.846153846153847,52,true,true,true,true
445,Ladieswear || Dress || Jersey Fancy || Green || Solid,Ladieswear,Dress,Jersey Fancy,Green,Solid,1.0164048687499372,8.079870536661991,9.538461538461538,52,false,true,true,false
446,Ladieswear || Jacket || Outdoor || Mole || Solid,Ladieswear,Jacket,Outdoor,Mole,Solid,1.58249416547619,8.055950410486988,6.6923076923076925,52,false,true,true,false
447,Divided || Sweater || Knitwear || Yellow || Solid,Divided,Sweater,Knitwear,Yellow,Solid,0.9338839814532305,8.033715517307723,6.769230769230769,52,false,true,true,false
448,Ladieswear || T-shirt || Jersey Basic || Blue || Stripe,Ladieswear,T-shirt,Jersey Basic,Blue,Stripe,1.146970140021201,8.030655874082482,3.769230769230769,52,false,true,true,false
449,Sport || Jacket || Unknown || Black || Solid,Sport,Jacket,Unknown,Black,Solid,1.003327978736105,8.016834500998911,3.4615384615384617,52,false,true,true,false
450,Ladieswear || Hoodie || Jersey Basic || Blue || Solid,Ladieswear,Hoodie,Jersey Basic,Blue,Solid,1.2358506504477107,7.99851320303155,0.38461538461538464,15,false,true,false,false
451,Ladieswear || Boots || Shoes || Black || Solid,Ladieswear,Boots,Shoes,Black,Solid,1.186057833277555,7.986352541765715,63.46153846153846,52,true,true,true,true
452,Ladieswear || Socks || Socks and Tights || Red || All over pattern,Ladieswear,Socks,Socks and Tights,Red,All over pattern,0.9759549010584445,7.9500645199966,0.5384615384615384,29,false,true,true,false
453,Divided || T-shirt || Jersey Fancy || Black || Placement print,Divided,T-shirt,Jersey Fancy,Black,Placement print,1.1701324380735723,7.93109362183753,7.3076923076923075,50,false,true,true,false
454,Ladieswear || Swimwear bottom || Swimwear || Green || Solid,Ladieswear,Swimwear bottom,Swimwear,Green,Solid,0.998592827879934,7.922576309885056,15.307692307692308,52,true,true,true,true
455,Ladieswear || T-shirt || Jersey Basic || Beige || Solid,Ladieswear,T-shirt,Jersey Basic,Beige,Solid,0.875282221293799,7.913979677382379,8.615384615384615,52,false,true,true,false
456,Ladieswear || Top || Jersey Fancy || Beige || Solid,Ladieswear,Top,Jersey Fancy,Beige,Solid,1.1230670915338428,7.90757330729029,26.46153846153846,52,true,true,true,true
457,"Ladieswear || Bra || Under-, Nightwear || Mole || Solid",Ladieswear,Bra,"Under-, Nightwear",Mole,Solid,0.7479562070686265,7.897612886136944,1.6153846153846154,52,false,false,true,false
458,Ladieswear || Underwear Tights || Socks and Tights || Black || Dot,Ladieswear,Underwear Tights,Socks and Tights,Black,Dot,0.8676601498202827,7.89624247766392,2.923076923076923,51,false,true,true,false
459,Ladieswear || Sweater || Jersey Fancy || Grey || Melange,Ladieswear,Sweater,Jersey Fancy,Grey,Melange,1.182237245042257,7.8839342428889285,10.384615384615385,52,true,true,true,true
460,Ladieswear || Coat || Outdoor || Mole || Solid,Ladieswear,Coat,Outdoor,Mole,Solid,1.3603111772500953,7.882708075449358,1.6153846153846154,52,false,true,true,false
461,Divided || Sweater || Knitwear || Orange || Solid,Divided,Sweater,Knitwear,Orange,Solid,1.486427733606754,7.879239910964836,2.769230769230769,52,false,true,true,false
462,Ladieswear || Bikini top || Swimwear || Black || All over pattern,Ladieswear,Bikini top,Swimwear,Black,All over pattern,1.0105942231469478,7.878507539989709,15.615384615384615,52,true,true,true,true
463,Ladieswear || Sweater || Jersey Basic || Blue || Solid,Ladieswear,Sweater,Jersey Basic,Blue,Solid,0.9552363383433635,7.863553834311608,1.7692307692307692,37,false,true,true,false
464,Ladieswear || Blazer || Dressed || White || Other structure,Ladieswear,Blazer,Dressed,White,Other structure,1.3414926910286957,7.855275750345257,2.3846153846153846,42,false,true,true,false
465,Ladieswear || Sweater || Knitwear || Yellow || Melange,Ladieswear,Sweater,Knitwear,Yellow,Melange,1.1181706356618915,7.850065462403849,1.8461538461538463,50,false,true,true,false
466,Ladieswear || T-shirt || Jersey Basic || Yellow || Solid,Ladieswear,T-shirt,Jersey Basic,Yellow,Solid,0.7699386261963337,7.837945548455657,5.461538461538462,52,false,false,true,false
467,Ladieswear || Sweater || Knitwear || Turquoise || Solid,Ladieswear,Sweater,Knitwear,Turquoise,Solid,1.9946645324796588,7.8375825896924844,1.7692307692307692,48,false,true,true,false
468,Ladieswear || Dress || Knitwear || Blue || Solid,Ladieswear,Dress,Knitwear,Blue,Solid,0.8062558354470217,7.757705182490419,4.3076923076923075,52,false,false,true,false
469,Ladieswear || Blouse || Blouses || White || Solid,Ladieswear,Blouse,Blouses,White,Solid,1.0988035244929746,7.757324881901935,154.46153846153845,52,true,true,true,true
470,Ladieswear || T-shirt || Jersey Basic || Mole || Solid,Ladieswear,T-shirt,Jersey Basic,Mole,Solid,1.2367362247681397,7.7478156619207486,2.0,52,false,true,true,false
471,"Ladieswear || Underwear bottom || Under-, Nightwear || Brown || Solid",Ladieswear,Underwear bottom,"Under-, Nightwear",Brown,Solid,1.461889441862423,7.743466965189295,13.461538461538462,52,true,true,true,true
472,Menswear || T-shirt || Jersey Basic || Beige || Solid,Menswear,T-shirt,Jersey Basic,Beige,Solid,1.4191940571853312,7.742364166097694,6.461538461538462,52,false,true,true,false
473,Menswear || Sweater || Jersey Basic || Blue || Solid,Menswear,Sweater,Jersey Basic,Blue,Solid,1.1770489128217678,7.73822322571451,1.9230769230769231,47,false,true,true,false
474,Ladieswear || Sweater || Jersey Fancy || Pink || Solid,Ladieswear,Sweater,Jersey Fancy,Pink,Solid,1.335299236198395,7.732253918999511,2.6153846153846154,51,false,true,true,false
475,Ladieswear || Trousers || Knitwear || Black || Solid,Ladieswear,Trousers,Knitwear,Black,Solid,1.096967178490355,7.727324248962557,1.7692307692307692,42,false,true,true,false
476,Ladieswear || Skirt || Skirts || Red || All over pattern,Ladieswear,Skirt,Skirts,Red,All over pattern,1.035144521973826,7.719012546964915,1.0769230769230769,35,false,true,true,false
477,Divided || Dress || Dresses Ladies || Beige || Solid,Divided,Dress,Dresses Ladies,Beige,Solid,1.0492245690607334,7.712992801568863,12.923076923076923,52,true,true,true,true
478,Ladieswear || Underwear Tights || Socks and Tights || Black || All over pattern,Ladieswear,Underwear Tights,Socks and Tights,Black,All over pattern,0.9719018440316668,7.708216968426552,3.6153846153846154,52,false,true,true,false
479,Divided || Sweater || Knitwear || Beige || Solid,Divided,Sweater,Knitwear,Beige,Solid,1.303550433207358,7.699241731325813,9.692307692307692,52,false,true,true,false
480,"Ladieswear || Bra || Under-, Nightwear || Grey || Melange",Ladieswear,Bra,"Under-, Nightwear",Grey,Melange,0.9427919419097672,7.684168231107883,13.384615384615385,52,true,true,true,true
481,Ladieswear || Dress || Jersey Fancy || Black || Lace,Ladieswear,Dress,Jersey Fancy,Black,Lace,1.3234969350785777,7.6778921403393685,7.153846153846154,52,false,true,true,false
482,Divided || Jacket || Unknown || Black || Solid,Divided,Jacket,Unknown,Black,Solid,1.2109121772965137,7.677880482555606,6.076923076923077,52,false,true,true,false
483,Ladieswear || Blazer || Dressed || White || Solid,Ladieswear,Blazer,Dressed,White,Solid,0.8798168174326039,7.67166318455749,11.923076923076923,52,true,true,true,true
484,Ladieswear || Dress || Jersey Fancy || Beige || Melange,Ladieswear,Dress,Jersey Fancy,Beige,Melange,0.9826646337415508,7.671188075699819,1.0769230769230769,48,false,true,true,false
485,Ladieswear || Sweater || Knitwear || Red || Melange,Ladieswear,Sweater,Knitwear,Red,Melange,1.9886284060980985,7.670001572719022,1.5384615384615385,48,false,true,true,false
486,Divided || Sweater || Knitwear || Black || Jacquard,Divided,Sweater,Knitwear,Black,Jacquard,1.716231425137821,7.665876035128603,0.6923076923076923,46,false,true,true,false
487,Divided || Dress || Jersey Basic || Khaki green || Solid,Divided,Dress,Jersey Basic,Khaki green,Solid,0.6716621175781937,7.656177034275682,7.615384615384615,52,false,false,true,false
488,Ladieswear || Swimwear bottom || Swimwear || Blue || All over pattern,Ladieswear,Swimwear bottom,Swimwear,Blue,All over pattern,1.2174729807406732,7.651856630257017,12.23076923076923,52,true,true,true,true
489,Divided || Sweater || Jersey Fancy || Orange || Placement print,Divided,Sweater,Jersey Fancy,Orange,Placement print,1.0935960591133005,7.637709369688896,1.0,47,false,true,true,false
490,Menswear || T-shirt || Jersey Basic || Khaki green || Solid,Menswear,T-shirt,Jersey Basic,Khaki green,Solid,0.9253923128676599,7.627686698518341,4.769230769230769,52,false,true,true,false
491,Divided || Skirt || Skirts || Black || Other structure,Divided,Skirt,Skirts,Black,Other structure,0.9894465166433912,7.626479260445102,1.3076923076923077,46,false,true,true,false
492,Menswear || T-shirt || Jersey Basic || Green || Solid,Menswear,T-shirt,Jersey Basic,Green,Solid,1.3546088726288597,7.6263073797233645,7.230769230769231,52,false,true,true,false
493,Menswear || Socks || Socks and Tights || Black || All over pattern,Menswear,Socks,Socks and Tights,Black,All over pattern,2.3892041954089573,7.6075360638386655,8.0,52,false,true,true,false
494,Ladieswear || Socks || Socks and Tights || White || All over pattern,Ladieswear,Socks,Socks and Tights,White,All over pattern,1.279650795643975,7.591919808478501,11.153846153846153,50,true,true,true,true
495,Divided || Sweater || Jersey Fancy || Green || Placement print,Divided,Sweater,Jersey Fancy,Green,Placement print,0.8494439692044483,7.584593937615866,0.8461538461538461,27,false,false,true,false
496,Ladieswear || Trousers || Trousers || Green || Solid,Ladieswear,Trousers,Trousers,Green,Solid,1.1070325296140107,7.563234088870232,8.076923076923077,52,false,true,true,false
497,"Ladieswear || Pyjama set || Under-, Nightwear || Pink || Stripe",Ladieswear,Pyjama set,"Under-, Nightwear",Pink,Stripe,0.9345628971449811,7.561181361323406,1.9230769230769231,51,false,true,true,false
498,"Ladieswear || Underwear bottom || Under-, Nightwear || Mole || Solid",Ladieswear,Underwear bottom,"Under-, Nightwear",Mole,Solid,2.042647434623357,7.557221340667921,1.8461538461538463,44,false,true,true,false
499,Sport || T-shirt || Jersey Fancy || Blue || Melange,Sport,T-shirt,Jersey Fancy,Blue,Melange,1.105834652447999,7.556965369562791,3.6153846153846154,52,false,true,true,false
500,"Ladieswear || Underwear bottom || Under-, Nightwear || Blue || Solid",Ladieswear,Underwear bottom,"Under-, Nightwear",Blue,Solid,1.031477805770904,7.544567276808371,15.384615384615385,52,true,true,true,true
501,Ladieswear || Vest top || Jersey Basic || Beige || Solid,Ladieswear,Vest top,Jersey Basic,Beige,Solid,0.6540511734344099,7.535277468492408,7.3076923076923075,52,false,false,true,false
502,Divided || Jacket || Outdoor || Grey || Solid,Divided,Jacket,Outdoor,Grey,Solid,1.1049751243781094,7.532796017748238,1.7692307692307692,51,false,true,true,false
503,Divided || Shirt || Blouses || Pink || Solid,Divided,Shirt,Blouses,Pink,Solid,1.1276696537631823,7.529718737108338,12.384615384615385,52,true,true,true,true
504,Divided || Shirt || Blouses || Red || Solid,Divided,Shirt,Blouses,Red,Solid,1.0999171338457503,7.528521771991176,1.2307692307692308,49,false,true,true,false
505,Divided || Dress || Trousers Denim || Blue || Denim,Divided,Dress,Trousers Denim,Blue,Denim,1.302041902163003,7.510973842418718,11.307692307692308,52,true,true,true,true
506,Ladieswear || Underwear Tights || Socks and Tights || Beige || Solid,Ladieswear,Underwear Tights,Socks and Tights,Beige,Solid,1.0478011899669395,7.496139824985004,8.538461538461538,52,false,true,true,false
507,Ladieswear || Sweater || Knitwear || Orange || Solid,Ladieswear,Sweater,Knitwear,Orange,Solid,1.3902857657875767,7.495612711917126,6.615384615384615,52,false,true,true,false
508,Menswear || T-shirt || Jersey Basic || Brown || Solid,Menswear,T-shirt,Jersey Basic,Brown,Solid,2.0020900655183658,7.489046144927709,1.8461538461538463,45,false,true,true,false
509,Ladieswear || Scarf || Accessories || White || Check,Ladieswear,Scarf,Accessories,White,Check,1.1923108075272006,7.48831021330432,0.6153846153846154,39,false,true,true,false
510,Divided || Jacket || Outdoor || Black || Denim,Divided,Jacket,Outdoor,Black,Denim,1.011986781882938,7.444773151611432,1.9230769230769231,52,false,true,true,false
511,Divided || Dress || Dresses Ladies || Black || Check,Divided,Dress,Dresses Ladies,Black,Check,1.5796989140566238,7.431913578891187,10.76923076923077,52,true,true,true,true
512,Ladieswear || Dress || Dresses Ladies || Beige || All over pattern,Ladieswear,Dress,Dresses Ladies,Beige,All over pattern,0.950453811749745,7.430005877498079,36.92307692307692,52,true,true,true,true
513,"Ladieswear || Underwear bottom || Under-, Nightwear || Orange || Solid",Ladieswear,Underwear bottom,"Under-, Nightwear",Orange,Solid,0.8961653745356944,7.411832759758145,24.153846153846153,52,true,true,true,true
514,Ladieswear || Jacket || Outdoor || Grey || Solid,Ladieswear,Jacket,Outdoor,Grey,Solid,1.0613124018608215,7.402956754697978,5.076923076923077,52,false,true,true,false
515,Sport || Bra || Jersey Fancy || White || Solid,Sport,Bra,Jersey Fancy,White,Solid,0.7403814737497293,7.398761637029779,7.384615384615385,52,false,false,true,false
516,Divided || Jacket || Outdoor || White || Solid,Divided,Jacket,Outdoor,White,Solid,1.1949974853310983,7.390209108364877,4.461538461538462,52,false,true,true,false
517,Ladieswear || Socks || Socks and Tights || Grey || All over pattern,Ladieswear,Socks,Socks and Tights,Grey,All over pattern,0.6203524407812683,7.3620137569561575,11.0,52,true,false,true,false
518,Divided || Dungarees || Trousers Denim || Blue || Denim,Divided,Dungarees,Trousers Denim,Blue,Denim,1.1759312354396103,7.361236200425262,5.153846153846154,52,false,true,true,false
519,Ladieswear || Scarf || Accessories || Beige || Check,Ladieswear,Scarf,Accessories,Beige,Check,0.8595726642911077,7.330595352158012,2.5384615384615383,52,false,true,true,false
520,Divided || T-shirt || Jersey Fancy || Black || Front print,Divided,T-shirt,Jersey Fancy,Black,Front print,1.7641382544753073,7.326656201577791,1.0769230769230769,47,false,true,true,false
521,Divided || Shirt || Blouses || Black || All over pattern,Divided,Shirt,Blouses,Black,All over pattern,1.2312910059238429,7.314306198266271,8.846153846153847,52,false,true,true,false
522,Ladieswear || Dress || Jersey Fancy || Red || Solid,Ladieswear,Dress,Jersey Fancy,Red,Solid,1.1696929239648979,7.313212244653826,22.615384615384617,52,true,true,true,true
523,Divided || Shirt || Blouses || Black || Solid,Divided,Shirt,Blouses,Black,Solid,1.54274390236219,7.296544483491061,10.461538461538462,52,true,true,true,true
524,Divided || Dress || Dresses Ladies || Black || Glittering/Metallic,Divided,Dress,Dresses Ladies,Black,Glittering/Metallic,0.5465947975995882,7.286212566067006,8.692307692307692,52,false,false,true,false
525,Menswear || T-shirt || Jersey Basic || Red || Solid,Menswear,T-shirt,Jersey Basic,Red,Solid,1.2674968602843621,7.286187179530346,2.4615384615384617,52,false,true,true,false
526,Divided || Blazer || Outdoor || Black || Solid,Divided,Blazer,Outdoor,Black,Solid,1.0461546075241155,7.270854332390211,3.769230769230769,52,false,true,true,false
527,Ladieswear || Hoodie || Jersey Fancy || Beige || Solid,Ladieswear,Hoodie,Jersey Fancy,Beige,Solid,0.8975190500799998,7.256497698368388,3.230769230769231,52,false,true,true,false
528,Divided || Dress || Dresses Ladies || Black || Front print,Divided,Dress,Dresses Ladies,Black,Front print,2.2235817575083425,7.243240294922643,0.38461538461538464,23,false,true,false,false
529,Menswear || T-shirt || Jersey Basic || Khaki green || Melange,Menswear,T-shirt,Jersey Basic,Khaki green,Melange,1.0392426736288476,7.237123192661125,2.1538461538461537,52,false,true,true,false
530,Divided || Hoodie || Jersey Fancy || Black || Solid,Divided,Hoodie,Jersey Fancy,Black,Solid,1.1391736414288813,7.234793816109374,0.5384615384615384,21,false,true,false,false
531,Ladieswear || Swimwear bottom || Swimwear || White || Other structure,Ladieswear,Swimwear bottom,Swimwear,White,Other structure,0.8531071788166162,7.229279881478099,14.0,52,true,true,true,true
532,Ladieswear || Bodysuit || Jersey Fancy || White || Solid,Ladieswear,Bodysuit,Jersey Fancy,White,Solid,1.176839218199479,7.225226857323722,7.384615384615385,52,false,true,true,false
533,Menswear || T-shirt || Jersey Basic || Grey || Melange,Menswear,T-shirt,Jersey Basic,Grey,Melange,1.318642446992082,7.222339125664721,14.76923076923077,52,true,true,true,true
534,Divided || Sweater || Jersey Fancy || Pink || Colour blocking,Divided,Sweater,Jersey Fancy,Pink,Colour blocking,1.170247204237787,7.220041162016392,1.2307692307692308,39,false,true,true,false
535,Divided || Sweater || Jersey Fancy || Blue || Placement print,Divided,Sweater,Jersey Fancy,Blue,Placement print,0.8594906493105048,7.193333160971161,1.1538461538461537,47,false,true,true,false
536,Ladieswear || Dress || Dresses Ladies || Blue || Check,Ladieswear,Dress,Dresses Ladies,Blue,Check,1.5940276666240427,7.192212547331604,0.3076923076923077,29,false,true,true,false
537,Divided || Sweater || Jersey Fancy || Black || Solid,Divided,Sweater,Jersey Fancy,Black,Solid,1.4938032146497402,7.191949135950255,9.307692307692308,52,false,true,true,false
538,Ladieswear || Trousers || Trousers || Black || All over pattern,Ladieswear,Trousers,Trousers,Black,All over pattern,0.8397719986682725,7.188464306686015,9.846153846153847,52,false,false,true,false
539,Ladieswear || Vest top || Jersey Basic || Grey || Melange,Ladieswear,Vest top,Jersey Basic,Grey,Melange,0.953044041450777,7.183462112749938,5.615384615384615,41,false,true,true,false
540,Menswear || Socks || Socks and Tights || Green || All over pattern,Menswear,Socks,Socks and Tights,Green,All over pattern,0.7900416624326796,7.177365216847004,4.615384615384615,49,false,false,true,false
541,Divided || Sweater || Jersey Fancy || Grey || Solid,Divided,Sweater,Jersey Fancy,Grey,Solid,1.0878054897302847,7.17639925775163,2.769230769230769,52,false,true,true,false
542,Ladieswear || Trousers || Trousers Denim || Grey || Denim,Ladieswear,Trousers,Trousers Denim,Grey,Denim,1.0677896729468044,7.158941818219935,2.923076923076923,51,false,true,true,false
543,Ladieswear || Sweater || Jersey Fancy || White || Solid,Ladieswear,Sweater,Jersey Fancy,White,Solid,0.829495104430299,7.158557075007696,7.384615384615385,52,false,false,true,false
544,Ladieswear || Swimsuit || Swimwear || Black || Other structure,Ladieswear,Swimsuit,Swimwear,Black,Other structure,1.0760640034686164,7.152982890233746,4.846153846153846,51,false,true,true,false
545,Ladieswear || Dress || Dresses Ladies || Black || Other structure,Ladieswear,Dress,Dresses Ladies,Black,Other structure,1.4400267887040965,7.146008324298606,6.076923076923077,51,false,true,true,false
546,Ladieswear || Blouse || Blouses || Khaki green || Solid,Ladieswear,Blouse,Blouses,Khaki green,Solid,1.468365220189152,7.125759597317904,12.23076923076923,52,true,true,true,true
547,Ladieswear || Swimwear bottom || Swimwear || Black || Solid,Ladieswear,Swimwear bottom,Swimwear,Black,Solid,1.1305808380431586,7.122015988471329,42.61538461538461,52,true,true,true,true
548,Ladieswear || T-shirt || Jersey Fancy || Black || Front print,Ladieswear,T-shirt,Jersey Fancy,Black,Front print,1.0626936985757953,7.109849659084633,2.769230769230769,47,false,true,true,false
549,"Ladieswear || Underwear bottom || Under-, Nightwear || Black || All over pattern",Ladieswear,Underwear bottom,"Under-, Nightwear",Black,All over pattern,1.1059464910519834,7.107467953176403,9.307692307692308,52,false,true,true,false
550,Divided || Blouse || Blouses || Black || Solid,Divided,Blouse,Blouses,Black,Solid,1.0860177056769382,7.093889709615169,17.46153846153846,52,true,true,true,true
551,Ladieswear || Hair clip || Accessories || Black || Solid,Ladieswear,Hair clip,Accessories,Black,Solid,1.0006439150032196,7.079682197428356,7.846153846153846,47,false,true,true,false
552,Ladieswear || Socks || Socks and Tights || Pink || Solid,Ladieswear,Socks,Socks and Tights,Pink,Solid,1.1559402441539106,7.078353539797719,2.923076923076923,46,false,true,true,false
553,Ladieswear || Scarf || Accessories || Beige || Solid,Ladieswear,Scarf,Accessories,Beige,Solid,4.307036302137416,7.077661568135889,4.230769230769231,52,false,true,true,false
554,Ladieswear || Trousers || Trousers || Beige || Check,Ladieswear,Trousers,Trousers,Beige,Check,1.0432296642446954,7.071753805135122,11.692307692307692,52,true,true,true,true
555,"Ladieswear || Bra || Under-, Nightwear || Green || Solid",Ladieswear,Bra,"Under-, Nightwear",Green,Solid,1.369045643941178,7.042273283523286,5.153846153846154,52,false,true,true,false
556,"Divided || Socks || Under-, Nightwear || Black || Solid",Divided,Socks,"Under-, Nightwear",Black,Solid,0.9915603128859611,7.019269662864366,1.3076923076923077,47,false,true,true,false
557,Divided || Scarf || Accessories || Black || Solid,Divided,Scarf,Accessories,Black,Solid,1.0151427034098277,7.018064989796219,1.6153846153846154,37,false,true,true,false
558,Divided || Cardigan || Knitwear || White || Solid,Divided,Cardigan,Knitwear,White,Solid,1.3560294895992842,7.014376688239977,5.0,52,false,true,true,false
559,Divided || Shirt || Blouses || Green || Check,Divided,Shirt,Blouses,Green,Check,1.0385557870391615,7.013298710197715,1.4615384615384615,51,false,true,true,false
560,Divided || Skirt || Skirts || Black || Denim,Divided,Skirt,Skirts,Black,Denim,1.2607316955275916,6.992682559996605,6.538461538461538,52,false,true,true,false
561,Ladieswear || Top || Knitwear || White || Solid,Ladieswear,Top,Knitwear,White,Solid,1.9978807951120516,6.9898860385555155,1.4615384615384615,51,false,true,true,false
562,Ladieswear || Skirt || Skirts || Khaki green || Solid,Ladieswear,Skirt,Skirts,Khaki green,Solid,1.2986079960419858,6.98520148916734,7.076923076923077,52,false,true,true,false
563,Ladieswear || Sweater || Knitwear || Red || Application/3D,Ladieswear,Sweater,Knitwear,Red,Application/3D,0.8998998998998999,6.969266178046338,0.6923076923076923,35,false,true,true,false
564,Ladieswear || Dress || Dresses Ladies || Black || Dot,Ladieswear,Dress,Dresses Ladies,Black,Dot,1.2361252943750913,6.964231641391612,2.4615384615384617,44,false,true,true,false
565,Divided || Dress || Jersey Basic || Red || Solid,Divided,Dress,Jersey Basic,Red,Solid,1.1075627946078344,6.9611051015921275,4.6923076923076925,52,false,true,true,false
566,"Menswear || Pyjama bottom || Under-, Nightwear || Grey || Melange",Menswear,Pyjama bottom,"Under-, Nightwear",Grey,Melange,1.0677386549775931,6.954462960631994,1.8461538461538463,50,false,true,true,false
567,Ladieswear || Jumpsuit/Playsuit || Trousers || Beige || Solid,Ladieswear,Jumpsuit/Playsuit,Trousers,Beige,Solid,0.6426699270709776,6.953730371454822,4.384615384615385,52,false,false,true,false
568,Divided || Sweater || Jersey Fancy || White || Embroidery,Divided,Sweater,Jersey Fancy,White,Embroidery,0.8967075831433874,6.945990887513376,0.7692307692307693,42,false,true,true,false
569,Ladieswear || Dress || Jersey Basic || Grey || Melange,Ladieswear,Dress,Jersey Basic,Grey,Melange,1.3728163464840102,6.943859962407971,7.3076923076923075,52,false,true,true,false
570,Ladieswear || T-shirt || Jersey Basic || Pink || Solid,Ladieswear,T-shirt,Jersey Basic,Pink,Solid,0.8409532899777961,6.94301965315188,8.538461538461538,49,false,false,true,false
571,Divided || Sweater || Knitwear || Red || Other structure,Divided,Sweater,Knitwear,Red,Other structure,1.2502085070892408,6.925699905756925,0.8461538461538461,49,false,true,true,false
572,Ladieswear || Blazer || Dressed || Turquoise || Solid,Ladieswear,Blazer,Dressed,Turquoise,Solid,0.8256400844269064,6.925319753926277,3.0,49,false,false,true,false
573,Ladieswear || Dress || Jersey Fancy || Black || Solid,Ladieswear,Dress,Jersey Fancy,Black,Solid,1.0163761722450089,6.922851229787368,104.23076923076923,52,true,true,true,true
574,Ladieswear || Ballerinas || Shoes || Black || Solid,Ladieswear,Ballerinas,Shoes,Black,Solid,3.517843275741383,6.918204896998794,16.692307692307693,52,true,true,true,true
575,Divided || Sweater || Jersey Fancy || Turquoise || Solid,Divided,Sweater,Jersey Fancy,Turquoise,Solid,1.3385503038523283,6.881772928868577,1.4615384615384615,24,false,true,false,false
576,Ladieswear || Dress || Dresses Ladies || Black || Lace,Ladieswear,Dress,Dresses Ladies,Black,Lace,1.4834862195647724,6.8784865256695165,5.923076923076923,52,false,true,true,false
577,Ladieswear || Shirt || Blouses || Blue || Stripe,Ladieswear,Shirt,Blouses,Blue,Stripe,0.9899779369504461,6.8673382940020975,17.384615384615383,52,true,true,true,true
578,Divided || Sweater || Unknown || Black || Solid,Divided,Sweater,Unknown,Black,Solid,1.0952026136298505,6.866552805946971,2.230769230769231,30,false,true,true,false
579,Divided || Shorts || Trousers Denim || Black || Denim,Divided,Shorts,Trousers Denim,Black,Denim,1.0983850914611109,6.865207550512579,11.461538461538462,52,true,true,true,true
580,Ladieswear || Sweater || Jersey Fancy || Khaki green || Solid,Ladieswear,Sweater,Jersey Fancy,Khaki green,Solid,1.1492837366501751,6.862390762629206,3.3076923076923075,52,false,true,true,false
581,Ladieswear || T-shirt || Jersey Basic || Blue || Melange,Ladieswear,T-shirt,Jersey Basic,Blue,Melange,0.9876312462206583,6.856023724134121,5.615384615384615,46,false,true,true,false
582,Ladieswear || Bikini top || Swimwear || Green || Solid,Ladieswear,Bikini top,Swimwear,Green,Solid,1.001137695044549,6.851011744536013,16.23076923076923,52,true,true,true,true
583,Ladieswear || Swimsuit || Swimwear || Black || Solid,Ladieswear,Swimsuit,Swimwear,Black,Solid,1.0467371343364356,6.848343360438096,24.23076923076923,52,true,true,true,true
584,Divided || Cardigan || Jersey Fancy || Pink || Solid,Divided,Cardigan,Jersey Fancy,Pink,Solid,1.2743674055429013,6.8479018102421065,2.769230769230769,51,false,true,true,false
585,Ladieswear || Swimwear bottom || Swimwear || Red || Solid,Ladieswear,Swimwear bottom,Swimwear,Red,Solid,1.0234922305296945,6.837897868388632,10.384615384615385,52,true,true,true,true
586,Divided || Sneakers || Shoes || White || Solid,Divided,Sneakers,Shoes,White,Solid,1.0830280755110373,6.8369238435538975,1.0769230769230769,43,false,true,true,false
587,Menswear || Trousers || Trousers Denim || Grey || Denim,Menswear,Trousers,Trousers Denim,Grey,Denim,1.1155251876708683,6.8323993204318345,15.0,52,true,true,true,true
588,Divided || Jacket || Outdoor || Beige || Solid,Divided,Jacket,Outdoor,Beige,Solid,1.4990513121326923,6.826269815412226,17.76923076923077,52,true,true,true,true
589,Ladieswear || Sweater || Knitwear || Brown || Melange,Ladieswear,Sweater,Knitwear,Brown,Melange,0.8290340418513956,6.82337689378916,6.076923076923077,52,false,false,true,false
590,Ladieswear || Trousers || Trousers || Blue || Solid,Ladieswear,Trousers,Trousers,Blue,Solid,0.9816783930266334,6.8200784827141945,38.84615384615385,52,true,true,true,true
591,Ladieswear || Trousers || Trousers Denim || Green || Denim,Ladieswear,Trousers,Trousers Denim,Green,Denim,0.9273680843927059,6.812741461887509,1.9230769230769231,52,false,true,true,false
592,Ladieswear || Swimwear bottom || Swimwear || Yellow || Other structure,Ladieswear,Swimwear bottom,Swimwear,Yellow,Other structure,1.0937946917551424,6.7925673045723025,8.153846153846153,52,false,true,true,false
593,Divided || Trousers || Trousers || Grey || Denim,Divided,Trousers,Trousers,Grey,Denim,,6.779024813398493,3.8461538461538463,42,false,false,true,false
594,"Ladieswear || Pyjama bottom || Under-, Nightwear || Black || All over pattern",Ladieswear,Pyjama bottom,"Under-, Nightwear",Black,All over pattern,1.020211356364929,6.775754708889603,1.1538461538461537,50,false,true,true,false
595,Divided || Sweater || Jersey Fancy || Pink || Placement print,Divided,Sweater,Jersey Fancy,Pink,Placement print,1.067976764306019,6.76938292627378,2.076923076923077,51,false,true,true,false
596,Ladieswear || Trousers || Trousers || White || Solid,Ladieswear,Trousers,Trousers,White,Solid,1.078104562667591,6.758463654268653,27.46153846153846,52,true,true,true,true
597,Sport || Vest top || Jersey Fancy || Black || Melange,Sport,Vest top,Jersey Fancy,Black,Melange,0.9492027589944521,6.751139183408421,5.3076923076923075,52,false,true,true,false
598,Ladieswear || Jumpsuit/Playsuit || Trousers || White || Solid,Ladieswear,Jumpsuit/Playsuit,Trousers,White,Solid,0.8433803759688135,6.737366946110367,5.923076923076923,52,false,false,true,false
599,Ladieswear || Swimwear bottom || Swimwear || White || All over pattern,Ladieswear,Swimwear bottom,Swimwear,White,All over pattern,1.0606955343187263,6.737252140153883,21.384615384615383,52,true,true,true,true
600,Ladieswear || Dress || Dresses Ladies || White || Solid,Ladieswear,Dress,Dresses Ladies,White,Solid,1.0307013599616224,6.714446093974995,36.0,52,true,true,true,true
601,Ladieswear || Vest top || Jersey Fancy || Black || Solid,Ladieswear,Vest top,Jersey Fancy,Black,Solid,0.9619564214273166,6.710978902022569,31.153846153846153,52,true,true,true,true
602,Sport || T-shirt || Jersey Fancy || Green || Solid,Sport,T-shirt,Jersey Fancy,Green,Solid,0.9692686795445532,6.697974308020785,1.0,37,false,true,true,false
603,Ladieswear || Top || Jersey Fancy || Black || Other structure,Ladieswear,Top,Jersey Fancy,Black,Other structure,1.130082788509508,6.6944110809522535,3.923076923076923,50,false,true,true,false
604,Ladieswear || Sweater || Jersey Fancy || Yellow || Melange,Ladieswear,Sweater,Jersey Fancy,Yellow,Melange,0.579931559821225,6.687580161008592,2.1538461538461537,52,false,false,true,false
605,Divided || Trousers || Trousers || Blue || Placement print,Divided,Trousers,Trousers,Blue,Placement print,1.0127943262411347,6.678721273838487,1.0,51,false,true,true,false
606,Ladieswear || Swimsuit || Swimwear || White || Stripe,Ladieswear,Swimsuit,Swimwear,White,Stripe,0.9871040957391932,6.673806462242813,3.1538461538461537,49,false,true,true,false
607,Ladieswear || Shirt || Blouses || Black || Check,Ladieswear,Shirt,Blouses,Black,Check,2.4878176578464757,6.668299537100851,1.9230769230769231,30,false,true,true,false
608,Ladieswear || Bikini top || Swimwear || Yellow || Other structure,Ladieswear,Bikini top,Swimwear,Yellow,Other structure,0.8318606917617362,6.65883769081242,9.23076923076923,52,false,false,true,false
609,Ladieswear || Swimwear bottom || Swimwear || Blue || Stripe,Ladieswear,Swimwear bottom,Swimwear,Blue,Stripe,0.9795990030996133,6.658319027328985,16.53846153846154,52,true,true,true,true
610,"Ladieswear || Underwear body || Under-, Nightwear || Red || Solid",Ladieswear,Underwear body,"Under-, Nightwear",Red,Solid,1.1124214045586482,6.657802646728755,4.461538461538462,52,false,true,true,false
611,Ladieswear || Top || Jersey Fancy || Black || Dot,Ladieswear,Top,Jersey Fancy,Black,Dot,2.1727961200069283,6.6576289735083005,2.3076923076923075,52,false,true,true,false
612,Ladieswear || Swimsuit || Swimwear || Beige || All over pattern,Ladieswear,Swimsuit,Swimwear,Beige,All over pattern,1.1384205130490255,6.65388204500535,2.4615384615384617,52,false,true,true,false
613,Ladieswear || T-shirt || Jersey Fancy || White || Front print,Ladieswear,T-shirt,Jersey Fancy,White,Front print,1.0056536750809373,6.627838825497618,14.615384615384615,52,true,true,true,true
614,Divided || Dress || Unknown || Black || Solid,Divided,Dress,Unknown,Black,Solid,0.7784376936999694,6.623973413089601,5.461538461538462,52,false,false,true,false
615,Divided || Dress || Dresses Ladies || Black || Application/3D,Divided,Dress,Dresses Ladies,Black,Application/3D,0.8246349832910939,6.621605276335089,2.3076923076923075,52,false,false,true,false
616,Divided || Shirt || Trousers Denim || Blue || Denim,Divided,Shirt,Trousers Denim,Blue,Denim,1.1499658111598023,6.6155973004574955,5.538461538461538,52,false,true,true,false
617,Ladieswear || Dress || Dresses Ladies || Black || Check,Ladieswear,Dress,Dresses Ladies,Black,Check,1.2193948527556633,6.609283385209686,3.3076923076923075,52,false,true,true,false
618,Ladieswear || T-shirt || Jersey Basic || Orange || Solid,Ladieswear,T-shirt,Jersey Basic,Orange,Solid,0.8510416253975125,6.605720196990594,7.923076923076923,38,false,true,true,false
619,Ladieswear || Bikini top || Swimwear || Black || Solid,Ladieswear,Bikini top,Swimwear,Black,Solid,1.0803193181133102,6.594257510499406,69.15384615384616,52,true,true,true,true
620,Ladieswear || Trousers || Trousers || Beige || Melange,Ladieswear,Trousers,Trousers,Beige,Melange,1.0367897881821122,6.590388902810068,6.615384615384615,52,false,true,true,false
621,Ladieswear || Cardigan || Knitwear || Pink || Melange,Ladieswear,Cardigan,Knitwear,Pink,Melange,3.418691047971761,6.587700085308285,0.46153846153846156,36,false,true,true,false
622,Divided || Trousers || Trousers || White || Solid,Divided,Trousers,Trousers,White,Solid,1.0037045490457714,6.58385374777694,4.384615384615385,52,false,true,true,false
623,Divided || Skirt || Trousers || Black || Solid,Divided,Skirt,Trousers,Black,Solid,0.9231382589483084,6.579193365430579,7.0,52,false,true,true,false
624,"Menswear || Underwear bottom || Under-, Nightwear || Black || Solid",Menswear,Underwear bottom,"Under-, Nightwear",Black,Solid,1.1089152661862578,6.5751425825857535,10.461538461538462,52,true,true,true,true
625,Menswear || Socks || Socks and Tights || Blue || All over pattern,Menswear,Socks,Socks and Tights,Blue,All over pattern,1.196981783381695,6.573769617973493,16.384615384615383,52,true,true,true,true
626,Divided || Sweater || Knitwear || Beige || Melange,Divided,Sweater,Knitwear,Beige,Melange,0.8414516129032257,6.569552101588346,2.6153846153846154,51,false,false,true,false
627,Menswear || Trousers || Trousers Denim || Black || Denim,Menswear,Trousers,Trousers Denim,Black,Denim,1.0599059975917635,6.568056503660173,27.923076923076923,52,true,true,true,true
628,Ladieswear || Cardigan || Knitwear || Green || Melange,Ladieswear,Cardigan,Knitwear,Green,Melange,1.8033383915022765,6.564196397032987,0.7692307692307693,40,false,true,true,false
629,Divided || Jacket || Outdoor || Turquoise || Solid,Divided,Jacket,Outdoor,Turquoise,Solid,,6.555043652471681,4.0,10,false,false,false,false
630,Ladieswear || Gloves || Accessories || Black || Solid,Ladieswear,Gloves,Accessories,Black,Solid,1.1562137075090133,6.547393086332171,1.3076923076923077,32,false,true,true,false
631,"Ladieswear || Bra || Under-, Nightwear || Black || Contrast",Ladieswear,Bra,"Under-, Nightwear",Black,Contrast,0.9478940883484304,6.541337219947734,7.0,52,false,true,true,false
632,Divided || Jacket || Trousers Denim || Blue || Denim,Divided,Jacket,Trousers Denim,Blue,Denim,1.16373515547479,6.533626933543335,11.615384615384615,52,true,true,true,true
633,Divided || Sweater || Jersey Fancy || Khaki green || Solid,Divided,Sweater,Jersey Fancy,Khaki green,Solid,1.8173676481209524,6.526266051020322,2.4615384615384617,52,false,true,true,false
634,Divided || Dress || Jersey Basic || Grey || Melange,Divided,Dress,Jersey Basic,Grey,Melange,1.0296826804936987,6.518416740375345,6.461538461538462,52,false,true,true,false
635,Ladieswear || Sweater || Knitwear || Blue || Melange,Ladieswear,Sweater,Knitwear,Blue,Melange,2.730857472654318,6.512625573198344,1.9230769230769231,47,false,true,true,false
636,Ladieswear || Cardigan || Knitwear || Pink || Solid,Ladieswear,Cardigan,Knitwear,Pink,Solid,0.7786404707713344,6.512354828802378,3.1538461538461537,52,false,false,true,false
637,Ladieswear || Swimsuit || Swimwear || Green || Solid,Ladieswear,Swimsuit,Swimwear,Green,Solid,1.005716890439772,6.508838755530064,3.076923076923077,52,false,true,true,false
638,Menswear || Hoodie || Jersey Basic || Lilac Purple || Solid,Menswear,Hoodie,Jersey Basic,Lilac Purple,Solid,0.9892891585619416,6.4997283059862605,0.46153846153846156,12,false,true,false,false
639,Menswear || Hoodie || Jersey Fancy || Pink || Placement print,Menswear,Hoodie,Jersey Fancy,Pink,Placement print,1.0074890504238652,6.492511160663273,1.6923076923076923,39,false,true,true,false
640,Ladieswear || Skirt || Skirts || Red || Solid,Ladieswear,Skirt,Skirts,Red,Solid,1.2451364307247021,6.490121380466513,7.923076923076923,52,false,true,true,false
641,Ladieswear || Trousers || Trousers || Brown || Solid,Ladieswear,Trousers,Trousers,Brown,Solid,0.7458006594700209,6.486006174052512,11.538461538461538,52,true,false,true,false
642,Ladieswear || Jumpsuit/Playsuit || Jersey Fancy || Black || Solid,Ladieswear,Jumpsuit/Playsuit,Jersey Fancy,Black,Solid,0.9067782882246599,6.484704954360689,3.6923076923076925,50,false,true,true,false
643,Ladieswear || Sweater || Knitwear || Blue || Stripe,Ladieswear,Sweater,Knitwear,Blue,Stripe,1.2729793977812995,6.482555741084295,0.9230769230769231,42,false,true,true,false
644,Divided || Sweater || Jersey Fancy || Yellow || Colour blocking,Divided,Sweater,Jersey Fancy,Yellow,Colour blocking,1.023177300660041,6.473426544023762,0.46153846153846156,6,false,true,false,false
645,Divided || Sweater || Jersey Fancy || Pink || Embroidery,Divided,Sweater,Jersey Fancy,Pink,Embroidery,1.8085821377795006,6.466909024004214,0.7692307692307693,49,false,true,true,false
646,Divided || Dress || Dresses Ladies || Khaki green || Solid,Divided,Dress,Dresses Ladies,Khaki green,Solid,1.1611478854861683,6.4558093096864475,15.461538461538462,52,true,true,true,true
647,Ladieswear || Dress || Jersey Basic || Blue || Solid,Ladieswear,Dress,Jersey Basic,Blue,Solid,0.9745390732595851,6.4456917586464035,4.461538461538462,43,false,true,true,false
648,Menswear || T-shirt || Jersey Basic || Yellow || Solid,Menswear,T-shirt,Jersey Basic,Yellow,Solid,1.3724771482898448,6.445533123718689,7.076923076923077,50,false,true,true,false
649,Ladieswear || Jacket || Outdoor || Black || Check,Ladieswear,Jacket,Outdoor,Black,Check,1.0187025925506623,6.44053430802892,0.8461538461538461,49,false,true,true,false
650,Ladieswear || Swimwear bottom || Swimwear || Brown || Solid,Ladieswear,Swimwear bottom,Swimwear,Brown,Solid,0.9071405540812023,6.434444830113095,2.6923076923076925,52,false,true,true,false
651,Divided || Top || Jersey Fancy || White || Solid,Divided,Top,Jersey Fancy,White,Solid,1.0157196556487444,6.433257938528905,9.692307692307692,52,false,true,true,false
652,Ladieswear || Swimwear bottom || Swimwear || Green || Other structure,Ladieswear,Swimwear bottom,Swimwear,Green,Other structure,0.22058705560619873,6.432077469527153,6.3076923076923075,52,false,false,true,false
653,Menswear || Shirt || Shirts || Black || Solid,Menswear,Shirt,Shirts,Black,Solid,0.9750560939466283,6.426119491675812,17.307692307692307,52,true,true,true,true
654,Ladieswear || Swimsuit || Swimwear || White || All over pattern,Ladieswear,Swimsuit,Swimwear,White,All over pattern,1.1391378829097183,6.4213847066525895,7.230769230769231,50,false,true,true,false
655,Divided || Jacket || Outdoor || Yellow || Solid,Divided,Jacket,Outdoor,Yellow,Solid,0.9044716021014725,6.414416038449721,1.6923076923076923,49,false,true,true,false
656,Divided || Jacket || Outdoor || Red || Solid,Divided,Jacket,Outdoor,Red,Solid,1.4791668367862623,6.412502668196082,4.615384615384615,52,false,true,true,false
657,Ladieswear || Top || Jersey Fancy || Blue || Solid,Ladieswear,Top,Jersey Fancy,Blue,Solid,0.9945679354753222,6.398133755309602,18.615384615384617,52,true,true,true,true
658,Ladieswear || Sweater || Knitwear || Beige || Jacquard,Ladieswear,Sweater,Knitwear,Beige,Jacquard,1.1410812259486232,6.3937062475275495,2.8461538461538463,52,false,true,true,false
659,Divided || Blouse || Blouses || Black || All over pattern,Divided,Blouse,Blouses,Black,All over pattern,1.3785179442264386,6.392450953476719,17.23076923076923,52,true,true,true,true
660,"Ladieswear || Pyjama set || Under-, Nightwear || Black || Dot",Ladieswear,Pyjama set,"Under-, Nightwear",Black,Dot,1.0390924349038688,6.387364589549167,1.3076923076923077,50,false,true,true,false
661,Divided || Skirt || Trousers Denim || Blue || Denim,Divided,Skirt,Trousers Denim,Blue,Denim,1.3310025628329412,6.386128022264973,21.23076923076923,52,true,true,true,true
662,Divided || Jumpsuit/Playsuit || Dresses Ladies || Black || Solid,Divided,Jumpsuit/Playsuit,Dresses Ladies,Black,Solid,0.6190547474242108,6.384272394444371,10.692307692307692,52,true,false,true,false
663,Divided || Skirt || Skirts || Black || All over pattern,Divided,Skirt,Skirts,Black,All over pattern,1.0280646277351624,6.375031977839604,16.0,52,true,true,true,true
664,Ladieswear || Trousers || Trousers || White || Check,Ladieswear,Trousers,Trousers,White,Check,1.4139739855536924,6.3427629908625445,5.846153846153846,52,false,true,true,false
665,Divided || Jumpsuit/Playsuit || Dresses Ladies || Black || All over pattern,Divided,Jumpsuit/Playsuit,Dresses Ladies,Black,All over pattern,0.9557707907041504,6.339311491128012,6.461538461538462,52,false,true,true,false
666,Ladieswear || Jacket || Outdoor || Brown || Solid,Ladieswear,Jacket,Outdoor,Brown,Solid,1.7449803583437236,6.331681275976503,9.307692307692308,52,false,true,true,false
667,Ladieswear || Trousers || Trousers || Black || Other structure,Ladieswear,Trousers,Trousers,Black,Other structure,0.9173474847664456,6.308815231260251,0.8461538461538461,13,false,true,false,false
668,Sport || Trousers || Jersey Fancy || Grey || Melange,Sport,Trousers,Jersey Fancy,Grey,Melange,1.0119595932625771,6.301924401771108,2.6153846153846154,52,false,true,true,false
669,Ladieswear || Coat || Outdoor || Black || Solid,Ladieswear,Coat,Outdoor,Black,Solid,1.0966405907350738,6.297377159712795,5.3076923076923075,52,false,true,true,false
670,Sport || Bra || Jersey Fancy || Orange || Solid,Sport,Bra,Jersey Fancy,Orange,Solid,1.3401511642064596,6.294624813740145,2.4615384615384617,52,false,true,true,false
671,Ladieswear || Blazer || Outdoor || Black || Solid,Ladieswear,Blazer,Outdoor,Black,Solid,1.0817737486121126,6.290675316370882,3.230769230769231,52,false,true,true,false
672,Divided || Trousers || Unknown || Black || Solid,Divided,Trousers,Unknown,Black,Solid,1.0386687840000393,6.289703296706838,5.3076923076923075,33,false,true,true,false
673,Ladieswear || Cardigan || Knitwear || Blue || Melange,Ladieswear,Cardigan,Knitwear,Blue,Melange,3.8527818157790406,6.289661609097443,0.5384615384615384,43,false,true,true,false
674,Ladieswear || Blazer || Dressed || Orange || Solid,Ladieswear,Blazer,Dressed,Orange,Solid,1.0820804853869606,6.286856690631963,3.6153846153846154,29,false,true,true,false
675,Ladieswear || Dress || Dresses Ladies || Green || All over pattern,Ladieswear,Dress,Dresses Ladies,Green,All over pattern,0.6866184941484396,6.275229175338871,9.76923076923077,52,false,false,true,false
676,Ladieswear || Dress || Knitwear || Black || Solid,Ladieswear,Dress,Knitwear,Black,Solid,1.3477283882435844,6.270331118855098,6.230769230769231,52,false,true,true,false
677,Ladieswear || Trousers || Trousers || Red || Check,Ladieswear,Trousers,Trousers,Red,Check,1.8566750257381694,6.264288456275098,3.4615384615384617,52,false,true,true,false
678,"Ladieswear || Sweater || Under-, Nightwear || Orange || Solid",Ladieswear,Sweater,"Under-, Nightwear",Orange,Solid,0.882250356984221,6.262195194684418,4.076923076923077,52,false,true,true,false
679,Ladieswear || Bikini top || Swimwear || Yellow || Solid,Ladieswear,Bikini top,Swimwear,Yellow,Solid,1.1020389550327065,6.258039262963921,9.461538461538462,52,false,true,true,false
680,Ladieswear || Socks || Socks and Tights || Pink || Glittering/Metallic,Ladieswear,Socks,Socks and Tights,Pink,Glittering/Metallic,0.9255938184458109,6.252293452990324,4.076923076923077,35,false,true,true,false
681,Ladieswear || Cardigan || Knitwear || Green || Solid,Ladieswear,Cardigan,Knitwear,Green,Solid,0.7449487009281579,6.250774533589518,1.6153846153846154,50,false,false,true,false
682,Divided || Vest top || Jersey Basic || Orange || Solid,Divided,Vest top,Jersey Basic,Orange,Solid,1.0219232248526682,6.24193339201101,7.6923076923076925,52,false,true,true,false
683,"Divided || Underwear bottom || Under-, Nightwear || Black || Lace",Divided,Underwear bottom,"Under-, Nightwear",Black,Lace,1.4967880085653102,6.229272829737495,0.5384615384615384,19,false,true,false,false
684,Ladieswear || Coat || Outdoor || Khaki green || Solid,Ladieswear,Coat,Outdoor,Khaki green,Solid,2.6690773647335244,6.224677817157802,1.7692307692307692,51,false,true,true,false
685,Ladieswear || Trousers || Knitwear || Grey || Melange,Ladieswear,Trousers,Knitwear,Grey,Melange,1.7156270415174246,6.2228258609566796,1.3846153846153846,40,false,true,true,false
686,Divided || Dress || Dresses Ladies || White || Solid,Divided,Dress,Dresses Ladies,White,Solid,0.8817334902478327,6.221884367624368,19.923076923076923,52,true,true,true,true
687,Ladieswear || Vest top || Blouses || White || Solid,Ladieswear,Vest top,Blouses,White,Solid,0.972644255723086,6.2202110467986245,17.692307692307693,52,true,true,true,true
688,Divided || Jacket || Outdoor || Brown || Solid,Divided,Jacket,Outdoor,Brown,Solid,1.8544577717324104,6.2140385073762285,0.46153846153846156,40,false,true,true,false
689,Divided || Skirt || Skirts || Black || Sequin,Divided,Skirt,Skirts,Black,Sequin,0.8349007314524556,6.212787220346917,1.6923076923076923,52,false,false,true,false
690,Ladieswear || Trousers || Trousers Denim || Blue || Denim,Ladieswear,Trousers,Trousers Denim,Blue,Denim,1.1732604055999518,6.211345835402523,44.84615384615385,52,true,true,true,true
691,Ladieswear || Swimwear bottom || Swimwear || Black || Stripe,Ladieswear,Swimwear bottom,Swimwear,Black,Stripe,0.728115322134993,6.193678826884152,2.1538461538461537,52,false,false,true,false
692,Ladieswear || Scarf || Accessories || Orange || Solid,Ladieswear,Scarf,Accessories,Orange,Solid,0.677243378485741,6.190306109867832,3.3076923076923075,52,false,false,true,false
693,Ladieswear || Trousers || Trousers || Unknown || Solid,Ladieswear,Trousers,Trousers,Unknown,Solid,1.1056352842183994,6.190201739314426,5.615384615384615,45,false,true,true,false
694,Ladieswear || Bikini top || Swimwear || Green || Other structure,Ladieswear,Bikini top,Swimwear,Green,Other structure,1.2266281041830716,6.185887778424782,7.6923076923076925,52,false,true,true,false
695,Divided || Dress || Jersey Fancy || Black || Front print,Divided,Dress,Jersey Fancy,Black,Front print,1.3238151309979393,6.180198405522166,0.7692307692307693,41,false,true,true,false
696,Menswear || Socks || Socks and Tights || Grey || All over pattern,Menswear,Socks,Socks and Tights,Grey,All over pattern,0.9138321995464853,6.177782511848876,8.384615384615385,51,false,true,true,false
697,Ladieswear || Boots || Shoes || White || Solid,Ladieswear,Boots,Shoes,White,Solid,1.0006125905372778,6.1714577151170555,3.5384615384615383,52,false,true,true,false
698,Menswear || Socks || Socks and Tights || White || Embroidery,Menswear,Socks,Socks and Tights,White,Embroidery,0.8513774121919714,6.169143075222656,6.3076923076923075,46,false,true,true,false
699,Ladieswear || Blouse || Blouses || Orange || Solid,Ladieswear,Blouse,Blouses,Orange,Solid,1.3251475248721942,6.156104941203458,10.076923076923077,52,true,true,true,true
700,Ladieswear || Boots || Shoes || Mole || Solid,Ladieswear,Boots,Shoes,Mole,Solid,0.9116324175332517,6.152429408261951,4.076923076923077,52,false,true,true,false
701,Sport || T-shirt || Jersey Fancy || Red || Solid,Sport,T-shirt,Jersey Fancy,Red,Solid,1.0183423913043477,6.1516194986776185,0.6153846153846154,35,false,true,true,false
702,Ladieswear || Swimwear bottom || Swimwear || White || Solid,Ladieswear,Swimwear bottom,Swimwear,White,Solid,1.0703478653367255,6.14929416046499,8.23076923076923,52,false,true,true,false
703,Ladieswear || Scarf || Accessories || Grey || Melange,Ladieswear,Scarf,Accessories,Grey,Melange,1.0428183079056863,6.149239862542705,1.3076923076923077,50,false,true,true,false
704,Divided || Jacket || Outdoor || Khaki green || Solid,Divided,Jacket,Outdoor,Khaki green,Solid,1.9414533968289172,6.146234423882832,5.461538461538462,52,false,true,true,false
705,Ladieswear || Scarf || Accessories || Pink || All over pattern,Ladieswear,Scarf,Accessories,Pink,All over pattern,1.7574038352433903,6.137307698624584,1.4615384615384615,50,false,true,true,false
706,Ladieswear || Sweater || Knitwear || Pink || Melange,Ladieswear,Sweater,Knitwear,Pink,Melange,0.6596354342588212,6.135151599569697,3.0,52,false,false,true,false
707,Ladieswear || Top || Jersey Basic || Beige || Solid,Ladieswear,Top,Jersey Basic,Beige,Solid,1.1931113662456947,6.129468805476511,1.8461538461538463,52,false,true,true,false
708,Ladieswear || Belt || Accessories || Beige || Solid,Ladieswear,Belt,Accessories,Beige,Solid,1.0327509154517684,6.1266055800664185,5.461538461538462,48,false,true,true,false
709,Menswear || Polo shirt || Jersey Basic || Blue || Stripe,Menswear,Polo shirt,Jersey Basic,Blue,Stripe,0.9635615616308726,6.126255948500574,2.8461538461538463,52,false,true,true,false
710,Ladieswear || Top || Jersey Fancy || Pink || Solid,Ladieswear,Top,Jersey Fancy,Pink,Solid,1.0830374587478335,6.122246125832419,26.53846153846154,52,true,true,true,true
711,Divided || Dress || Trousers Denim || Black || Denim,Divided,Dress,Trousers Denim,Black,Denim,0.8315151663868138,6.1217105273811585,2.230769230769231,51,false,false,true,false
712,Menswear || Top || Jersey Basic || Black || Solid,Menswear,Top,Jersey Basic,Black,Solid,1.0700318045258612,6.088446407047275,2.6153846153846154,50,false,true,true,false
713,Ladieswear || Dress || Blouses || Black || Solid,Ladieswear,Dress,Blouses,Black,Solid,0.9601772839708743,6.0875918563429865,33.07692307692308,52,true,true,true,true
714,Ladieswear || Swimwear bottom || Swimwear || Blue || Solid,Ladieswear,Swimwear bottom,Swimwear,Blue,Solid,1.0957196358246135,6.08387508246632,8.307692307692308,52,false,true,true,false
715,Sport || Outdoor trousers || Unknown || Black || Solid,Sport,Outdoor trousers,Unknown,Black,Solid,0.905460163009858,6.080104238299967,3.5384615384615383,52,false,true,true,false
716,Ladieswear || Jacket || Outdoor || Black || Other structure,Ladieswear,Jacket,Outdoor,Black,Other structure,2.000333444481494,6.076225587093857,0.5384615384615384,31,false,true,true,false
717,Sport || Sweater || Jersey Fancy || Grey || Solid,Sport,Sweater,Jersey Fancy,Grey,Solid,1.040110185952378,6.074077866377626,0.3076923076923077,20,false,true,false,false
718,Ladieswear || T-shirt || Jersey Fancy || Khaki green || Solid,Ladieswear,T-shirt,Jersey Fancy,Khaki green,Solid,1.1909761752573993,6.073642601905074,8.76923076923077,52,false,true,true,false
719,Ladieswear || Top || Jersey Fancy || Grey || Melange,Ladieswear,Top,Jersey Fancy,Grey,Melange,1.1518190914284394,6.066931514752238,7.153846153846154,52,false,true,true,false
720,Divided || Outdoor Waistcoat || Outdoor || Black || Solid,Divided,Outdoor Waistcoat,Outdoor,Black,Solid,2.40988479389337,6.066739010445432,2.6923076923076925,30,false,true,true,false
721,"Divided || Underwear bottom || Under-, Nightwear || Lilac Purple || Solid",Divided,Underwear bottom,"Under-, Nightwear",Lilac Purple,Solid,1.241010241010241,6.059349640462242,1.9230769230769231,14,false,true,false,false
722,"Ladieswear || Underwear bottom || Under-, Nightwear || Black || Contrast",Ladieswear,Underwear bottom,"Under-, Nightwear",Black,Contrast,1.1648565938367377,6.049421659168386,1.6153846153846154,51,false,true,true,false
723,Divided || Bag || Accessories || Black || Solid,Divided,Bag,Accessories,Black,Solid,1.1202480602133964,6.046786221491567,25.23076923076923,52,true,true,true,true
724,Ladieswear || Bikini top || Swimwear || White || Solid,Ladieswear,Bikini top,Swimwear,White,Solid,1.5015764707641295,6.046158927176299,6.384615384615385,52,false,true,true,false
725,Ladieswear || Vest top || Blouses || Black || Solid,Ladieswear,Vest top,Blouses,Black,Solid,1.1227210285637035,6.033408039012239,25.615384615384617,52,true,true,true,true
726,Ladieswear || Swimsuit || Swimwear || Black || All over pattern,Ladieswear,Swimsuit,Swimwear,Black,All over pattern,1.0683742251081176,6.031458666087883,5.384615384615385,52,false,true,true,false
727,Ladieswear || Hoodie || Jersey Basic || Orange || Solid,Ladieswear,Hoodie,Jersey Basic,Orange,Solid,1.2913082406464749,6.02991812540017,2.6923076923076925,43,false,true,true,false
728,Ladieswear || Leggings/Tights || Jersey Fancy || Grey || Melange,Ladieswear,Leggings/Tights,Jersey Fancy,Grey,Melange,1.2235524922048666,6.027377699160332,2.923076923076923,51,false,true,true,false
729,Ladieswear || Dress || Dresses Ladies || Black || Stripe,Ladieswear,Dress,Dresses Ladies,Black,Stripe,1.0581608492564345,6.025871350820608,2.3846153846153846,52,false,true,true,false
730,Ladieswear || Blazer || Dressed || Pink || Check,Ladieswear,Blazer,Dressed,Pink,Check,1.221886318263992,6.022945153025151,3.769230769230769,52,false,true,true,false
731,Ladieswear || Leggings/Tights || Jersey Fancy || Black || All over pattern,Ladieswear,Leggings/Tights,Jersey Fancy,Black,All over pattern,1.2812808389671981,6.0226410670098,2.0,51,false,true,true,false
732,Ladieswear || Shirt || Blouses || Blue || Check,Ladieswear,Shirt,Blouses,Blue,Check,2.2119882211670396,6.0105826834809895,4.923076923076923,52,false,true,true,false
733,"Ladieswear || Underwear bottom || Under-, Nightwear || Pink || Melange",Ladieswear,Underwear bottom,"Under-, Nightwear",Pink,Melange,0.9937512946985109,5.983186525300716,3.769230769230769,52,false,true,true,false
734,"Ladieswear || Underwear bottom || Under-, Nightwear || Lilac Purple || Solid",Ladieswear,Underwear bottom,"Under-, Nightwear",Lilac Purple,Solid,1.4448163357146877,5.981727713064328,2.3076923076923075,47,false,true,true,false
735,Menswear || T-shirt || Jersey Basic || Grey || Solid,Menswear,T-shirt,Jersey Basic,Grey,Solid,1.2034907015944074,5.977582336692173,3.769230769230769,52,false,true,true,false
736,Divided || Shirt || Blouses || Beige || Solid,Divided,Shirt,Blouses,Beige,Solid,1.034423196974488,5.966787371659711,4.076923076923077,48,false,true,true,false
737,Ladieswear || Leggings/Tights || Trousers || Black || Solid,Ladieswear,Leggings/Tights,Trousers,Black,Solid,0.9620890916880691,5.966185708609097,1.0,38,false,true,true,false
738,Ladieswear || Top || Jersey Fancy || Lilac Purple || Solid,Ladieswear,Top,Jersey Fancy,Lilac Purple,Solid,0.6320778997940975,5.962583951853897,3.8461538461538463,39,false,false,true,false
739,Ladieswear || Trousers || Trousers || Pink || Solid,Ladieswear,Trousers,Trousers,Pink,Solid,1.4854306085118671,5.94350924400851,12.307692307692308,52,true,true,true,true
740,Ladieswear || Top || Jersey Fancy || Green || Solid,Ladieswear,Top,Jersey Fancy,Green,Solid,0.8879136126162189,5.933562921247201,7.6923076923076925,52,false,true,true,false
741,Ladieswear || Bikini top || Swimwear || Blue || Stripe,Ladieswear,Bikini top,Swimwear,Blue,Stripe,0.9020290580926622,5.923355264402332,15.923076923076923,52,true,true,true,true
742,Ladieswear || Socks || Socks and Tights || White || Placement print,Ladieswear,Socks,Socks and Tights,White,Placement print,0.8118077269595633,5.9146588833416125,6.076923076923077,35,false,false,true,false
743,Divided || Shirt || Blouses || White || Stripe,Divided,Shirt,Blouses,White,Stripe,0.9815284197273164,5.900359216066378,4.230769230769231,41,false,true,true,false
744,Ladieswear || Skirt || Shorts || Black || Solid,Ladieswear,Skirt,Shorts,Black,Solid,1.5523408002509078,5.887340487591046,2.1538461538461537,51,false,true,true,false
745,Ladieswear || Skirt || Jersey Fancy || Black || Solid,Ladieswear,Skirt,Jersey Fancy,Black,Solid,0.8362333309794059,5.879795163325869,7.3076923076923075,52,false,false,true,false
746,Ladieswear || Bikini top || Swimwear || White || Other structure,Ladieswear,Bikini top,Swimwear,White,Other structure,1.0260637580623415,5.8769893663538495,14.461538461538462,52,true,true,true,true
747,Sport || Sweater || Jersey Fancy || Grey || Melange,Sport,Sweater,Jersey Fancy,Grey,Melange,1.333555703802535,5.8756925932897754,1.6153846153846154,25,false,true,false,false
748,Menswear || Sweater || Knitwear || Beige || Melange,Menswear,Sweater,Knitwear,Beige,Melange,1.0522397527570129,5.874478170811416,4.769230769230769,52,false,true,true,false
749,Ladieswear || Swimwear bottom || Swimwear || Yellow || Solid,Ladieswear,Swimwear bottom,Swimwear,Yellow,Solid,1.11332007744337,5.870043804710699,11.23076923076923,52,true,true,true,true
750,Ladieswear || Scarf || Accessories || Brown || Solid,Ladieswear,Scarf,Accessories,Brown,Solid,0.6735486498308205,5.868036328171151,3.4615384615384617,52,false,false,true,false
751,Divided || Vest top || Jersey Basic || Grey || Solid,Divided,Vest top,Jersey Basic,Grey,Solid,,5.864266891920567,4.538461538461538,29,false,false,true,false
752,Ladieswear || Swimwear bottom || Swimwear || White || Stripe,Ladieswear,Swimwear bottom,Swimwear,White,Stripe,0.9195242564250651,5.860232658494657,2.5384615384615383,49,false,true,true,false
753,Sport || Jacket || Jersey Fancy || Black || Solid,Sport,Jacket,Jersey Fancy,Black,Solid,0.8533376483564384,5.857631684012837,1.4615384615384615,51,false,true,true,false
754,Menswear || T-shirt || Jersey Basic || Blue || Solid,Menswear,T-shirt,Jersey Basic,Blue,Solid,0.9430266589229385,5.856719183611686,8.384615384615385,52,false,true,true,false
755,Divided || T-shirt || Jersey Fancy || Black || Application/3D,Divided,T-shirt,Jersey Fancy,Black,Application/3D,1.0,5.856530022477653,1.1538461538461537,50,false,true,true,false
756,Ladieswear || Underwear Tights || Socks and Tights || Red || Solid,Ladieswear,Underwear Tights,Socks and Tights,Red,Solid,1.1406153486586204,5.842974590840107,3.1538461538461537,52,false,true,true,false
757,Sport || Vest top || Jersey Fancy || Lilac Purple || Solid,Sport,Vest top,Jersey Fancy,Lilac Purple,Solid,2.1935274480712166,5.8407889244880336,0.23076923076923078,6,false,true,false,false
758,Ladieswear || Coat || Outdoor || Blue || Solid,Ladieswear,Coat,Outdoor,Blue,Solid,2.003902445384496,5.838083375486062,1.2307692307692308,46,false,true,true,false
759,Menswear || Trousers || Trousers || Black || Check,Menswear,Trousers,Trousers,Black,Check,0.849151366095972,5.837707521592482,16.923076923076923,52,true,false,true,false
760,Ladieswear || Trousers || Trousers || White || Denim,Ladieswear,Trousers,Trousers,White,Denim,0.7209712696695286,5.833344740565838,9.923076923076923,52,false,false,true,false
761,Ladieswear || Dress || Jersey Basic || Grey || Solid,Ladieswear,Dress,Jersey Basic,Grey,Solid,1.1161618422677981,5.829967322650782,6.153846153846154,44,false,true,true,false
762,Divided || Sweater || Jersey Fancy || Pink || Solid,Divided,Sweater,Jersey Fancy,Pink,Solid,1.6292731084876657,5.82722159524475,7.230769230769231,52,false,true,true,false
763,Divided || Other accessories || Accessories || Black || Solid,Divided,Other accessories,Accessories,Black,Solid,1.2325934435646,5.824553098569107,2.6923076923076925,47,false,true,true,false
764,Ladieswear || Top || Jersey Fancy || White || Lace,Ladieswear,Top,Jersey Fancy,White,Lace,1.0559217262114953,5.805799182093042,6.384615384615385,52,false,true,true,false
765,Ladieswear || Trousers || Jersey Fancy || Pink || Solid,Ladieswear,Trousers,Jersey Fancy,Pink,Solid,1.0281414357484888,5.79490066878047,1.5384615384615385,37,false,true,true,false
766,Divided || Hoodie || Unknown || Black || Solid,Divided,Hoodie,Unknown,Black,Solid,1.0320667305331857,5.789961764167866,1.1538461538461537,50,false,true,true,false
767,Ladieswear || Bikini top || Swimwear || Blue || Solid,Ladieswear,Bikini top,Swimwear,Blue,Solid,1.0411278563278057,5.789338328841017,11.076923076923077,52,true,true,true,true
768,Ladieswear || Skirt || Skirts || Green || Solid,Ladieswear,Skirt,Skirts,Green,Solid,0.6037272395374758,5.785641540689748,6.230769230769231,52,false,false,true,false
769,Divided || Dress || Dresses Ladies || Green || All over pattern,Divided,Dress,Dresses Ladies,Green,All over pattern,0.6576625940357729,5.779813940564804,10.692307692307692,52,true,false,true,false
770,Ladieswear || Dress || Blouses || Red || Solid,Ladieswear,Dress,Blouses,Red,Solid,0.9801666158750805,5.776577604751157,9.538461538461538,52,false,true,true,false
771,Ladieswear || Dress || Dresses Ladies || Brown || Solid,Ladieswear,Dress,Dresses Ladies,Brown,Solid,3.4605234696084795,5.773049534311113,1.6923076923076923,47,false,true,true,false
772,Ladieswear || Top || Jersey Fancy || Yellow || Solid,Ladieswear,Top,Jersey Fancy,Yellow,Solid,0.9354272351776568,5.756532526773926,13.923076923076923,52,true,true,true,true
773,Divided || Vest top || Jersey Basic || Pink || Solid,Divided,Vest top,Jersey Basic,Pink,Solid,0.8261131582142083,5.751825310837376,5.0,52,false,false,true,false
774,Divided || Jacket || Outdoor || Mole || Solid,Divided,Jacket,Outdoor,Mole,Solid,1.0291301400007136,5.746350626738848,3.1538461538461537,52,false,true,true,false
775,Ladieswear || Other accessories || Accessories || Black || Solid,Ladieswear,Other accessories,Accessories,Black,Solid,2.4450709111017663,5.741156979528291,11.307692307692308,52,true,true,true,true
776,Ladieswear || Top || Jersey Fancy || Pink || Lace,Ladieswear,Top,Jersey Fancy,Pink,Lace,0.9534497999401107,5.736969118748961,2.3076923076923075,50,false,true,true,false
777,Divided || Sweater || Jersey Fancy || Pink || Front print,Divided,Sweater,Jersey Fancy,Pink,Front print,0.9916182299581695,5.7356134775854795,2.923076923076923,52,false,true,true,false
778,Ladieswear || T-shirt || Jersey Basic || Black || Stripe,Ladieswear,T-shirt,Jersey Basic,Black,Stripe,1.0169460883475612,5.7345394557289575,2.076923076923077,52,false,true,true,false
779,Ladieswear || Jacket || Outdoor || Khaki green || Solid,Ladieswear,Jacket,Outdoor,Khaki green,Solid,1.439624188001299,5.73299435693777,9.923076923076923,52,false,true,true,false
780,Menswear || Sweater || Knitwear || Black || Solid,Menswear,Sweater,Knitwear,Black,Solid,0.9493207790633563,5.731940152521984,9.307692307692308,52,false,true,true,false
781,Divided || Top || Jersey Fancy || Green || Solid,Divided,Top,Jersey Fancy,Green,Solid,1.1036102940957733,5.725833500112182,3.1538461538461537,52,false,true,true,false
782,Ladieswear || Dress || Jersey Fancy || White || Solid,Ladieswear,Dress,Jersey Fancy,White,Solid,1.396216389733258,5.724270538478271,7.153846153846154,52,false,true,true,false
783,Ladieswear || Dress || Dresses Ladies || Turquoise || Solid,Ladieswear,Dress,Dresses Ladies,Turquoise,Solid,1.2225616333589855,5.720532601637547,12.76923076923077,52,true,true,true,true
784,Divided || Hoodie || Jersey Fancy || White || Placement print,Divided,Hoodie,Jersey Fancy,White,Placement print,1.5096782667228514,5.714576815441741,1.1538461538461537,33,false,true,true,false
785,Sport || Socks || Accessories || Black || Solid,Sport,Socks,Accessories,Black,Solid,1.0016233567827304,5.7119193379585,11.076923076923077,52,true,true,true,true
786,Divided || Trousers || Trousers || Khaki green || Solid,Divided,Trousers,Trousers,Khaki green,Solid,0.8080522174434785,5.707869031598468,13.923076923076923,52,true,false,true,false
787,Ladieswear || Trousers || Jersey Fancy || Brown || Solid,Ladieswear,Trousers,Jersey Fancy,Brown,Solid,1.0295091946734307,5.700944655731582,2.076923076923077,30,false,true,true,false
788,Divided || Cardigan || Jersey Fancy || Black || Solid,Divided,Cardigan,Jersey Fancy,Black,Solid,1.127177245758216,5.693263681296151,1.8461538461538463,52,false,true,true,false
789,Divided || Dress || Dresses Ladies || Black || Dot,Divided,Dress,Dresses Ladies,Black,Dot,0.8366773257459232,5.690709921236234,13.923076923076923,52,true,false,true,false
790,Ladieswear || Swimwear bottom || Swimwear || Yellow || All over pattern,Ladieswear,Swimwear bottom,Swimwear,Yellow,All over pattern,0.9620142309797483,5.670935460364825,3.1538461538461537,52,false,true,true,false
791,Divided || Dress || Dresses Ladies || Grey || All over pattern,Divided,Dress,Dresses Ladies,Grey,All over pattern,2.1706177672748663,5.668921437284728,2.6923076923076925,52,false,true,true,false
792,Menswear || Hoodie || Jersey Basic || Black || Melange,Menswear,Hoodie,Jersey Basic,Black,Melange,1.0345006037605657,5.665029273484558,1.4615384615384615,51,false,true,true,false
793,Ladieswear || Hair/alice band || Accessories || Beige || Solid,Ladieswear,Hair/alice band,Accessories,Beige,Solid,1.1211229946524066,5.659373097145046,1.3076923076923077,43,false,true,true,false
794,Ladieswear || T-shirt || Jersey Fancy || White || Solid,Ladieswear,T-shirt,Jersey Fancy,White,Solid,1.1966744662998665,5.654502468663088,20.384615384615383,52,true,true,true,true
795,Menswear || T-shirt || Jersey Basic || Black || Stripe,Menswear,T-shirt,Jersey Basic,Black,Stripe,1.1189462870560611,5.653491463309078,2.076923076923077,52,false,true,true,false
796,Ladieswear || Coat || Outdoor || Green || Solid,Ladieswear,Coat,Outdoor,Green,Solid,1.058399906328289,5.650350358191979,1.1538461538461537,46,false,true,true,false
797,Ladieswear || Other accessories || Accessories || Black || All over pattern,Ladieswear,Other accessories,Accessories,Black,All over pattern,2.4134013676386545,5.645751438459485,6.0,50,false,true,true,false
798,Divided || Trousers || Unknown || Blue || Denim,Divided,Trousers,Unknown,Blue,Denim,1.3929360746829529,5.645613675245954,2.6153846153846154,51,false,true,true,false
799,Divided || T-shirt || Jersey Fancy || Black || Solid,Divided,T-shirt,Jersey Fancy,Black,Solid,1.055630330420439,5.6420935897065965,12.615384615384615,52,true,true,true,true
800,Ladieswear || Blouse || Blouses || Yellow || Solid,Ladieswear,Blouse,Blouses,Yellow,Solid,1.086814851727912,5.637501295954414,11.461538461538462,52,true,true,true,true
801,Divided || Dress || Dresses Ladies || Red || All over pattern,Divided,Dress,Dresses Ladies,Red,All over pattern,1.4698927178456191,5.626793738651202,9.153846153846153,52,false,true,true,false
802,Menswear || Vest top || Jersey Basic || Black || Solid,Menswear,Vest top,Jersey Basic,Black,Solid,1.2425803072625698,5.622364970318174,2.4615384615384617,51,false,true,true,false
803,Divided || Sweater || Knitwear || Red || Solid,Divided,Sweater,Knitwear,Red,Solid,1.0951694038316042,5.619703432624972,3.923076923076923,52,false,true,true,false
804,Divided || Dress || Dresses Ladies || Black || All over pattern,Divided,Dress,Dresses Ladies,Black,All over pattern,1.5342561422559409,5.6196172883332185,80.92307692307692,52,true,true,true,true
805,Ladieswear || Blouse || Blouses || Khaki green || All over pattern,Ladieswear,Blouse,Blouses,Khaki green,All over pattern,1.1954271169960249,5.608275388048867,2.3846153846153846,47,false,true,true,false
806,"Menswear || Pyjama bottom || Under-, Nightwear || Blue || Check",Menswear,Pyjama bottom,"Under-, Nightwear",Blue,Check,1.3008220519038454,5.606138908017364,1.2307692307692308,44,false,true,true,false
807,Menswear || Trousers || Trousers Denim || Blue || Denim,Menswear,Trousers,Trousers Denim,Blue,Denim,1.0986138985248424,5.6023209947463295,70.76923076923077,52,true,true,true,true
808,Ladieswear || Dress || Jersey Fancy || Khaki green || Solid,Ladieswear,Dress,Jersey Fancy,Khaki green,Solid,1.2076891276498731,5.601288436347758,20.692307692307693,52,true,true,true,true
809,Divided || T-shirt || Jersey Basic || Blue || Solid,Divided,T-shirt,Jersey Basic,Blue,Solid,1.6632589312295585,5.595216331444539,1.5384615384615385,30,false,true,true,false
810,Ladieswear || Swimwear bottom || Swimwear || Orange || All over pattern,Ladieswear,Swimwear bottom,Swimwear,Orange,All over pattern,1.0519132619195457,5.592417783847625,9.923076923076923,52,false,true,true,false
811,Ladieswear || Dress || Blouses || Black || All over pattern,Ladieswear,Dress,Blouses,Black,All over pattern,1.06105661946233,5.592351061662844,25.46153846153846,52,true,true,true,true
812,Sport || T-shirt || Jersey Fancy || Orange || Melange,Sport,T-shirt,Jersey Fancy,Orange,Melange,0.974974974974975,5.589048831869232,1.2307692307692308,40,false,true,true,false
813,Ladieswear || Hair string || Accessories || Pink || Solid,Ladieswear,Hair string,Accessories,Pink,Solid,1.023600956192908,5.583885081811615,6.461538461538462,46,false,true,true,false
814,Menswear || Sweater || Knitwear || Brown || Melange,Menswear,Sweater,Knitwear,Brown,Melange,1.026259352331744,5.569097053171616,3.4615384615384617,43,false,true,true,false
815,Sport || Bra || Jersey Fancy || Black || Melange,Sport,Bra,Jersey Fancy,Black,Melange,0.6675782877220945,5.564150360681389,1.6923076923076923,47,false,false,true,false
816,Ladieswear || Vest top || Jersey Fancy || Brown || Solid,Ladieswear,Vest top,Jersey Fancy,Brown,Solid,1.7737487231869256,5.560014683562466,4.153846153846154,51,false,true,true,false
817,Divided || Hoodie || Outdoor || Red || Solid,Divided,Hoodie,Outdoor,Red,Solid,1.538525123551241,5.5593358966983635,1.6153846153846154,48,false,true,true,false
818,Ladieswear || Hat/beanie || Accessories || Beige || Solid,Ladieswear,Hat/beanie,Accessories,Beige,Solid,1.1087341118585898,5.554511288769413,2.923076923076923,52,false,true,true,false
819,Ladieswear || Dress || Jersey Fancy || Black || Stripe,Ladieswear,Dress,Jersey Fancy,Black,Stripe,1.0808974882560218,5.549052823093815,3.6153846153846154,52,false,true,true,false
820,Menswear || Socks || Socks and Tights || Orange || All over pattern,Menswear,Socks,Socks and Tights,Orange,All over pattern,1.1341423329509701,5.5455543407580805,3.1538461538461537,47,false,true,true,false
821,Ladieswear || Skirt || Skirts || Blue || Denim,Ladieswear,Skirt,Skirts,Blue,Denim,1.2707143056845314,5.53707072590699,5.538461538461538,52,false,true,true,false
822,Ladieswear || Swimwear bottom || Swimwear || Pink || Solid,Ladieswear,Swimwear bottom,Swimwear,Pink,Solid,0.9506650708755258,5.52807481932363,8.923076923076923,52,false,true,true,false
823,Ladieswear || Jacket || Outdoor || Grey || Melange,Ladieswear,Jacket,Outdoor,Grey,Melange,3.9131763986548456,5.527146793787374,1.1538461538461537,42,false,true,true,false
824,Ladieswear || T-shirt || Jersey Fancy || Grey || Melange,Ladieswear,T-shirt,Jersey Fancy,Grey,Melange,0.9634047313906887,5.526235313278908,4.615384615384615,52,false,true,true,false
825,Ladieswear || Trousers || Trousers || Black || Glittering/Metallic,Ladieswear,Trousers,Trousers,Black,Glittering/Metallic,1.504053527808263,5.525227653427475,1.8461538461538463,42,false,true,true,false
826,Divided || Sweater || Jersey Fancy || White || Placement print,Divided,Sweater,Jersey Fancy,White,Placement print,1.3096322591267724,5.525114043475802,2.230769230769231,50,false,true,true,false
827,Ladieswear || Belt || Accessories || Brown || Solid,Ladieswear,Belt,Accessories,Brown,Solid,1.2644792441598671,5.522368692369263,16.53846153846154,52,true,true,true,true
828,Divided || Jacket || Outdoor || Blue || Denim,Divided,Jacket,Outdoor,Blue,Denim,0.9976503926976357,5.512149615095115,6.538461538461538,52,false,true,true,false
829,Ladieswear || Shirt || Blouses || Blue || Melange,Ladieswear,Shirt,Blouses,Blue,Melange,1.0027385575433791,5.505362080976788,1.7692307692307692,46,false,true,true,false
830,Ladieswear || Top || Jersey Fancy || Blue || Stripe,Ladieswear,Top,Jersey Fancy,Blue,Stripe,1.1913909945050443,5.493323559462811,8.307692307692308,52,false,true,true,false
831,Menswear || Hoodie || Jersey Fancy || Black || Front print,Menswear,Hoodie,Jersey Fancy,Black,Front print,0.9962852512473452,5.491117290388694,1.0,9,false,true,false,false
832,Ladieswear || Bikini top || Swimwear || White || All over pattern,Ladieswear,Bikini top,Swimwear,White,All over pattern,1.052241488359737,5.482533172946678,29.307692307692307,52,true,true,true,true
833,Ladieswear || Bikini top || Swimwear || Red || Solid,Ladieswear,Bikini top,Swimwear,Red,Solid,1.0035724864129763,5.479304754295604,9.538461538461538,52,false,true,true,false
834,Divided || Blouse || Blouses || Black || Lace,Divided,Blouse,Blouses,Black,Lace,0.9829317633947499,5.472525000156846,2.0,51,false,true,true,false
835,Ladieswear || Top || Blouses || Black || Solid,Ladieswear,Top,Blouses,Black,Solid,0.8631094652204022,5.469303089071574,7.538461538461538,52,false,true,true,false
836,Sport || T-shirt || Jersey Fancy || White || Solid,Sport,T-shirt,Jersey Fancy,White,Solid,0.5801684673404127,5.468393081212274,5.076923076923077,52,false,false,true,false
837,"Ladieswear || Bra || Under-, Nightwear || White || Lace",Ladieswear,Bra,"Under-, Nightwear",White,Lace,1.0907552070805246,5.465437238298142,8.23076923076923,52,false,true,true,false
838,Menswear || Top || Jersey Basic || Grey || Melange,Menswear,Top,Jersey Basic,Grey,Melange,1.591489112345592,5.455532185140569,3.6153846153846154,52,false,true,true,false
839,Divided || Sweater || Jersey Fancy || Black || All over pattern,Divided,Sweater,Jersey Fancy,Black,All over pattern,2.7172632532850014,5.45198509672421,1.9230769230769231,52,false,true,true,false
840,Divided || Jacket || Unknown || Beige || Solid,Divided,Jacket,Unknown,Beige,Solid,1.142897970848814,5.441484201631108,1.7692307692307692,49,false,true,true,false
841,Ladieswear || Flat shoe || Shoes || Black || Solid,Ladieswear,Flat shoe,Shoes,Black,Solid,1.1859428457891377,5.436063711686067,14.23076923076923,52,true,true,true,true
842,Ladieswear || Hair/alice band || Accessories || Green || Solid,Ladieswear,Hair/alice band,Accessories,Green,Solid,1.008847328106912,5.42687680173001,0.46153846153846156,31,false,true,true,false
843,Ladieswear || Top || Jersey Fancy || White || All over pattern,Ladieswear,Top,Jersey Fancy,White,All over pattern,1.1626110286726863,5.407964836746407,12.384615384615385,52,true,true,true,true
844,Ladieswear || Dress || Jersey Fancy || Turquoise || Solid,Ladieswear,Dress,Jersey Fancy,Turquoise,Solid,0.9250978699420145,5.407475105121736,10.384615384615385,52,true,true,true,true
845,Ladieswear || Jacket || Outdoor || Blue || Solid,Ladieswear,Jacket,Outdoor,Blue,Solid,1.0387420812195554,5.403846144439226,2.076923076923077,52,false,true,true,false
846,Menswear || Belt || Accessories || Black || Solid,Menswear,Belt,Accessories,Black,Solid,0.9298088886440269,5.402609932148706,9.76923076923077,52,false,true,true,false
847,Divided || Dress || Dresses Ladies || Yellow || All over pattern,Divided,Dress,Dresses Ladies,Yellow,All over pattern,0.6564237873453085,5.400833897956812,12.076923076923077,52,true,false,true,false
848,Divided || Jacket || Unknown || Khaki green || Solid,Divided,Jacket,Unknown,Khaki green,Solid,0.9052901667798655,5.3919002977992605,2.1538461538461537,51,false,true,true,false
849,Divided || Scarf || Accessories || Beige || Solid,Divided,Scarf,Accessories,Beige,Solid,0.9826136597468639,5.391533294167182,1.3076923076923077,36,false,true,true,false
850,Ladieswear || Top || Jersey Fancy || Grey || Solid,Ladieswear,Top,Jersey Fancy,Grey,Solid,1.5091616395106273,5.388971778115984,2.230769230769231,46,false,true,true,false
851,Divided || Top || Jersey Basic || Yellow || Solid,Divided,Top,Jersey Basic,Yellow,Solid,0.9078206285738855,5.387050465757974,2.076923076923077,52,false,true,true,false
852,Ladieswear || Shirt || Blouses || Blue || Denim,Ladieswear,Shirt,Blouses,Blue,Denim,1.000551475214322,5.385734567521431,7.0,52,false,true,true,false
853,Divided || Sweater || Knitwear || Lilac Purple || Solid,Divided,Sweater,Knitwear,Lilac Purple,Solid,1.1285623812539582,5.373673709359425,1.6923076923076923,32,false,true,true,false
854,Ladieswear || Bag || Accessories || Khaki green || Solid,Ladieswear,Bag,Accessories,Khaki green,Solid,1.0753435207911952,5.362170637158903,2.923076923076923,52,false,true,true,false
855,Ladieswear || Cardigan || Knitwear || Orange || Solid,Ladieswear,Cardigan,Knitwear,Orange,Solid,0.6631248681087566,5.342301313934583,1.8461538461538463,52,false,false,true,false
856,Divided || T-shirt || Jersey Fancy || White || Embroidery,Divided,T-shirt,Jersey Fancy,White,Embroidery,0.9550519991460551,5.34214612969546,5.3076923076923075,52,false,true,true,false
857,Divided || Shirt || Blouses || Blue || Stripe,Divided,Shirt,Blouses,Blue,Stripe,0.9161885438131832,5.336034896165996,4.538461538461538,52,false,true,true,false
858,Menswear || Hoodie || Jersey Fancy || Black || Placement print,Menswear,Hoodie,Jersey Fancy,Black,Placement print,1.0949549961719525,5.330210801357242,3.1538461538461537,46,false,true,true,false
859,Divided || Sweater || Knitwear || Mole || Solid,Divided,Sweater,Knitwear,Mole,Solid,1.0606662984164066,5.328917942571557,2.230769230769231,52,false,true,true,false
860,Divided || Dress || Jersey Basic || Pink || Solid,Divided,Dress,Jersey Basic,Pink,Solid,1.1999334117156353,5.3097176832414545,4.076923076923077,42,false,true,true,false
861,Ladieswear || Dress || Dresses Ladies || Red || All over pattern,Ladieswear,Dress,Dresses Ladies,Red,All over pattern,0.9876095060674884,5.309138062873751,4.615384615384615,52,false,true,true,false
862,Ladieswear || Necklace || Accessories || Metal || Solid,Ladieswear,Necklace,Accessories,Metal,Solid,1.057939072686771,5.304255810706321,115.23076923076923,52,true,true,true,true
863,Ladieswear || T-shirt || Jersey Fancy || Blue || Solid,Ladieswear,T-shirt,Jersey Fancy,Blue,Solid,1.158554786502081,5.303099387734185,7.384615384615385,52,false,true,true,false
864,Divided || Sweater || Jersey Fancy || Blue || Solid,Divided,Sweater,Jersey Fancy,Blue,Solid,1.6023953709350314,5.298967510402359,2.0,52,false,true,true,false
865,Ladieswear || Dress || Dresses Ladies || Beige || Solid,Ladieswear,Dress,Dresses Ladies,Beige,Solid,1.1015051957412674,5.277832391330374,20.46153846153846,52,true,true,true,true
866,Divided || Bodysuit || Jersey Fancy || Black || Solid,Divided,Bodysuit,Jersey Fancy,Black,Solid,1.048128342245989,5.272123479689535,1.3076923076923077,43,false,true,true,false
867,Ladieswear || Trousers || Jersey Fancy || Beige || Solid,Ladieswear,Trousers,Jersey Fancy,Beige,Solid,1.768540630074574,5.271421463952373,8.76923076923077,52,false,true,true,false
868,Ladieswear || Belt || Accessories || Metal || Metallic,Ladieswear,Belt,Accessories,Metal,Metallic,0.9808853118712274,5.269440201042581,6.076923076923077,52,false,true,true,false
869,Ladieswear || Swimsuit || Swimwear || Green || Other structure,Ladieswear,Swimsuit,Swimwear,Green,Other structure,1.144867940906972,5.269299551171532,3.769230769230769,38,false,true,true,false
870,Ladieswear || Jacket || Outdoor || Blue || Denim,Ladieswear,Jacket,Outdoor,Blue,Denim,1.0448320727895086,5.2669500895451105,9.0,52,false,true,true,false
871,Ladieswear || Hat/beanie || Accessories || Black || Solid,Ladieswear,Hat/beanie,Accessories,Black,Solid,1.2109152956305782,5.2616964808666316,3.923076923076923,52,false,true,true,false
872,Menswear || Trousers || Jersey Fancy || Black || Solid,Menswear,Trousers,Jersey Fancy,Black,Solid,1.0801414112063539,5.258824306625809,2.1538461538461537,52,false,true,true,false
873,Ladieswear || Vest top || Jersey Fancy || Red || Solid,Ladieswear,Vest top,Jersey Fancy,Red,Solid,1.246247319513938,5.252429934981638,2.0,47,false,true,true,false
874,Ladieswear || Scarf || Accessories || Beige || All over pattern,Ladieswear,Scarf,Accessories,Beige,All over pattern,0.9934272904274513,5.251377940344866,6.769230769230769,52,false,true,true,false
875,Ladieswear || Bikini top || Swimwear || Brown || Solid,Ladieswear,Bikini top,Swimwear,Brown,Solid,1.2305546026475285,5.240755199174813,4.0,52,false,true,true,false
876,Ladieswear || Hoodie || Jersey Fancy || White || Solid,Ladieswear,Hoodie,Jersey Fancy,White,Solid,0.8663109530161553,5.238626125019242,1.2307692307692308,51,false,true,true,false
877,Ladieswear || Blouse || Blouses || Black || Embroidery,Ladieswear,Blouse,Blouses,Black,Embroidery,1.1349282625111554,5.22615475243977,4.076923076923077,52,false,true,true,false
878,Ladieswear || Bikini top || Swimwear || Beige || All over pattern,Ladieswear,Bikini top,Swimwear,Beige,All over pattern,1.3611100920796801,5.217092196790024,5.384615384615385,52,false,true,true,false
879,Divided || T-shirt || Jersey Fancy || Blue || Placement print,Divided,T-shirt,Jersey Fancy,Blue,Placement print,1.4809768701047956,5.215586398490497,2.3846153846153846,52,false,true,true,false
880,Divided || Hat/beanie || Accessories || Grey || Solid,Divided,Hat/beanie,Accessories,Grey,Solid,3.3051432638464684,5.21377223771135,0.7692307692307693,34,false,true,true,false
881,Ladieswear || Vest top || Jersey Fancy || White || Solid,Ladieswear,Vest top,Jersey Fancy,White,Solid,1.0626406621740028,5.201919119960982,29.46153846153846,52,true,true,true,true
882,Baby/Children || Garment Set || Jersey Fancy || Brown || All over pattern,Baby/Children,Garment Set,Jersey Fancy,Brown,All over pattern,1.1104078537962072,5.200424607515063,1.6153846153846154,48,false,true,true,false
883,Ladieswear || Boots || Shoes || Brown || Solid,Ladieswear,Boots,Shoes,Brown,Solid,1.379910063448389,5.199649010176415,9.384615384615385,52,false,true,true,false
884,Divided || Scarf || Accessories || Grey || Solid,Divided,Scarf,Accessories,Grey,Solid,0.9230858066751355,5.194193945556535,0.6153846153846154,38,false,true,true,false
885,Ladieswear || Trousers || Trousers || Grey || Other structure,Ladieswear,Trousers,Trousers,Grey,Other structure,1.1585530380209057,5.192744815470974,2.8461538461538463,52,false,true,true,false
886,Ladieswear || Sweater || Knitwear || Khaki green || Melange,Ladieswear,Sweater,Knitwear,Khaki green,Melange,0.24349659300530813,5.186665363635862,2.3076923076923075,52,false,false,true,false
887,Ladieswear || Sweater || Knitwear || Unknown || Solid,Ladieswear,Sweater,Knitwear,Unknown,Solid,0.6637918869727909,5.160288813843034,3.3076923076923075,52,false,false,true,false
888,Ladieswear || Swimwear bottom || Swimwear || Beige || All over pattern,Ladieswear,Swimwear bottom,Swimwear,Beige,All over pattern,0.957775056628339,5.152288174530479,5.846153846153846,52,false,true,true,false
889,Ladieswear || Bikini top || Swimwear || Blue || All over pattern,Ladieswear,Bikini top,Swimwear,Blue,All over pattern,0.916326940853444,5.151497507008616,14.846153846153847,52,true,true,true,true
890,Ladieswear || Dress || Jersey Fancy || Beige || Solid,Ladieswear,Dress,Jersey Fancy,Beige,Solid,0.6494806869997343,5.1466778568596565,26.0,52,true,false,true,false
891,Ladieswear || Dress || Dresses Ladies || Yellow || Solid,Ladieswear,Dress,Dresses Ladies,Yellow,Solid,0.5509040761649004,5.143267979661761,11.923076923076923,52,true,false,true,false
892,Divided || Jacket || Outdoor || Pink || Solid,Divided,Jacket,Outdoor,Pink,Solid,1.2823324179307836,5.137724546397819,9.0,52,false,true,true,false
893,Divided || Trousers || Trousers || Black || Stripe,Divided,Trousers,Trousers,Black,Stripe,2.126247090986234,5.132528590894518,2.3846153846153846,52,false,true,true,false
894,Ladieswear || Bikini top || Swimwear || Orange || All over pattern,Ladieswear,Bikini top,Swimwear,Orange,All over pattern,1.0247065451549247,5.132501255281122,12.076923076923077,52,true,true,true,true
895,Divided || Shirt || Unknown || Black || Solid,Divided,Shirt,Unknown,Black,Solid,0.7212278377540378,5.1139920013361415,0.6923076923076923,34,false,false,true,false
896,Ladieswear || Hair string || Accessories || Orange || Solid,Ladieswear,Hair string,Accessories,Orange,Solid,0.9835575378772962,5.113354084218707,5.230769230769231,46,false,true,true,false
897,Ladieswear || Belt || Accessories || White || Solid,Ladieswear,Belt,Accessories,White,Solid,1.1797917313676896,5.102059776437125,5.0,52,false,true,true,false
898,Ladieswear || Shirt || Blouses || Khaki green || Solid,Ladieswear,Shirt,Blouses,Khaki green,Solid,1.1529343689796254,5.1019422323891455,6.461538461538462,45,false,true,true,false
899,Divided || Other accessories || Accessories || Beige || Solid,Divided,Other accessories,Accessories,Beige,Solid,1.1802364066193851,5.100554111641669,1.6923076923076923,49,false,true,true,false
900,Divided || Dress || Dresses Ladies || White || All over pattern,Divided,Dress,Dresses Ladies,White,All over pattern,0.8708685974874566,5.10040379107253,17.692307692307693,52,true,true,true,true
901,Divided || T-shirt || Jersey Fancy || White || Front print,Divided,T-shirt,Jersey Fancy,White,Front print,1.0940943802395384,5.080774637995458,7.615384615384615,52,false,true,true,false
902,Ladieswear || Dress || Jersey Fancy || Brown || Solid,Ladieswear,Dress,Jersey Fancy,Brown,Solid,1.1074445326948383,5.071816134943209,4.076923076923077,52,false,true,true,false
903,Ladieswear || Dress || Jersey Basic || Orange || Solid,Ladieswear,Dress,Jersey Basic,Orange,Solid,0.9319851447078021,5.061065556714,5.153846153846154,30,false,true,true,false
904,Menswear || T-shirt || Jersey Basic || Blue || Stripe,Menswear,T-shirt,Jersey Basic,Blue,Stripe,1.0197370926783298,5.057857726283248,13.23076923076923,52,true,true,true,true
905,Divided || Vest top || Jersey Basic || Blue || Solid,Divided,Vest top,Jersey Basic,Blue,Solid,1.3300484410633728,5.0534028879127595,1.6923076923076923,17,false,true,false,false
906,Ladieswear || T-shirt || Jersey Fancy || Pink || Solid,Ladieswear,T-shirt,Jersey Fancy,Pink,Solid,1.172112338406534,5.051582084430345,10.461538461538462,52,true,true,true,true
907,Ladieswear || Hat/beanie || Accessories || Brown || Solid,Ladieswear,Hat/beanie,Accessories,Brown,Solid,1.0924662558685445,5.050368854510479,0.8461538461538461,33,false,true,true,false
908,Sport || Socks || Accessories || White || Solid,Sport,Socks,Accessories,White,Solid,1.041129385500928,5.047505436264887,8.23076923076923,52,false,true,true,false
909,Ladieswear || Trousers || Trousers || Khaki green || Solid,Ladieswear,Trousers,Trousers,Khaki green,Solid,0.9609395912467247,5.04733177866209,50.23076923076923,52,true,true,true,true
910,"Ladieswear || Pyjama bottom || Under-, Nightwear || Grey || All over pattern",Ladieswear,Pyjama bottom,"Under-, Nightwear",Grey,All over pattern,0.7382196959118962,5.04655392826547,3.3846153846153846,52,false,false,true,false
911,Menswear || Socks || Socks and Tights || Lilac Purple || All over pattern,Menswear,Socks,Socks and Tights,Lilac Purple,All over pattern,0.982886688027964,5.035388877060968,2.923076923076923,51,false,true,true,false
912,Ladieswear || Hair clip || Accessories || Metal || Solid,Ladieswear,Hair clip,Accessories,Metal,Solid,1.5062117149253365,5.031606776034612,6.6923076923076925,46,false,true,true,false
913,Menswear || Trousers || Trousers || Beige || Check,Menswear,Trousers,Trousers,Beige,Check,0.9076892270724871,5.0297505035061585,4.153846153846154,52,false,true,true,false
914,Ladieswear || Dress || Blouses || Khaki green || Solid,Ladieswear,Dress,Blouses,Khaki green,Solid,1.1959109219697102,5.027877302343077,5.0,52,false,true,true,false
915,Ladieswear || Top || Jersey Fancy || Khaki green || Embroidery,Ladieswear,Top,Jersey Fancy,Khaki green,Embroidery,1.0163861660810058,5.027203026534657,1.9230769230769231,40,false,true,true,false
916,Ladieswear || Blouse || Blouses || Blue || Solid,Ladieswear,Blouse,Blouses,Blue,Solid,0.9393836883976934,5.015658625652633,26.384615384615383,52,true,true,true,true
917,Ladieswear || Vest top || Jersey Fancy || Beige || Solid,Ladieswear,Vest top,Jersey Fancy,Beige,Solid,0.80426825986712,5.010900842646295,11.0,52,true,false,true,false
918,Ladieswear || Shirt || Blouses || White || All over pattern,Ladieswear,Shirt,Blouses,White,All over pattern,1.0658779047415323,5.010594301047877,0.23076923076923078,27,false,true,true,false
919,Ladieswear || Bikini top || Swimwear || Pink || Solid,Ladieswear,Bikini top,Swimwear,Pink,Solid,1.5352744995128713,5.000842890374744,8.384615384615385,52,false,true,true,false
920,Ladieswear || Swimwear bottom || Swimwear || Blue || Other structure,Ladieswear,Swimwear bottom,Swimwear,Blue,Other structure,1.09785132879887,4.995199540823999,5.615384615384615,44,false,true,true,false
921,Ladieswear || T-shirt || Jersey Fancy || Pink || Front print,Ladieswear,T-shirt,Jersey Fancy,Pink,Front print,1.0892554178835003,4.992878429644957,3.230769230769231,33,false,true,true,false
922,Menswear || Socks || Socks and Tights || Yellow || All over pattern,Menswear,Socks,Socks and Tights,Yellow,All over pattern,1.430622009569378,4.986699163897953,0.8461538461538461,16,false,true,false,false
923,Divided || Skirt || Skirts || Blue || Solid,Divided,Skirt,Skirts,Blue,Solid,1.313558422402378,4.981337501302729,2.230769230769231,52,false,true,true,false
924,"Ladieswear || Pyjama set || Under-, Nightwear || Pink || Solid",Ladieswear,Pyjama set,"Under-, Nightwear",Pink,Solid,1.2948174195436084,4.972046318792169,4.3076923076923075,52,false,true,true,false
925,Divided || Dress || Dresses Ladies || Grey || Solid,Divided,Dress,Dresses Ladies,Grey,Solid,0.4725200187648436,4.965519078578926,8.538461538461538,52,false,false,true,false
926,Ladieswear || Trousers || Trousers || Black || Stripe,Ladieswear,Trousers,Trousers,Black,Stripe,0.8949441333530314,4.958124048408633,7.538461538461538,52,false,true,true,false
927,Ladieswear || Vest top || Jersey Fancy || Khaki green || Solid,Ladieswear,Vest top,Jersey Fancy,Khaki green,Solid,1.0527411451003252,4.955931579685766,3.4615384615384617,52,false,true,true,false
928,Ladieswear || Dress || Blouses || Black || Lace,Ladieswear,Dress,Blouses,Black,Lace,1.3485931078090423,4.953189647431104,1.0769230769230769,34,false,true,true,false
929,Divided || Dress || Dresses Ladies || Pink || All over pattern,Divided,Dress,Dresses Ladies,Pink,All over pattern,1.2623400091909605,4.94486553997455,17.76923076923077,52,true,true,true,true
930,Divided || Dress || Dresses Ladies || Mole || Solid,Divided,Dress,Dresses Ladies,Mole,Solid,1.9359264744315705,4.942330744106286,1.9230769230769231,45,false,true,true,false
931,Menswear || Socks || Socks and Tights || White || All over pattern,Menswear,Socks,Socks and Tights,White,All over pattern,0.9419642627673938,4.939354198082622,4.846153846153846,48,false,true,true,false
932,Ladieswear || Necklace || Accessories || Pink || Solid,Ladieswear,Necklace,Accessories,Pink,Solid,2.2201557093425603,4.937619765805641,2.3076923076923075,50,false,true,true,false
933,Ladieswear || Swimwear bottom || Swimwear || Red || All over pattern,Ladieswear,Swimwear bottom,Swimwear,Red,All over pattern,0.9384038604676722,4.935965786802402,4.384615384615385,52,false,true,true,false
934,Divided || Hat/beanie || Accessories || Pink || Solid,Divided,Hat/beanie,Accessories,Pink,Solid,1.2426417803302223,4.935261996385531,3.1538461538461537,50,false,true,true,false
935,Divided || T-shirt || Jersey Fancy || White || Placement print,Divided,T-shirt,Jersey Fancy,White,Placement print,0.9893840852758092,4.924820069234202,7.923076923076923,52,false,true,true,false
936,Divided || Coat || Outdoor || Beige || Solid,Divided,Coat,Outdoor,Beige,Solid,1.2087486430474688,4.923180638936904,1.6923076923076923,50,false,true,true,false
937,Ladieswear || Dress || Jersey Fancy || Grey || Solid,Ladieswear,Dress,Jersey Fancy,Grey,Solid,1.4121801123179876,4.9186895559267905,4.3076923076923075,51,false,true,true,false
938,Ladieswear || Dress || Dresses Ladies || Pink || Solid,Ladieswear,Dress,Dresses Ladies,Pink,Solid,0.9062149021440695,4.916630911736899,40.61538461538461,52,true,true,true,true
939,Sport || Vest top || Jersey Fancy || Orange || Solid,Sport,Vest top,Jersey Fancy,Orange,Solid,0.8881233452654437,4.9011175028782965,4.538461538461538,52,false,true,true,false
940,Ladieswear || Trousers || Trousers || Blue || Stripe,Ladieswear,Trousers,Trousers,Blue,Stripe,0.9175754323962291,4.898956798427975,15.923076923076923,52,true,true,true,true
941,Ladieswear || T-shirt || Jersey Fancy || Black || Melange,Ladieswear,T-shirt,Jersey Fancy,Black,Melange,1.1041598802735664,4.897223584964635,3.1538461538461537,52,false,true,true,false
942,Divided || Skirt || Skirts || Pink || Solid,Divided,Skirt,Skirts,Pink,Solid,1.1145578869437045,4.8951367658376865,8.923076923076923,52,false,true,true,false
943,Ladieswear || Dress || Jersey Basic || Blue || Stripe,Ladieswear,Dress,Jersey Basic,Blue,Stripe,0.8703399359916963,4.8943315684510145,4.076923076923077,51,false,true,true,false
944,Divided || Jumpsuit/Playsuit || Dresses Ladies || Blue || Denim,Divided,Jumpsuit/Playsuit,Dresses Ladies,Blue,Denim,0.5082965603404417,4.894081887908729,5.3076923076923075,52,false,false,true,false
945,Sport || T-shirt || Jersey Fancy || Black || Placement print,Sport,T-shirt,Jersey Fancy,Black,Placement print,1.4589695236936555,4.876305387787543,0.46153846153846156,20,false,true,false,false
946,Menswear || Vest top || Jersey Basic || White || Solid,Menswear,Vest top,Jersey Basic,White,Solid,1.2135398416146892,4.869622777711687,3.6153846153846154,51,false,true,true,false
947,Divided || Jacket || Outdoor || Blue || Solid,Divided,Jacket,Outdoor,Blue,Solid,1.379051397822643,4.862581487395338,6.615384615384615,52,false,true,true,false
948,Divided || Other accessories || Accessories || Pink || Solid,Divided,Other accessories,Accessories,Pink,Solid,1.64834151626213,4.862136109945857,4.230769230769231,52,false,true,true,false
949,Ladieswear || Jumpsuit/Playsuit || Trousers || Blue || Denim,Ladieswear,Jumpsuit/Playsuit,Trousers,Blue,Denim,0.5991985636460574,4.8615770488073595,2.923076923076923,35,false,false,true,false
950,Menswear || Hoodie || Jersey Fancy || Black || Embroidery,Menswear,Hoodie,Jersey Fancy,Black,Embroidery,0.9083691942424691,4.8521283259469,1.4615384615384615,39,false,true,true,false
951,Menswear || T-shirt || Jersey Basic || Green || Stripe,Menswear,T-shirt,Jersey Basic,Green,Stripe,0.9080124465188641,4.847897185330507,2.3076923076923075,37,false,true,true,false
952,Menswear || Sweater || Jersey Fancy || White || Stripe,Menswear,Sweater,Jersey Fancy,White,Stripe,1.1667778519012675,4.844433496926372,1.7692307692307692,52,false,true,true,false
953,Ladieswear || Blouse || Blouses || Blue || All over pattern,Ladieswear,Blouse,Blouses,Blue,All over pattern,1.3715931670867259,4.827957769982465,17.46153846153846,52,true,true,true,true
954,Menswear || Hoodie || Jersey Fancy || Black || Solid,Menswear,Hoodie,Jersey Fancy,Black,Solid,0.9180432112671963,4.818349739197262,1.7692307692307692,50,false,true,true,false
955,Divided || T-shirt || Jersey Fancy || White || Solid,Divided,T-shirt,Jersey Fancy,White,Solid,1.1151987261973604,4.814987297179318,18.384615384615383,52,true,true,true,true
956,Ladieswear || Skirt || Skirts || Black || All over pattern,Ladieswear,Skirt,Skirts,Black,All over pattern,1.1924975654448287,4.804302965915979,13.0,52,true,true,true,true
957,Divided || Dress || Dresses Ladies || Blue || All over pattern,Divided,Dress,Dresses Ladies,Blue,All over pattern,1.553203030724133,4.80411851331686,12.153846153846153,52,true,true,true,true
958,Ladieswear || Jacket || Outdoor || Green || Solid,Ladieswear,Jacket,Outdoor,Green,Solid,0.9893443686646577,4.804091252389828,2.6923076923076925,52,false,true,true,false
959,Ladieswear || Dress || Dresses Ladies || Black || Embroidery,Ladieswear,Dress,Dresses Ladies,Black,Embroidery,0.6576776053307709,4.79414137911933,1.6923076923076923,44,false,false,true,false
960,Ladieswear || Blazer || Dressed || White || Stripe,Ladieswear,Blazer,Dressed,White,Stripe,0.6808721289993814,4.789825885261286,1.3846153846153846,44,false,false,true,false
961,Ladieswear || Dress || Dresses Ladies || Black || Glittering/Metallic,Ladieswear,Dress,Dresses Ladies,Black,Glittering/Metallic,0.6115441931317682,4.776700070054071,1.0769230769230769,41,false,false,true,false
962,Sport || Shorts || Jersey Fancy || Black || Solid,Sport,Shorts,Jersey Fancy,Black,Solid,1.2789602594827185,4.7710638522445326,9.076923076923077,52,false,true,true,false
963,Menswear || Shirt || Shirts || White || Solid,Menswear,Shirt,Shirts,White,Solid,1.0044584820544504,4.7677043474499285,40.23076923076923,52,true,true,true,true
964,Divided || Hat/beanie || Accessories || Yellow || Solid,Divided,Hat/beanie,Accessories,Yellow,Solid,1.1529878630144046,4.767416187026354,2.230769230769231,50,false,true,true,false
965,Ladieswear || Skirt || Skirts || Beige || Solid,Ladieswear,Skirt,Skirts,Beige,Solid,0.7419346010930615,4.765884332378562,17.923076923076923,52,true,false,true,false
966,Sport || Bra || Jersey Fancy || Blue || Solid,Sport,Bra,Jersey Fancy,Blue,Solid,0.6956569543705333,4.764479973250566,1.0,44,false,false,true,false
967,Ladieswear || Bikini top || Swimwear || Pink || Other structure,Ladieswear,Bikini top,Swimwear,Pink,Other structure,,4.763862761431663,9.23076923076923,41,false,false,true,false
968,Ladieswear || Bag || Accessories || Mole || Solid,Ladieswear,Bag,Accessories,Mole,Solid,0.836692792285819,4.757829805000141,2.3846153846153846,41,false,false,true,false
969,Divided || T-shirt || Jersey Fancy || Pink || Embroidery,Divided,T-shirt,Jersey Fancy,Pink,Embroidery,0.6183490029961773,4.732797068515387,1.1538461538461537,52,false,false,true,false
970,Divided || Sweater || Jersey Fancy || Red || Solid,Divided,Sweater,Jersey Fancy,Red,Solid,1.2494971842316975,4.727445273958781,1.3076923076923077,47,false,true,true,false
971,Menswear || Trousers || Trousers Denim || Green || Denim,Menswear,Trousers,Trousers Denim,Green,Denim,0.9679417280935142,4.726254434459263,1.0,52,false,true,true,false
972,Menswear || Sweater || Jersey Fancy || Black || Melange,Menswear,Sweater,Jersey Fancy,Black,Melange,1.66711140760507,4.724630435379273,0.6923076923076923,38,false,true,true,false
973,Divided || Jumpsuit/Playsuit || Dresses Ladies || White || Solid,Divided,Jumpsuit/Playsuit,Dresses Ladies,White,Solid,0.7158442621982668,4.724332966608045,2.8461538461538463,52,false,false,true,false
974,Divided || Sweater || Jersey Fancy || White || Front print,Divided,Sweater,Jersey Fancy,White,Front print,1.4912882468780635,4.723793052131054,2.4615384615384617,52,false,true,true,false
975,Divided || Dress || Unknown || Black || All over pattern,Divided,Dress,Unknown,Black,All over pattern,0.9883676638635763,4.723243265117812,3.076923076923077,51,false,true,true,false
976,Ladieswear || Skirt || Skirts || Grey || Check,Ladieswear,Skirt,Skirts,Grey,Check,1.0626158117684814,4.72172177657858,4.076923076923077,52,false,true,true,false
977,Ladieswear || Dress || Jersey Fancy || Beige || All over pattern,Ladieswear,Dress,Jersey Fancy,Beige,All over pattern,0.5914007317342073,4.710692491577682,8.846153846153847,52,false,false,true,false
978,Ladieswear || Top || Blouses || Beige || All over pattern,Ladieswear,Top,Blouses,Beige,All over pattern,1.571894790103949,4.710282607490005,2.3076923076923075,50,false,true,true,false
979,Ladieswear || Dress || Dresses Ladies || White || All over pattern,Ladieswear,Dress,Dresses Ladies,White,All over pattern,1.053173985083788,4.707980712084025,45.15384615384615,52,true,true,true,true
980,Divided || Skirt || Skirts || Blue || Denim,Divided,Skirt,Skirts,Blue,Denim,0.9231411106451585,4.704903483004963,10.23076923076923,52,true,true,true,true
981,Divided || Trousers || Trousers || Mole || Solid,Divided,Trousers,Trousers,Mole,Solid,1.0439187424930807,4.700453252355213,2.8461538461538463,45,false,true,true,false
982,Menswear || Sweater || Jersey Fancy || Grey || Front print,Menswear,Sweater,Jersey Fancy,Grey,Front print,0.9212283044058744,4.699310728420038,3.6923076923076925,52,false,true,true,false
983,Divided || Jumpsuit/Playsuit || Dresses Ladies || Orange || All over pattern,Divided,Jumpsuit/Playsuit,Dresses Ladies,Orange,All over pattern,1.7364685432861764,4.692235986326744,2.076923076923077,46,false,true,true,false
984,Ladieswear || Dress || Jersey Fancy || Yellow || Solid,Ladieswear,Dress,Jersey Fancy,Yellow,Solid,0.6687134501886906,4.687508487985117,9.0,52,false,false,true,false
985,Divided || Sweater || Jersey Fancy || Grey || Melange,Divided,Sweater,Jersey Fancy,Grey,Melange,1.4347810485269665,4.6848878858780285,1.6153846153846154,52,false,true,true,false
986,Ladieswear || Earring || Accessories || Lilac Purple || Solid,Ladieswear,Earring,Accessories,Lilac Purple,Solid,0.8988827950436727,4.680475141049151,2.8461538461538463,51,false,true,true,false
987,Baby/Children || Garment Set || Jersey Fancy || Beige || All over pattern,Baby/Children,Garment Set,Jersey Fancy,Beige,All over pattern,1.078848078848079,4.6787374067282075,1.4615384615384615,39,false,true,true,false
988,Divided || Hat/beanie || Accessories || Blue || Solid,Divided,Hat/beanie,Accessories,Blue,Solid,1.533920905584668,4.677629384991983,0.5384615384615384,30,false,true,true,false
989,Ladieswear || Sneakers || Shoes || Black || Solid,Ladieswear,Sneakers,Shoes,Black,Solid,1.0881014240992153,4.669613436848837,13.461538461538462,52,true,true,true,true
990,Sport || Vest top || Jersey Fancy || Mole || Solid,Sport,Vest top,Jersey Fancy,Mole,Solid,1.031097053437656,4.661063850799352,1.5384615384615385,47,false,true,true,false
991,Ladieswear || Hair clip || Accessories || White || Solid,Ladieswear,Hair clip,Accessories,White,Solid,0.9935112187635148,4.659869963636638,12.76923076923077,50,true,true,true,true
992,Ladieswear || Dress || Dresses Ladies || Blue || Solid,Ladieswear,Dress,Dresses Ladies,Blue,Solid,1.0538751556103547,4.659048619240172,42.15384615384615,52,true,true,true,true
993,Ladieswear || Shirt || Blouses || Pink || Check,Ladieswear,Shirt,Blouses,Pink,Check,1.686295618473463,4.652996792594954,2.6153846153846154,51,false,true,true,false
994,Divided || Blouse || Blouses || White || Solid,Divided,Blouse,Blouses,White,Solid,1.0796407993439388,4.650904864190162,28.307692307692307,52,true,true,true,true
995,Menswear || Sweater || Jersey Fancy || Black || Stripe,Menswear,Sweater,Jersey Fancy,Black,Stripe,1.0112897707834418,4.646780962147919,0.7692307692307693,25,false,true,false,false
996,Menswear || Sweater || Jersey Fancy || White || Solid,Menswear,Sweater,Jersey Fancy,White,Solid,1.0838693686500966,4.641456095086364,1.4615384615384615,50,false,true,true,false
997,Ladieswear || Trousers || Trousers || Beige || Stripe,Ladieswear,Trousers,Trousers,Beige,Stripe,1.031406993547871,4.640207068850343,7.076923076923077,52,false,true,true,false
998,Ladieswear || Trousers || Blouses || Blue || Denim,Ladieswear,Trousers,Blouses,Blue,Denim,,4.635104939937295,8.692307692307692,44,false,false,true,false
999,Ladieswear || Bikini top || Swimwear || White || Stripe,Ladieswear,Bikini top,Swimwear,White,Stripe,1.1419712018989991,4.633602709510262,5.6923076923076925,52,false,true,true,false
1000,Ladieswear || Hair string || Accessories || Black || Solid,Ladieswear,Hair string,Accessories,Black,Solid,1.367026055705301,4.62795358152028,14.384615384615385,47,true,true,true,true
1001,"Ladieswear || Bra || Under-, Nightwear || Lilac Purple || Solid",Ladieswear,Bra,"Under-, Nightwear",Lilac Purple,Solid,1.1251303539049802,4.61047981197614,4.230769230769231,52,false,true,true,false
1002,Ladieswear || Dress || Dresses Ladies || Blue || Denim,Ladieswear,Dress,Dresses Ladies,Blue,Denim,1.0763240596789714,4.60747217655135,9.538461538461538,52,false,true,true,false
1003,Menswear || T-shirt || Jersey Fancy || Black || Solid,Menswear,T-shirt,Jersey Fancy,Black,Solid,0.8559433382214393,4.604369429751856,4.3076923076923075,52,false,true,true,false
1004,Menswear || Shirt || Shirts || White || Check,Menswear,Shirt,Shirts,White,Check,1.5740252532260304,4.587803984723641,1.6923076923076923,49,false,true,true,false
1005,Ladieswear || Swimwear bottom || Swimwear || Orange || Solid,Ladieswear,Swimwear bottom,Swimwear,Orange,Solid,0.5328567323368211,4.585521736716609,6.846153846153846,52,false,false,true,false
1006,Divided || Vest top || Blouses || White || Solid,Divided,Vest top,Blouses,White,Solid,1.0538316010715958,4.584565151592677,9.153846153846153,52,false,true,true,false
1007,Ladieswear || Top || Jersey Fancy || Orange || Solid,Ladieswear,Top,Jersey Fancy,Orange,Solid,1.3837490165312583,4.582663536848122,4.923076923076923,52,false,true,true,false
1008,Ladieswear || Dress || Dresses Ladies || Blue || All over pattern,Ladieswear,Dress,Dresses Ladies,Blue,All over pattern,1.0129092620952693,4.581078159963972,19.846153846153847,52,true,true,true,true
1009,Ladieswear || Trousers || Trousers || White || Stripe,Ladieswear,Trousers,Trousers,White,Stripe,1.6074030650699271,4.577400342800335,8.307692307692308,52,false,true,true,false
1010,Ladieswear || Bikini top || Swimwear || Green || All over pattern,Ladieswear,Bikini top,Swimwear,Green,All over pattern,0.8438103919546491,4.573406517462576,4.461538461538462,36,false,false,true,false
1011,Menswear || Sweater || Knitwear || Black || Melange,Menswear,Sweater,Knitwear,Black,Melange,1.2356536262876872,4.572122372927498,3.1538461538461537,51,false,true,true,false
1012,Divided || Dress || Dresses Ladies || Yellow || Solid,Divided,Dress,Dresses Ladies,Yellow,Solid,0.9050307485964854,4.566387071344662,4.769230769230769,52,false,true,true,false
1013,Ladieswear || T-shirt || Jersey Fancy || White || Placement print,Ladieswear,T-shirt,Jersey Fancy,White,Placement print,0.47232839763848566,4.565235994097397,3.6153846153846154,33,false,false,true,false
1014,Divided || Dress || Dresses Ladies || Blue || Solid,Divided,Dress,Dresses Ladies,Blue,Solid,1.1359417981087163,4.563361450723652,5.923076923076923,52,false,true,true,false
1015,Menswear || Sweater || Knitwear || White || Solid,Menswear,Sweater,Knitwear,White,Solid,1.1197841558251782,4.563257744901092,3.6923076923076925,52,false,true,true,false
1016,Ladieswear || Dress || Dresses Ladies || Khaki green || All over pattern,Ladieswear,Dress,Dresses Ladies,Khaki green,All over pattern,1.3075958266066015,4.562911054746338,6.153846153846154,48,false,true,true,false
1017,Ladieswear || Dress || Special Offers || Black || Solid,Ladieswear,Dress,Special Offers,Black,Solid,0.7915709594696851,4.560599709011387,4.461538461538462,52,false,false,true,false
1018,Ladieswear || Top || Jersey Fancy || Green || All over pattern,Ladieswear,Top,Jersey Fancy,Green,All over pattern,0.7561631927119025,4.555690838552353,2.6153846153846154,52,false,false,true,false
1019,Ladieswear || Dress || Jersey Fancy || Pink || Solid,Ladieswear,Dress,Jersey Fancy,Pink,Solid,0.9003183824185104,4.546110836137588,29.0,52,true,true,true,true
1020,Divided || T-shirt || Jersey Fancy || Turquoise || Solid,Divided,T-shirt,Jersey Fancy,Turquoise,Solid,1.3699280183400933,4.543877091766032,2.230769230769231,32,false,true,true,false
1021,"Menswear || Pyjama bottom || Under-, Nightwear || Blue || All over pattern",Menswear,Pyjama bottom,"Under-, Nightwear",Blue,All over pattern,1.9454074170612679,4.534192472164065,2.6923076923076925,46,false,true,true,false
1022,Divided || Gloves || Accessories || Black || Solid,Divided,Gloves,Accessories,Black,Solid,1.2683236796441577,4.5323111876118,2.230769230769231,50,false,true,true,false
1023,Ladieswear || Blouse || Blouses || Turquoise || Solid,Ladieswear,Blouse,Blouses,Turquoise,Solid,0.7802887633396108,4.530044275569314,6.230769230769231,47,false,false,true,false
1024,Divided || T-shirt || Jersey Fancy || Black || Embroidery,Divided,T-shirt,Jersey Fancy,Black,Embroidery,0.5362106537338953,4.524594910624648,4.3076923076923075,52,false,false,true,false
1025,Ladieswear || Boots || Shoes || Red || Solid,Ladieswear,Boots,Shoes,Red,Solid,0.9830227276388062,4.523786098722084,1.2307692307692308,39,false,true,true,false
1026,Divided || T-shirt || Unknown || Black || Solid,Divided,T-shirt,Unknown,Black,Solid,0.9672432199812965,4.522707288824789,0.23076923076923078,4,false,true,false,false
1027,Divided || Blouse || Blouses || Beige || All over pattern,Divided,Blouse,Blouses,Beige,All over pattern,0.6861046664546799,4.522461582348443,5.153846153846154,52,false,false,true,false
1028,Menswear || Trousers || Trousers || Black || Denim,Menswear,Trousers,Trousers,Black,Denim,0.9317726315032631,4.51961471321232,5.769230769230769,52,false,true,true,false
1029,Divided || Shorts || Trousers Denim || Blue || Denim,Divided,Shorts,Trousers Denim,Blue,Denim,0.7882693414486994,4.510846545392194,28.923076923076923,52,true,false,true,false
1030,Ladieswear || Bikini top || Swimwear || Black || Lace,Ladieswear,Bikini top,Swimwear,Black,Lace,0.8534417632421905,4.503838367837137,3.769230769230769,52,false,true,true,false
1031,Divided || Trousers || Trousers || Blue || Stripe,Divided,Trousers,Trousers,Blue,Stripe,0.9281149352809718,4.49577118611137,1.4615384615384615,52,false,true,true,false
1032,"Menswear || Underwear bottom || Under-, Nightwear || Green || All over pattern",Menswear,Underwear bottom,"Under-, Nightwear",Green,All over pattern,1.0224800041118582,4.492982922493585,9.153846153846153,52,false,true,true,false
1033,Menswear || Sweater || Knitwear || Blue || Melange,Menswear,Sweater,Knitwear,Blue,Melange,0.9081348553752677,4.491363571603828,6.615384615384615,52,false,true,true,false
1034,Divided || Dress || Dresses Ladies || Black || Embroidery,Divided,Dress,Dresses Ladies,Black,Embroidery,1.1869376705988917,4.488528177560748,3.076923076923077,52,false,true,true,false
1035,Ladieswear || Jacket || Outdoor || Yellow || Solid,Ladieswear,Jacket,Outdoor,Yellow,Solid,1.0784097936253392,4.487382803825054,3.923076923076923,52,false,true,true,false
1036,Ladieswear || Dress || Knitwear || Grey || Melange,Ladieswear,Dress,Knitwear,Grey,Melange,1.6574837764287214,4.48502958597454,0.23076923076923078,13,false,true,false,false
1037,Divided || Hoodie || Outdoor || Blue || Solid,Divided,Hoodie,Outdoor,Blue,Solid,1.2501042100875366,4.4680551527603605,0.8461538461538461,47,false,true,true,false
1038,Ladieswear || Bikini top || Swimwear || Red || All over pattern,Ladieswear,Bikini top,Swimwear,Red,All over pattern,1.3539209308605302,4.465167691053578,7.0,52,false,true,true,false
1039,Ladieswear || Other accessories || Accessories || Pink || Solid,Ladieswear,Other accessories,Accessories,Pink,Solid,1.2813579221785993,4.460336273021977,8.307692307692308,52,false,true,true,false
1040,Divided || Shorts || Shorts || Black || Solid,Divided,Shorts,Shorts,Black,Solid,1.3236888523393915,4.457867837487458,16.846153846153847,52,true,true,true,true
1041,Ladieswear || Trousers || Trousers || Brown || Check,Ladieswear,Trousers,Trousers,Brown,Check,3.4172869127597947,4.435606693135273,2.3076923076923075,52,false,true,true,false
1042,"Ladieswear || Pyjama bottom || Under-, Nightwear || Pink || Solid",Ladieswear,Pyjama bottom,"Under-, Nightwear",Pink,Solid,1.144307161638723,4.4354645373444,2.6923076923076925,50,false,true,true,false
1043,Ladieswear || Top || Blouses || Black || All over pattern,Ladieswear,Top,Blouses,Black,All over pattern,1.2807986460997856,4.419037123599283,5.076923076923077,51,false,true,true,false
1044,Ladieswear || Dress || Jersey Fancy || Green || All over pattern,Ladieswear,Dress,Jersey Fancy,Green,All over pattern,0.5766659934408571,4.415447417753176,5.3076923076923075,51,false,false,true,false
1045,Ladieswear || Blouse || Blouses || Blue || Stripe,Ladieswear,Blouse,Blouses,Blue,Stripe,1.234913723082865,4.411745382135306,22.53846153846154,52,true,true,true,true
1046,Ladieswear || Skirt || Skirts || White || Solid,Ladieswear,Skirt,Skirts,White,Solid,1.037807398407349,4.411180512909107,8.076923076923077,52,false,true,true,false
1047,Ladieswear || Belt || Accessories || Metal || Glittering/Metallic,Ladieswear,Belt,Accessories,Metal,Glittering/Metallic,0.9154452044653697,4.410417108862752,1.2307692307692308,47,false,true,true,false
1048,Ladieswear || Shorts || Shorts || Black || Solid,Ladieswear,Shorts,Shorts,Black,Solid,0.8464192061294797,4.408534222240075,16.692307692307693,52,true,false,true,false
1049,Ladieswear || T-shirt || Jersey Fancy || Brown || Solid,Ladieswear,T-shirt,Jersey Fancy,Brown,Solid,4.323791788063556,4.4037393531774365,0.9230769230769231,46,false,true,true,false
1050,Menswear || Hoodie || Jersey Fancy || Beige || Placement print,Menswear,Hoodie,Jersey Fancy,Beige,Placement print,1.0123754679668164,4.401511840915344,3.5384615384615383,52,false,true,true,false
1051,Menswear || Hoodie || Jersey Basic || Blue || Melange,Menswear,Hoodie,Jersey Basic,Blue,Melange,1.0478978179882916,4.399870934798251,0.9230769230769231,47,false,true,true,false
1052,Menswear || Top || Jersey Basic || White || Solid,Menswear,Top,Jersey Basic,White,Solid,1.0,4.3982415582301355,1.7692307692307692,46,false,true,true,false
1053,Ladieswear || Bag || Accessories || Black || All over pattern,Ladieswear,Bag,Accessories,Black,All over pattern,1.0718068979918,4.3967203230825715,1.8461538461538463,51,false,true,true,false
1054,"Ladieswear || Bra || Under-, Nightwear || Pink || Contrast",Ladieswear,Bra,"Under-, Nightwear",Pink,Contrast,1.156391588288598,4.395163355801485,1.2307692307692308,44,false,true,true,false
1055,Menswear || Shirt || Shirts || Blue || Denim,Menswear,Shirt,Shirts,Blue,Denim,0.8547677354095308,4.394547699477128,5.6923076923076925,52,false,true,true,false
1056,Divided || Top || Jersey Fancy || Black || Lace,Divided,Top,Jersey Fancy,Black,Lace,1.0666218446305238,4.390662635770606,1.1538461538461537,50,false,true,true,false
1057,Ladieswear || Hat/beanie || Accessories || Orange || Solid,Ladieswear,Hat/beanie,Accessories,Orange,Solid,0.8567166744262703,4.383565336942983,0.7692307692307693,40,false,true,true,false
1058,Ladieswear || Skirt || Skirts || Pink || Solid,Ladieswear,Skirt,Skirts,Pink,Solid,0.8780988147289825,4.381554221341129,11.461538461538462,52,true,true,true,true
1059,Ladieswear || Dress || Dresses Ladies || Black || Jacquard,Ladieswear,Dress,Dresses Ladies,Black,Jacquard,0.4964905576896003,4.373587091715571,3.8461538461538463,48,false,false,true,false
1060,Ladieswear || Dress || Jersey Fancy || Blue || All over pattern,Ladieswear,Dress,Jersey Fancy,Blue,All over pattern,1.9631142655159854,4.373439733816242,8.538461538461538,52,false,true,true,false
1061,Divided || T-shirt || Jersey Fancy || Black || Treatment,Divided,T-shirt,Jersey Fancy,Black,Treatment,1.0288362512873328,4.366151005644578,1.0,22,false,true,false,false
1062,Ladieswear || Coat || Outdoor || Beige || Solid,Ladieswear,Coat,Outdoor,Beige,Solid,0.8504655678226731,4.363705465328317,2.5384615384615383,52,false,true,true,false
1063,Divided || T-shirt || Jersey Fancy || Pink || Solid,Divided,T-shirt,Jersey Fancy,Pink,Solid,0.6461937090144704,4.3610231867881035,9.0,52,false,false,true,false
1064,Divided || Dress || Jersey Basic || Orange || Solid,Divided,Dress,Jersey Basic,Orange,Solid,0.582737124772226,4.355610737522767,7.538461538461538,52,false,false,true,false
1065,Ladieswear || Ring || Accessories || Metal || Solid,Ladieswear,Ring,Accessories,Metal,Solid,0.9946984063999326,4.3491550053616335,48.92307692307692,52,true,true,true,true
1066,Menswear || Trousers || Trousers || Brown || Check,Menswear,Trousers,Trousers,Brown,Check,1.4579026796697652,4.341157308376103,2.0,52,false,true,true,false
1067,Ladieswear || Skirt || Skirts || Brown || Solid,Ladieswear,Skirt,Skirts,Brown,Solid,1.3162884529524923,4.331655574860697,2.1538461538461537,50,false,true,true,false
1068,Divided || Jacket || Unknown || Red || Solid,Divided,Jacket,Unknown,Red,Solid,1.0153150698925644,4.3315941088691075,0.6153846153846154,33,false,true,true,false
1069,Ladieswear || Scarf || Accessories || Yellow || Solid,Ladieswear,Scarf,Accessories,Yellow,Solid,1.113958882526109,4.330311355623316,3.8461538461538463,52,false,true,true,false
1070,Menswear || Shirt || Shirts || Blue || Solid,Menswear,Shirt,Shirts,Blue,Solid,1.0561335541691539,4.326958963428688,28.923076923076923,52,true,true,true,true
1071,Divided || Skirt || Unknown || Black || Solid,Divided,Skirt,Unknown,Black,Solid,0.8979357983828172,4.326936543777251,2.3846153846153846,52,false,true,true,false
1072,Ladieswear || Other shoe || Shoes || Black || Solid,Ladieswear,Other shoe,Shoes,Black,Solid,1.441020033619456,4.323413738230958,4.769230769230769,52,false,true,true,false
1073,Ladieswear || Coat || Outdoor || Red || Solid,Ladieswear,Coat,Outdoor,Red,Solid,1.6222485793535333,4.320827733990525,0.38461538461538464,32,false,true,true,false
1074,Ladieswear || Dress || Jersey Fancy || Blue || Solid,Ladieswear,Dress,Jersey Fancy,Blue,Solid,0.8516240883625805,4.320036743770164,19.923076923076923,52,true,true,true,true
1075,Ladieswear || Dress || Jersey Fancy || Red || All over pattern,Ladieswear,Dress,Jersey Fancy,Red,All over pattern,1.2583785376672625,4.318956032830259,1.9230769230769231,52,false,true,true,false
1076,Divided || Dungarees || Trousers Denim || Black || Denim,Divided,Dungarees,Trousers Denim,Black,Denim,1.2545568032078886,4.31765619305706,2.4615384615384617,50,false,true,true,false
1077,Ladieswear || Dress || Blouses || Beige || Solid,Ladieswear,Dress,Blouses,Beige,Solid,0.7611702155628473,4.30943199657235,19.153846153846153,52,true,false,true,false
1078,Menswear || Trousers || Trousers || Black || Solid,Menswear,Trousers,Trousers,Black,Solid,1.1607556355599828,4.307331090799807,42.07692307692308,52,true,true,true,true
1079,Ladieswear || Bodysuit || Jersey Fancy || Beige || Solid,Ladieswear,Bodysuit,Jersey Fancy,Beige,Solid,0.727270475305775,4.303013254634774,3.769230769230769,52,false,false,true,false
1080,Divided || Shorts || Jersey Basic || Grey || Melange,Divided,Shorts,Jersey Basic,Grey,Melange,0.9422737429019498,4.302638244992601,5.769230769230769,52,false,true,true,false
1081,Ladieswear || Bracelet || Accessories || Metal || Solid,Ladieswear,Bracelet,Accessories,Metal,Solid,0.934108527131783,4.30253512128027,6.538461538461538,51,false,true,true,false
1082,Menswear || Shirt || Shirts || Beige || Check,Menswear,Shirt,Shirts,Beige,Check,1.0561876478138834,4.301507607814137,7.153846153846154,52,false,true,true,false
1083,Menswear || Hoodie || Jersey Basic || Orange || Solid,Menswear,Hoodie,Jersey Basic,Orange,Solid,0.9734539632897723,4.299421155625858,1.4615384615384615,36,false,true,true,false
1084,Ladieswear || Blouse || Blouses || Black || Dot,Ladieswear,Blouse,Blouses,Black,Dot,0.935924466037217,4.299235502429985,3.076923076923077,51,false,true,true,false
1085,"Ladieswear || Bra || Under-, Nightwear || Orange || Lace",Ladieswear,Bra,"Under-, Nightwear",Orange,Lace,0.7588216847809126,4.2716159770876905,6.923076923076923,52,false,false,true,false
1086,Sport || Vest top || Jersey Fancy || Black || All over pattern,Sport,Vest top,Jersey Fancy,Black,All over pattern,1.4431963600170625,4.26199087597817,1.0,32,false,true,true,false
1087,Divided || Dress || Dresses Ladies || Brown || All over pattern,Divided,Dress,Dresses Ladies,Brown,All over pattern,0.4240765101148363,4.258703055966778,5.6923076923076925,52,false,false,true,false
1088,Ladieswear || Top || Blouses || White || Solid,Ladieswear,Top,Blouses,White,Solid,0.682865824152423,4.2575377158585646,15.692307692307692,52,true,false,true,false
1089,Ladieswear || Dress || Dresses Ladies || Unknown || All over pattern,Ladieswear,Dress,Dresses Ladies,Unknown,All over pattern,0.5902683578728967,4.253727634375356,9.384615384615385,52,false,false,true,false
1090,Ladieswear || Blouse || Blouses || White || Contrast,Ladieswear,Blouse,Blouses,White,Contrast,0.9572970336916651,4.251297306008709,1.5384615384615385,43,false,true,true,false
1091,Ladieswear || Trousers || Jersey Fancy || Khaki green || Solid,Ladieswear,Trousers,Jersey Fancy,Khaki green,Solid,0.9248680982209146,4.249828605365649,2.8461538461538463,52,false,true,true,false
1092,Divided || Boots || Shoes || Black || Solid,Divided,Boots,Shoes,Black,Solid,1.290550578466007,4.248220498948425,8.307692307692308,52,false,true,true,false
1093,Divided || Scarf || Accessories || Pink || Solid,Divided,Scarf,Accessories,Pink,Solid,0.9429159755190757,4.242159091767674,1.0769230769230769,35,false,true,true,false
1094,Ladieswear || Sweater || Knitwear || Lilac Purple || Melange,Ladieswear,Sweater,Knitwear,Lilac Purple,Melange,2.3397415891642215,4.24139231245082,0.07692307692307693,19,false,true,false,false
1095,Sport || Bra || Jersey Fancy || Khaki green || Solid,Sport,Bra,Jersey Fancy,Khaki green,Solid,0.4739745046068408,4.24129695611464,2.1538461538461537,42,false,false,true,false
1096,Ladieswear || Heeled sandals || Shoes || Black || Solid,Ladieswear,Heeled sandals,Shoes,Black,Solid,0.766043084435724,4.239458664755708,21.692307692307693,52,true,false,true,false
1097,Ladieswear || Hat/beanie || Accessories || Pink || Solid,Ladieswear,Hat/beanie,Accessories,Pink,Solid,0.8640939597315437,4.238643263074449,0.6153846153846154,38,false,true,true,false
1098,Ladieswear || Boots || Shoes || Grey || Solid,Ladieswear,Boots,Shoes,Grey,Solid,1.0136695164951939,4.238638609362527,0.9230769230769231,50,false,true,true,false
1099,Ladieswear || Shorts || Shorts || Blue || Denim,Ladieswear,Shorts,Shorts,Blue,Denim,0.8919847133717815,4.236749930082308,27.846153846153847,52,true,true,true,true
1100,Ladieswear || Bag || Accessories || Brown || Solid,Ladieswear,Bag,Accessories,Brown,Solid,0.7970578999589044,4.2297199460208486,7.076923076923077,52,false,false,true,false
1101,Ladieswear || T-shirt || Jersey Fancy || Grey || Solid,Ladieswear,T-shirt,Jersey Fancy,Grey,Solid,1.6369426751592355,4.22080104135933,0.6923076923076923,16,false,true,false,false
1102,Ladieswear || Other accessories || Accessories || Metal || Solid,Ladieswear,Other accessories,Accessories,Metal,Solid,1.0234436080305094,4.220066156020605,15.76923076923077,52,true,true,true,true
1103,Divided || Bag || Accessories || Brown || Solid,Divided,Bag,Accessories,Brown,Solid,1.1289976389783216,4.212675674516028,2.0,50,false,true,true,false
1104,Ladieswear || Hair/alice band || Accessories || Black || Solid,Ladieswear,Hair/alice band,Accessories,Black,Solid,1.1202288409361505,4.208372334514419,22.615384615384617,52,true,true,true,true
1105,Divided || Blouse || Blouses || Pink || Solid,Divided,Blouse,Blouses,Pink,Solid,0.6207244352607092,4.2002179541637865,7.615384615384615,52,false,false,true,false
1106,Divided || Jacket || Outdoor || Orange || Solid,Divided,Jacket,Outdoor,Orange,Solid,0.3758850900262999,4.200043276517707,1.7692307692307692,51,false,false,true,false
1107,Ladieswear || Blouse || Blouses || Blue || Check,Ladieswear,Blouse,Blouses,Blue,Check,1.3766791959023104,4.198837732477965,0.6923076923076923,36,false,true,true,false
1108,Divided || Jumpsuit/Playsuit || Dresses Ladies || Red || Solid,Divided,Jumpsuit/Playsuit,Dresses Ladies,Red,Solid,1.1690140845070423,4.189597259363875,1.6923076923076923,51,false,true,true,false
1109,Ladieswear || Pumps || Shoes || Black || Solid,Ladieswear,Pumps,Shoes,Black,Solid,0.7628687123239264,4.186902779156988,10.076923076923077,52,true,false,true,false
1110,Ladieswear || Dress || Jersey Fancy || Green || Lace,Ladieswear,Dress,Jersey Fancy,Green,Lace,1.8883700689745209,4.186228564471135,3.3846153846153846,52,false,true,true,false
1111,Divided || T-shirt || Jersey Fancy || Grey || Embroidery,Divided,T-shirt,Jersey Fancy,Grey,Embroidery,1.2724957555178267,4.180222995125731,1.2307692307692308,39,false,true,true,false
1112,Ladieswear || Dress || Dresses Ladies || White || Stripe,Ladieswear,Dress,Dresses Ladies,White,Stripe,0.8757107107843466,4.178301400637328,6.3076923076923075,52,false,true,true,false
1113,Menswear || T-shirt || Jersey Basic || Pink || Solid,Menswear,T-shirt,Jersey Basic,Pink,Solid,0.8074858796751623,4.178214926691969,3.6153846153846154,42,false,false,true,false
1114,Ladieswear || Sneakers || Shoes || Grey || Solid,Ladieswear,Sneakers,Shoes,Grey,Solid,2.216933592318405,4.1743881643247605,1.7692307692307692,45,false,true,true,false
1115,Ladieswear || Bag || Accessories || Turquoise || Solid,Ladieswear,Bag,Accessories,Turquoise,Solid,1.1606760418010578,4.158804572138897,1.2307692307692308,50,false,true,true,false
1116,Ladieswear || Vest top || Jersey Fancy || Yellow || Solid,Ladieswear,Vest top,Jersey Fancy,Yellow,Solid,0.8894543279375727,4.1563205775405025,7.3076923076923075,52,false,true,true,false
1117,Ladieswear || Earring || Accessories || Metal || Solid,Ladieswear,Earring,Accessories,Metal,Solid,1.1207147565333075,4.152052553682954,197.46153846153845,52,true,true,true,true
1118,Ladieswear || Sneakers || Shoes || Mole || Solid,Ladieswear,Sneakers,Shoes,Mole,Solid,1.034494653328734,4.145919029031165,1.6153846153846154,43,false,true,true,false
1119,Ladieswear || T-shirt || Jersey Fancy || Green || Front print,Ladieswear,T-shirt,Jersey Fancy,Green,Front print,,4.142868894026945,3.1538461538461537,34,false,false,true,false
1120,Ladieswear || Dress || Blouses || Beige || All over pattern,Ladieswear,Dress,Blouses,Beige,All over pattern,1.138968759893984,4.139360020196915,11.0,52,true,true,true,true
1121,Ladieswear || Other accessories || Accessories || Beige || Solid,Ladieswear,Other accessories,Accessories,Beige,Solid,1.8076024633680188,4.133102100591549,2.923076923076923,45,false,true,true,false
1122,Menswear || Trousers || Trousers || Blue || Check,Menswear,Trousers,Trousers,Blue,Check,0.8979824215541423,4.13000968168449,8.0,52,false,true,true,false
1123,Sport || Vest top || Jersey Fancy || Black || Front print,Sport,Vest top,Jersey Fancy,Black,Front print,1.0113821741064808,4.12831968178876,1.4615384615384615,18,false,true,false,false
1124,Menswear || T-shirt || Jersey Basic || Pink || Stripe,Menswear,T-shirt,Jersey Basic,Pink,Stripe,1.0200978817324984,4.124116631961476,2.0,33,false,true,true,false
1125,Ladieswear || Vest top || Blouses || Beige || Solid,Ladieswear,Vest top,Blouses,Beige,Solid,0.7077289773732245,4.12282380404469,5.384615384615385,52,false,false,true,false
1126,Menswear || Shirt || Shirts || Brown || Check,Menswear,Shirt,Shirts,Brown,Check,1.023109667399481,4.121786722099338,5.6923076923076925,50,false,true,true,false
1127,Ladieswear || Skirt || Skirts || Turquoise || Solid,Ladieswear,Skirt,Skirts,Turquoise,Solid,1.1603762976058973,4.121178335478508,3.769230769230769,52,false,true,true,false
1128,Divided || Blouse || Blouses || Black || Embroidery,Divided,Blouse,Blouses,Black,Embroidery,2.5108506494851763,4.1187842579363,2.3076923076923075,50,false,true,true,false
1129,Divided || Vest top || Jersey Fancy || White || Solid,Divided,Vest top,Jersey Fancy,White,Solid,1.4041450388935102,4.11779788192272,5.769230769230769,52,false,true,true,false
1130,Ladieswear || Hat/beanie || Accessories || White || Solid,Ladieswear,Hat/beanie,Accessories,White,Solid,1.96229379418696,4.116136978291513,1.0,38,false,true,true,false
1131,Ladieswear || Dress || Jersey Fancy || Grey || Melange,Ladieswear,Dress,Jersey Fancy,Grey,Melange,1.735919462043767,4.113103472221489,3.923076923076923,52,false,true,true,false
1132,Divided || Skirt || Skirts || Khaki green || Solid,Divided,Skirt,Skirts,Khaki green,Solid,0.5112724537759246,4.109255099028902,5.153846153846154,52,false,false,true,false
1133,Divided || Skirt || Trousers || Beige || Solid,Divided,Skirt,Trousers,Beige,Solid,0.9482462173314996,4.108862325970094,3.0,29,false,true,true,false
1134,Divided || Shirt || Blouses || Orange || Check,Divided,Shirt,Blouses,Orange,Check,1.0348687552086158,4.096154339361004,1.5384615384615385,39,false,true,true,false
1135,Menswear || Shirt || Shirts || Khaki green || Solid,Menswear,Shirt,Shirts,Khaki green,Solid,1.0172392207619698,4.0957652623195075,11.307692307692308,52,true,true,true,true
1136,Divided || Jacket || Blouses || Beige || Solid,Divided,Jacket,Blouses,Beige,Solid,1.2688077275611649,4.094176743582611,0.6923076923076923,48,false,true,true,false
1137,Ladieswear || Blouse || Blouses || Beige || Jacquard,Ladieswear,Blouse,Blouses,Beige,Jacquard,1.3091652041805275,4.091769214208647,2.5384615384615383,52,false,true,true,false
1138,Menswear || Sweater || Jersey Fancy || Black || Placement print,Menswear,Sweater,Jersey Fancy,Black,Placement print,1.148527870075872,4.079013783628026,5.3076923076923075,51,false,true,true,false
1139,Ladieswear || Blouse || Blouses || White || Stripe,Ladieswear,Blouse,Blouses,White,Stripe,1.0067643051131159,4.076901728260151,10.153846153846153,52,true,true,true,true
1140,Ladieswear || Dress || Dresses Ladies || Lilac Purple || Solid,Ladieswear,Dress,Dresses Ladies,Lilac Purple,Solid,0.9484638836772984,4.074324233100574,8.153846153846153,51,false,true,true,false
1141,Ladieswear || Scarf || Accessories || Blue || All over pattern,Ladieswear,Scarf,Accessories,Blue,All over pattern,1.0,4.074094544316417,1.0769230769230769,37,false,true,true,false
1142,Ladieswear || Vest top || Blouses || Red || Solid,Ladieswear,Vest top,Blouses,Red,Solid,1.4865149116811682,4.069965819101482,4.3076923076923075,52,false,true,true,false
1143,Divided || Bag || Accessories || Mole || Solid,Divided,Bag,Accessories,Mole,Solid,0.8269428370558649,4.067959150525933,2.923076923076923,49,false,false,true,false
1144,Divided || Skirt || Trousers || Red || Solid,Divided,Skirt,Trousers,Red,Solid,1.0359660033167495,4.061748524180005,0.8461538461538461,41,false,true,true,false
1145,Ladieswear || Ring || Accessories || Green || Solid,Ladieswear,Ring,Accessories,Green,Solid,0.9689320388349515,4.060689671455396,2.230769230769231,51,false,true,true,false
1146,Divided || Sweater || Jersey Fancy || Blue || Colour blocking,Divided,Sweater,Jersey Fancy,Blue,Colour blocking,1.5566670660117408,4.0569856946377785,1.2307692307692308,51,false,true,true,false
1147,Divided || Vest top || Blouses || Black || Solid,Divided,Vest top,Blouses,Black,Solid,0.4907419658653319,4.056001195444439,7.615384615384615,52,false,false,true,false
1148,Ladieswear || Hair/alice band || Accessories || Metal || Glittering/Metallic,Ladieswear,Hair/alice band,Accessories,Metal,Glittering/Metallic,1.1852941176470586,4.040073632105456,4.0,52,false,true,true,false
1149,Menswear || Shirt || Shirts || Brown || Solid,Menswear,Shirt,Shirts,Brown,Solid,1.0241618165423396,4.03821781187788,3.3076923076923075,52,false,true,true,false
1150,Ladieswear || Dress || Dresses Ladies || White || Dot,Ladieswear,Dress,Dresses Ladies,White,Dot,0.9272145034420559,4.036181599908411,1.6923076923076923,48,false,true,true,false
1151,Ladieswear || Hat/beanie || Accessories || Unknown || Solid,Ladieswear,Hat/beanie,Accessories,Unknown,Solid,1.706512911383059,4.035161345216987,1.0769230769230769,35,false,true,true,false
1152,Ladieswear || Shorts || Shorts || Grey || Denim,Ladieswear,Shorts,Shorts,Grey,Denim,1.298777928377475,4.033494073677619,8.692307692307692,52,false,true,true,false
1153,Menswear || Sweater || Jersey Fancy || Black || Colour blocking,Menswear,Sweater,Jersey Fancy,Black,Colour blocking,1.399984439430483,4.032925560828148,0.7692307692307693,41,false,true,true,false
1154,Menswear || Trousers || Trousers Denim || Unknown || Denim,Menswear,Trousers,Trousers Denim,Unknown,Denim,0.7097581095901323,4.032784728947925,4.846153846153846,52,false,false,true,false
1155,Menswear || T-shirt || Jersey Fancy || White || Solid,Menswear,T-shirt,Jersey Fancy,White,Solid,1.165595024770739,4.028648237835429,4.6923076923076925,52,false,true,true,false
1156,Ladieswear || Dress || Knitwear || Brown || Solid,Ladieswear,Dress,Knitwear,Brown,Solid,1.1111605157847932,4.023088770829666,1.3076923076923077,51,false,true,true,false
1157,Divided || Trousers || Trousers || Pink || Solid,Divided,Trousers,Trousers,Pink,Solid,0.5820160420282379,4.017841063206819,10.461538461538462,52,true,false,true,false
1158,Menswear || Hoodie || Jersey Fancy || Blue || Front print,Menswear,Hoodie,Jersey Fancy,Blue,Front print,0.9948075698447171,4.016947396584243,1.2307692307692308,12,false,true,false,false
1159,Ladieswear || T-shirt || Jersey Fancy || Red || Solid,Ladieswear,T-shirt,Jersey Fancy,Red,Solid,0.903851285749164,4.0057542349363855,2.4615384615384617,52,false,true,true,false
1160,Ladieswear || Trousers || Trousers || Grey || Stripe,Ladieswear,Trousers,Trousers,Grey,Stripe,1.0387361273730689,4.005079500439998,2.4615384615384617,52,false,true,true,false
1161,"Ladieswear || Robe || Under-, Nightwear || Pink || Solid",Ladieswear,Robe,"Under-, Nightwear",Pink,Solid,1.2884177963788555,4.000246912318602,1.1538461538461537,35,false,true,true,false
1162,Ladieswear || Bag || Accessories || Beige || Solid,Ladieswear,Bag,Accessories,Beige,Solid,0.6634445503475439,3.99486522098535,22.692307692307693,52,true,false,true,false
1163,"Ladieswear || Bra || Under-, Nightwear || Pink || Lace",Ladieswear,Bra,"Under-, Nightwear",Pink,Lace,0.9932185227763185,3.990403661956522,5.0,52,false,true,true,false
1164,Ladieswear || Dress || Jersey Fancy || Blue || Lace,Ladieswear,Dress,Jersey Fancy,Blue,Lace,1.1525439391797374,3.990006717816727,12.615384615384615,52,true,true,true,true
1165,Ladieswear || Sneakers || Shoes || White || Solid,Ladieswear,Sneakers,Shoes,White,Solid,0.8221822969172383,3.9899192835685486,29.923076923076923,52,true,false,true,false
1166,Sport || Vest top || Jersey Fancy || Pink || Melange,Sport,Vest top,Jersey Fancy,Pink,Melange,1.0698353032497332,3.987950371504816,3.4615384615384617,52,false,true,true,false
1167,Divided || Blouse || Blouses || White || All over pattern,Divided,Blouse,Blouses,White,All over pattern,1.5282176355437465,3.9862131332766904,8.615384615384615,52,false,true,true,false
1168,Divided || Hat/beanie || Accessories || White || Solid,Divided,Hat/beanie,Accessories,White,Solid,1.794358532996474,3.9854069435453576,1.0769230769230769,45,false,true,true,false
1169,Divided || Vest top || Knitwear || Black || Solid,Divided,Vest top,Knitwear,Black,Solid,0.6354309779281713,3.982468008373255,5.923076923076923,52,false,false,true,false
1170,Divided || Trousers || Unknown || Black || All over pattern,Divided,Trousers,Unknown,Black,All over pattern,1.3787851937177416,3.9822886692625596,1.1538461538461537,45,false,true,true,false
1171,Menswear || Trousers || Trousers || Grey || Melange,Menswear,Trousers,Trousers,Grey,Melange,1.0618238070499522,3.981609257579482,8.615384615384615,52,false,true,true,false
1172,Ladieswear || Dress || Dresses Ladies || Yellow || All over pattern,Ladieswear,Dress,Dresses Ladies,Yellow,All over pattern,0.8695125621621572,3.9782775879679164,9.923076923076923,52,false,true,true,false
1173,Ladieswear || Sweater || Knitwear || White || Application/3D,Ladieswear,Sweater,Knitwear,White,Application/3D,0.8310810810810811,3.9769744186938922,1.0769230769230769,45,false,false,true,false
1174,Ladieswear || Top || Jersey Fancy || Blue || All over pattern,Ladieswear,Top,Jersey Fancy,Blue,All over pattern,1.5817378863646687,3.9735601238623444,6.153846153846154,52,false,true,true,false
1175,Menswear || Sweater || Jersey Fancy || Blue || Placement print,Menswear,Sweater,Jersey Fancy,Blue,Placement print,1.1268320180383313,3.9733373175289284,1.0,22,false,true,false,false
1176,Divided || Skirt || Skirts || Beige || Solid,Divided,Skirt,Skirts,Beige,Solid,0.9150627250719484,3.9717945509444865,5.153846153846154,52,false,true,true,false
1177,Ladieswear || Bikini top || Swimwear || Blue || Other structure,Ladieswear,Bikini top,Swimwear,Blue,Other structure,1.2483091569980078,3.967480835505815,4.0,44,false,true,true,false
1178,Menswear || Trousers || Trousers || Grey || Solid,Menswear,Trousers,Trousers,Grey,Solid,0.97919828014307,3.9670334954023563,10.538461538461538,52,true,true,true,true
1179,Ladieswear || Top || Jersey Fancy || Grey || All over pattern,Ladieswear,Top,Jersey Fancy,Grey,All over pattern,2.501877346683354,3.9668340896896517,1.1538461538461537,33,false,true,true,false
1180,Ladieswear || Vest top || Knitwear || Black || Solid,Ladieswear,Vest top,Knitwear,Black,Solid,0.8616098655172059,3.9649202948115665,3.230769230769231,42,false,true,true,false
1181,Ladieswear || Blouse || Blouses || White || Embroidery,Ladieswear,Blouse,Blouses,White,Embroidery,1.6713049126302988,3.9634627764568524,12.76923076923077,52,true,true,true,true
1182,Divided || Bag || Accessories || Beige || Solid,Divided,Bag,Accessories,Beige,Solid,1.2270069631274314,3.9557692617471893,4.384615384615385,52,false,true,true,false
1183,Divided || T-shirt || Jersey Fancy || Khaki green || Solid,Divided,T-shirt,Jersey Fancy,Khaki green,Solid,0.45521304756212105,3.9506005139102642,3.1538461538461537,52,false,false,true,false
1184,Menswear || Sweater || Knitwear || Red || Melange,Menswear,Sweater,Knitwear,Red,Melange,1.0433390809485885,3.946903443001707,2.1538461538461537,38,false,true,true,false
1185,Ladieswear || Ring || Accessories || Turquoise || Solid,Ladieswear,Ring,Accessories,Turquoise,Solid,1.2044708086631637,3.9431923202002945,1.7692307692307692,46,false,true,true,false
1186,Divided || Vest top || Jersey Basic || Yellow || Solid,Divided,Vest top,Jersey Basic,Yellow,Solid,0.6878909336709922,3.9418434621776077,2.0,46,false,false,true,false
1187,Ladieswear || Top || Jersey Fancy || Pink || Melange,Ladieswear,Top,Jersey Fancy,Pink,Melange,0.7371621852471898,3.936409089615389,1.2307692307692308,41,false,false,true,false
1188,Menswear || Trousers || Jersey Basic || Black || Melange,Menswear,Trousers,Jersey Basic,Black,Melange,1.517115395424653,3.9316406573071587,1.3076923076923077,42,false,true,true,false
1189,Ladieswear || Sweater || Jersey Fancy || Grey || All over pattern,Ladieswear,Sweater,Jersey Fancy,Grey,All over pattern,1.0,3.9307882301392763,0.8461538461538461,32,false,true,true,false
1190,Ladieswear || Dress || Jersey Fancy || Blue || Stripe,Ladieswear,Dress,Jersey Fancy,Blue,Stripe,0.7430803939910857,3.9218211998308243,18.846153846153847,52,true,false,true,false
1191,Ladieswear || Blouse || Special Offers || Black || Solid,Ladieswear,Blouse,Special Offers,Black,Solid,1.1001001001001,3.9096215602369,1.6923076923076923,47,false,true,true,false
1192,Ladieswear || Blouse || Blouses || Black || Stripe,Ladieswear,Blouse,Blouses,Black,Stripe,1.9034641274010835,3.902167284523564,2.4615384615384617,51,false,true,true,false
1193,Divided || Top || Jersey Fancy || Black || Glittering/Metallic,Divided,Top,Jersey Fancy,Black,Glittering/Metallic,1.342866988283942,3.900360447964891,3.076923076923077,51,false,true,true,false
1194,Menswear || Shirt || Shirts || Blue || Dot,Menswear,Shirt,Shirts,Blue,Dot,0.8792866518360581,3.89755602776427,2.230769230769231,52,false,true,true,false
1195,Ladieswear || Other accessories || Accessories || Beige || All over pattern,Ladieswear,Other accessories,Accessories,Beige,All over pattern,0.8721222875833846,3.894694921600391,4.538461538461538,46,false,true,true,false
1196,Ladieswear || Swimsuit || Swimwear || Red || Solid,Ladieswear,Swimsuit,Swimwear,Red,Solid,0.9143150405058454,3.8940192477311886,4.538461538461538,52,false,true,true,false
1197,Ladieswear || T-shirt || Knitwear || White || Solid,Ladieswear,T-shirt,Knitwear,White,Solid,1.116871716432799,3.89119385153304,1.3846153846153846,40,false,true,true,false
1198,Menswear || Shirt || Shirts || Yellow || Check,Menswear,Shirt,Shirts,Yellow,Check,1.1281336485110545,3.8877313183321,2.230769230769231,52,false,true,true,false
1199,Divided || Bag || Accessories || Grey || Solid,Divided,Bag,Accessories,Grey,Solid,1.140084050430258,3.8839059184963256,3.0,49,false,true,true,false
1200,Divided || Hat/beanie || Accessories || Beige || Solid,Divided,Hat/beanie,Accessories,Beige,Solid,0.7097746113612192,3.881876925239273,1.6923076923076923,46,false,false,true,false
1201,Ladieswear || Blazer || Dressed || Blue || Check,Ladieswear,Blazer,Dressed,Blue,Check,0.45975120484092574,3.88002351169297,2.230769230769231,40,false,false,true,false
1202,Ladieswear || Blouse || Blouses || White || Check,Ladieswear,Blouse,Blouses,White,Check,1.4934664246823954,3.8600564190904167,1.6923076923076923,52,false,true,true,false
1203,Divided || Jumpsuit/Playsuit || Dresses Ladies || Beige || Solid,Divided,Jumpsuit/Playsuit,Dresses Ladies,Beige,Solid,0.6974381342125182,3.8570254502944037,1.9230769230769231,52,false,false,true,false
1204,"Menswear || Underwear bottom || Under-, Nightwear || Blue || Solid",Menswear,Underwear bottom,"Under-, Nightwear",Blue,Solid,1.0594819346872144,3.835886316543161,6.6923076923076925,52,false,true,true,false
1205,Menswear || T-shirt || Jersey Fancy || Black || Placement print,Menswear,T-shirt,Jersey Fancy,Black,Placement print,0.8199397210721215,3.8282061535858887,12.76923076923077,52,true,false,true,false
1206,Ladieswear || Hair string || Accessories || Red || Solid,Ladieswear,Hair string,Accessories,Red,Solid,0.9550962975991556,3.8232175482514705,3.6153846153846154,46,false,true,true,false
1207,Ladieswear || Shorts || Jersey Basic || Grey || Melange,Ladieswear,Shorts,Jersey Basic,Grey,Melange,1.136625456035427,3.8181014232275805,3.3076923076923075,52,false,true,true,false
1208,Ladieswear || Other accessories || Accessories || Pink || All over pattern,Ladieswear,Other accessories,Accessories,Pink,All over pattern,1.0898454803658444,3.816120612434662,10.307692307692308,52,true,true,true,true
1209,Menswear || T-shirt || Jersey Basic || Khaki green || Stripe,Menswear,T-shirt,Jersey Basic,Khaki green,Stripe,0.5657899536716157,3.8142685047836595,4.230769230769231,39,false,false,true,false
1210,Ladieswear || Dress || Jersey Fancy || Lilac Purple || Solid,Ladieswear,Dress,Jersey Fancy,Lilac Purple,Solid,0.9538560826072926,3.812061739830245,2.3846153846153846,42,false,true,true,false
1211,Ladieswear || Trousers || Jersey Fancy || Black || All over pattern,Ladieswear,Trousers,Jersey Fancy,Black,All over pattern,1.5069956027639768,3.811950681456109,3.769230769230769,52,false,true,true,false
1212,Ladieswear || T-shirt || Jersey Fancy || White || Stripe,Ladieswear,T-shirt,Jersey Fancy,White,Stripe,1.3076654658907807,3.8081899314949776,2.8461538461538463,52,false,true,true,false
1213,"Ladieswear || Underwear body || Under-, Nightwear || Orange || Solid",Ladieswear,Underwear body,"Under-, Nightwear",Orange,Solid,0.9414919868545389,3.8078663406456856,3.0,50,false,true,true,false
1214,Sport || Hoodie || Unknown || Black || Solid,Sport,Hoodie,Unknown,Black,Solid,0.5705354715955423,3.8046429145208576,0.23076923076923078,31,false,false,true,false
1215,Divided || Sweater || Knitwear || Grey || Stripe,Divided,Sweater,Knitwear,Grey,Stripe,0.3925686591276252,3.8040773222973145,1.5384615384615385,49,false,false,true,false
1216,Ladieswear || Scarf || Accessories || Black || All over pattern,Ladieswear,Scarf,Accessories,Black,All over pattern,0.6486946432024754,3.8033760237310252,1.2307692307692308,49,false,false,true,false
1217,Divided || Shorts || Shorts || Black || Denim,Divided,Shorts,Shorts,Black,Denim,,3.801909119147534,8.153846153846153,32,false,false,true,false
1218,Ladieswear || Swimwear bottom || Swimwear || Pink || All over pattern,Ladieswear,Swimwear bottom,Swimwear,Pink,All over pattern,1.2503128911138923,3.7959628137660077,3.769230769230769,52,false,true,true,false
1219,"Ladieswear || Underwear body || Under-, Nightwear || White || Solid",Ladieswear,Underwear body,"Under-, Nightwear",White,Solid,1.010456267301375,3.794281702746952,3.076923076923077,46,false,true,true,false
1220,Divided || Cardigan || Jersey Fancy || White || Solid,Divided,Cardigan,Jersey Fancy,White,Solid,0.9817979440843317,3.7918127051908,0.6153846153846154,44,false,true,true,false
1221,Divided || Jacket || Trousers Denim || White || Denim,Divided,Jacket,Trousers Denim,White,Denim,1.2564330844342333,3.7908366700167626,1.4615384615384615,45,false,true,true,false
1222,Sport || Trousers || Outdoor || Black || Solid,Sport,Trousers,Outdoor,Black,Solid,1.0189234192527103,3.7834140101323976,3.6923076923076925,52,false,true,true,false
1223,Ladieswear || Vest top || Jersey Fancy || Blue || Solid,Ladieswear,Vest top,Jersey Fancy,Blue,Solid,1.5849597666806765,3.78065752018646,6.846153846153846,52,false,true,true,false
1224,"Ladieswear || Underdress || Under-, Nightwear || Black || Solid",Ladieswear,Underdress,"Under-, Nightwear",Black,Solid,0.9522455119942522,3.7798545434150412,2.6153846153846154,52,false,true,true,false
1225,Divided || Shirt || Blouses || Yellow || Solid,Divided,Shirt,Blouses,Yellow,Solid,0.614860209929427,3.777641942197522,3.0,52,false,false,true,false
1226,Menswear || Sweater || Knitwear || Blue || Solid,Menswear,Sweater,Knitwear,Blue,Solid,1.4429769305357392,3.774329842465008,4.076923076923077,52,false,true,true,false
1227,Menswear || Shorts || Jersey Basic || Grey || Melange,Menswear,Shorts,Jersey Basic,Grey,Melange,1.1258092697331024,3.7730408769056574,9.923076923076923,52,false,true,true,false
1228,Ladieswear || Hair/alice band || Accessories || Grey || Solid,Ladieswear,Hair/alice band,Accessories,Grey,Solid,1.5012531328320802,3.7701385692171554,0.8461538461538461,42,false,true,true,false
1229,Ladieswear || Dress || Knitwear || Beige || Solid,Ladieswear,Dress,Knitwear,Beige,Solid,1.3450727513227516,3.7701066548107978,1.8461538461538463,51,false,true,true,false
1230,Ladieswear || Vest top || Jersey Fancy || Pink || Solid,Ladieswear,Vest top,Jersey Fancy,Pink,Solid,0.7284205309909932,3.766768193002881,10.615384615384615,52,true,false,true,false
1231,Divided || Skirt || Skirts || Black || Dot,Divided,Skirt,Skirts,Black,Dot,0.5312340553014806,3.7601396813619488,2.4615384615384617,48,false,false,true,false
1232,Ladieswear || Vest top || Blouses || Pink || Solid,Ladieswear,Vest top,Blouses,Pink,Solid,1.3463639046517215,3.753875075577959,9.307692307692308,52,false,true,true,false
1233,Menswear || Sweater || Knitwear || Grey || Melange,Menswear,Sweater,Knitwear,Grey,Melange,1.2013988746308442,3.744092372916013,10.76923076923077,52,true,true,true,true
1234,Divided || Hat/beanie || Accessories || Grey || Melange,Divided,Hat/beanie,Accessories,Grey,Melange,0.850914256574634,3.7404572344159845,1.8461538461538463,44,false,true,true,false
1235,Ladieswear || Swimwear bottom || Swimwear || Green || All over pattern,Ladieswear,Swimwear bottom,Swimwear,Green,All over pattern,1.016089660383207,3.7327945403369744,3.6153846153846154,43,false,true,true,false
1236,Menswear || Shirt || Shirts || Grey || Chambray,Menswear,Shirt,Shirts,Grey,Chambray,1.187606404440202,3.732409621256653,2.4615384615384617,52,false,true,true,false
1237,Ladieswear || Bikini top || Swimwear || Orange || Solid,Ladieswear,Bikini top,Swimwear,Orange,Solid,0.6873162195916018,3.730029192536721,8.846153846153847,52,false,false,true,false
1238,Ladieswear || Shirt || Blouses || White || Stripe,Ladieswear,Shirt,Blouses,White,Stripe,2.0405683902344913,3.723840755734945,3.1538461538461537,52,false,true,true,false
1239,Divided || Dress || Dresses Ladies || Lilac Purple || Solid,Divided,Dress,Dresses Ladies,Lilac Purple,Solid,,3.7213993494718496,8.76923076923077,32,false,false,true,false
1240,Divided || Blouse || Blouses || Yellow || Solid,Divided,Blouse,Blouses,Yellow,Solid,0.6364003228410007,3.7164444905884944,1.9230769230769231,41,false,false,true,false
1241,Ladieswear || Earring || Accessories || Black || Solid,Ladieswear,Earring,Accessories,Black,Solid,1.4748923959827838,3.7081011490564677,2.3846153846153846,45,false,true,true,false
1242,Sport || Trousers || Unknown || Black || Solid,Sport,Trousers,Unknown,Black,Solid,0.7587850994916785,3.7067881198536075,6.153846153846154,52,false,false,true,false
1243,Ladieswear || Dress || Dresses Ladies || Pink || All over pattern,Ladieswear,Dress,Dresses Ladies,Pink,All over pattern,1.0829632485748526,3.7053006749711423,10.76923076923077,52,true,true,true,true
1244,Ladieswear || Jacket || Trousers Denim || Black || Denim,Ladieswear,Jacket,Trousers Denim,Black,Denim,0.9600979063361419,3.7034360844164977,0.6923076923076923,35,false,true,true,false
1245,Ladieswear || Dress || Blouses || Black || Dot,Ladieswear,Dress,Blouses,Black,Dot,1.1321589070645335,3.7029721274339025,2.923076923076923,51,false,true,true,false
1246,Ladieswear || Trousers || Trousers || Turquoise || Denim,Ladieswear,Trousers,Trousers,Turquoise,Denim,1.396245412322583,3.702651971474686,0.46153846153846156,34,false,true,true,false
1247,Menswear || Hoodie || Outdoor || Black || Solid,Menswear,Hoodie,Outdoor,Black,Solid,0.9267136640594336,3.700044196240853,1.6923076923076923,40,false,true,true,false
1248,Ladieswear || Dress || Dresses Ladies || White || Embroidery,Ladieswear,Dress,Dresses Ladies,White,Embroidery,0.7769943193121284,3.69474419272135,9.307692307692308,51,false,false,true,false
1249,Ladieswear || Bag || Accessories || Red || Solid,Ladieswear,Bag,Accessories,Red,Solid,1.1849134410309932,3.6917400614393685,1.6923076923076923,52,false,true,true,false
1250,Divided || Shirt || Blouses || Red || Stripe,Divided,Shirt,Blouses,Red,Stripe,0.6324158616735036,3.6810108741658,1.0769230769230769,34,false,false,true,false
1251,Ladieswear || Scarf || Accessories || Yellow || All over pattern,Ladieswear,Scarf,Accessories,Yellow,All over pattern,1.2863921171601995,3.6805504027380804,2.769230769230769,52,false,true,true,false
1252,Ladieswear || Blouse || Blouses || Black || Check,Ladieswear,Blouse,Blouses,Black,Check,1.749540561827251,3.679480116610355,0.7692307692307693,41,false,true,true,false
1253,Ladieswear || Dress || Dresses Ladies || Unknown || Solid,Ladieswear,Dress,Dresses Ladies,Unknown,Solid,0.8957952468007313,3.662749946090117,6.0,52,false,true,true,false
1254,Menswear || Trousers || Trousers || Beige || Solid,Menswear,Trousers,Trousers,Beige,Solid,1.0399815746628127,3.6620241392923356,19.23076923076923,52,true,true,true,true
1255,Menswear || Blazer || Dressed || Blue || Melange,Menswear,Blazer,Dressed,Blue,Melange,1.0058394649060145,3.6599764008439335,9.076923076923077,52,false,true,true,false
1256,Menswear || Sweater || Knitwear || Khaki green || Solid,Menswear,Sweater,Knitwear,Khaki green,Solid,1.7394619531167814,3.659503788875921,1.0,28,false,true,true,false
1257,Menswear || Shirt || Shirts || Blue || Check,Menswear,Shirt,Shirts,Blue,Check,1.1315417546699718,3.6551983441199525,6.461538461538462,52,false,true,true,false
1258,Menswear || Shirt || Shirts || Red || Solid,Menswear,Shirt,Shirts,Red,Solid,0.859460601095694,3.647849659846904,1.6923076923076923,49,false,true,true,false
1259,Divided || Blouse || Blouses || Red || Solid,Divided,Blouse,Blouses,Red,Solid,1.6771041510559124,3.647142420098577,2.8461538461538463,52,false,true,true,false
1260,Menswear || Shirt || Shirts || Red || Check,Menswear,Shirt,Shirts,Red,Check,1.0753926729889798,3.6416947543254965,4.923076923076923,52,false,true,true,false
1261,Divided || Sweater || Jersey Fancy || Grey || Embroidery,Divided,Sweater,Jersey Fancy,Grey,Embroidery,1.3516496418926853,3.639274094503077,1.3076923076923077,52,false,true,true,false
1262,Divided || Jumpsuit/Playsuit || Dresses Ladies || Pink || Solid,Divided,Jumpsuit/Playsuit,Dresses Ladies,Pink,Solid,0.2623475507041305,3.638646621922768,3.4615384615384617,36,false,false,true,false
1263,Ladieswear || Hair/alice band || Accessories || Yellow || All over pattern,Ladieswear,Hair/alice band,Accessories,Yellow,All over pattern,0.800669200602798,3.6299879601974228,6.846153846153846,48,false,false,true,false
1264,"Ladieswear || Night gown || Under-, Nightwear || Blue || Stripe",Ladieswear,Night gown,"Under-, Nightwear",Blue,Stripe,1.0406246141989743,3.629419917355853,3.3846153846153846,52,false,true,true,false
1265,Ladieswear || Hair/alice band || Accessories || Pink || Solid,Ladieswear,Hair/alice band,Accessories,Pink,Solid,0.9257680902691833,3.6289898157219085,7.923076923076923,52,false,true,true,false
1266,Ladieswear || Dress || Blouses || Blue || Solid,Ladieswear,Dress,Blouses,Blue,Solid,0.8174253874762636,3.6257491531381723,25.46153846153846,52,true,false,true,false
1267,Ladieswear || Other accessories || Accessories || White || Solid,Ladieswear,Other accessories,Accessories,White,Solid,1.1996565119844298,3.618418590701702,6.461538461538462,52,false,true,true,false
1268,Menswear || Sweater || Knitwear || White || Melange,Menswear,Sweater,Knitwear,White,Melange,0.7335933676420426,3.6156572701712095,3.3076923076923075,52,false,false,true,false
1269,Menswear || Trousers || Trousers || Blue || Denim,Menswear,Trousers,Trousers,Blue,Denim,0.8888543863355773,3.6156226231085693,12.0,52,true,true,true,true
1270,Menswear || Trousers || Jersey Basic || Blue || Solid,Menswear,Trousers,Jersey Basic,Blue,Solid,0.9856054168076148,3.6154112656351165,2.6153846153846154,50,false,true,true,false
1271,Ladieswear || Scarf || Accessories || White || All over pattern,Ladieswear,Scarf,Accessories,White,All over pattern,0.7253251126884617,3.612228384479983,3.4615384615384617,52,false,false,true,false
1272,Divided || Hair/alice band || Accessories || Black || Solid,Divided,Hair/alice band,Accessories,Black,Solid,1.0228817689762204,3.611925027754512,6.0,47,false,true,true,false
1273,Divided || Swimsuit || Swimwear || Black || Solid,Divided,Swimsuit,Swimwear,Black,Solid,1.3748006857608708,3.610561470847168,2.769230769230769,48,false,true,true,false
1274,Menswear || Sweater || Jersey Fancy || White || Placement print,Menswear,Sweater,Jersey Fancy,White,Placement print,1.333985765124555,3.604712757015786,1.6923076923076923,43,false,true,true,false
1275,Divided || Jumpsuit/Playsuit || Dresses Ladies || Beige || All over pattern,Divided,Jumpsuit/Playsuit,Dresses Ladies,Beige,All over pattern,0.5752675272325928,3.5965050319317813,1.3846153846153846,50,false,false,true,false
1276,Ladieswear || Blouse || Blouses || Lilac Purple || Solid,Ladieswear,Blouse,Blouses,Lilac Purple,Solid,1.1358471074380165,3.596376577335647,0.8461538461538461,46,false,true,true,false
1277,Menswear || Sweater || Jersey Fancy || Beige || Embroidery,Menswear,Sweater,Jersey Fancy,Beige,Embroidery,1.1263229371546315,3.594660924051598,1.3846153846153846,47,false,true,true,false
1278,Menswear || Sweater || Jersey Fancy || Black || Solid,Menswear,Sweater,Jersey Fancy,Black,Solid,1.4558946949953622,3.5935888302917816,1.2307692307692308,44,false,true,true,false
1279,Menswear || Hoodie || Jersey Fancy || Grey || Placement print,Menswear,Hoodie,Jersey Fancy,Grey,Placement print,1.0161902466941775,3.588895434843443,2.1538461538461537,29,false,true,true,false
1280,Ladieswear || Earring || Accessories || Green || Solid,Ladieswear,Earring,Accessories,Green,Solid,0.9994038905573245,3.574615960545243,4.846153846153846,46,false,true,true,false
1281,Ladieswear || Sandals || Shoes || Black || Solid,Ladieswear,Sandals,Shoes,Black,Solid,0.8702799837252434,3.572973208941441,34.23076923076923,52,true,true,true,true
1282,Menswear || Belt || Accessories || Brown || Solid,Menswear,Belt,Accessories,Brown,Solid,1.0171519776115547,3.564214984527948,9.692307692307692,52,false,true,true,false
1283,Ladieswear || T-shirt || Jersey Fancy || Red || Stripe,Ladieswear,T-shirt,Jersey Fancy,Red,Stripe,1.1784110170700663,3.5626155526899694,1.6153846153846154,42,false,true,true,false
1284,Divided || Bag || Accessories || Pink || Solid,Divided,Bag,Accessories,Pink,Solid,0.9645366372937488,3.561851634156084,7.769230769230769,52,false,true,true,false
1285,Ladieswear || Dress || Dresses Ladies || Orange || Solid,Ladieswear,Dress,Dresses Ladies,Orange,Solid,0.7479828214471629,3.558800434730543,11.076923076923077,52,true,false,true,false
1286,Menswear || Coat || Outdoor || Black || Solid,Menswear,Coat,Outdoor,Black,Solid,1.1472044021489762,3.5574348882406817,2.6153846153846154,50,false,true,true,false
1287,Menswear || T-shirt || Jersey Fancy || White || Placement print,Menswear,T-shirt,Jersey Fancy,White,Placement print,1.0596659395955084,3.5535606324076543,16.76923076923077,52,true,true,true,true
1288,Menswear || Shirt || Shirts || Beige || Solid,Menswear,Shirt,Shirts,Beige,Solid,1.538599883594877,3.546978337675421,6.3076923076923075,52,false,true,true,false
1289,Ladieswear || T-shirt || Jersey Fancy || White || Embroidery,Ladieswear,T-shirt,Jersey Fancy,White,Embroidery,0.38088165084080416,3.5448020070171706,3.1538461538461537,49,false,false,true,false
1290,Ladieswear || Dress || Jersey Fancy || White || All over pattern,Ladieswear,Dress,Jersey Fancy,White,All over pattern,0.5788163320909321,3.541841860986297,11.0,52,true,false,true,false
1291,Ladieswear || Top || Jersey Fancy || Red || Stripe,Ladieswear,Top,Jersey Fancy,Red,Stripe,1.4100604004606312,3.5384921887696823,2.6153846153846154,52,false,true,true,false
1292,Menswear || Trousers || Trousers || Brown || Solid,Menswear,Trousers,Trousers,Brown,Solid,1.123154259219833,3.5367262661744343,9.153846153846153,52,false,true,true,false
1293,Ladieswear || Top || Jersey Fancy || Unknown || Solid,Ladieswear,Top,Jersey Fancy,Unknown,Solid,0.9950246152492035,3.5254684114098165,3.6923076923076925,52,false,true,true,false
1294,Ladieswear || Bikini top || Swimwear || Yellow || All over pattern,Ladieswear,Bikini top,Swimwear,Yellow,All over pattern,0.9984178532767091,3.524309283300794,2.3846153846153846,52,false,true,true,false
1295,Divided || Blouse || Blouses || Black || Check,Divided,Blouse,Blouses,Black,Check,1.2465649817219213,3.5191651423126533,1.3846153846153846,51,false,true,true,false
1296,Menswear || Jacket || Outdoor || Black || Solid,Menswear,Jacket,Outdoor,Black,Solid,1.3411315364919312,3.5132185164618797,16.76923076923077,52,true,true,true,true
1297,Divided || Skirt || Trousers || Pink || Solid,Divided,Skirt,Trousers,Pink,Solid,1.043987781832012,3.5109405594557295,7.0,52,false,true,true,false
1298,Menswear || Trousers || Trousers || Blue || Melange,Menswear,Trousers,Trousers,Blue,Melange,1.1502938411432995,3.5092256991106074,7.153846153846154,52,false,true,true,false
1299,Ladieswear || Swimwear bottom || Swimwear || Pink || Other structure,Ladieswear,Swimwear bottom,Swimwear,Pink,Other structure,,3.497993114727003,8.384615384615385,41,false,false,true,false
1300,Menswear || Shirt || Shirts || Blue || Melange,Menswear,Shirt,Shirts,Blue,Melange,1.113092533481909,3.494653551090755,3.076923076923077,52,false,true,true,false
1301,Ladieswear || Sunglasses || Accessories || Metal || Solid,Ladieswear,Sunglasses,Accessories,Metal,Solid,1.1456369917473286,3.491124391954509,8.615384615384615,52,false,true,true,false
1302,Menswear || Trousers || Trousers || Blue || Solid,Menswear,Trousers,Trousers,Blue,Solid,1.1533673542009228,3.4890971789724574,25.615384615384617,52,true,true,true,true
1303,Ladieswear || Dress || Jersey Fancy || White || Lace,Ladieswear,Dress,Jersey Fancy,White,Lace,0.9270524654334237,3.488719978197283,6.230769230769231,52,false,true,true,false
1304,"Menswear || Underwear bottom || Under-, Nightwear || Grey || Melange",Menswear,Underwear bottom,"Under-, Nightwear",Grey,Melange,0.8175424753038943,3.4872835707576018,6.230769230769231,52,false,false,true,false
1305,Menswear || Sweater || Knitwear || Green || Solid,Menswear,Sweater,Knitwear,Green,Solid,1.04507680684966,3.4871693074040175,1.2307692307692308,39,false,true,true,false
1306,Ladieswear || Earring || Accessories || Orange || Solid,Ladieswear,Earring,Accessories,Orange,Solid,1.7481259891820442,3.4845746950447953,2.8461538461538463,52,false,true,true,false
1307,Menswear || Sweater || Knitwear || Beige || Solid,Menswear,Sweater,Knitwear,Beige,Solid,1.49434763600025,3.4813649528164134,1.9230769230769231,51,false,true,true,false
1308,Sport || Hoodie || Outdoor || Black || Solid,Sport,Hoodie,Outdoor,Black,Solid,0.9927133741001741,3.4801061568545997,3.769230769230769,52,false,true,true,false
1309,Ladieswear || Dress || Dresses Ladies || Grey || Solid,Ladieswear,Dress,Dresses Ladies,Grey,Solid,2.3338520535763916,3.4788238820514144,1.4615384615384615,29,false,true,true,false
1310,Divided || Vest top || Blouses || Black || All over pattern,Divided,Vest top,Blouses,Black,All over pattern,0.8750200047031466,3.4752566066542006,6.0,52,false,true,true,false
1311,Divided || Dress || Dresses Ladies || Grey || Melange,Divided,Dress,Dresses Ladies,Grey,Melange,0.7887694669883747,3.469899985239472,1.0769230769230769,47,false,false,true,false
1312,Ladieswear || Sunglasses || Accessories || Black || Solid,Ladieswear,Sunglasses,Accessories,Black,Solid,0.8758656082976849,3.4687107232956604,30.384615384615383,52,true,true,true,true
1313,Menswear || Trousers || Trousers || Khaki green || Solid,Menswear,Trousers,Trousers,Khaki green,Solid,1.0726299008809201,3.46129476833542,20.0,52,true,true,true,true
1314,Menswear || Trousers || Trousers || Grey || Denim,Menswear,Trousers,Trousers,Grey,Denim,0.9830986399821185,3.4570183845851723,3.5384615384615383,52,false,true,true,false
1315,Menswear || Hoodie || Jersey Fancy || White || Placement print,Menswear,Hoodie,Jersey Fancy,White,Placement print,0.8558450373309664,3.4514674973257735,2.3076923076923075,51,false,true,true,false
1316,Divided || Blouse || Blouses || White || Embroidery,Divided,Blouse,Blouses,White,Embroidery,1.3035885832924692,3.447214264372959,6.153846153846154,52,false,true,true,false
1317,Ladieswear || Shorts || Shorts || Khaki green || Solid,Ladieswear,Shorts,Shorts,Khaki green,Solid,0.9884387038759055,3.4413942644275597,7.923076923076923,52,false,true,true,false
1318,Menswear || Shirt || Shirts || Green || Solid,Menswear,Shirt,Shirts,Green,Solid,1.1111207457186214,3.4323693825360992,4.384615384615385,51,false,true,true,false
1319,Ladieswear || Shorts || Jersey Basic || Khaki green || Solid,Ladieswear,Shorts,Jersey Basic,Khaki green,Solid,0.5823387212888657,3.4301182989253363,2.3846153846153846,49,false,false,true,false
1320,Divided || Trousers || Unknown || Black || Denim,Divided,Trousers,Unknown,Black,Denim,0.6605191002262744,3.4294400887940606,1.6923076923076923,52,false,false,true,false
1321,Ladieswear || Hair/alice band || Accessories || White || All over pattern,Ladieswear,Hair/alice band,Accessories,White,All over pattern,1.0166859196508795,3.422489506071189,8.307692307692308,49,false,true,true,false
1322,Ladieswear || Hair/alice band || Accessories || Black || All over pattern,Ladieswear,Hair/alice band,Accessories,Black,All over pattern,1.0385272240678447,3.4221019011995155,18.384615384615383,52,true,true,true,true
1323,Menswear || Blazer || Dressed || Black || Solid,Menswear,Blazer,Dressed,Black,Solid,1.0982183563823604,3.416755017277274,5.076923076923077,52,false,true,true,false
1324,Sport || Socks || Accessories || Grey || Melange,Sport,Socks,Accessories,Grey,Melange,0.9836350944548667,3.4161147903058033,3.1538461538461537,50,false,true,true,false
1325,Menswear || Cardigan || Knitwear || Blue || Melange,Menswear,Cardigan,Knitwear,Blue,Melange,1.0187509806998274,3.4160534610353945,0.6923076923076923,30,false,true,true,false
1326,Ladieswear || Vest top || Blouses || Brown || Solid,Ladieswear,Vest top,Blouses,Brown,Solid,1.4889738312261098,3.414930793210285,3.6153846153846154,52,false,true,true,false
1327,Ladieswear || Bag || Accessories || Grey || Solid,Ladieswear,Bag,Accessories,Grey,Solid,0.9819761507630261,3.4137821747816437,1.9230769230769231,38,false,true,true,false
1328,Ladieswear || Sneakers || Shoes || Beige || Solid,Ladieswear,Sneakers,Shoes,Beige,Solid,1.0171861498334627,3.410482794219255,6.615384615384615,52,false,true,true,false
1329,Ladieswear || Hair clip || Accessories || Metal || Metallic,Ladieswear,Hair clip,Accessories,Metal,Metallic,1.0471206401081872,3.40449561759356,7.538461538461538,37,false,true,true,false
1330,Ladieswear || Hair/alice band || Accessories || Orange || All over pattern,Ladieswear,Hair/alice band,Accessories,Orange,All over pattern,1.589277560939686,3.3963896983718405,4.076923076923077,46,false,true,true,false
1331,Ladieswear || Skirt || Skirts || Blue || Solid,Ladieswear,Skirt,Skirts,Blue,Solid,0.611611341538503,3.3948959037782895,7.923076923076923,52,false,false,true,false
1332,Ladieswear || Sweater || Knitwear || Orange || Melange,Ladieswear,Sweater,Knitwear,Orange,Melange,0.39428664132590674,3.3929121332898786,1.0,50,false,false,true,false
1333,Divided || Jumpsuit/Playsuit || Dresses Ladies || White || All over pattern,Divided,Jumpsuit/Playsuit,Dresses Ladies,White,All over pattern,0.7953208530334328,3.3908768939493106,2.769230769230769,52,false,false,true,false
1334,Ladieswear || Dress || Dresses Ladies || Orange || All over pattern,Ladieswear,Dress,Dresses Ladies,Orange,All over pattern,1.0834247337594043,3.388111067221107,4.538461538461538,52,false,true,true,false
1335,Menswear || Socks || Socks and Tights || White || Placement print,Menswear,Socks,Socks and Tights,White,Placement print,0.7665441176470588,3.3813817304177656,1.2307692307692308,43,false,false,true,false
1336,"Menswear || Underwear bottom || Under-, Nightwear || Red || Check",Menswear,Underwear bottom,"Under-, Nightwear",Red,Check,1.2786575709587038,3.3805323942712047,2.076923076923077,49,false,true,true,false
1337,"Ladieswear || Bra || Under-, Nightwear || Pink || Melange",Ladieswear,Bra,"Under-, Nightwear",Pink,Melange,0.9777929954999022,3.37989852851977,2.3076923076923075,52,false,true,true,false
1338,Ladieswear || Earring || Accessories || Pink || Solid,Ladieswear,Earring,Accessories,Pink,Solid,1.1662331575410252,3.3753667138854384,16.46153846153846,52,true,true,true,true
1339,Menswear || Shorts || Jersey Basic || Black || Solid,Menswear,Shorts,Jersey Basic,Black,Solid,0.8373822862210814,3.3718419060636773,4.538461538461538,52,false,false,true,false
1340,"Menswear || Underwear bottom || Under-, Nightwear || Blue || All over pattern",Menswear,Underwear bottom,"Under-, Nightwear",Blue,All over pattern,1.0707529740375792,3.365194217851635,20.153846153846153,52,true,true,true,true
1341,Sport || Trousers || Outdoor || Blue || Solid,Sport,Trousers,Outdoor,Blue,Solid,1.0862781650186417,3.3587880751415637,0.6153846153846154,34,false,true,true,false
1342,Ladieswear || Blouse || Special Offers || Red || Solid,Ladieswear,Blouse,Special Offers,Red,Solid,0.6944950331125828,3.357735369071982,2.0,50,false,false,true,false
1343,Sport || Shorts || Jersey Fancy || Grey || Melange,Sport,Shorts,Jersey Fancy,Grey,Melange,1.5191282987970018,3.355186141649159,3.6153846153846154,52,false,true,true,false
1344,Ladieswear || Belt || Accessories || Mole || Solid,Ladieswear,Belt,Accessories,Mole,Solid,1.0303544894926764,3.3520461797311825,3.923076923076923,38,false,true,true,false
1345,Divided || Dress || Dresses Ladies || White || Dot,Divided,Dress,Dresses Ladies,White,Dot,0.662328094302554,3.351316427864054,3.923076923076923,46,false,false,true,false
1346,Menswear || Sweater || Jersey Fancy || Grey || Colour blocking,Menswear,Sweater,Jersey Fancy,Grey,Colour blocking,1.4775724149257203,3.3475081085105804,1.3846153846153846,44,false,true,true,false
1347,Divided || Shorts || Shorts || Grey || Denim,Divided,Shorts,Shorts,Grey,Denim,2.0220832420222177,3.3441807020838166,4.076923076923077,52,false,true,true,false
1348,Sport || Bikini top || Accessories || Black || Solid,Sport,Bikini top,Accessories,Black,Solid,0.7331661891117479,3.34041544320064,4.076923076923077,52,false,false,true,false
1349,Ladieswear || Bag || Accessories || Pink || Solid,Ladieswear,Bag,Accessories,Pink,Solid,0.5251342118106395,3.3387692393695563,3.6153846153846154,47,false,false,true,false
1350,"Menswear || Underwear bottom || Under-, Nightwear || White || Solid",Menswear,Underwear bottom,"Under-, Nightwear",White,Solid,1.1541860173214509,3.3386341926333927,4.3076923076923075,51,false,true,true,false
1351,"Ladieswear || Pyjama bottom || Under-, Nightwear || Blue || All over pattern",Ladieswear,Pyjama bottom,"Under-, Nightwear",Blue,All over pattern,0.24115456238361263,3.3367605622372993,1.8461538461538463,51,false,false,true,false
1352,Menswear || Shirt || Shirts || Blue || All over pattern,Menswear,Shirt,Shirts,Blue,All over pattern,1.103982496779556,3.335653639806309,12.461538461538462,52,true,true,true,true
1353,Ladieswear || Earring || Accessories || White || Solid,Ladieswear,Earring,Accessories,White,Solid,0.8026269038708094,3.3351687131595,25.53846153846154,52,true,false,true,false
1354,Ladieswear || Jacket || Outdoor || Red || Solid,Ladieswear,Jacket,Outdoor,Red,Solid,0.6915987368535155,3.3347770128375336,2.230769230769231,52,false,false,true,false
1355,Ladieswear || Skirt || Skirts || Yellow || Solid,Ladieswear,Skirt,Skirts,Yellow,Solid,0.8565134898363604,3.334300631275033,5.076923076923077,52,false,true,true,false
1356,Divided || Vest top || Jersey Fancy || Black || Solid,Divided,Vest top,Jersey Fancy,Black,Solid,0.37654965845331323,3.331316294309236,5.769230769230769,52,false,false,true,false
1357,Sport || Jacket || Outdoor || Black || Solid,Sport,Jacket,Outdoor,Black,Solid,1.1481795532563523,3.328331392265186,4.615384615384615,52,false,true,true,false
1358,Divided || Vest top || Knitwear || White || Solid,Divided,Vest top,Knitwear,White,Solid,0.6448750788877752,3.3283130929076243,6.0,51,false,false,true,false
1359,Menswear || Shirt || Shirts || Blue || Stripe,Menswear,Shirt,Shirts,Blue,Stripe,0.9170694594504503,3.3241637911250903,10.23076923076923,52,true,true,true,true
1360,Menswear || Hoodie || Outdoor || Khaki green || Solid,Menswear,Hoodie,Outdoor,Khaki green,Solid,1.3716776221777651,3.3220967494836353,1.5384615384615385,51,false,true,true,false
1361,Ladieswear || Hoodie || Jersey Fancy || Grey || Melange,Ladieswear,Hoodie,Jersey Fancy,Grey,Melange,0.7025929863716642,3.321240577557603,1.0769230769230769,48,false,false,true,false
1362,Ladieswear || Dress || Blouses || Yellow || Solid,Ladieswear,Dress,Blouses,Yellow,Solid,0.6774660947113256,3.3204242182610857,7.923076923076923,52,false,false,true,false
1363,Ladieswear || Dress || Dresses Ladies || Mole || Solid,Ladieswear,Dress,Dresses Ladies,Mole,Solid,0.8751944876639254,3.317820041580007,3.5384615384615383,49,false,true,true,false
1364,Ladieswear || Bikini top || Swimwear || Pink || All over pattern,Ladieswear,Bikini top,Swimwear,Pink,All over pattern,0.84975053847335,3.3075805641768747,3.230769230769231,52,false,false,true,false
1365,Ladieswear || Skirt || Skirts || Orange || All over pattern,Ladieswear,Skirt,Skirts,Orange,All over pattern,0.9770561850779529,3.3047392423045965,4.769230769230769,52,false,true,true,false
1366,"Menswear || Underwear bottom || Under-, Nightwear || Black || All over pattern",Menswear,Underwear bottom,"Under-, Nightwear",Black,All over pattern,1.0106915815835098,3.3038160423340495,1.7692307692307692,45,false,true,true,false
1367,Ladieswear || Skirt || Skirts || White || All over pattern,Ladieswear,Skirt,Skirts,White,All over pattern,0.5803884561517354,3.2901466419845455,7.538461538461538,52,false,false,true,false
1368,Divided || Skirt || Skirts || Blue || Check,Divided,Skirt,Skirts,Blue,Check,0.8096613557324581,3.2870019288953163,1.0769230769230769,51,false,false,true,false
1369,Ladieswear || Dress || Jersey Fancy || Red || Lace,Ladieswear,Dress,Jersey Fancy,Red,Lace,0.6986360903613492,3.2867318349022447,5.230769230769231,52,false,false,true,false
1370,Ladieswear || Vest top || Jersey Basic || Blue || Solid,Ladieswear,Vest top,Jersey Basic,Blue,Solid,0.3933734056589942,3.2841298700589663,2.0,50,false,false,true,false
1371,"Ladieswear || Underwear bottom || Under-, Nightwear || Pink || Contrast",Ladieswear,Underwear bottom,"Under-, Nightwear",Pink,Contrast,0.9274043817304121,3.28228732745409,2.0,31,false,true,true,false
1372,Divided || Shorts || Shorts || Blue || Solid,Divided,Shorts,Shorts,Blue,Solid,0.3926414829377898,3.2788113704715878,6.3076923076923075,52,false,false,true,false
1373,Ladieswear || Hair/alice band || Accessories || Beige || All over pattern,Ladieswear,Hair/alice band,Accessories,Beige,All over pattern,1.2628643664485424,3.2756163684457853,3.769230769230769,49,false,true,true,false
1374,Ladieswear || Skirt || Shorts || Blue || Denim,Ladieswear,Skirt,Shorts,Blue,Denim,1.111775965425138,3.2751462071118427,5.846153846153846,52,false,true,true,false
1375,Ladieswear || Dress || Blouses || Brown || All over pattern,Ladieswear,Dress,Blouses,Brown,All over pattern,1.894897617897358,3.2750538421457316,3.3076923076923075,51,false,true,true,false
1376,Menswear || Bag || Accessories || Black || Solid,Menswear,Bag,Accessories,Black,Solid,1.0963919603968248,3.272624115216532,6.384615384615385,52,false,true,true,false
1377,Divided || Necklace || Accessories || Metal || Metallic,Divided,Necklace,Accessories,Metal,Metallic,,3.271598614249669,4.384615384615385,28,false,false,true,false
1378,Sport || Trousers || Unknown || Black || All over pattern,Sport,Trousers,Unknown,Black,All over pattern,1.0885253249663829,3.2677022560305424,0.9230769230769231,46,false,true,true,false
1379,Sport || Hat/beanie || Accessories || Black || Solid,Sport,Hat/beanie,Accessories,Black,Solid,3.9579207920792077,3.2654107982137575,0.6923076923076923,30,false,true,true,false
1380,Ladieswear || Skirt || Special Offers || Black || Solid,Ladieswear,Skirt,Special Offers,Black,Solid,0.9124059629475673,3.261750633541566,2.076923076923077,51,false,true,true,false
1381,Ladieswear || Scarf || Accessories || Pink || Solid,Ladieswear,Scarf,Accessories,Pink,Solid,0.6651108518086347,3.259967820125535,5.384615384615385,52,false,false,true,false
1382,Menswear || Shirt || Shirts || Turquoise || Solid,Menswear,Shirt,Shirts,Turquoise,Solid,1.6326160228156597,3.2557911058195756,1.3846153846153846,27,false,true,true,false
1383,Ladieswear || Hair/alice band || Accessories || White || Solid,Ladieswear,Hair/alice band,Accessories,White,Solid,0.8861118002395398,3.2553100696818227,6.384615384615385,52,false,true,true,false
1384,Menswear || Jacket || Outdoor || Blue || Denim,Menswear,Jacket,Outdoor,Blue,Denim,1.2325953249899495,3.249467483406936,4.461538461538462,52,false,true,true,false
1385,Divided || Other accessories || Accessories || Grey || Solid,Divided,Other accessories,Accessories,Grey,Solid,1.0216349310571242,3.2457334947418772,0.6923076923076923,16,false,true,false,false
1386,Sport || Shorts || Jersey Fancy || Black || Melange,Sport,Shorts,Jersey Fancy,Black,Melange,1.0,3.245211883282818,1.9230769230769231,42,false,true,true,false
1387,Divided || Dress || Dresses Ladies || White || Embroidery,Divided,Dress,Dresses Ladies,White,Embroidery,1.403214851709305,3.2444268536908956,3.3846153846153846,50,false,true,true,false
1388,Menswear || Tie || Accessories || Black || Solid,Menswear,Tie,Accessories,Black,Solid,1.1828884603674006,3.2309833567229767,3.3076923076923075,51,false,true,true,false
1389,Ladieswear || Blouse || Blouses || Brown || All over pattern,Ladieswear,Blouse,Blouses,Brown,All over pattern,0.5551759612603493,3.2308591563747013,4.923076923076923,52,false,false,true,false
1390,Ladieswear || Hair/alice band || Accessories || Yellow || Solid,Ladieswear,Hair/alice band,Accessories,Yellow,Solid,0.9859516247251405,3.2281259133748925,2.0,51,false,true,true,false
1391,Menswear || Shirt || Shirts || White || Dot,Menswear,Shirt,Shirts,White,Dot,1.0171639271896342,3.2259699016554473,3.5384615384615383,52,false,true,true,false
1392,Ladieswear || Shorts || Trousers || Black || Solid,Ladieswear,Shorts,Trousers,Black,Solid,0.7139057908251758,3.22276896695279,13.23076923076923,52,true,false,true,false
1393,Ladieswear || Flat shoe || Shoes || Red || Solid,Ladieswear,Flat shoe,Shoes,Red,Solid,0.8451324572887876,3.2197223148403955,0.38461538461538464,20,false,false,false,false
1394,Ladieswear || Dress || Blouses || White || All over pattern,Ladieswear,Dress,Blouses,White,All over pattern,0.6665130408980205,3.2188248109677815,12.384615384615385,52,true,false,true,false
1395,Divided || Shirt || Blouses || Pink || Stripe,Divided,Shirt,Blouses,Pink,Stripe,0.9829760018128718,3.2177305687764806,1.2307692307692308,45,false,true,true,false
1396,Ladieswear || Trousers || Trousers || Turquoise || Solid,Ladieswear,Trousers,Trousers,Turquoise,Solid,1.158693493307158,3.216782919100826,3.1538461538461537,48,false,true,true,false
1397,Menswear || Jacket || Outdoor || Black || Denim,Menswear,Jacket,Outdoor,Black,Denim,0.9872501969772939,3.2107313693532467,1.6923076923076923,51,false,true,true,false
1398,"Ladieswear || Underwear bottom || Under-, Nightwear || Pink || Lace",Ladieswear,Underwear bottom,"Under-, Nightwear",Pink,Lace,1.0942404440253715,3.2045659448769603,3.076923076923077,52,false,true,true,false
1399,Ladieswear || Dress || Jersey Fancy || Orange || Solid,Ladieswear,Dress,Jersey Fancy,Orange,Solid,0.8366308521506324,3.2016491558667175,12.615384615384615,52,true,false,true,false
1400,Ladieswear || Skirt || Skirts || Black || Stripe,Ladieswear,Skirt,Skirts,Black,Stripe,0.7757415747786923,3.1984533038055094,2.3846153846153846,51,false,false,true,false
1401,Ladieswear || Dress || Blouses || White || Solid,Ladieswear,Dress,Blouses,White,Solid,0.6952312535858407,3.1890890155027263,14.76923076923077,52,true,false,true,false
1402,Ladieswear || Bodysuit || Jersey Fancy || Pink || Solid,Ladieswear,Bodysuit,Jersey Fancy,Pink,Solid,0.4390926178999769,3.1846151038586648,3.4615384615384617,50,false,false,true,false
1403,"Ladieswear || Underdress || Under-, Nightwear || Beige || Solid",Ladieswear,Underdress,"Under-, Nightwear",Beige,Solid,1.0241136320751647,3.181287640934632,2.6153846153846154,52,false,true,true,false
1404,Sport || Leggings/Tights || Jersey Fancy || Grey || Colour blocking,Sport,Leggings/Tights,Jersey Fancy,Grey,Colour blocking,0.3459834328645733,3.1691204993458975,0.6153846153846154,36,false,false,true,false
1405,Divided || Dress || Unknown || Red || Solid,Divided,Dress,Unknown,Red,Solid,1.0505616747323012,3.1551042877283635,0.46153846153846156,9,false,true,false,false
1406,Ladieswear || Skirt || Skirts || Orange || Solid,Ladieswear,Skirt,Skirts,Orange,Solid,1.5002501250625313,3.1530156015136104,1.0769230769230769,41,false,true,true,false
1407,Menswear || Cardigan || Knitwear || Black || Solid,Menswear,Cardigan,Knitwear,Black,Solid,1.1207977118922214,3.152025668428921,1.5384615384615385,46,false,true,true,false
1408,Divided || Blouse || Unknown || Black || All over pattern,Divided,Blouse,Unknown,Black,All over pattern,1.1534391534391535,3.151060884464755,0.9230769230769231,27,false,true,true,false
1409,Divided || Bag || Accessories || White || Solid,Divided,Bag,Accessories,White,Solid,0.8359404447794949,3.150009460012452,1.8461538461538463,23,false,false,false,false
1410,Ladieswear || Necklace || Accessories || White || Solid,Ladieswear,Necklace,Accessories,White,Solid,0.7959020918962028,3.149490254815089,6.615384615384615,52,false,false,true,false
1411,Ladieswear || Trousers || Jersey Fancy || Blue || Solid,Ladieswear,Trousers,Jersey Fancy,Blue,Solid,1.7633308340316676,3.1490532643259064,0.9230769230769231,46,false,true,true,false
1412,Ladieswear || Shorts || Shorts || White || All over pattern,Ladieswear,Shorts,Shorts,White,All over pattern,1.7017184297650954,3.1448734406201924,2.0,48,false,true,true,false
1413,Ladieswear || Skirt || Skirts || Beige || All over pattern,Ladieswear,Skirt,Skirts,Beige,All over pattern,0.7260193834147076,3.1380335889053903,6.6923076923076925,52,false,false,true,false
1414,Divided || Shorts || Shorts || Blue || Denim,Divided,Shorts,Shorts,Blue,Denim,0.7512169202889863,3.133420611479898,20.0,32,true,false,true,false
1415,Divided || T-shirt || Jersey Fancy || Black || All over pattern,Divided,T-shirt,Jersey Fancy,Black,All over pattern,1.2038387354753728,3.1324882230144464,4.230769230769231,52,false,true,true,false
1416,Menswear || Sweater || Knitwear || Black || Stripe,Menswear,Sweater,Knitwear,Black,Stripe,2.000667111407605,3.1287680608079684,1.0769230769230769,43,false,true,true,false
1417,Divided || Vest top || Blouses || Khaki green || Solid,Divided,Vest top,Blouses,Khaki green,Solid,0.563922734429686,3.1149240703686774,2.3846153846153846,52,false,false,true,false
1418,Ladieswear || Trousers || Jersey Fancy || Beige || All over pattern,Ladieswear,Trousers,Jersey Fancy,Beige,All over pattern,1.0268719094138032,3.113800670304504,2.923076923076923,35,false,true,true,false
1419,Ladieswear || Skirt || Trousers || Orange || Solid,Ladieswear,Skirt,Trousers,Orange,Solid,0.7567522507502502,3.107405276374613,1.2307692307692308,49,false,false,true,false
1420,Ladieswear || Skirt || Skirts || Green || All over pattern,Ladieswear,Skirt,Skirts,Green,All over pattern,0.363425115390737,3.1044663036873423,1.6923076923076923,51,false,false,true,false
1421,Divided || T-shirt || Jersey Fancy || Blue || Solid,Divided,T-shirt,Jersey Fancy,Blue,Solid,3.271216318307732,3.1014921843891035,0.9230769230769231,33,false,true,true,false
1422,Ladieswear || Hair/alice band || Accessories || Orange || Solid,Ladieswear,Hair/alice band,Accessories,Orange,Solid,0.8894212241450008,3.0958134083531315,4.538461538461538,52,false,true,true,false
1423,Ladieswear || Trousers || Unknown || Black || Solid,Ladieswear,Trousers,Unknown,Black,Solid,1.2973212650679418,3.0956814592522903,6.076923076923077,52,false,true,true,false
1424,Menswear || Trousers || Jersey Fancy || Grey || Melange,Menswear,Trousers,Jersey Fancy,Grey,Melange,1.0048640894891168,3.0954662932091743,2.0,52,false,true,true,false
1425,Ladieswear || T-shirt || Jersey Fancy || Pink || Melange,Ladieswear,T-shirt,Jersey Fancy,Pink,Melange,1.3392298758152414,3.0912814944831837,0.7692307692307693,44,false,true,true,false
1426,Ladieswear || Shorts || Shorts || Blue || Stripe,Ladieswear,Shorts,Shorts,Blue,Stripe,0.7918185838123765,3.0885018236718693,4.923076923076923,52,false,false,true,false
1427,Ladieswear || Vest top || Jersey Fancy || Orange || Solid,Ladieswear,Vest top,Jersey Fancy,Orange,Solid,0.7235801414925953,3.0877276694836544,8.384615384615385,52,false,false,true,false
1428,Menswear || Jacket || Outdoor || Khaki green || Solid,Menswear,Jacket,Outdoor,Khaki green,Solid,1.1706417133278768,3.086725923318016,6.230769230769231,52,false,true,true,false
1429,Baby/Children || Hoodie || Jersey Basic || Black || Solid,Baby/Children,Hoodie,Jersey Basic,Black,Solid,0.951176544608028,3.080213752252222,2.6923076923076925,52,false,true,true,false
1430,Divided || Hair/alice band || Accessories || Beige || All over pattern,Divided,Hair/alice band,Accessories,Beige,All over pattern,0.9150285351934051,3.077111556522385,3.4615384615384617,43,false,true,true,false
1431,Divided || Dress || Dresses Ladies || Lilac Purple || Check,Divided,Dress,Dresses Ladies,Lilac Purple,Check,,3.0729891130333336,4.538461538461538,35,false,false,true,false
1432,Ladieswear || Shirt || Blouses || Blue || Solid,Ladieswear,Shirt,Blouses,Blue,Solid,1.4109600356596252,3.072975622545334,4.230769230769231,52,false,true,true,false
1433,Ladieswear || Skirt || Skirts || Blue || All over pattern,Ladieswear,Skirt,Skirts,Blue,All over pattern,0.774992422668651,3.070844796628718,8.923076923076923,52,false,false,true,false
1434,Divided || Other accessories || Accessories || White || Solid,Divided,Other accessories,Accessories,White,Solid,0.8837276538331809,3.070421788799168,2.3846153846153846,48,false,true,true,false
1435,Ladieswear || Ring || Accessories || Pink || Solid,Ladieswear,Ring,Accessories,Pink,Solid,0.926304065342491,3.0661379301351737,3.3846153846153846,48,false,true,true,false
1436,Divided || Top || Blouses || Black || Solid,Divided,Top,Blouses,Black,Solid,1.0,3.0532824384944464,2.1538461538461537,49,false,true,true,false
1437,Ladieswear || Ring || Accessories || White || Solid,Ladieswear,Ring,Accessories,White,Solid,0.61021094466524,3.05214977068509,1.9230769230769231,52,false,false,true,false
1438,Ladieswear || Ballerinas || Shoes || Brown || Solid,Ladieswear,Ballerinas,Shoes,Brown,Solid,1.0245235754566806,3.051640157367535,5.384615384615385,52,false,true,true,false
1439,"Ladieswear || Underwear bottom || Under-, Nightwear || White || All over pattern",Ladieswear,Underwear bottom,"Under-, Nightwear",White,All over pattern,1.0551476528139307,3.048715370473249,3.4615384615384617,26,false,true,true,false
1440,Ladieswear || T-shirt || Jersey Fancy || Blue || Stripe,Ladieswear,T-shirt,Jersey Fancy,Blue,Stripe,1.3423612867924397,3.044263338326041,7.6923076923076925,52,false,true,true,false
1441,Ladieswear || Sneakers || Shoes || Yellow || Solid,Ladieswear,Sneakers,Shoes,Yellow,Solid,2.7625887265135702,3.043101276563407,2.230769230769231,49,false,true,true,false
1442,Ladieswear || Vest top || Jersey Fancy || Grey || Melange,Ladieswear,Vest top,Jersey Fancy,Grey,Melange,1.0075530442804428,3.0358535327508838,2.230769230769231,52,false,true,true,false
1443,Ladieswear || Dress || Blouses || Orange || Solid,Ladieswear,Dress,Blouses,Orange,Solid,0.8382312247933968,3.0354507422717028,8.23076923076923,52,false,false,true,false
1444,"Menswear || Underwear bottom || Under-, Nightwear || Red || All over pattern",Menswear,Underwear bottom,"Under-, Nightwear",Red,All over pattern,1.1142525329382083,3.034657995393651,2.5384615384615383,51,false,true,true,false
1445,Divided || Dress || Dresses Ladies || White || Stripe,Divided,Dress,Dresses Ladies,White,Stripe,0.46109202210097816,3.0238109338414834,2.923076923076923,52,false,false,true,false
1446,Menswear || Polo shirt || Jersey Fancy || Black || Solid,Menswear,Polo shirt,Jersey Fancy,Black,Solid,1.894415388395521,3.022651592982756,1.5384615384615385,52,false,true,true,false
1447,Ladieswear || Shorts || Trousers || Blue || Denim,Ladieswear,Shorts,Trousers,Blue,Denim,0.8476630073661079,3.019401437202778,12.307692307692308,52,true,false,true,false
1448,Ladieswear || Skirt || Shorts || Khaki green || Solid,Ladieswear,Skirt,Shorts,Khaki green,Solid,2.278009874667679,3.0158088935880976,2.0,48,false,true,true,false
1449,Menswear || Sweater || Jersey Fancy || White || Front print,Menswear,Sweater,Jersey Fancy,White,Front print,0.9024404054130571,3.0073136281784185,2.8461538461538463,52,false,true,true,false
1450,Ladieswear || Blouse || Jersey Fancy || Green || Solid,Ladieswear,Blouse,Jersey Fancy,Green,Solid,0.5915447865615303,3.0037528900827413,1.7692307692307692,25,false,false,false,false
1451,Menswear || Sweater || Jersey Fancy || Grey || Placement print,Menswear,Sweater,Jersey Fancy,Grey,Placement print,0.7016147905452843,3.002607818233863,0.8461538461538461,44,false,false,true,false
1452,Menswear || T-shirt || Jersey Fancy || Black || Front print,Menswear,T-shirt,Jersey Fancy,Black,Front print,0.8227061246281748,2.999232544758917,5.153846153846154,51,false,false,true,false
1453,Ladieswear || Dress || Special Offers || Brown || All over pattern,Ladieswear,Dress,Special Offers,Brown,All over pattern,1.4540944754338638,2.9948445710410434,2.3076923076923075,52,false,true,true,false
1454,Ladieswear || Heeled sandals || Shoes || White || Solid,Ladieswear,Heeled sandals,Shoes,White,Solid,1.6144787786074224,2.9909423659033596,3.4615384615384617,44,false,true,true,false
1455,Menswear || Shirt || Shirts || Blue || Chambray,Menswear,Shirt,Shirts,Blue,Chambray,1.393142599946279,2.989929554095134,3.3846153846153846,52,false,true,true,false
1456,Ladieswear || Scarf || Accessories || Blue || Solid,Ladieswear,Scarf,Accessories,Blue,Solid,1.1718630183103595,2.9869838983673898,1.9230769230769231,52,false,true,true,false
1457,Divided || Hat/brim || Accessories || Black || Solid,Divided,Hat/brim,Accessories,Black,Solid,1.1220566860465113,2.983811283787041,4.6923076923076925,52,false,true,true,false
1458,Ladieswear || Ring || Accessories || Orange || Solid,Ladieswear,Ring,Accessories,Orange,Solid,0.9605117691886611,2.979558944991937,1.6153846153846154,42,false,true,true,false
1459,Ladieswear || Skirt || Shorts || Blue || Solid,Ladieswear,Skirt,Shorts,Blue,Solid,1.6967897674727423,2.9780318426135874,1.5384615384615385,48,false,true,true,false
1460,Ladieswear || Shorts || Shorts || White || Solid,Ladieswear,Shorts,Shorts,White,Solid,1.0881259863899404,2.967321862369653,7.538461538461538,52,false,true,true,false
1461,Ladieswear || Trousers || Jersey Fancy || Green || Solid,Ladieswear,Trousers,Jersey Fancy,Green,Solid,,2.965720011252144,3.6153846153846154,33,false,false,true,false
1462,Menswear || Trousers || Trousers || Mole || Check,Menswear,Trousers,Trousers,Mole,Check,1.0119661997391256,2.9625778872418476,1.6923076923076923,45,false,true,true,false
1463,Ladieswear || Hair string || Accessories || Beige || Solid,Ladieswear,Hair string,Accessories,Beige,Solid,0.9963345551482838,2.9608831249157785,3.923076923076923,38,false,true,true,false
1464,Divided || Hair/alice band || Accessories || Orange || Solid,Divided,Hair/alice band,Accessories,Orange,Solid,,2.958107328413651,3.5384615384615383,37,false,false,true,false
1465,Ladieswear || Belt || Accessories || Metal || Solid,Ladieswear,Belt,Accessories,Metal,Solid,0.8920441016875235,2.946271839894635,1.6153846153846154,21,false,true,false,false
1466,Sport || Hoodie || Outdoor || Grey || Melange,Sport,Hoodie,Outdoor,Grey,Melange,0.9725539824408763,2.943074030058456,2.769230769230769,51,false,true,true,false
1467,Divided || Hair/alice band || Accessories || Pink || Solid,Divided,Hair/alice band,Accessories,Pink,Solid,0.9399972156480578,2.942492874540661,3.230769230769231,40,false,true,true,false
1468,Ladieswear || Top || Jersey Basic || Blue || Stripe,Ladieswear,Top,Jersey Basic,Blue,Stripe,0.5410000599197077,2.9362733436040207,1.9230769230769231,52,false,false,true,false
1469,Ladieswear || Blouse || Blouses || Unknown || All over pattern,Ladieswear,Blouse,Blouses,Unknown,All over pattern,2.6725214676034343,2.935212106496393,3.8461538461538463,39,false,true,true,false
1470,Divided || Hair/alice band || Accessories || Yellow || All over pattern,Divided,Hair/alice band,Accessories,Yellow,All over pattern,1.0961342510761296,2.9285198267595907,1.7692307692307692,44,false,true,true,false
1471,Menswear || T-shirt || Jersey Fancy || Blue || Solid,Menswear,T-shirt,Jersey Fancy,Blue,Solid,1.335389360061681,2.9266741377333036,1.1538461538461537,43,false,true,true,false
1472,Menswear || Trousers || Trousers Denim || Turquoise || Denim,Menswear,Trousers,Trousers Denim,Turquoise,Denim,0.6135594387289495,2.926576801878414,3.6923076923076925,52,false,false,true,false
1473,Ladieswear || Dress || Blouses || Pink || Solid,Ladieswear,Dress,Blouses,Pink,Solid,0.8318908122503329,2.9261640589269384,17.153846153846153,50,true,false,true,false
1474,Menswear || T-shirt || Jersey Fancy || White || Stripe,Menswear,T-shirt,Jersey Fancy,White,Stripe,1.5005005005005,2.9238524308155176,1.9230769230769231,37,false,true,true,false
1475,Divided || Skirt || Skirts || Red || Solid,Divided,Skirt,Skirts,Red,Solid,0.5320089342280812,2.920505392811541,3.3076923076923075,52,false,false,true,false
1476,Divided || Blouse || Blouses || White || Lace,Divided,Blouse,Blouses,White,Lace,1.395655546935609,2.910950154354282,0.23076923076923078,37,false,true,true,false
1477,Ladieswear || Bikini top || Swimwear || Red || Lace,Ladieswear,Bikini top,Swimwear,Red,Lace,0.9829829829829829,2.9096626570258994,2.3076923076923075,52,false,true,true,false
1478,Ladieswear || Shorts || Shorts || Beige || Solid,Ladieswear,Shorts,Shorts,Beige,Solid,0.4912081352216396,2.9093798694712754,8.76923076923077,52,false,false,true,false
1479,Ladieswear || Dress || Jersey Fancy || White || Stripe,Ladieswear,Dress,Jersey Fancy,White,Stripe,0.6063455374446826,2.904443590990405,4.230769230769231,52,false,false,true,false
1480,Divided || Blouse || Blouses || Turquoise || Solid,Divided,Blouse,Blouses,Turquoise,Solid,0.9886363636363636,2.9031853665329064,1.7692307692307692,51,false,true,true,false
1481,Menswear || Shirt || Shirts || Grey || Check,Menswear,Shirt,Shirts,Grey,Check,1.0732716419795976,2.902676952233417,1.3076923076923077,51,false,true,true,false
1482,Menswear || Shirt || Shirts || Grey || Solid,Menswear,Shirt,Shirts,Grey,Solid,0.9440207123364354,2.901410133123505,2.0,47,false,true,true,false
1483,Ladieswear || Shorts || Jersey Fancy || Black || Solid,Ladieswear,Shorts,Jersey Fancy,Black,Solid,1.6439144736842104,2.9000136045257334,6.769230769230769,52,false,true,true,false
1484,Ladieswear || Hair/alice band || Accessories || Pink || All over pattern,Ladieswear,Hair/alice band,Accessories,Pink,All over pattern,1.376466816459665,2.899772486885432,7.230769230769231,52,false,true,true,false
1485,Divided || Sunglasses || Accessories || Black || Solid,Divided,Sunglasses,Accessories,Black,Solid,0.9044624717477908,2.898037357085299,6.923076923076923,52,false,true,true,false
1486,"Menswear || Underwear bottom || Under-, Nightwear || Red || Solid",Menswear,Underwear bottom,"Under-, Nightwear",Red,Solid,1.0,2.8959493773556546,0.9230769230769231,49,false,true,true,false
1487,Menswear || Trousers || Trousers || Unknown || Check,Menswear,Trousers,Trousers,Unknown,Check,0.722014742014742,2.886415493832998,2.923076923076923,43,false,false,true,false
1488,Menswear || T-shirt || Jersey Fancy || Red || Solid,Menswear,T-shirt,Jersey Fancy,Red,Solid,0.8098041900588797,2.8799903817534087,1.2307692307692308,48,false,false,true,false
1489,"Menswear || Underwear bottom || Under-, Nightwear || Blue || Mixed solid/pattern",Menswear,Underwear bottom,"Under-, Nightwear",Blue,Mixed solid/pattern,1.3040042149631188,2.87293363158313,6.0,52,false,true,true,false
1490,Divided || Vest top || Jersey Basic || Lilac Purple || Solid,Divided,Vest top,Jersey Basic,Lilac Purple,Solid,1.0212054103440058,2.8603146736652607,3.4615384615384617,39,false,true,true,false
1491,Menswear || Jacket || Outdoor || Brown || Solid,Menswear,Jacket,Outdoor,Brown,Solid,1.187885051443027,2.856192299554935,3.6923076923076925,52,false,true,true,false
1492,Ladieswear || Scarf || Accessories || Mole || Solid,Ladieswear,Scarf,Accessories,Mole,Solid,1.405667674565783,2.8514063355618187,1.6153846153846154,52,false,true,true,false
1493,Ladieswear || Shorts || Shorts || Green || Solid,Ladieswear,Shorts,Shorts,Green,Solid,0.7535959974984364,2.8513697520993926,3.4615384615384617,43,false,false,true,false
1494,Ladieswear || T-shirt || Jersey Fancy || Unknown || Solid,Ladieswear,T-shirt,Jersey Fancy,Unknown,Solid,0.6686466855747321,2.8501893247575785,1.9230769230769231,52,false,false,true,false
1495,Menswear || T-shirt || Jersey Fancy || Pink || Placement print,Menswear,T-shirt,Jersey Fancy,Pink,Placement print,1.2840347201671332,2.8371009902332998,4.153846153846154,48,false,true,true,false
1496,Ladieswear || Sandals || Shoes || Brown || Solid,Ladieswear,Sandals,Shoes,Brown,Solid,1.048795295795246,2.8256477610237365,8.153846153846153,50,false,true,true,false
1497,Ladieswear || Top || Jersey Fancy || Yellow || All over pattern,Ladieswear,Top,Jersey Fancy,Yellow,All over pattern,1.3542112387023535,2.82147497726625,1.5384615384615385,52,false,true,true,false
1498,Divided || T-shirt || Jersey Fancy || Pink || Placement print,Divided,T-shirt,Jersey Fancy,Pink,Placement print,0.6977410807296217,2.820705753516659,2.8461538461538463,48,false,false,true,false
1499,Divided || Blouse || Blouses || Green || All over pattern,Divided,Blouse,Blouses,Green,All over pattern,0.5392068818830648,2.818899338963481,2.3076923076923075,52,false,false,true,false
1500,"Baby/Children || Kids Underwear top || Under-, Nightwear || Black || Solid",Baby/Children,Kids Underwear top,"Under-, Nightwear",Black,Solid,1.048857914602441,2.8152369524597116,2.4615384615384617,52,false,true,true,false
1501,Ladieswear || Top || Dresses Ladies || Black || Solid,Ladieswear,Top,Dresses Ladies,Black,Solid,1.0658333333333332,2.811128080137026,0.3076923076923077,30,false,true,true,false
1502,Baby/Children || Sweater || Jersey Basic || Black || Solid,Baby/Children,Sweater,Jersey Basic,Black,Solid,1.7057935286978971,2.8070560990341735,3.6153846153846154,42,false,true,true,false
1503,Ladieswear || Hair/alice band || Accessories || Pink || Glittering/Metallic,Ladieswear,Hair/alice band,Accessories,Pink,Glittering/Metallic,1.105022041663065,2.8041280727661664,2.6923076923076925,47,false,true,true,false
1504,Ladieswear || Hair/alice band || Accessories || Blue || All over pattern,Ladieswear,Hair/alice band,Accessories,Blue,All over pattern,1.4920634920634919,2.8009125829259145,2.8461538461538463,43,false,true,true,false
1505,Ladieswear || Shorts || Shorts || Blue || Solid,Ladieswear,Shorts,Shorts,Blue,Solid,0.7799975481920067,2.800904379599567,9.23076923076923,52,false,false,true,false
1506,Menswear || Shirt || Shirts || Green || Stripe,Menswear,Shirt,Shirts,Green,Stripe,1.0938012975846165,2.791399018927756,1.2307692307692308,51,false,true,true,false
1507,Menswear || Gloves || Accessories || Black || Solid,Menswear,Gloves,Accessories,Black,Solid,1.0675075757057548,2.7857300911815837,1.5384615384615385,42,false,true,true,false
1508,Divided || Dress || Dresses Ladies || Red || Embroidery,Divided,Dress,Dresses Ladies,Red,Embroidery,0.6984003727286846,2.779994192143116,1.3846153846153846,51,false,false,true,false
1509,Divided || Shorts || Shorts || White || Solid,Divided,Shorts,Shorts,White,Solid,0.5877502944640753,2.7764463554353633,1.0,37,false,false,true,false
1510,Divided || Shirt || Blouses || Blue || Denim,Divided,Shirt,Blouses,Blue,Denim,1.0031043897816951,2.7729485427502834,3.0,37,false,true,true,false
1511,Ladieswear || Coat || Outdoor || Grey || Solid,Ladieswear,Coat,Outdoor,Grey,Solid,0.68340480185611,2.7727040594868155,1.9230769230769231,51,false,false,true,false
1512,Divided || T-shirt || Jersey Fancy || Lilac Purple || Solid,Divided,T-shirt,Jersey Fancy,Lilac Purple,Solid,0.9167978860111127,2.7711607920222163,3.4615384615384617,34,false,true,true,false
1513,Divided || Blouse || Blouses || Blue || Solid,Divided,Blouse,Blouses,Blue,Solid,1.4126259807246984,2.767829419139372,3.3846153846153846,52,false,true,true,false
1514,Divided || Shorts || Jersey Basic || Orange || Solid,Divided,Shorts,Jersey Basic,Orange,Solid,1.0811688311688312,2.7673629585333397,1.9230769230769231,39,false,true,true,false
1515,Divided || Shirt || Blouses || Lilac Purple || Solid,Divided,Shirt,Blouses,Lilac Purple,Solid,0.6905155483897919,2.766399988897252,1.6923076923076923,37,false,false,true,false
1516,Divided || Cap/peaked || Accessories || Black || Solid,Divided,Cap/peaked,Accessories,Black,Solid,0.8328238759517591,2.762691976956028,0.38461538461538464,33,false,false,true,false
1517,Menswear || Jacket || Outdoor || Blue || Solid,Menswear,Jacket,Outdoor,Blue,Solid,1.553516760690837,2.7618981385809995,4.3076923076923075,51,false,true,true,false
1518,Ladieswear || Bag || Accessories || Yellow || Solid,Ladieswear,Bag,Accessories,Yellow,Solid,0.5650032652060217,2.756289347116615,5.153846153846154,52,false,false,true,false
1519,"Ladieswear || Underwear bottom || Under-, Nightwear || Orange || Lace",Ladieswear,Underwear bottom,"Under-, Nightwear",Orange,Lace,1.8452859218736644,2.7549194045901135,1.1538461538461537,32,false,true,true,false
1520,Ladieswear || Scarf || Accessories || White || Solid,Ladieswear,Scarf,Accessories,White,Solid,0.7282482498811589,2.7544883134562967,2.3846153846153846,52,false,false,true,false
1521,Baby/Children || Garment Set || Jersey Fancy || White || Solid,Baby/Children,Garment Set,Jersey Fancy,White,Solid,1.0434666202594343,2.751042461831073,0.6923076923076923,32,false,true,true,false
1522,Ladieswear || Hat/beanie || Accessories || Yellow || Solid,Ladieswear,Hat/beanie,Accessories,Yellow,Solid,0.28234011627906974,2.749334902467274,1.8461538461538463,45,false,false,true,false
1523,Ladieswear || Bag || Accessories || Beige || All over pattern,Ladieswear,Bag,Accessories,Beige,All over pattern,0.7123561780890445,2.749197453334853,2.6923076923076925,46,false,false,true,false
1524,Sport || Trousers || Outdoor || Grey || Melange,Sport,Trousers,Outdoor,Grey,Melange,1.0911586676810108,2.7386270972651072,2.6153846153846154,51,false,true,true,false
1525,Ladieswear || Swimwear bottom || Swimwear || White || Lace,Ladieswear,Swimwear bottom,Swimwear,White,Lace,1.038456210461802,2.726492919119023,1.0,32,false,true,true,false
1526,"Ladieswear || Night gown || Under-, Nightwear || Pink || Lace",Ladieswear,Night gown,"Under-, Nightwear",Pink,Lace,1.0507710795113157,2.7213347044084526,2.4615384615384617,34,false,true,true,false
1527,Divided || Dress || Dresses Ladies || Blue || Embroidery,Divided,Dress,Dresses Ladies,Blue,Embroidery,2.5338477134489756,2.700266576879775,3.3076923076923075,52,false,true,true,false
1528,Ladieswear || Blouse || Blouses || Blue || Jacquard,Ladieswear,Blouse,Blouses,Blue,Jacquard,1.6535677352637015,2.6939312341127324,1.9230769230769231,49,false,true,true,false
1529,Ladieswear || Heeled sandals || Shoes || Beige || Solid,Ladieswear,Heeled sandals,Shoes,Beige,Solid,0.34128673811221644,2.692144354194658,9.692307692307692,50,false,false,true,false
1530,Baby/Children || Jumpsuit/Playsuit || Jersey Fancy || White || Solid,Baby/Children,Jumpsuit/Playsuit,Jersey Fancy,White,Solid,1.096247341500712,2.684705772916385,1.8461538461538463,42,false,true,true,false
1531,Menswear || Polo shirt || Jersey Fancy || Blue || Solid,Menswear,Polo shirt,Jersey Fancy,Blue,Solid,1.0267131821579865,2.680077227910765,3.6923076923076925,49,false,true,true,false
1532,Ladieswear || Sunglasses || Accessories || Beige || Solid,Ladieswear,Sunglasses,Accessories,Beige,Solid,1.0399737876802098,2.6779816253364315,1.1538461538461537,50,false,true,true,false
1533,Menswear || Cap/peaked || Accessories || Black || Solid,Menswear,Cap/peaked,Accessories,Black,Solid,1.0547069108309561,2.6727739119410177,3.8461538461538463,46,false,true,true,false
1534,Menswear || T-shirt || Jersey Fancy || Beige || Solid,Menswear,T-shirt,Jersey Fancy,Beige,Solid,0.9051002014632595,2.6698188208075555,2.6153846153846154,36,false,true,true,false
1535,Ladieswear || Sweater || Knitwear || Red || Jacquard,Ladieswear,Sweater,Knitwear,Red,Jacquard,0.28435410995025584,2.651238285988233,0.6153846153846154,38,false,false,true,false
1536,Baby/Children || Trousers || Trousers Denim || Black || Denim,Baby/Children,Trousers,Trousers Denim,Black,Denim,1.0829477474916192,2.651072848071794,16.76923076923077,52,true,true,true,true
1537,Menswear || Shirt || Shirts || White || All over pattern,Menswear,Shirt,Shirts,White,All over pattern,1.9066030814380042,2.6506337116757903,7.538461538461538,49,false,true,true,false
1538,Baby/Children || Socks || Socks and Tights || Black || Solid,Baby/Children,Socks,Socks and Tights,Black,Solid,1.0405414350013238,2.6493127580351215,3.6923076923076925,51,false,true,true,false
1539,Menswear || T-shirt || Jersey Basic || Lilac Purple || Solid,Menswear,T-shirt,Jersey Basic,Lilac Purple,Solid,1.0049228015215934,2.647499898165846,0.7692307692307693,28,false,true,true,false
1540,Menswear || Blazer || Dressed || Blue || Solid,Menswear,Blazer,Dressed,Blue,Solid,0.8891885104754618,2.64640448339103,5.384615384615385,51,false,true,true,false
1541,Ladieswear || Earring || Accessories || Turquoise || Solid,Ladieswear,Earring,Accessories,Turquoise,Solid,0.6786355475763016,2.6460064201547344,2.1538461538461537,46,false,false,true,false
1542,Ladieswear || Dress || Blouses || Yellow || All over pattern,Ladieswear,Dress,Blouses,Yellow,All over pattern,0.7283952775034737,2.6448892491192653,3.923076923076923,35,false,false,true,false
1543,Divided || Dress || Dresses Ladies || Turquoise || Embroidery,Divided,Dress,Dresses Ladies,Turquoise,Embroidery,0.7172947938562445,2.6386708119019895,3.5384615384615383,52,false,false,true,false
1544,Menswear || Blazer || Dressed || Grey || Melange,Menswear,Blazer,Dressed,Grey,Melange,0.7948538518905456,2.633662635138411,5.769230769230769,52,false,false,true,false
1545,Menswear || Trousers || Trousers || Grey || Check,Menswear,Trousers,Trousers,Grey,Check,1.2245814618211512,2.632091928687031,1.9230769230769231,49,false,true,true,false
1546,Ladieswear || Earring || Accessories || Red || Solid,Ladieswear,Earring,Accessories,Red,Solid,0.7698327747460035,2.6315304224190013,3.0,50,false,false,true,false
1547,Divided || Dress || Dresses Ladies || Lilac Purple || All over pattern,Divided,Dress,Dresses Ladies,Lilac Purple,All over pattern,0.7800201946623647,2.6289273915570757,3.769230769230769,35,false,false,true,false
1548,"Baby/Children || Kids Underwear top || Under-, Nightwear || White || Solid",Baby/Children,Kids Underwear top,"Under-, Nightwear",White,Solid,0.9424637370051211,2.6273978252116605,4.538461538461538,52,false,true,true,false
1549,Ladieswear || Top || Blouses || Beige || Solid,Ladieswear,Top,Blouses,Beige,Solid,0.4845194085027727,2.619268887047524,3.4615384615384617,52,false,false,true,false
1550,Baby/Children || Trousers || Jersey Basic || Black || Solid,Baby/Children,Trousers,Jersey Basic,Black,Solid,1.1178743646552847,2.6161780094423874,4.384615384615385,52,false,true,true,false
1551,Ladieswear || Heeled sandals || Shoes || Brown || Solid,Ladieswear,Heeled sandals,Shoes,Brown,Solid,1.945643504803563,2.6135772837855082,4.153846153846154,52,false,true,true,false
1552,Ladieswear || Trousers || Trousers || Yellow || Solid,Ladieswear,Trousers,Trousers,Yellow,Solid,0.6306062654947038,2.611422429011121,4.461538461538462,52,false,false,true,false
1553,Ladieswear || Blouse || Blouses || Yellow || All over pattern,Ladieswear,Blouse,Blouses,Yellow,All over pattern,0.572492209734733,2.6105069928400932,4.538461538461538,52,false,false,true,false
1554,Ladieswear || Dress || Dresses Ladies || Blue || Stripe,Ladieswear,Dress,Dresses Ladies,Blue,Stripe,0.7540746297832323,2.6027077895988486,3.4615384615384617,51,false,false,true,false
1555,Divided || Blouse || Blouses || Yellow || All over pattern,Divided,Blouse,Blouses,Yellow,All over pattern,0.996534439389233,2.5994837913041247,2.769230769230769,52,false,true,true,false
1556,Menswear || Sweater || Jersey Fancy || Grey || Melange,Menswear,Sweater,Jersey Fancy,Grey,Melange,1.3563287342531494,2.5993494818104486,1.4615384615384615,51,false,true,true,false
1557,Menswear || T-shirt || Jersey Fancy || Khaki green || Solid,Menswear,T-shirt,Jersey Fancy,Khaki green,Solid,1.07380073800738,2.5926345080518067,3.3076923076923075,51,false,true,true,false
1558,Ladieswear || Trousers || Trousers || Brown || All over pattern,Ladieswear,Trousers,Trousers,Brown,All over pattern,0.512760858228957,2.5916535766755024,1.8461538461538463,52,false,false,true,false
1559,Ladieswear || Hair clip || Accessories || Metal || Glittering/Metallic,Ladieswear,Hair clip,Accessories,Metal,Glittering/Metallic,0.6826930630842956,2.590471573752699,5.384615384615385,47,false,false,true,false
1560,Menswear || Shorts || Jersey Basic || Khaki green || Solid,Menswear,Shorts,Jersey Basic,Khaki green,Solid,1.0012529583739385,2.5852608473294856,3.076923076923077,50,false,true,true,false
1561,Ladieswear || Wedge || Shoes || White || Solid,Ladieswear,Wedge,Shoes,White,Solid,0.7141495950452597,2.583195550256861,1.5384615384615385,30,false,false,true,false
1562,Divided || Top || Blouses || White || Solid,Divided,Top,Blouses,White,Solid,0.7409162890778883,2.577417221231699,3.0,33,false,false,true,false
1563,Menswear || Necklace || Accessories || Metal || Solid,Menswear,Necklace,Accessories,Metal,Solid,1.0571087237806533,2.572999342142519,14.538461538461538,52,true,true,true,true
1564,Ladieswear || Scarf || Accessories || Orange || All over pattern,Ladieswear,Scarf,Accessories,Orange,All over pattern,0.6373307688840137,2.571933707360411,4.538461538461538,52,false,false,true,false
1565,Menswear || T-shirt || Jersey Fancy || White || Front print,Menswear,T-shirt,Jersey Fancy,White,Front print,0.81417428670346,2.56497774182549,9.307692307692308,52,false,false,true,false
1566,Menswear || T-shirt || Jersey Fancy || Beige || Placement print,Menswear,T-shirt,Jersey Fancy,Beige,Placement print,,2.5571246373917256,6.461538461538462,36,false,false,true,false
1567,Ladieswear || Dress || Blouses || Blue || All over pattern,Ladieswear,Dress,Blouses,Blue,All over pattern,2.106060304437994,2.5542915394716745,6.230769230769231,52,false,true,true,false
1568,Menswear || Swimwear bottom || Swimwear || Black || Solid,Menswear,Swimwear bottom,Swimwear,Black,Solid,1.1175244054357953,2.5495678667577355,4.615384615384615,52,false,true,true,false
1569,Ladieswear || Dress || Special Offers || Pink || All over pattern,Ladieswear,Dress,Special Offers,Pink,All over pattern,0.36699304516500064,2.549075926072977,1.5384615384615385,43,false,false,true,false
1570,Menswear || Shirt || Shirts || Khaki green || Check,Menswear,Shirt,Shirts,Khaki green,Check,1.1999067205614533,2.5473496547467596,2.076923076923077,51,false,true,true,false
1571,Menswear || T-shirt || Jersey Basic || Blue || Melange,Menswear,T-shirt,Jersey Basic,Blue,Melange,0.24056067221957217,2.5410027480319033,4.076923076923077,52,false,false,true,false
1572,Ladieswear || Heeled sandals || Shoes || Red || Solid,Ladieswear,Heeled sandals,Shoes,Red,Solid,1.5756938972069,2.5372839185000156,0.6923076923076923,21,false,true,false,false
1573,Menswear || Sweater || Jersey Fancy || Blue || Front print,Menswear,Sweater,Jersey Fancy,Blue,Front print,1.09644536420209,2.5357395872145196,3.3076923076923075,52,false,true,true,false
1574,Divided || Skirt || Trousers || Red || All over pattern,Divided,Skirt,Trousers,Red,All over pattern,0.7316699048982515,2.533905587024632,1.2307692307692308,35,false,false,true,false
1575,Divided || Hair/alice band || Accessories || Pink || All over pattern,Divided,Hair/alice band,Accessories,Pink,All over pattern,1.0,2.5295229915803485,4.846153846153846,45,false,true,true,false
1576,Ladieswear || Hair/alice band || Accessories || Brown || Solid,Ladieswear,Hair/alice band,Accessories,Brown,Solid,0.16289961311341886,2.526088937902113,1.9230769230769231,51,false,false,true,false
1577,Menswear || Tie || Accessories || Blue || Solid,Menswear,Tie,Accessories,Blue,Solid,1.2096997370969973,2.5227034825814867,3.923076923076923,51,false,true,true,false
1578,Ladieswear || Hair/alice band || Accessories || Green || All over pattern,Ladieswear,Hair/alice band,Accessories,Green,All over pattern,0.526007326007326,2.5223705474297176,3.769230769230769,51,false,false,true,false
1579,"Ladieswear || Underwear bottom || Under-, Nightwear || White || Lace",Ladieswear,Underwear bottom,"Under-, Nightwear",White,Lace,0.7529819063984635,2.5198199401488997,1.4615384615384615,49,false,false,true,false
1580,Ladieswear || Wedge || Shoes || Black || Solid,Ladieswear,Wedge,Shoes,Black,Solid,1.1734010963461676,2.509244899108519,12.846153846153847,52,true,true,true,true
1581,Ladieswear || T-shirt || Jersey Fancy || Orange || Solid,Ladieswear,T-shirt,Jersey Fancy,Orange,Solid,0.8667930112412058,2.5048746258882457,3.769230769230769,52,false,true,true,false
1582,Ladieswear || Pumps || Shoes || Beige || Solid,Ladieswear,Pumps,Shoes,Beige,Solid,1.1676769991272613,2.497576313326061,4.076923076923077,52,false,true,true,false
1583,Ladieswear || Bag || Accessories || Beige || Colour blocking,Ladieswear,Bag,Accessories,Beige,Colour blocking,0.8038255669027352,2.49604581037181,2.923076923076923,50,false,false,true,false
1584,Ladieswear || Sweater || Unknown || White || Solid,Ladieswear,Sweater,Unknown,White,Solid,0.871499235466735,2.4901644294698997,3.1538461538461537,52,false,true,true,false
1585,Menswear || Trousers || Jersey Fancy || Black || Colour blocking,Menswear,Trousers,Jersey Fancy,Black,Colour blocking,0.4538044688590305,2.4843218232929196,1.0,48,false,false,true,false
1586,Divided || Dress || Dresses Ladies || White || Lace,Divided,Dress,Dresses Ladies,White,Lace,0.5222768672350248,2.482271181628971,3.1538461538461537,52,false,false,true,false
1587,Ladieswear || Cap/peaked || Accessories || Black || Solid,Ladieswear,Cap/peaked,Accessories,Black,Solid,1.0464642545348724,2.474245409678818,3.0,45,false,true,true,false
1588,Ladieswear || Bag || Accessories || Orange || Solid,Ladieswear,Bag,Accessories,Orange,Solid,0.29051038230157195,2.470762619529165,2.076923076923077,51,false,false,true,false
1589,Menswear || Shirt || Shirts || Black || All over pattern,Menswear,Shirt,Shirts,Black,All over pattern,1.3616664723752172,2.4651717696145488,11.23076923076923,52,true,true,true,true
1590,Ladieswear || Vest top || Blouses || White || All over pattern,Ladieswear,Vest top,Blouses,White,All over pattern,1.054293975414687,2.4561416708477863,4.6923076923076925,52,false,true,true,false
1591,Menswear || T-shirt || Jersey Fancy || Green || Placement print,Menswear,T-shirt,Jersey Fancy,Green,Placement print,1.088235294117647,2.4538095232889128,2.0,35,false,true,true,false
1592,Ladieswear || Blouse || Blouses || Pink || All over pattern,Ladieswear,Blouse,Blouses,Pink,All over pattern,0.2551130043482658,2.4535589126904385,8.153846153846153,51,false,false,true,false
1593,Menswear || Hat/beanie || Accessories || Black || Solid,Menswear,Hat/beanie,Accessories,Black,Solid,0.35247239193958485,2.4507469497943326,2.3076923076923075,47,false,false,true,false
1594,Ladieswear || Vest top || Blouses || Orange || Solid,Ladieswear,Vest top,Blouses,Orange,Solid,1.22611487949199,2.4496824468784992,4.076923076923077,51,false,true,true,false
1595,Ladieswear || Other shoe || Shoes || Beige || Solid,Ladieswear,Other shoe,Shoes,Beige,Solid,1.2682131206959044,2.445548657406916,1.2307692307692308,47,false,true,true,false
1596,Ladieswear || Trousers || Trousers || Blue || All over pattern,Ladieswear,Trousers,Trousers,Blue,All over pattern,0.7239289446185999,2.442750142190899,6.6923076923076925,52,false,false,true,false
1597,Menswear || Polo shirt || Knitwear || Blue || Solid,Menswear,Polo shirt,Knitwear,Blue,Solid,0.828480208541466,2.4384647588050297,4.461538461538462,50,false,false,true,false
1598,Ladieswear || Dress || Special Offers || Orange || All over pattern,Ladieswear,Dress,Special Offers,Orange,All over pattern,0.2533817898603785,2.430556346501053,4.3076923076923075,46,false,false,true,false
1599,Baby/Children || Bodysuit || Jersey Fancy || White || Solid,Baby/Children,Bodysuit,Jersey Fancy,White,Solid,1.263350524039261,2.423600324302274,3.3846153846153846,52,false,true,true,false
1600,Baby/Children || Socks || Socks and Tights || Grey || All over pattern,Baby/Children,Socks,Socks and Tights,Grey,All over pattern,0.984111827272486,2.41449466075137,4.615384615384615,52,false,true,true,false
1601,Ladieswear || Sweater || Unknown || Beige || Solid,Ladieswear,Sweater,Unknown,Beige,Solid,0.5926357395464945,2.4103986195256644,0.9230769230769231,46,false,false,true,false
1602,Ladieswear || Trousers || Unknown || Red || Solid,Ladieswear,Trousers,Unknown,Red,Solid,1.5286543149489187,2.409399759346246,1.5384615384615385,41,false,true,true,false
1603,Ladieswear || Vest top || Blouses || Blue || All over pattern,Ladieswear,Vest top,Blouses,Blue,All over pattern,1.147930544329552,2.4081589217468142,4.0,49,false,true,true,false
1604,Divided || Vest top || Blouses || Pink || Solid,Divided,Vest top,Blouses,Pink,Solid,0.5235951008645534,2.408024186480677,4.923076923076923,52,false,false,true,false
1605,Ladieswear || Heeled sandals || Shoes || Orange || Solid,Ladieswear,Heeled sandals,Shoes,Orange,Solid,1.3625280799616344,2.406812648500903,4.0,52,false,true,true,false
1606,Ladieswear || Skirt || Unknown || Black || Solid,Ladieswear,Skirt,Unknown,Black,Solid,4.555487116312494,2.401771921582272,3.1538461538461537,51,false,true,true,false
1607,Menswear || Beanie || Accessories || Black || Solid,Menswear,Beanie,Accessories,Black,Solid,0.8455303169078586,2.3996408290627262,1.0769230769230769,32,false,false,true,false
1608,Ladieswear || Shorts || Trousers Denim || Blue || Denim,Ladieswear,Shorts,Trousers Denim,Blue,Denim,1.4759292593517195,2.3992078768503147,4.769230769230769,51,false,true,true,false
1609,Ladieswear || Dress || Blouses || Pink || All over pattern,Ladieswear,Dress,Blouses,Pink,All over pattern,0.9205847271920334,2.3979774820636504,5.230769230769231,45,false,true,true,false
1610,Ladieswear || Shorts || Trousers || White || Solid,Ladieswear,Shorts,Trousers,White,Solid,0.5084362531614097,2.395856950808434,4.769230769230769,52,false,false,true,false
1611,"Menswear || Underwear bottom || Under-, Nightwear || Turquoise || All over pattern",Menswear,Underwear bottom,"Under-, Nightwear",Turquoise,All over pattern,0.9677384837622386,2.392989784979192,1.0,33,false,true,true,false
1612,Ladieswear || Shorts || Shorts || Orange || Solid,Ladieswear,Shorts,Shorts,Orange,Solid,1.043710351230079,2.39054673347146,3.230769230769231,51,false,true,true,false
1613,Ladieswear || Dress || Blouses || Blue || Denim,Ladieswear,Dress,Blouses,Blue,Denim,0.3785261788617887,2.3893533963411553,8.23076923076923,52,false,false,true,false
1614,Sport || Shorts || Jersey Fancy || Blue || Solid,Sport,Shorts,Jersey Fancy,Blue,Solid,0.9370946315542705,2.3877084868586973,1.7692307692307692,50,false,true,true,false
1615,Ladieswear || Shorts || Trousers || Pink || Solid,Ladieswear,Shorts,Trousers,Pink,Solid,0.5158874097718452,2.3861232965020136,4.230769230769231,50,false,false,true,false
1616,Baby/Children || Socks || Socks and Tights || Grey || Solid,Baby/Children,Socks,Socks and Tights,Grey,Solid,0.9636739672270246,2.379055674833856,3.4615384615384617,52,false,true,true,false
1617,Ladieswear || Vest top || Blouses || Blue || Solid,Ladieswear,Vest top,Blouses,Blue,Solid,0.4875367563438161,2.375061712090611,4.230769230769231,52,false,false,true,false
1618,Divided || Trousers || Trousers || Beige || All over pattern,Divided,Trousers,Trousers,Beige,All over pattern,0.5204707957610208,2.366124158081485,3.5384615384615383,52,false,false,true,false
1619,Menswear || Trousers || Trousers || White || Check,Menswear,Trousers,Trousers,White,Check,0.7179579796520379,2.3646938493491314,3.4615384615384617,47,false,false,true,false
1620,Ladieswear || Dress || Jersey Fancy || Pink || Lace,Ladieswear,Dress,Jersey Fancy,Pink,Lace,0.43596063820682085,2.362455740509799,9.0,52,false,false,true,false
1621,Ladieswear || Trousers || Jersey Fancy || White || All over pattern,Ladieswear,Trousers,Jersey Fancy,White,All over pattern,1.0327126321087066,2.358884917133293,2.076923076923077,43,false,true,true,false
1622,Ladieswear || Shirt || Unknown || Black || Solid,Ladieswear,Shirt,Unknown,Black,Solid,2.6303671342070976,2.351632149942334,1.9230769230769231,46,false,true,true,false
1623,Ladieswear || Wedge || Shoes || Beige || Solid,Ladieswear,Wedge,Shoes,Beige,Solid,1.0241883585331222,2.3491574928809107,5.230769230769231,52,false,true,true,false
1624,Divided || Sandals || Shoes || Black || Solid,Divided,Sandals,Shoes,Black,Solid,0.3473658389522317,2.3445115816796274,2.076923076923077,50,false,false,true,false
1625,Menswear || Hoodie || Outdoor || Brown || Solid,Menswear,Hoodie,Outdoor,Brown,Solid,0.8975311720698255,2.343555450636996,0.8461538461538461,33,false,true,true,false
1626,Divided || Shorts || Shorts || Khaki green || Solid,Divided,Shorts,Shorts,Khaki green,Solid,0.7130384167636786,2.3428625332234763,6.230769230769231,51,false,false,true,false
1627,Menswear || Cardigan || Knitwear || Grey || Melange,Menswear,Cardigan,Knitwear,Grey,Melange,0.9735478592855195,2.341965231231866,1.6923076923076923,49,false,true,true,false
1628,Menswear || Trousers || Trousers || Blue || Other structure,Menswear,Trousers,Trousers,Blue,Other structure,1.1137313155695852,2.341608747162437,2.6153846153846154,51,false,true,true,false
1629,Menswear || Shorts || Jersey Basic || Blue || Melange,Menswear,Shorts,Jersey Basic,Blue,Melange,0.9401648111253362,2.3401020584610186,3.4615384615384617,52,false,true,true,false
1630,Menswear || Trousers || Trousers || Black || Melange,Menswear,Trousers,Trousers,Black,Melange,1.024772369877109,2.338035048567089,2.769230769230769,51,false,true,true,false
1631,Baby/Children || Hoodie || Jersey Basic || Grey || Melange,Baby/Children,Hoodie,Jersey Basic,Grey,Melange,1.0407502875044614,2.3310989141383383,3.3846153846153846,52,false,true,true,false
1632,Ladieswear || Dress || Dresses Ladies || Blue || Lace,Ladieswear,Dress,Dresses Ladies,Blue,Lace,1.170286261018833,2.3303580464577807,3.0,46,false,true,true,false
1633,Ladieswear || Shorts || Trousers || Blue || Solid,Ladieswear,Shorts,Trousers,Blue,Solid,0.5511319710586986,2.3300277155416116,10.23076923076923,52,true,false,true,false
1634,Ladieswear || Pumps || Shoes || Orange || Solid,Ladieswear,Pumps,Shoes,Orange,Solid,0.8607471615268867,2.3272918491672323,2.6153846153846154,52,false,true,true,false
1635,Ladieswear || Vest top || Blouses || White || Embroidery,Ladieswear,Vest top,Blouses,White,Embroidery,0.5831193088956339,2.3258632540070163,2.3846153846153846,52,false,false,true,false
1636,"Baby/Children || Underwear bottom || Under-, Nightwear || Black || Solid",Baby/Children,Underwear bottom,"Under-, Nightwear",Black,Solid,1.0110341288170386,2.325166171947989,5.230769230769231,51,false,true,true,false
1637,Divided || Vest top || Jersey Fancy || Yellow || Solid,Divided,Vest top,Jersey Fancy,Yellow,Solid,0.3220994131196342,2.3248141855931936,1.7692307692307692,52,false,false,true,false
1638,Ladieswear || Dress || Special Offers || Pink || Solid,Ladieswear,Dress,Special Offers,Pink,Solid,0.6258846392615185,2.3185803774582587,4.769230769230769,33,false,false,true,false
1639,Ladieswear || Blouse || Blouses || Unknown || Solid,Ladieswear,Blouse,Blouses,Unknown,Solid,0.6038990479069065,2.3173869465269767,0.5384615384615384,44,false,false,true,false
1640,Menswear || Hoodie || Outdoor || Blue || Solid,Menswear,Hoodie,Outdoor,Blue,Solid,1.0526454330086865,2.3111164664615673,0.9230769230769231,49,false,true,true,false
1641,Menswear || Vest top || Jersey Fancy || Black || Placement print,Menswear,Vest top,Jersey Fancy,Black,Placement print,0.611869031377899,2.299251273836642,1.7692307692307692,43,false,false,true,false
1642,"Baby/Children || Kids Underwear top || Under-, Nightwear || Grey || Solid",Baby/Children,Kids Underwear top,"Under-, Nightwear",Grey,Solid,1.1914201738477896,2.2980932624210237,2.923076923076923,52,false,true,true,false
1643,Ladieswear || Ballerinas || Shoes || Beige || Solid,Ladieswear,Ballerinas,Shoes,Beige,Solid,0.6150885296381831,2.2970729435722257,4.0,52,false,false,true,false
1644,Baby/Children || T-shirt || Jersey Basic || Black || Solid,Baby/Children,T-shirt,Jersey Basic,Black,Solid,1.4060563265321617,2.297067265881283,7.923076923076923,52,false,true,true,false
1645,Baby/Children || Jumpsuit/Playsuit || Jersey Fancy || White || All over pattern,Baby/Children,Jumpsuit/Playsuit,Jersey Fancy,White,All over pattern,1.4121058955131125,2.2963633362059235,2.923076923076923,52,false,true,true,false
1646,Baby/Children || Vest top || Jersey Basic || White || Solid,Baby/Children,Vest top,Jersey Basic,White,Solid,0.7986798195214897,2.296009397704103,6.615384615384615,52,false,false,true,false
1647,Menswear || Sneakers || Shoes || Black || Solid,Menswear,Sneakers,Shoes,Black,Solid,1.349214190988483,2.2934598319749533,6.461538461538462,52,false,true,true,false
1648,Ladieswear || Sandals || Shoes || White || Solid,Ladieswear,Sandals,Shoes,White,Solid,0.5930615837214079,2.291720858035713,6.230769230769231,52,false,false,true,false
1649,Ladieswear || Skirt || Trousers || Beige || Solid,Ladieswear,Skirt,Trousers,Beige,Solid,1.2383468890632097,2.2765861510405903,1.6153846153846154,51,false,true,true,false
1650,"Menswear || Underwear bottom || Under-, Nightwear || Blue || Check",Menswear,Underwear bottom,"Under-, Nightwear",Blue,Check,1.518822801192955,2.2763518200070343,3.8461538461538463,51,false,true,true,false
1651,Ladieswear || Trousers || Unknown || Blue || Solid,Ladieswear,Trousers,Unknown,Blue,Solid,0.9370931625266886,2.2733048013719293,2.0,51,false,true,true,false
1652,Baby/Children || Trousers || Trousers Denim || Grey || Denim,Baby/Children,Trousers,Trousers Denim,Grey,Denim,1.2821193847090817,2.271441588875104,9.384615384615385,52,false,true,true,false
1653,Ladieswear || Trousers || Unknown || Mole || Solid,Ladieswear,Trousers,Unknown,Mole,Solid,2.1569265727124187,2.261191616513196,1.7692307692307692,50,false,true,true,false
1654,Menswear || Polo shirt || Knitwear || Black || Solid,Menswear,Polo shirt,Knitwear,Black,Solid,1.3709640556266605,2.2552040267800986,2.923076923076923,50,false,true,true,false
1655,Ladieswear || Trousers || Unknown || Blue || Denim,Ladieswear,Trousers,Unknown,Blue,Denim,0.8262013031626781,2.2547444736068125,3.8461538461538463,52,false,false,true,false
1656,"Baby/Children || Underwear bottom || Under-, Nightwear || Pink || Solid",Baby/Children,Underwear bottom,"Under-, Nightwear",Pink,Solid,0.9127580030083448,2.2534427108942787,3.3846153846153846,51,false,true,true,false
1657,Ladieswear || Skirt || Skirts || White || Stripe,Ladieswear,Skirt,Skirts,White,Stripe,0.42784471218206155,2.250584418831371,2.923076923076923,51,false,false,true,false
1658,Baby/Children || Garment Set || Jersey Fancy || Red || All over pattern,Baby/Children,Garment Set,Jersey Fancy,Red,All over pattern,1.429184549356223,2.2504058504031312,0.6923076923076923,38,false,true,true,false
1659,Baby/Children || Bodysuit || Jersey Basic || White || Solid,Baby/Children,Bodysuit,Jersey Basic,White,Solid,2.0988333333333333,2.2450941559961546,4.461538461538462,52,false,true,true,false
1660,Sport || Bag || Accessories || Pink || Solid,Sport,Bag,Accessories,Pink,Solid,0.7379409647228221,2.2357843142129887,1.3846153846153846,49,false,false,true,false
1661,Ladieswear || Dress || Blouses || White || Embroidery,Ladieswear,Dress,Blouses,White,Embroidery,0.93087291718478,2.2312409631575765,4.6923076923076925,30,false,true,true,false
1662,Baby/Children || Shirt || Shirts || White || Solid,Baby/Children,Shirt,Shirts,White,Solid,0.9541898905923378,2.2286979397465565,13.076923076923077,52,true,true,true,true
1663,Baby/Children || Leggings/Tights || Jersey Fancy || Black || Check,Baby/Children,Leggings/Tights,Jersey Fancy,Black,Check,1.0255225352220514,2.2266681247389633,1.1538461538461537,28,false,true,true,false
1664,Baby/Children || Trousers || Jersey Basic || Grey || Melange,Baby/Children,Trousers,Jersey Basic,Grey,Melange,1.0192059553349875,2.223906879984212,3.8461538461538463,51,false,true,true,false
1665,Menswear || Other shoe || Shoes || Black || Solid,Menswear,Other shoe,Shoes,Black,Solid,1.1916733490821612,2.221441980252522,8.076923076923077,52,false,true,true,false
1666,Baby/Children || Garment Set || Jersey Fancy || Pink || All over pattern,Baby/Children,Garment Set,Jersey Fancy,Pink,All over pattern,0.8106849438607565,2.2145556682642678,4.846153846153846,52,false,false,true,false
1667,Ladieswear || Vest top || Knitwear || White || Solid,Ladieswear,Vest top,Knitwear,White,Solid,1.0363560962123306,2.1977932076587186,2.6923076923076925,52,false,true,true,false
1668,Ladieswear || Sunglasses || Accessories || Brown || Melange,Ladieswear,Sunglasses,Accessories,Brown,Melange,0.9700262314547708,2.1929123520610307,6.6923076923076925,50,false,true,true,false
1669,Baby/Children || Socks || Socks and Tights || Black || Other pattern,Baby/Children,Socks,Socks and Tights,Black,Other pattern,1.0997896379264709,2.1855671149909575,3.3846153846153846,52,false,true,true,false
1670,Menswear || Shirt || Shirts || Black || Check,Menswear,Shirt,Shirts,Black,Check,0.9364250819781837,2.1830442155687426,1.9230769230769231,51,false,true,true,false
1671,Menswear || Hat/beanie || Accessories || Grey || Melange,Menswear,Hat/beanie,Accessories,Grey,Melange,0.6993987975951904,2.181171851770929,1.8461538461538463,49,false,false,true,false
1672,Menswear || Shorts || Shorts || Blue || Denim,Menswear,Shorts,Shorts,Blue,Denim,0.8428149785528553,2.1786412558793713,17.615384615384617,52,true,false,true,false
1673,Menswear || Shirt || Shirts || Grey || Melange,Menswear,Shirt,Shirts,Grey,Melange,1.0442949897054759,2.172305694431286,2.6153846153846154,50,false,true,true,false
1674,Baby/Children || Garment Set || Jersey Fancy || Pink || Solid,Baby/Children,Garment Set,Jersey Fancy,Pink,Solid,1.448001345517744,2.159930250894363,2.1538461538461537,49,false,true,true,false
1675,Ladieswear || Ballerinas || Shoes || Yellow || Solid,Ladieswear,Ballerinas,Shoes,Yellow,Solid,0.909049567985448,2.159599686616046,1.3846153846153846,33,false,true,true,false
1676,Baby/Children || Trousers || Woven/Jersey/Knitted mix Baby || Black || Denim,Baby/Children,Trousers,Woven/Jersey/Knitted mix Baby,Black,Denim,1.1171504198612632,2.1589494155792157,1.6923076923076923,47,false,true,true,false
1677,Baby/Children || Vest top || Jersey Basic || Grey || Melange,Baby/Children,Vest top,Jersey Basic,Grey,Melange,1.0926732909681938,2.155731554961602,1.3846153846153846,50,false,true,true,false
1678,Ladieswear || Wedge || Shoes || Yellow || Solid,Ladieswear,Wedge,Shoes,Yellow,Solid,0.4561436900841914,2.1552414911802362,3.1538461538461537,34,false,false,true,false
1679,Ladieswear || Other accessories || Accessories || Green || All over pattern,Ladieswear,Other accessories,Accessories,Green,All over pattern,0.36856402024941354,2.151046139245873,3.769230769230769,46,false,false,true,false
1680,Ladieswear || Top || Jersey Fancy || Red || All over pattern,Ladieswear,Top,Jersey Fancy,Red,All over pattern,0.4994540491355777,2.1501025707879635,1.1538461538461537,49,false,false,true,false
1681,Divided || Blouse || Blouses || Pink || All over pattern,Divided,Blouse,Blouses,Pink,All over pattern,0.554447294592189,2.145831277965601,3.3076923076923075,52,false,false,true,false
1682,Ladieswear || Pumps || Shoes || Red || Solid,Ladieswear,Pumps,Shoes,Red,Solid,0.49968927413596465,2.133703651015658,1.0,44,false,false,true,false
1683,Divided || Shorts || Shorts || Pink || Solid,Divided,Shorts,Shorts,Pink,Solid,0.5829284881461329,2.105852195637556,5.3076923076923075,52,false,false,true,false
1684,Baby/Children || T-shirt || Jersey Basic || White || Solid,Baby/Children,T-shirt,Jersey Basic,White,Solid,0.5086573377679549,2.0982693678162443,11.615384615384615,52,true,false,true,false
1685,Baby/Children || Trousers || Trousers || Black || Solid,Baby/Children,Trousers,Trousers,Black,Solid,1.191673393204635,2.0928352066726976,12.923076923076923,52,true,true,true,true
1686,Menswear || Sneakers || Shoes || White || Solid,Menswear,Sneakers,Shoes,White,Solid,1.4821767573735867,2.0915407774109926,11.615384615384615,52,true,true,true,true
1687,Baby/Children || Hoodie || Jersey Fancy || White || Placement print,Baby/Children,Hoodie,Jersey Fancy,White,Placement print,1.1126798404380775,2.089358793047617,2.769230769230769,50,false,true,true,false
1688,Menswear || T-shirt || Jersey Fancy || Black || All over pattern,Menswear,T-shirt,Jersey Fancy,Black,All over pattern,0.9423559106460667,2.085087439952993,3.8461538461538463,40,false,true,true,false
1689,Ladieswear || Sandals || Shoes || Orange || Solid,Ladieswear,Sandals,Shoes,Orange,Solid,0.8648468708388815,2.0849217492127488,3.8461538461538463,51,false,true,true,false
1690,Baby/Children || Jacket || Outdoor || Black || Solid,Baby/Children,Jacket,Outdoor,Black,Solid,1.2446903969859364,2.0837783074425706,11.538461538461538,52,true,true,true,true
1691,Menswear || Ring || Accessories || Metal || Solid,Menswear,Ring,Accessories,Metal,Solid,0.9014705092153106,2.083424066088892,4.461538461538462,52,false,true,true,false
1692,Baby/Children || Dress || Jersey Fancy || Beige || All over pattern,Baby/Children,Dress,Jersey Fancy,Beige,All over pattern,1.5421587588988108,2.0804179718080347,1.7692307692307692,48,false,true,true,false
1693,Divided || Shorts || Shorts || Black || All over pattern,Divided,Shorts,Shorts,Black,All over pattern,0.5528702998407313,2.0755896404765655,5.846153846153846,52,false,false,true,false
1694,Baby/Children || Hoodie || Jersey Basic || Blue || Solid,Baby/Children,Hoodie,Jersey Basic,Blue,Solid,0.9631362663167345,2.0754471343251746,3.230769230769231,51,false,true,true,false
1695,Baby/Children || Hair clip || Accessories || Pink || Solid,Baby/Children,Hair clip,Accessories,Pink,Solid,1.0839465650202056,2.0754158266765277,3.3846153846153846,52,false,true,true,false
1696,Menswear || Sweater || Knitwear || Brown || Solid,Menswear,Sweater,Knitwear,Brown,Solid,1.5149343953153511,2.073498552797093,3.5384615384615383,52,false,true,true,false
1697,Ladieswear || Skirt || Jersey Fancy || Beige || Solid,Ladieswear,Skirt,Jersey Fancy,Beige,Solid,0.41078712994661515,2.071156512444819,1.6153846153846154,51,false,false,true,false
1698,Baby/Children || Blazer || Shirts || Black || Solid,Baby/Children,Blazer,Shirts,Black,Solid,0.6962730755834204,2.0707879801390994,1.4615384615384615,46,false,false,true,false
1699,Ladieswear || Top || Blouses || Red || Solid,Ladieswear,Top,Blouses,Red,Solid,0.8023471278567019,2.070305911704077,2.923076923076923,51,false,false,true,false
1700,Baby/Children || Dress || Dresses/Skirts girls || Pink || Application/3D,Baby/Children,Dress,Dresses/Skirts girls,Pink,Application/3D,1.3562789043045183,2.0672119013378087,2.0,39,false,true,true,false
1701,Ladieswear || Shorts || Trousers || Turquoise || Solid,Ladieswear,Shorts,Trousers,Turquoise,Solid,0.3718729392750822,2.065337703943101,3.6923076923076925,27,false,false,true,false
1702,Ladieswear || Sunglasses || Accessories || Brown || Solid,Ladieswear,Sunglasses,Accessories,Brown,Solid,0.3965234380611702,2.059097743427759,9.846153846153847,52,false,false,true,false
1703,Menswear || Sunglasses || Accessories || Metal || Solid,Menswear,Sunglasses,Accessories,Metal,Solid,0.8935092736832195,2.057911839901247,5.615384615384615,52,false,true,true,false
1704,Ladieswear || Sweater || Jersey Fancy || Grey || Front print,Ladieswear,Sweater,Jersey Fancy,Grey,Front print,0.43647444913267697,2.05776723996777,0.5384615384615384,43,false,false,true,false
1705,Ladieswear || Necklace || Accessories || Orange || Solid,Ladieswear,Necklace,Accessories,Orange,Solid,0.519485644752853,2.0553355778432625,3.3076923076923075,51,false,false,true,false
1706,Ladieswear || Vest top || Blouses || Beige || All over pattern,Ladieswear,Vest top,Blouses,Beige,All over pattern,0.7349043027168166,2.0548595220696644,5.846153846153846,52,false,false,true,false
1707,"Baby/Children || Pyjama set || Under-, Nightwear || White || All over pattern",Baby/Children,Pyjama set,"Under-, Nightwear",White,All over pattern,1.443518972903431,2.053713603335322,1.5384615384615385,44,false,true,true,false
1708,Menswear || T-shirt || Jersey Fancy || Grey || Placement print,Menswear,T-shirt,Jersey Fancy,Grey,Placement print,0.6714305730699174,2.0464103473256574,1.9230769230769231,52,false,false,true,false
1709,Ladieswear || Sunglasses || Accessories || Green || Solid,Ladieswear,Sunglasses,Accessories,Green,Solid,1.0520663277819646,2.044957384196666,1.7692307692307692,42,false,true,true,false
1710,Ladieswear || Sweater || Unknown || Red || Solid,Ladieswear,Sweater,Unknown,Red,Solid,1.0,2.044830840003384,1.1538461538461537,48,false,true,true,false
1711,Menswear || T-shirt || Jersey Fancy || Blue || Stripe,Menswear,T-shirt,Jersey Fancy,Blue,Stripe,0.6720167480809489,2.043539501664961,4.076923076923077,49,false,false,true,false
1712,Ladieswear || Dress || Blouses || Blue || Stripe,Ladieswear,Dress,Blouses,Blue,Stripe,0.477767708654909,2.0409134471822457,1.4615384615384615,40,false,false,true,false
1713,Ladieswear || Sandals || Shoes || Metal || Solid,Ladieswear,Sandals,Shoes,Metal,Solid,1.286075837589546,2.038731976149541,6.3076923076923075,37,false,true,true,false
1714,Menswear || T-shirt || Jersey Fancy || Yellow || Placement print,Menswear,T-shirt,Jersey Fancy,Yellow,Placement print,1.4734513274336283,2.0384924386997185,2.6153846153846154,42,false,true,true,false
1715,Ladieswear || Top || Blouses || Blue || Solid,Ladieswear,Top,Blouses,Blue,Solid,1.1805729653349135,2.0380567186331113,3.5384615384615383,42,false,true,true,false
1716,Ladieswear || Top || Blouses || Yellow || Solid,Ladieswear,Top,Blouses,Yellow,Solid,0.654236842233471,2.032520645913834,1.6153846153846154,48,false,false,true,false
1717,Ladieswear || Hair string || Accessories || White || Solid,Ladieswear,Hair string,Accessories,White,Solid,0.5900489723568189,2.0276191205112557,4.384615384615385,39,false,false,true,false
1718,Divided || Wallet || Accessories || Black || Solid,Divided,Wallet,Accessories,Black,Solid,1.0327282363853187,2.020447427637788,3.3846153846153846,37,false,true,true,false
1719,Ladieswear || Trousers || Trousers || Blue || Other structure,Ladieswear,Trousers,Trousers,Blue,Other structure,0.5718102124827138,2.016754573641166,3.0,50,false,false,true,false
1720,Ladieswear || Trousers || Jersey Fancy || Unknown || All over pattern,Ladieswear,Trousers,Jersey Fancy,Unknown,All over pattern,0.6662958843159066,2.011490625597939,2.769230769230769,43,false,false,true,false
1721,Baby/Children || Sweater || Jersey Fancy || Beige || All over pattern,Baby/Children,Sweater,Jersey Fancy,Beige,All over pattern,1.5005734935972974,2.0064920985475028,2.230769230769231,34,false,true,true,false
1722,Baby/Children || Garment Set || Jersey Fancy || Blue || Stripe,Baby/Children,Garment Set,Jersey Fancy,Blue,Stripe,1.6371155972318903,2.006337240775992,2.6153846153846154,52,false,true,true,false
1723,Baby/Children || Sweater || Jersey Fancy || White || Placement print,Baby/Children,Sweater,Jersey Fancy,White,Placement print,0.8550803730898987,2.0057719905919296,2.3076923076923075,44,false,true,true,false
1724,Baby/Children || Leggings/Tights || Jersey Basic || Black || Solid,Baby/Children,Leggings/Tights,Jersey Basic,Black,Solid,1.5478078000023627,1.9968271510290374,6.0,52,false,true,true,false
1725,Ladieswear || Top || Jersey Fancy || Blue || Lace,Ladieswear,Top,Jersey Fancy,Blue,Lace,0.6594280557279035,1.9957303394925145,1.7692307692307692,47,false,false,true,false
1726,Baby/Children || Underwear Tights || Socks and Tights || Black || Solid,Baby/Children,Underwear Tights,Socks and Tights,Black,Solid,1.2503128911138923,1.9860802300210025,3.6153846153846154,44,false,true,true,false
1727,Baby/Children || Trousers || Trousers Denim || Blue || Denim,Baby/Children,Trousers,Trousers Denim,Blue,Denim,1.0479868398845211,1.979444844629096,70.84615384615384,52,true,true,true,true
1728,Ladieswear || Bikini top || Swimwear || White || Lace,Ladieswear,Bikini top,Swimwear,White,Lace,0.9673783733016093,1.978534634302744,1.2307692307692308,30,false,true,true,false
1729,Baby/Children || Hoodie || Jersey Fancy || Black || Placement print,Baby/Children,Hoodie,Jersey Fancy,Black,Placement print,1.0,1.9747520840858832,1.7692307692307692,37,false,true,true,false
1730,Ladieswear || Sandals || Shoes || Red || Solid,Ladieswear,Sandals,Shoes,Red,Solid,0.763393546394936,1.9668078034365113,2.1538461538461537,52,false,false,true,false
1731,Ladieswear || Earring || Accessories || Blue || Solid,Ladieswear,Earring,Accessories,Blue,Solid,0.5757830605662406,1.9587487956486869,1.3846153846153846,44,false,false,true,false
1732,Baby/Children || Trousers || Jersey Fancy || Black || Solid,Baby/Children,Trousers,Jersey Fancy,Black,Solid,1.2712096885665984,1.9572922047712313,4.384615384615385,52,false,true,true,false
1733,Baby/Children || Sweater || Jersey Basic || Blue || Solid,Baby/Children,Sweater,Jersey Basic,Blue,Solid,0.8123195380173244,1.9538166989543488,2.230769230769231,52,false,false,true,false
1734,Ladieswear || Trousers || Jersey Fancy || Blue || Stripe,Ladieswear,Trousers,Jersey Fancy,Blue,Stripe,0.7243887338154392,1.9529212733056682,1.7692307692307692,42,false,false,true,false
1735,Baby/Children || Socks || Socks and Tights || Blue || All over pattern,Baby/Children,Socks,Socks and Tights,Blue,All over pattern,1.039021852237253,1.9469430416331854,4.846153846153846,51,false,true,true,false
1736,Baby/Children || Leggings/Tights || Jersey Fancy || Black || Solid,Baby/Children,Leggings/Tights,Jersey Fancy,Black,Solid,0.9732237539766702,1.9404395447037852,6.076923076923077,52,false,true,true,false
1737,Baby/Children || Garment Set || Woven/Jersey/Knitted mix Baby || Pink || All over pattern,Baby/Children,Garment Set,Woven/Jersey/Knitted mix Baby,Pink,All over pattern,1.3434736469755921,1.9386999818643798,3.0,39,false,true,true,false
1738,Baby/Children || Cardigan || Knitwear || White || Solid,Baby/Children,Cardigan,Knitwear,White,Solid,0.9072664359861591,1.9359333394174514,4.384615384615385,52,false,true,true,false
1739,Ladieswear || Sandals || Shoes || Pink || Solid,Ladieswear,Sandals,Shoes,Pink,Solid,0.9570747030077085,1.9301758646686356,8.538461538461538,52,false,true,true,false
1740,Baby/Children || Socks || Socks and Tights || White || Solid,Baby/Children,Socks,Socks and Tights,White,Solid,1.2445482866043613,1.926799757048928,5.384615384615385,51,false,true,true,false
1741,Ladieswear || Shirt || Unknown || White || Solid,Ladieswear,Shirt,Unknown,White,Solid,1.3113801906457128,1.9256677704742517,2.6153846153846154,50,false,true,true,false
1742,Menswear || Shirt || Shirts || White || Melange,Menswear,Shirt,Shirts,White,Melange,1.1865042560646344,1.9221656347798848,1.8461538461538463,36,false,true,true,false
1743,Divided || Flat shoe || Shoes || Black || Solid,Divided,Flat shoe,Shoes,Black,Solid,0.370064077988937,1.9214624008006873,0.9230769230769231,28,false,false,true,false
1744,Baby/Children || Underwear Tights || Socks and Tights || White || Solid,Baby/Children,Underwear Tights,Socks and Tights,White,Solid,0.9582811848143512,1.9153112206447016,3.1538461538461537,50,false,true,true,false
1745,"Baby/Children || Pyjama jumpsuit/playsuit || Under-, Nightwear || White || All over pattern",Baby/Children,Pyjama jumpsuit/playsuit,"Under-, Nightwear",White,All over pattern,0.748302505268087,1.9142258168331017,3.3846153846153846,52,false,false,true,false
1746,Ladieswear || Top || Blouses || White || All over pattern,Ladieswear,Top,Blouses,White,All over pattern,1.3264085273004136,1.914193054345608,1.8461538461538463,51,false,true,true,false
1747,Baby/Children || Sweater || Knitwear || Grey || Melange,Baby/Children,Sweater,Knitwear,Grey,Melange,1.1251042535446207,1.907637279572909,2.4615384615384617,45,false,true,true,false
1748,Baby/Children || Trousers || Woven/Jersey/Knitted mix Baby || Blue || Denim,Baby/Children,Trousers,Woven/Jersey/Knitted mix Baby,Blue,Denim,1.316881811137862,1.9046552964544898,13.461538461538462,52,true,true,true,true
1749,Baby/Children || Garment Set || Jersey Fancy || White || Front print,Baby/Children,Garment Set,Jersey Fancy,White,Front print,1.561108084724581,1.9030830791034914,1.7692307692307692,50,false,true,true,false
1750,Baby/Children || Trousers || Jersey Fancy || Grey || Treatment,Baby/Children,Trousers,Jersey Fancy,Grey,Treatment,1.0505545139957653,1.89983687807849,3.230769230769231,49,false,true,true,false
1751,Ladieswear || Hat/brim || Accessories || Beige || Solid,Ladieswear,Hat/brim,Accessories,Beige,Solid,0.4834543987086361,1.89315374635057,12.307692307692308,49,true,false,true,false
1752,Baby/Children || Dress || Dresses/Skirts girls || Pink || Solid,Baby/Children,Dress,Dresses/Skirts girls,Pink,Solid,1.1933292904790782,1.8901673455977805,3.6153846153846154,49,false,true,true,false
1753,"Baby/Children || Pyjama jumpsuit/playsuit || Under-, Nightwear || Pink || All over pattern",Baby/Children,Pyjama jumpsuit/playsuit,"Under-, Nightwear",Pink,All over pattern,0.8120060001153869,1.8821366949421243,5.538461538461538,52,false,false,true,false
1754,Ladieswear || Heeled sandals || Shoes || Pink || Solid,Ladieswear,Heeled sandals,Shoes,Pink,Solid,0.721558358217452,1.8795045447289227,4.076923076923077,42,false,false,true,false
1755,Divided || Shorts || Shorts || Beige || Solid,Divided,Shorts,Shorts,Beige,Solid,0.7204688908926962,1.8775026949125517,4.769230769230769,35,false,false,true,false
1756,Baby/Children || Belt || Accessories || Black || Solid,Baby/Children,Belt,Accessories,Black,Solid,1.1942401738815431,1.876237852198702,2.0,48,false,true,true,false
1757,Ladieswear || Dress || Unknown || Red || Solid,Ladieswear,Dress,Unknown,Red,Solid,12.874157113310117,1.8675864795489816,1.6923076923076923,48,false,true,true,false
1758,Ladieswear || Blouse || Unknown || Black || Solid,Ladieswear,Blouse,Unknown,Black,Solid,2.009646405373058,1.867310798303341,4.461538461538462,52,false,true,true,false
1759,Baby/Children || Sweater || Knitwear || Beige || Melange,Baby/Children,Sweater,Knitwear,Beige,Melange,1.0609468386284995,1.8620725788197134,0.8461538461538461,35,false,true,true,false
1760,Ladieswear || Blouse || Jersey Fancy || Blue || All over pattern,Ladieswear,Blouse,Jersey Fancy,Blue,All over pattern,1.368809272918862,1.8608910799935297,0.7692307692307693,39,false,true,true,false
1761,Menswear || Sunglasses || Accessories || Black || Solid,Menswear,Sunglasses,Accessories,Black,Solid,0.6449973151959907,1.8593229231234116,10.923076923076923,52,true,false,true,false
1762,Ladieswear || Pumps || Shoes || Pink || Solid,Ladieswear,Pumps,Shoes,Pink,Solid,0.46435873646492876,1.8587098847910783,1.6923076923076923,50,false,false,true,false
1763,Baby/Children || Boots || Shoes || Black || Solid,Baby/Children,Boots,Shoes,Black,Solid,1.1725615870082378,1.8482668271702045,5.461538461538462,40,false,true,true,false
1764,Baby/Children || Sweater || Jersey Fancy || White || All over pattern,Baby/Children,Sweater,Jersey Fancy,White,All over pattern,0.9525306166684728,1.8460052462041117,3.0,45,false,true,true,false
1765,Baby/Children || Sweater || Knitwear || Black || Solid,Baby/Children,Sweater,Knitwear,Black,Solid,1.1048227597748366,1.8376671710337598,1.5384615384615385,37,false,true,true,false
1766,Baby/Children || Trousers || Trousers || Khaki green || Solid,Baby/Children,Trousers,Trousers,Khaki green,Solid,1.0601267404819656,1.8322244244431287,6.384615384615385,52,false,true,true,false
1767,Ladieswear || Sunglasses || Accessories || Pink || Solid,Ladieswear,Sunglasses,Accessories,Pink,Solid,1.2616922716855152,1.832145211641644,4.153846153846154,52,false,true,true,false
1768,Menswear || Coat || Outdoor || Beige || Solid,Menswear,Coat,Outdoor,Beige,Solid,0.36292243388047596,1.8313418678924758,1.2307692307692308,42,false,false,true,false
1769,Divided || Skirt || Trousers || Blue || Denim,Divided,Skirt,Trousers,Blue,Denim,1.44953596287703,1.8303224254488435,1.9230769230769231,49,false,true,true,false
1770,Baby/Children || Blazer || Shirts || Blue || Solid,Baby/Children,Blazer,Shirts,Blue,Solid,0.748689138576779,1.8302943771951625,2.6923076923076925,45,false,false,true,false
1771,Baby/Children || Trousers || Trousers Denim || Blue || Solid,Baby/Children,Trousers,Trousers Denim,Blue,Solid,1.6765445904389151,1.8292526568462333,1.4615384615384615,47,false,true,true,false
1772,Baby/Children || Hoodie || Jersey Fancy || Blue || Placement print,Baby/Children,Hoodie,Jersey Fancy,Blue,Placement print,0.9753108243474161,1.8289625716862123,0.9230769230769231,42,false,true,true,false
1773,Menswear || Polo shirt || Jersey Fancy || Blue || All over pattern,Menswear,Polo shirt,Jersey Fancy,Blue,All over pattern,0.6557417072800346,1.8285703156699329,3.3076923076923075,35,false,false,true,false
1774,Baby/Children || Dress || Jersey Fancy || Pink || Placement print,Baby/Children,Dress,Jersey Fancy,Pink,Placement print,1.1696336218629213,1.8267451609980614,0.46153846153846156,11,false,true,false,false
1775,Baby/Children || Shirt || Woven/Jersey/Knitted mix Baby || Blue || Denim,Baby/Children,Shirt,Woven/Jersey/Knitted mix Baby,Blue,Denim,0.8533933840658486,1.8221128954810735,0.6923076923076923,26,false,true,true,false
1776,Baby/Children || Sweater || Knitwear || Grey || Stripe,Baby/Children,Sweater,Knitwear,Grey,Stripe,1.0,1.8211763958719955,2.5384615384615383,41,false,true,true,false
1777,Baby/Children || Jacket || Outdoor || Blue || Solid,Baby/Children,Jacket,Outdoor,Blue,Solid,1.2918261227711898,1.8195932364979845,8.538461538461538,52,false,true,true,false
1778,Ladieswear || Trousers || Jersey Fancy || Blue || All over pattern,Ladieswear,Trousers,Jersey Fancy,Blue,All over pattern,1.0101112234580383,1.8163863081617624,1.4615384615384615,39,false,true,true,false
1779,Sport || Other accessories || Accessories || Black || Solid,Sport,Other accessories,Accessories,Black,Solid,0.26063235561559844,1.8135536156555987,0.7692307692307693,42,false,false,true,false
1780,Baby/Children || Bodysuit || Jersey Fancy || White || All over pattern,Baby/Children,Bodysuit,Jersey Fancy,White,All over pattern,1.1276195593766793,1.809598572845935,2.923076923076923,45,false,true,true,false
1781,Ladieswear || Dress || Dresses Ladies || White || Lace,Ladieswear,Dress,Dresses Ladies,White,Lace,0.3088161629654367,1.8079007109651215,3.0,49,false,false,true,false
1782,Ladieswear || Skirt || Jersey Fancy || Orange || Solid,Ladieswear,Skirt,Jersey Fancy,Orange,Solid,0.36556822639126735,1.8066569725825659,3.3846153846153846,52,false,false,true,false
1783,"Baby/Children || Pyjama jumpsuit/playsuit || Under-, Nightwear || Grey || All over pattern",Baby/Children,Pyjama jumpsuit/playsuit,"Under-, Nightwear",Grey,All over pattern,0.9653146537114451,1.805752746396677,2.6923076923076925,49,false,true,true,false
1784,Baby/Children || Trousers || Trousers || Blue || Solid,Baby/Children,Trousers,Trousers,Blue,Solid,0.9324041919323037,1.803151364517539,12.23076923076923,52,true,true,true,true
1785,Baby/Children || Garment Set || Woven/Jersey/Knitted mix Baby || Blue || Denim,Baby/Children,Garment Set,Woven/Jersey/Knitted mix Baby,Blue,Denim,1.0572727908766528,1.8003144696582858,1.0,34,false,true,true,false
1786,Baby/Children || Jacket || Outdoor || Pink || Solid,Baby/Children,Jacket,Outdoor,Pink,Solid,1.3852824630194394,1.7989275514842675,5.461538461538462,52,false,true,true,false
1787,Baby/Children || Sweater || Jersey Fancy || White || Front print,Baby/Children,Sweater,Jersey Fancy,White,Front print,1.1820723842047964,1.792105891044125,4.538461538461538,52,false,true,true,false
1788,Menswear || Swimwear bottom || Swimwear || Blue || All over pattern,Menswear,Swimwear bottom,Swimwear,Blue,All over pattern,0.5535195418129294,1.7912506087960098,9.538461538461538,50,false,false,true,false
1789,Divided || Blouse || Blouses || Pink || Embroidery,Divided,Blouse,Blouses,Pink,Embroidery,0.7667060411744855,1.7912302604340447,2.4615384615384617,36,false,false,true,false
1790,Ladieswear || Dress || Unknown || Green || Solid,Ladieswear,Dress,Unknown,Green,Solid,1.095890410958904,1.7906725372079944,0.9230769230769231,19,false,true,false,false
1791,Baby/Children || Shirt || Woven/Jersey/Knitted mix Baby || White || Solid,Baby/Children,Shirt,Woven/Jersey/Knitted mix Baby,White,Solid,0.9345182413470532,1.7893578960862504,1.6923076923076923,51,false,true,true,false
1792,"Baby/Children || Pyjama set || Under-, Nightwear || Blue || All over pattern",Baby/Children,Pyjama set,"Under-, Nightwear",Blue,All over pattern,0.9918874330201926,1.785709695263698,2.076923076923077,48,false,true,true,false
1793,Baby/Children || Blazer || Shirts || Blue || Other structure,Baby/Children,Blazer,Shirts,Blue,Other structure,1.2459884717245677,1.7838152374746703,1.3076923076923077,46,false,true,true,false
1794,Ladieswear || Sunglasses || Accessories || Orange || Solid,Ladieswear,Sunglasses,Accessories,Orange,Solid,0.5627908321049742,1.7835245474051793,5.538461538461538,52,false,false,true,false
1795,Ladieswear || Ballerinas || Shoes || Red || Solid,Ladieswear,Ballerinas,Shoes,Red,Solid,0.7999613265010151,1.7739642687061776,1.7692307692307692,45,false,false,true,false
1796,Baby/Children || Trousers || Trousers Denim || Turquoise || Denim,Baby/Children,Trousers,Trousers Denim,Turquoise,Denim,0.9590871179409962,1.7674225960964827,1.0769230769230769,34,false,true,true,false
1797,Baby/Children || Trousers || Jersey Basic || Blue || Solid,Baby/Children,Trousers,Jersey Basic,Blue,Solid,0.816734425038043,1.7635001774290897,6.153846153846154,52,false,false,true,false
1798,Baby/Children || Hoodie || Jersey Fancy || Red || Colour blocking,Baby/Children,Hoodie,Jersey Fancy,Red,Colour blocking,1.1400985863853017,1.7627267220738667,0.3076923076923077,20,false,true,false,false
1799,Baby/Children || Shirt || Shirts || Red || Check,Baby/Children,Shirt,Shirts,Red,Check,1.0286457714430985,1.757748425352042,2.0,46,false,true,true,false
1800,Ladieswear || Skirt || Trousers || White || Solid,Ladieswear,Skirt,Trousers,White,Solid,1.7694492552823005,1.754063110863922,3.3076923076923075,50,false,true,true,false
1801,"Baby/Children || Pyjama set || Under-, Nightwear || Blue || Mixed solid/pattern",Baby/Children,Pyjama set,"Under-, Nightwear",Blue,Mixed solid/pattern,1.3880863358259687,1.7387099576775804,1.2307692307692308,47,false,true,true,false
1802,Baby/Children || Bodysuit || Jersey Basic || Pink || Solid,Baby/Children,Bodysuit,Jersey Basic,Pink,Solid,0.8790274164498701,1.7318647290197595,2.076923076923077,47,false,true,true,false
1803,Baby/Children || Socks || Socks and Tights || Pink || Solid,Baby/Children,Socks,Socks and Tights,Pink,Solid,1.0775739557980364,1.7230723189080992,3.230769230769231,50,false,true,true,false
1804,Menswear || Bracelet || Accessories || Metal || Solid,Menswear,Bracelet,Accessories,Metal,Solid,1.0,1.7190882785775399,5.6923076923076925,51,false,true,true,false
1805,Baby/Children || T-shirt || Jersey Fancy || White || Placement print,Baby/Children,T-shirt,Jersey Fancy,White,Placement print,1.4957608878740805,1.704620441442791,6.615384615384615,52,false,true,true,false
1806,Ladieswear || Skirt || Trousers || White || All over pattern,Ladieswear,Skirt,Trousers,White,All over pattern,1.2725943940366542,1.7041600131716406,3.0,52,false,true,true,false
1807,Baby/Children || Hoodie || Jersey Fancy || Blue || Front print,Baby/Children,Hoodie,Jersey Fancy,Blue,Front print,0.8414980313158136,1.7039667523216107,0.6923076923076923,30,false,false,true,false
1808,Baby/Children || Sweater || Jersey Fancy || Black || Front print,Baby/Children,Sweater,Jersey Fancy,Black,Front print,0.93136990002702,1.7015233643594194,3.6923076923076925,50,false,true,true,false
1809,Divided || Sunglasses || Accessories || Metal || Solid,Divided,Sunglasses,Accessories,Metal,Solid,0.20397852857593943,1.6997121165522353,1.6923076923076923,35,false,false,true,false
1810,Baby/Children || Hat/beanie || Accessories || Pink || Solid,Baby/Children,Hat/beanie,Accessories,Pink,Solid,1.2072538860103625,1.6978928314118407,1.3076923076923077,43,false,true,true,false
1811,Baby/Children || Skirt || Dresses/Skirts girls || Black || Solid,Baby/Children,Skirt,Dresses/Skirts girls,Black,Solid,1.147653942907142,1.6953357031957772,1.4615384615384615,37,false,true,true,false
1812,Baby/Children || Trousers || Woven/Jersey/Knitted mix Baby || Blue || Solid,Baby/Children,Trousers,Woven/Jersey/Knitted mix Baby,Blue,Solid,1.2292822230765008,1.6866714027493965,7.0,52,false,true,true,false
1813,Divided || Blouse || Blouses || Blue || Stripe,Divided,Blouse,Blouses,Blue,Stripe,0.5708154506437769,1.6856122911117981,2.5384615384615383,51,false,false,true,false
1814,Ladieswear || Blouse || Unknown || White || Solid,Ladieswear,Blouse,Unknown,White,Solid,0.9576964445385154,1.6831929194998443,3.8461538461538463,52,false,true,true,false
1815,Baby/Children || T-shirt || Jersey Fancy || White || Solid,Baby/Children,T-shirt,Jersey Fancy,White,Solid,1.0824462937874975,1.6825541946008067,3.923076923076923,49,false,true,true,false
1816,Baby/Children || Shirt || Shirts || Blue || Solid,Baby/Children,Shirt,Shirts,Blue,Solid,0.7795026760158752,1.6818390583938245,5.153846153846154,52,false,false,true,false
1817,Baby/Children || Hoodie || Jersey Basic || Yellow || Solid,Baby/Children,Hoodie,Jersey Basic,Yellow,Solid,1.1406106337782569,1.6802899193578251,1.3076923076923077,34,false,true,true,false
1818,Baby/Children || Hoodie || Jersey Basic || Khaki green || Solid,Baby/Children,Hoodie,Jersey Basic,Khaki green,Solid,1.1060875398289451,1.6757236728868325,2.3076923076923075,35,false,true,true,false
1819,Ladieswear || Hat/brim || Accessories || Black || Solid,Ladieswear,Hat/brim,Accessories,Black,Solid,1.0448229493500671,1.6747464085590225,0.8461538461538461,45,false,true,true,false
1820,Ladieswear || Skirt || Trousers || Blue || Denim,Ladieswear,Skirt,Trousers,Blue,Denim,0.6286912458500785,1.674691385768174,1.6923076923076923,49,false,false,true,false
1821,Baby/Children || Jumpsuit/Playsuit || Jersey Fancy || Grey || All over pattern,Baby/Children,Jumpsuit/Playsuit,Jersey Fancy,Grey,All over pattern,0.43165946125706695,1.6711899691428442,1.3076923076923077,42,false,false,true,false
1822,Baby/Children || Cardigan || Knitwear || Pink || Solid,Baby/Children,Cardigan,Knitwear,Pink,Solid,1.181307371349096,1.6672920780180824,7.461538461538462,52,false,true,true,false
1823,Baby/Children || T-shirt || Jersey Fancy || White || Front print,Baby/Children,T-shirt,Jersey Fancy,White,Front print,0.8220637913958946,1.667123821620296,22.23076923076923,52,true,false,true,false
1824,Baby/Children || Dress || Accessories || Pink || Solid,Baby/Children,Dress,Accessories,Pink,Solid,1.0477022540625545,1.6587628051278198,1.9230769230769231,47,false,true,true,false
1825,"Baby/Children || Pyjama jumpsuit/playsuit || Under-, Nightwear || Blue || All over pattern",Baby/Children,Pyjama jumpsuit/playsuit,"Under-, Nightwear",Blue,All over pattern,1.1023578618375693,1.655296754851042,3.076923076923077,52,false,true,true,false
1826,Ladieswear || Trousers || Unknown || Beige || Solid,Ladieswear,Trousers,Unknown,Beige,Solid,1.5063643013899048,1.651198775482182,4.538461538461538,47,false,true,true,false
1827,Baby/Children || Garment Set || Woven/Jersey/Knitted mix Baby || Blue || All over pattern,Baby/Children,Garment Set,Woven/Jersey/Knitted mix Baby,Blue,All over pattern,0.71565025716385,1.6437791532418373,1.0769230769230769,35,false,false,true,false
1828,Menswear || Hat/brim || Accessories || Black || Solid,Menswear,Hat/brim,Accessories,Black,Solid,0.9777277277277279,1.6404644491425864,1.7692307692307692,45,false,true,true,false
1829,Baby/Children || Dress || Jersey Fancy || Black || Solid,Baby/Children,Dress,Jersey Fancy,Black,Solid,0.5138690305976551,1.6312264917842207,1.0769230769230769,43,false,false,true,false
1830,Baby/Children || Socks || Socks and Tights || Pink || All over pattern,Baby/Children,Socks,Socks and Tights,Pink,All over pattern,0.9479899497487436,1.6288807491795425,3.6153846153846154,52,false,true,true,false
1831,Baby/Children || T-shirt || Jersey Fancy || Blue || Placement print,Baby/Children,T-shirt,Jersey Fancy,Blue,Placement print,1.4602057390362748,1.6267808436481785,4.153846153846154,49,false,true,true,false
1832,Menswear || Other shoe || Shoes || Blue || Solid,Menswear,Other shoe,Shoes,Blue,Solid,1.0667466108412431,1.6245445963283993,1.9230769230769231,52,false,true,true,false
1833,Baby/Children || T-shirt || Jersey Basic || Blue || Solid,Baby/Children,T-shirt,Jersey Basic,Blue,Solid,0.6375392475121068,1.6194517977981486,4.230769230769231,52,false,false,true,false
1834,Baby/Children || Shirt || Shirts || Black || Solid,Baby/Children,Shirt,Shirts,Black,Solid,0.9598168870803662,1.6119786633734559,0.5384615384615384,39,false,true,true,false
1835,Ladieswear || Top || Unknown || Beige || Solid,Ladieswear,Top,Unknown,Beige,Solid,1.0959510696593144,1.6067715322494593,0.8461538461538461,32,false,true,true,false
1836,Divided || Ballerinas || Shoes || Black || Solid,Divided,Ballerinas,Shoes,Black,Solid,0.5936351213541914,1.6057546175496258,1.6153846153846154,40,false,false,true,false
1837,Baby/Children || Gloves || Accessories || Black || Solid,Baby/Children,Gloves,Accessories,Black,Solid,1.3146911519198665,1.604909295384776,1.3076923076923077,34,false,true,true,false
1838,Divided || Shorts || Unknown || Black || Denim,Divided,Shorts,Unknown,Black,Denim,0.2678651283427243,1.5999950711026854,0.9230769230769231,40,false,false,true,false
1839,Baby/Children || Hoodie || Jersey Fancy || Blue || Sequin,Baby/Children,Hoodie,Jersey Fancy,Blue,Sequin,1.0718085332743226,1.5969923748894859,1.5384615384615385,40,false,true,true,false
1840,Baby/Children || Sweater || Knitwear || Pink || Solid,Baby/Children,Sweater,Knitwear,Pink,Solid,1.2098466505246166,1.5954069613169803,2.6923076923076925,50,false,true,true,false
1841,Baby/Children || Shirt || Woven/Jersey/Knitted mix Baby || Red || Check,Baby/Children,Shirt,Woven/Jersey/Knitted mix Baby,Red,Check,1.1695552911669185,1.589298746434915,0.6153846153846154,32,false,true,true,false
1842,Baby/Children || T-shirt || Jersey Fancy || White || Application/3D,Baby/Children,T-shirt,Jersey Fancy,White,Application/3D,1.0631773626780099,1.5852323144446756,3.076923076923077,46,false,true,true,false
1843,Baby/Children || Underwear Tights || Socks and Tights || Pink || Solid,Baby/Children,Underwear Tights,Socks and Tights,Pink,Solid,1.1741401828471922,1.5834023646666164,3.4615384615384617,50,false,true,true,false
1844,Baby/Children || Cardigan || Knitwear || Grey || Melange,Baby/Children,Cardigan,Knitwear,Grey,Melange,1.6378533387955756,1.581108192981163,1.8461538461538463,51,false,true,true,false
1845,Baby/Children || Trousers || Trousers || Beige || Solid,Baby/Children,Trousers,Trousers,Beige,Solid,0.7430733057552857,1.5731187343425432,7.384615384615385,52,false,false,true,false
1846,Baby/Children || Leggings/Tights || Jersey Basic || White || Solid,Baby/Children,Leggings/Tights,Jersey Basic,White,Solid,0.5464503897198231,1.5726990205502687,1.3846153846153846,34,false,false,true,false
1847,Ladieswear || Sunglasses || Accessories || White || Solid,Ladieswear,Sunglasses,Accessories,White,Solid,1.4151427904443237,1.5697703501930431,1.6923076923076923,29,false,true,true,false
1848,Divided || T-shirt || Jersey Fancy || Orange || Solid,Divided,T-shirt,Jersey Fancy,Orange,Solid,0.5697526949904884,1.5686611292364092,2.4615384615384617,30,false,false,true,false
1849,Baby/Children || Trousers || Woven/Jersey/Knitted mix Baby || Grey || Melange,Baby/Children,Trousers,Woven/Jersey/Knitted mix Baby,Grey,Melange,1.0309597523219813,1.5661316579390054,2.4615384615384617,48,false,true,true,false
1850,"Baby/Children || Pyjama set || Under-, Nightwear || Grey || Front print",Baby/Children,Pyjama set,"Under-, Nightwear",Grey,Front print,1.1698550882842564,1.563984503685301,0.6153846153846154,30,false,true,true,false
1851,Baby/Children || Sweater || Jersey Fancy || Black || Placement print,Baby/Children,Sweater,Jersey Fancy,Black,Placement print,1.4426834701801288,1.5545046277936865,0.9230769230769231,40,false,true,true,false
1852,Baby/Children || T-shirt || Jersey Fancy || Beige || All over pattern,Baby/Children,T-shirt,Jersey Fancy,Beige,All over pattern,0.6717171717171717,1.5539526406738733,1.2307692307692308,34,false,false,true,false
1853,Menswear || T-shirt || Jersey Fancy || Khaki green || All over pattern,Menswear,T-shirt,Jersey Fancy,Khaki green,All over pattern,0.43017647392611924,1.5521801384552885,1.6153846153846154,32,false,false,true,false
1854,Baby/Children || Hoodie || Jersey Fancy || Grey || Front print,Baby/Children,Hoodie,Jersey Fancy,Grey,Front print,1.5162241887905605,1.5472236481847488,0.8461538461538461,41,false,true,true,false
1855,"Baby/Children || Pyjama set || Under-, Nightwear || Turquoise || All over pattern",Baby/Children,Pyjama set,"Under-, Nightwear",Turquoise,All over pattern,1.0443521372102371,1.5457555044914488,1.0,39,false,true,true,false
1856,Baby/Children || T-shirt || Jersey Fancy || Green || Front print,Baby/Children,T-shirt,Jersey Fancy,Green,Front print,1.1158792133825268,1.5450216785487076,4.615384615384615,52,false,true,true,false
1857,Ladieswear || Pumps || Shoes || Brown || Solid,Ladieswear,Pumps,Shoes,Brown,Solid,0.2329953531295617,1.540258709611242,2.8461538461538463,52,false,false,true,false
1858,Baby/Children || Trousers || Trousers || Grey || Solid,Baby/Children,Trousers,Trousers,Grey,Solid,0.7224963839019825,1.5361966898894703,3.3846153846153846,49,false,false,true,false
1859,Baby/Children || Hoodie || Jersey Fancy || Black || Front print,Baby/Children,Hoodie,Jersey Fancy,Black,Front print,1.0070564516129032,1.5312993875426102,0.9230769230769231,18,false,true,false,false
1860,Divided || Skirt || Trousers || Blue || All over pattern,Divided,Skirt,Trousers,Blue,All over pattern,1.0218095075822116,1.528796806278685,1.5384615384615385,49,false,true,true,false
1861,Baby/Children || T-shirt || Jersey Basic || Pink || Solid,Baby/Children,T-shirt,Jersey Basic,Pink,Solid,1.1972492266902341,1.526595420519607,4.538461538461538,51,false,true,true,false
1862,Baby/Children || T-shirt || Jersey Fancy || Blue || Melange,Baby/Children,T-shirt,Jersey Fancy,Blue,Melange,1.0321330534474407,1.522415198076399,1.0,36,false,true,true,false
1863,Ladieswear || Hat/brim || Accessories || Brown || Solid,Ladieswear,Hat/brim,Accessories,Brown,Solid,2.1898002103049423,1.5180733303415384,2.4615384615384617,27,false,true,true,false
1864,Baby/Children || Sweater || Knitwear || White || Solid,Baby/Children,Sweater,Knitwear,White,Solid,1.9575625680087052,1.5177521598285124,0.9230769230769231,29,false,true,true,false
1865,Baby/Children || Jacket || Outdoor || Khaki green || Solid,Baby/Children,Jacket,Outdoor,Khaki green,Solid,0.812189186329489,1.5116097665777306,5.384615384615385,52,false,false,true,false
1866,Baby/Children || Dress || Dresses/Skirts girls || Pink || All over pattern,Baby/Children,Dress,Dresses/Skirts girls,Pink,All over pattern,1.4334887056292576,1.505984151932752,3.3846153846153846,51,false,true,true,false
1867,Baby/Children || Trousers || Jersey Fancy || Black || Treatment,Baby/Children,Trousers,Jersey Fancy,Black,Treatment,1.0288214101904272,1.5025389743927509,0.6923076923076923,31,false,true,true,false
1868,Baby/Children || Socks || Socks and Tights || White || Other pattern,Baby/Children,Socks,Socks and Tights,White,Other pattern,0.9583208395802099,1.5009213919965072,2.769230769230769,52,false,true,true,false
1869,Menswear || Polo shirt || Knitwear || Red || Solid,Menswear,Polo shirt,Knitwear,Red,Solid,0.4409838493176206,1.4999423729121961,0.5384615384615384,40,false,false,true,false
1870,Baby/Children || Bodysuit || Jersey Fancy || Blue || Stripe,Baby/Children,Bodysuit,Jersey Fancy,Blue,Stripe,0.9326171875000001,1.4976629746380845,3.0,50,false,true,true,false
1871,"Baby/Children || Underwear bottom || Under-, Nightwear || White || Solid",Baby/Children,Underwear bottom,"Under-, Nightwear",White,Solid,1.351180818460429,1.4965353622588302,1.1538461538461537,49,false,true,true,false
1872,Baby/Children || Cardigan || Knitwear || Yellow || Solid,Baby/Children,Cardigan,Knitwear,Yellow,Solid,0.80112269446672,1.4912936279786688,1.4615384615384615,34,false,false,true,false
1873,Baby/Children || Trousers || Jersey Fancy || Grey || All over pattern,Baby/Children,Trousers,Jersey Fancy,Grey,All over pattern,1.2390697674418605,1.4878334459685032,2.1538461538461537,51,false,true,true,false
1874,"Baby/Children || Underwear bottom || Under-, Nightwear || White || Mixed solid/pattern",Baby/Children,Underwear bottom,"Under-, Nightwear",White,Mixed solid/pattern,1.2696216826651607,1.485781710256187,1.5384615384615385,47,false,true,true,false
1875,Ladieswear || Ballerinas || Shoes || Beige || All over pattern,Ladieswear,Ballerinas,Shoes,Beige,All over pattern,0.4484410396943474,1.4838109036589802,1.8461538461538463,37,false,false,true,false
1876,Baby/Children || Leggings/Tights || Jersey Fancy || Grey || Treatment,Baby/Children,Leggings/Tights,Jersey Fancy,Grey,Treatment,0.8415044910179641,1.4836796426183758,1.2307692307692308,40,false,false,true,false
1877,Menswear || Trousers || Trousers || Khaki green || All over pattern,Menswear,Trousers,Trousers,Khaki green,All over pattern,0.4495297301642596,1.4787911121058586,3.8461538461538463,52,false,false,true,false
1878,Baby/Children || Dress || Jersey Fancy || Red || Solid,Baby/Children,Dress,Jersey Fancy,Red,Solid,0.7215276981305196,1.4780365699127187,0.6923076923076923,28,false,false,true,false
1879,Baby/Children || Trousers || Trousers || Brown || Solid,Baby/Children,Trousers,Trousers,Brown,Solid,1.2418705830637617,1.4761341397416872,2.4615384615384617,42,false,true,true,false
1880,Baby/Children || Trousers || Trousers || Red || Solid,Baby/Children,Trousers,Trousers,Red,Solid,0.965958517559941,1.4748740735948163,0.9230769230769231,33,false,true,true,false
1881,Baby/Children || Dress || Woven/Jersey/Knitted mix Baby || Pink || Solid,Baby/Children,Dress,Woven/Jersey/Knitted mix Baby,Pink,Solid,0.5531796723132463,1.460469138095919,2.3846153846153846,48,false,false,true,false
1882,Baby/Children || Dress || Jersey Fancy || Pink || Solid,Baby/Children,Dress,Jersey Fancy,Pink,Solid,1.0180397675575343,1.4545056789458726,1.9230769230769231,50,false,true,true,false
1883,"Baby/Children || Pyjama set || Under-, Nightwear || Grey || All over pattern",Baby/Children,Pyjama set,"Under-, Nightwear",Grey,All over pattern,1.9237875288683597,1.451340468393493,1.5384615384615385,45,false,true,true,false
1884,Baby/Children || Hoodie || Jersey Basic || Red || Solid,Baby/Children,Hoodie,Jersey Basic,Red,Solid,0.9670883911779793,1.4499887661153852,1.3076923076923077,36,false,true,true,false
1885,Baby/Children || Dress || Jersey Fancy || White || All over pattern,Baby/Children,Dress,Jersey Fancy,White,All over pattern,0.7147564057451777,1.4460980306743996,6.615384615384615,50,false,false,true,false
1886,"Baby/Children || Vest top || Under-, Nightwear || Pink || Solid",Baby/Children,Vest top,"Under-, Nightwear",Pink,Solid,1.982479338842975,1.4447899616647497,1.4615384615384615,44,false,true,true,false
1887,Baby/Children || Leggings/Tights || Jersey Fancy || Blue || Solid,Baby/Children,Leggings/Tights,Jersey Fancy,Blue,Solid,1.3210373914138231,1.4441164923379008,1.6923076923076923,45,false,true,true,false
1888,Baby/Children || Cardigan || Knitwear || Grey || Solid,Baby/Children,Cardigan,Knitwear,Grey,Solid,1.0257287622557083,1.4417553677462078,1.6153846153846154,30,false,true,true,false
1889,Baby/Children || Hoodie || Jersey Fancy || Blue || All over pattern,Baby/Children,Hoodie,Jersey Fancy,Blue,All over pattern,2.2421493370551286,1.440392517913462,1.6923076923076923,49,false,true,true,false
1890,Ladieswear || Flat shoe || Shoes || White || Solid,Ladieswear,Flat shoe,Shoes,White,Solid,0.5564426290382473,1.4400942482515786,2.1538461538461537,51,false,false,true,false
1891,Baby/Children || T-shirt || Jersey Fancy || Black || Front print,Baby/Children,T-shirt,Jersey Fancy,Black,Front print,0.7435078756917838,1.4389098327031418,7.3076923076923075,52,false,false,true,false
1892,Baby/Children || Leggings/Tights || Jersey Basic || Black || All over pattern,Baby/Children,Leggings/Tights,Jersey Basic,Black,All over pattern,1.418167996959331,1.4381017068888409,1.3076923076923077,35,false,true,true,false
1893,Baby/Children || Bodysuit || Jersey Basic || Pink || All over pattern,Baby/Children,Bodysuit,Jersey Basic,Pink,All over pattern,0.7264663084844415,1.4272190891343275,4.153846153846154,49,false,false,true,false
1894,Baby/Children || Jacket || Outdoor || Black || Colour blocking,Baby/Children,Jacket,Outdoor,Black,Colour blocking,1.4547108039287013,1.4249348460916282,1.1538461538461537,42,false,true,true,false
1895,Baby/Children || Dress || Jersey Fancy || Yellow || All over pattern,Baby/Children,Dress,Jersey Fancy,Yellow,All over pattern,0.9579573814551738,1.4173370023629062,1.5384615384615385,40,false,true,true,false
1896,Baby/Children || T-shirt || Jersey Basic || Khaki green || Solid,Baby/Children,T-shirt,Jersey Basic,Khaki green,Solid,1.2428243398392653,1.38633919552122,2.0,49,false,true,true,false
1897,Baby/Children || T-shirt || Jersey Basic || Blue || Stripe,Baby/Children,T-shirt,Jersey Basic,Blue,Stripe,0.8943781942078365,1.383236747358521,2.8461538461538463,52,false,true,true,false
1898,Baby/Children || T-shirt || Jersey Fancy || Blue || All over pattern,Baby/Children,T-shirt,Jersey Fancy,Blue,All over pattern,1.5357680093598527,1.3819717511299623,8.384615384615385,49,false,true,true,false
1899,Baby/Children || T-shirt || Jersey Fancy || Yellow || Placement print,Baby/Children,T-shirt,Jersey Fancy,Yellow,Placement print,1.0090621707060063,1.3807525461032313,2.1538461538461537,47,false,true,true,false
1900,Baby/Children || Dungarees || Woven/Jersey/Knitted mix Baby || Blue || Denim,Baby/Children,Dungarees,Woven/Jersey/Knitted mix Baby,Blue,Denim,1.291139240506329,1.379146804724797,1.8461538461538463,48,false,true,true,false
1901,Baby/Children || Sweater || Jersey Fancy || Blue || All over pattern,Baby/Children,Sweater,Jersey Fancy,Blue,All over pattern,1.1215268032556833,1.3750466444356397,1.3076923076923077,45,false,true,true,false
1902,Baby/Children || Gloves || Accessories || Blue || Solid,Baby/Children,Gloves,Accessories,Blue,Solid,0.8937458854509547,1.3725244632407358,1.0769230769230769,28,false,true,true,false
1903,Baby/Children || Sweater || Knitwear || Blue || Melange,Baby/Children,Sweater,Knitwear,Blue,Melange,1.0,1.368565257537119,1.7692307692307692,39,false,true,true,false
1904,Baby/Children || Leggings/Tights || Trousers Denim || Blue || Denim,Baby/Children,Leggings/Tights,Trousers Denim,Blue,Denim,1.496131980426022,1.366142085473665,6.076923076923077,51,false,true,true,false
1905,Baby/Children || Polo shirt || Jersey Fancy || Blue || Solid,Baby/Children,Polo shirt,Jersey Fancy,Blue,Solid,1.169575498254701,1.3657023397638892,1.5384615384615385,47,false,true,true,false
1906,Baby/Children || Trousers || Jersey Basic || Black || Melange,Baby/Children,Trousers,Jersey Basic,Black,Melange,0.7859356376638857,1.3612443457743146,1.3076923076923077,43,false,false,true,false
1907,Baby/Children || Ballerinas || Shoes || Metal || Solid,Baby/Children,Ballerinas,Shoes,Metal,Solid,1.326464825232286,1.3583023521018363,2.8461538461538463,40,false,true,true,false
1908,Menswear || Boots || Shoes || Brown || Solid,Menswear,Boots,Shoes,Brown,Solid,1.481870467616904,1.3563595314101606,2.8461538461538463,48,false,true,true,false
1909,Baby/Children || Sweater || Jersey Basic || Grey || All over pattern,Baby/Children,Sweater,Jersey Basic,Grey,All over pattern,0.9099933186981006,1.348837763161371,0.3076923076923077,26,false,true,true,false
1910,Baby/Children || Leggings/Tights || Jersey Fancy || Blue || All over pattern,Baby/Children,Leggings/Tights,Jersey Fancy,Blue,All over pattern,0.8094079480940793,1.3395395799232377,0.6923076923076923,32,false,false,true,false
1911,Baby/Children || T-shirt || Jersey Fancy || Khaki green || Front print,Baby/Children,T-shirt,Jersey Fancy,Khaki green,Front print,0.977233782129743,1.3376577121625184,1.6153846153846154,44,false,true,true,false
1912,Baby/Children || T-shirt || Jersey Basic || Yellow || Solid,Baby/Children,T-shirt,Jersey Basic,Yellow,Solid,2.7290102389078497,1.3346596887410276,2.769230769230769,46,false,true,true,false
1913,Baby/Children || Sweater || Jersey Fancy || Grey || Front print,Baby/Children,Sweater,Jersey Fancy,Grey,Front print,1.1480871596522804,1.3336227015749325,2.230769230769231,52,false,true,true,false
1914,Baby/Children || T-shirt || Jersey Fancy || Grey || Front print,Baby/Children,T-shirt,Jersey Fancy,Grey,Front print,0.7192068896455037,1.3287795335222161,4.0,51,false,false,true,false
1915,Baby/Children || Sweater || Knitwear || Grey || Solid,Baby/Children,Sweater,Knitwear,Grey,Solid,1.0,1.3255062707974505,0.7692307692307693,26,false,true,true,false
1916,Baby/Children || Sweater || Jersey Fancy || Grey || All over pattern,Baby/Children,Sweater,Jersey Fancy,Grey,All over pattern,1.1632264210860592,1.3211990472768225,3.6923076923076925,51,false,true,true,false
1917,Baby/Children || T-shirt || Jersey Fancy || White || Sequin,Baby/Children,T-shirt,Jersey Fancy,White,Sequin,1.2583977158212964,1.3202187053835703,6.923076923076923,51,false,true,true,false
1918,"Baby/Children || Pyjama set || Under-, Nightwear || White || Front print",Baby/Children,Pyjama set,"Under-, Nightwear",White,Front print,0.6993621655258245,1.30792157656852,0.5384615384615384,37,false,false,true,false
1919,Baby/Children || T-shirt || Jersey Fancy || White || All over pattern,Baby/Children,T-shirt,Jersey Fancy,White,All over pattern,0.9165521951066351,1.3023574451765416,9.538461538461538,52,false,true,true,false
1920,Baby/Children || Trousers || Woven/Jersey/Knitted mix Baby || Beige || Solid,Baby/Children,Trousers,Woven/Jersey/Knitted mix Baby,Beige,Solid,0.6401019729549988,1.3012780913888093,4.384615384615385,50,false,false,true,false
1921,Baby/Children || Sweater || Jersey Fancy || Pink || Front print,Baby/Children,Sweater,Jersey Fancy,Pink,Front print,0.7602685415234973,1.2999540141247623,1.7692307692307692,45,false,false,true,false
1922,Baby/Children || Sweater || Knitwear || Grey || Front print,Baby/Children,Sweater,Knitwear,Grey,Front print,0.742755623844621,1.2995300886002594,0.23076923076923078,30,false,false,true,false
1923,Baby/Children || Sweater || Knitwear || Red || Solid,Baby/Children,Sweater,Knitwear,Red,Solid,1.1868752015478878,1.298941001722966,1.0,26,false,true,true,false
1924,Divided || Shorts || Unknown || Blue || Denim,Divided,Shorts,Unknown,Blue,Denim,0.43500251214201974,1.2946625677371206,1.6153846153846154,29,false,false,true,false
1925,Baby/Children || Trousers || Trousers || Black || Treatment,Baby/Children,Trousers,Trousers,Black,Treatment,1.130656108597285,1.2869605601539758,0.46153846153846156,19,false,true,false,false
1926,Baby/Children || Sweater || Knitwear || Red || Stripe,Baby/Children,Sweater,Knitwear,Red,Stripe,1.4058441558441561,1.2854563969902495,0.46153846153846156,27,false,true,true,false
1927,Baby/Children || Top || Jersey Fancy || Blue || Front print,Baby/Children,Top,Jersey Fancy,Blue,Front print,2.743366880146386,1.2799202127855822,0.8461538461538461,35,false,true,true,false
1928,Baby/Children || Hair/alice band || Accessories || Pink || Solid,Baby/Children,Hair/alice band,Accessories,Pink,Solid,0.5168831168831168,1.272486340181703,3.3846153846153846,51,false,false,true,false
1929,Baby/Children || T-shirt || Jersey Fancy || Blue || Stripe,Baby/Children,T-shirt,Jersey Fancy,Blue,Stripe,0.8426235273430631,1.272073319384662,2.769230769230769,52,false,false,true,false
1930,Baby/Children || Trousers || Jersey Basic || Pink || Solid,Baby/Children,Trousers,Jersey Basic,Pink,Solid,0.841744215468526,1.2705263060689056,1.6923076923076923,36,false,false,true,false
1931,Baby/Children || T-shirt || Jersey Fancy || White || Stripe,Baby/Children,T-shirt,Jersey Fancy,White,Stripe,2.4184357541899444,1.2679024266687482,3.1538461538461537,51,false,true,true,false
1932,Baby/Children || Top || Jersey Fancy || White || Placement print,Baby/Children,Top,Jersey Fancy,White,Placement print,2.1031578947368423,1.2653643189955348,1.8461538461538463,48,false,true,true,false
1933,Baby/Children || Underwear Tights || Socks and Tights || Beige || Solid,Baby/Children,Underwear Tights,Socks and Tights,Beige,Solid,1.0,1.2595602598148754,0.38461538461538464,32,false,true,true,false
1934,Baby/Children || Sweater || Knitwear || Blue || Stripe,Baby/Children,Sweater,Knitwear,Blue,Stripe,1.0370840302208892,1.2574174949979877,2.1538461538461537,48,false,true,true,false
1935,Baby/Children || Jacket || Outdoor || Yellow || Solid,Baby/Children,Jacket,Outdoor,Yellow,Solid,0.28338484829369837,1.256937392427151,2.3076923076923075,50,false,false,true,false
1936,Baby/Children || Top || Jersey Fancy || White || All over pattern,Baby/Children,Top,Jersey Fancy,White,All over pattern,1.64638783269962,1.2518176492571116,2.5384615384615383,50,false,true,true,false
1937,Baby/Children || Sneakers || Shoes || Black || Solid,Baby/Children,Sneakers,Shoes,Black,Solid,1.5666300997753748,1.2496682114346283,6.6923076923076925,51,false,true,true,false
1938,Ladieswear || Dress || Unknown || Orange || Solid,Ladieswear,Dress,Unknown,Orange,Solid,1.4901490149014898,1.2495273072056978,1.0769230769230769,36,false,true,true,false
1939,Baby/Children || Hat/beanie || Accessories || Grey || Solid,Baby/Children,Hat/beanie,Accessories,Grey,Solid,0.5712871802885867,1.247783465825814,2.0,45,false,false,true,false
1940,Ladieswear || Blouse || Unknown || Blue || Solid,Ladieswear,Blouse,Unknown,Blue,Solid,8.007007007007006,1.2430029924466757,0.15384615384615385,4,false,true,false,false
1941,Baby/Children || Jacket || Outdoor || Blue || Melange,Baby/Children,Jacket,Outdoor,Blue,Melange,0.7441264063534084,1.2383536195099611,0.6923076923076923,29,false,false,true,false
1942,Baby/Children || Dungarees || Trousers Denim || Blue || Denim,Baby/Children,Dungarees,Trousers Denim,Blue,Denim,1.0690909090909089,1.233854301930672,5.0,49,false,true,true,false
1943,Baby/Children || Sneakers || Shoes || White || Solid,Baby/Children,Sneakers,Shoes,White,Solid,1.2641619780340445,1.231345006039907,13.307692307692308,52,true,true,true,true
1944,Baby/Children || Other accessories || Accessories || Pink || Solid,Baby/Children,Other accessories,Accessories,Pink,Solid,0.9374021909233179,1.2296174563417468,2.076923076923077,47,false,true,true,false
1945,Baby/Children || Trousers || Jersey Fancy || Blue || All over pattern,Baby/Children,Trousers,Jersey Fancy,Blue,All over pattern,1.8008008008008007,1.2211530613181516,1.0769230769230769,48,false,true,true,false
1946,Baby/Children || Fine cosmetics || Accessories || Pink || Solid,Baby/Children,Fine cosmetics,Accessories,Pink,Solid,0.4515885022692889,1.2139388225301126,1.6153846153846154,46,false,false,true,false
1947,Baby/Children || Cap/peaked || Accessories || Blue || Solid,Baby/Children,Cap/peaked,Accessories,Blue,Solid,1.0038221685777509,1.21245031811626,1.6153846153846154,44,false,true,true,false
1948,Baby/Children || Trousers || Trousers || Pink || Solid,Baby/Children,Trousers,Trousers,Pink,Solid,0.8055750350631137,1.210454806062205,1.6923076923076923,46,false,false,true,false
1949,Baby/Children || Ballerinas || Shoes || White || Solid,Baby/Children,Ballerinas,Shoes,White,Solid,1.5005005005005003,1.2072869226283283,2.6153846153846154,46,false,true,true,false
1950,Baby/Children || Dress || Dresses/Skirts girls || White || All over pattern,Baby/Children,Dress,Dresses/Skirts girls,White,All over pattern,0.33669931827171407,1.1969842244233728,8.692307692307692,43,false,false,true,false
1951,Menswear || Swimwear bottom || Swimwear || Green || All over pattern,Menswear,Swimwear bottom,Swimwear,Green,All over pattern,0.5846341463414635,1.1949464195330557,3.230769230769231,41,false,false,true,false
1952,Baby/Children || Shorts || Trousers Denim || Blue || Denim,Baby/Children,Shorts,Trousers Denim,Blue,Denim,0.31582649472450175,1.1910846356512441,16.46153846153846,49,true,false,true,false
1953,Baby/Children || Jacket || Outdoor || Pink || All over pattern,Baby/Children,Jacket,Outdoor,Pink,All over pattern,0.9275033515520265,1.189267309233998,1.1538461538461537,40,false,true,true,false
1954,Baby/Children || Hoodie || Jersey Fancy || Green || All over pattern,Baby/Children,Hoodie,Jersey Fancy,Green,All over pattern,0.8610289769367238,1.186292003185189,0.23076923076923078,3,false,true,false,false
1955,Ladieswear || Shorts || Trousers || Blue || All over pattern,Ladieswear,Shorts,Trousers,Blue,All over pattern,1.1552051650037498,1.1851125436665102,1.9230769230769231,39,false,true,true,false
1956,Baby/Children || Leggings/Tights || Jersey Fancy || Blue || Treatment,Baby/Children,Leggings/Tights,Jersey Fancy,Blue,Treatment,1.0385281551903314,1.1816077902274942,2.6153846153846154,52,false,true,true,false
1957,"Baby/Children || Underwear bottom || Under-, Nightwear || Blue || Mixed solid/pattern",Baby/Children,Underwear bottom,"Under-, Nightwear",Blue,Mixed solid/pattern,0.8075601374570447,1.1775026143009026,2.6923076923076925,49,false,false,true,false
1958,Baby/Children || Underwear Tights || Socks and Tights || Red || Solid,Baby/Children,Underwear Tights,Socks and Tights,Red,Solid,1.4480151228733458,1.171315694301065,0.38461538461538464,19,false,true,false,false
1959,Baby/Children || T-shirt || Jersey Fancy || Pink || Front print,Baby/Children,T-shirt,Jersey Fancy,Pink,Front print,0.5033670033670034,1.1600342193022883,2.3846153846153846,51,false,false,true,false
1960,Baby/Children || Skirt || Trousers Denim || Blue || Denim,Baby/Children,Skirt,Trousers Denim,Blue,Denim,1.1038731053393251,1.142560588610011,1.9230769230769231,43,false,true,true,false
1961,Baby/Children || Hoodie || Jersey Fancy || Red || Front print,Baby/Children,Hoodie,Jersey Fancy,Red,Front print,0.49262024657058523,1.1387221329534105,0.5384615384615384,25,false,false,false,false
1962,Baby/Children || Top || Jersey Basic || Blue || Solid,Baby/Children,Top,Jersey Basic,Blue,Solid,1.3413870246085011,1.137737446325918,1.0,35,false,true,true,false
1963,Baby/Children || Leggings/Tights || Jersey Basic || Grey || All over pattern,Baby/Children,Leggings/Tights,Jersey Basic,Grey,All over pattern,1.0665247472059605,1.1356271343849649,0.7692307692307693,43,false,true,true,false
1964,Baby/Children || T-shirt || Jersey Fancy || Orange || Front print,Baby/Children,T-shirt,Jersey Fancy,Orange,Front print,1.0845861257018656,1.1355773792107922,1.3846153846153846,42,false,true,true,false
1965,Baby/Children || Top || Jersey Fancy || Grey || Front print,Baby/Children,Top,Jersey Fancy,Grey,Front print,0.7688751926040062,1.1318841176608903,0.7692307692307693,25,false,false,false,false
1966,Baby/Children || Boots || Shoes || Brown || Solid,Baby/Children,Boots,Shoes,Brown,Solid,1.1774764830892406,1.1283953703242973,0.6153846153846154,30,false,true,true,false
1967,Baby/Children || Scarf || Accessories || Grey || Melange,Baby/Children,Scarf,Accessories,Grey,Melange,0.93796992481203,1.1213870446436625,0.38461538461538464,26,false,true,true,false
1968,Baby/Children || Leggings/Tights || Jersey Basic || Blue || Solid,Baby/Children,Leggings/Tights,Jersey Basic,Blue,Solid,1.7309468822170897,1.0740597131719962,1.3076923076923077,45,false,true,true,false
1969,Baby/Children || Leggings/Tights || Jersey Basic || Pink || All over pattern,Baby/Children,Leggings/Tights,Jersey Basic,Pink,All over pattern,0.9868785806690075,1.0522822861252976,3.1538461538461537,44,false,true,true,false
1970,Baby/Children || Sweater || Knitwear || Blue || Front print,Baby/Children,Sweater,Knitwear,Blue,Front print,0.4403851990839105,1.04891079488262,0.7692307692307693,37,false,false,true,false
1971,Menswear || Shorts || Shorts || Blue || All over pattern,Menswear,Shorts,Shorts,Blue,All over pattern,0.5535273803650715,1.0313094950125414,1.6923076923076923,36,false,false,true,false
1972,Baby/Children || Shorts || Jersey Basic || White || Stripe,Baby/Children,Shorts,Jersey Basic,White,Stripe,1.0,1.0234011060266113,0.9230769230769231,31,false,true,true,false
1973,Baby/Children || Trousers || Jersey Fancy || Blue || Colour blocking,Baby/Children,Trousers,Jersey Fancy,Blue,Colour blocking,0.5280423280423281,0.993200606268924,2.0,42,false,false,true,false
1974,Baby/Children || Leggings/Tights || Jersey Basic || Pink || Solid,Baby/Children,Leggings/Tights,Jersey Basic,Pink,Solid,0.5348148148148147,0.9711741770604578,1.7692307692307692,41,false,false,true,false
1975,Baby/Children || Sandals || Shoes || Blue || Solid,Baby/Children,Sandals,Shoes,Blue,Solid,1.3003003003003004,0.9615056702817413,2.5384615384615383,40,false,true,true,false
1976,Baby/Children || Outdoor Waistcoat || Outdoor || Khaki green || Solid,Baby/Children,Outdoor Waistcoat,Outdoor,Khaki green,Solid,0.7678732216819737,0.8736568112186398,0.5384615384615384,28,false,false,true,false
1977,Menswear || Shorts || Shorts || Brown || Solid,Menswear,Shorts,Shorts,Brown,Solid,0.7354456585965521,0.8472995302468977,2.3846153846153846,23,false,false,false,false
1978,Baby/Children || Tailored Waistcoat || Shirts || Blue || Solid,Baby/Children,Tailored Waistcoat,Shirts,Blue,Solid,0.48051948051948057,0.8306717615775119,0.5384615384615384,27,false,false,true,false
1979,Menswear || Swimwear bottom || Swimwear || Green || Solid,Menswear,Swimwear bottom,Swimwear,Green,Solid,0.7950924155513065,0.781666600020706,1.0,18,false,false,false,false
1980,Divided || Dungarees || Dresses Ladies || Black || All over pattern,Divided,Dungarees,Dresses Ladies,Black,All over pattern,1.1111463956811685,0.6319130554401067,0.46153846153846156,31,false,true,true,false
