rank_unguarded,style_key,index_group_name,product_type_name,garment_group_name,perceived_colour_master_name,graphical_appearance_name,price_index_level,predicted_intensity,guard1_n_active_articles_trailing_mean,guard3_n_weeks_active_trailing,guard1_pass,guard2_pass,guard3_pass,y_true_log,realised_intensity
1,Ladieswear || Swimwear bottom || Swimwear || Black || Other structure,Ladieswear,Swimwear bottom,Swimwear,Black,Other structure,1.0520850194045759,99.76661952553334,10.461538461538462,52,true,true,true,3.931752425220386,49.99626655395887
2,Ladieswear || Bikini top || Swimwear || Green || Other structure,Ladieswear,Bikini top,Swimwear,Green,Other structure,1.1135881645262447,87.28432649845944,6.230769230769231,52,false,true,true,3.842789393296208,45.65543345543346
3,Ladieswear || Swimwear bottom || Swimwear || Green || Other structure,Ladieswear,Swimwear bottom,Swimwear,Green,Other structure,0.9431358014915997,87.20977091251179,4.615384615384615,52,false,true,true,3.705422267052958,39.66721611721612
4,Ladieswear || Bikini top || Swimwear || Yellow || Other structure,Ladieswear,Bikini top,Swimwear,Yellow,Other structure,0.9881634122363695,83.68114188596466,7.769230769230769,52,false,true,true,4.159044540798688,63.0103341103341
5,Ladieswear || Swimwear bottom || Swimwear || Blue || Other structure,Ladieswear,Swimwear bottom,Swimwear,Blue,Other structure,1.2287174632848024,81.98742890068259,2.923076923076923,44,false,true,true,4.0004983591208,53.62536630036628
6,Ladieswear || Swimwear bottom || Swimwear || White || Other structure,Ladieswear,Swimwear bottom,Swimwear,White,Other structure,1.1726495373165706,78.12427752158915,9.307692307692308,52,false,true,true,3.7132267686973788,39.985845225664235
7,Ladieswear || Socks || Socks and Tights || White || Solid,Ladieswear,Socks,Socks and Tights,White,Solid,1.0700138911014394,75.99652357611264,8.692307692307692,52,false,true,true,4.344583381306639,76.05992618492617
8,Ladieswear || Swimwear bottom || Swimwear || Yellow || Other structure,Ladieswear,Swimwear bottom,Swimwear,Yellow,Other structure,0.8447355819656108,74.16861795813078,7.0,52,false,false,true,4.016905934532195,54.52902930402932
9,Ladieswear || Swimwear bottom || Swimwear || Red || Solid,Ladieswear,Swimwear bottom,Swimwear,Red,Solid,1.3330339461843281,72.2491375087134,11.23076923076923,52,true,true,true,3.933672968712875,50.0943012116089
10,Ladieswear || Bikini top || Swimwear || White || Other structure,Ladieswear,Bikini top,Swimwear,White,Other structure,1.00976272311359,69.59600778369628,8.153846153846153,52,false,true,true,3.8466817489117235,45.83738687782806
11,Ladieswear || Swimwear bottom || Swimwear || Black || Solid,Ladieswear,Swimwear bottom,Swimwear,Black,Solid,1.2506423035986494,69.10057877829848,43.61538461538461,52,true,true,true,3.8802950734528348,47.43850588000253
12,Ladieswear || Bikini top || Swimwear || Red || Solid,Ladieswear,Bikini top,Swimwear,Red,Solid,1.2895242160083868,68.08966484706403,9.0,52,false,true,true,3.7549163521643356,41.7306453350571
13,Ladieswear || Shorts || Shorts || Grey || Denim,Ladieswear,Shorts,Shorts,Grey,Denim,1.0520357167722496,67.29954681059394,8.538461538461538,52,false,true,true,3.623244299720904,36.45889879351417
14,Ladieswear || Swimwear bottom || Swimwear || Pink || Other structure,Ladieswear,Swimwear bottom,Swimwear,Pink,Other structure,,66.74594284850369,6.846153846153846,25,false,false,false,3.5199703770260293,32.783427683427675
15,Ladieswear || T-shirt || Jersey Basic || White || Solid,Ladieswear,T-shirt,Jersey Basic,White,Solid,1.160707188870791,66.32299000835476,22.76923076923077,52,true,true,true,4.239933805857711,68.4032575975922
16,Ladieswear || T-shirt || Jersey Basic || Black || Solid,Ladieswear,T-shirt,Jersey Basic,Black,Solid,1.04041484907945,64.96630929638033,24.46153846153846,52,true,true,true,4.276817108113922,71.01087203580516
17,Ladieswear || Bikini top || Swimwear || Pink || Other structure,Ladieswear,Bikini top,Swimwear,Pink,Other structure,,64.80527343196088,7.461538461538462,25,false,false,false,3.540781955622753,33.49388133234287
18,Ladieswear || Vest top || Jersey Basic || White || Solid,Ladieswear,Vest top,Jersey Basic,White,Solid,1.1820621601896109,64.54484280892522,14.615384615384615,52,true,true,true,3.8212752992471835,44.66240443423105
19,Ladieswear || Swimwear bottom || Swimwear || Green || Solid,Ladieswear,Swimwear bottom,Swimwear,Green,Solid,1.41022602260226,64.49849152222576,9.615384615384615,52,false,true,true,3.8598012240850816,46.45591733786839
20,"Ladieswear || Unknown || Under-, Nightwear || Beige || Solid",Ladieswear,Unknown,"Under-, Nightwear",Beige,Solid,0.9661460041802187,64.3287525258748,3.076923076923077,52,false,true,true,4.159123439087304,63.01538461538463
21,Divided || Shorts || Shorts || Blue || Denim,Divided,Shorts,Shorts,Blue,Denim,1.0287968778076242,63.497099431908026,12.23076923076923,22,true,true,false,3.853453540164181,46.155636227489765
22,Ladieswear || T-shirt || Jersey Basic || Blue || Solid,Ladieswear,T-shirt,Jersey Basic,Blue,Solid,0.953116417387644,63.11166350857923,7.153846153846154,52,false,true,true,3.917044177750578,49.251689976689974
23,Ladieswear || Bikini top || Swimwear || Black || Other structure,Ladieswear,Bikini top,Swimwear,Black,Other structure,1.0468017773477354,62.960845679238574,13.076923076923077,52,true,true,true,3.8720736421866464,47.04190458234576
24,Ladieswear || Swimwear bottom || Swimwear || Blue || Stripe,Ladieswear,Swimwear bottom,Swimwear,Blue,Stripe,1.5654810042332044,62.3221929850103,15.23076923076923,52,true,true,true,3.9656959905244467,51.75697496947497
25,Ladieswear || Bikini top || Swimwear || Blue || Stripe,Ladieswear,Bikini top,Swimwear,Blue,Stripe,1.0623845471570579,61.49858554996876,18.153846153846153,52,true,true,true,4.000836765203251,53.6438549847436
26,Ladieswear || Shorts || Jersey Basic || Black || Solid,Ladieswear,Shorts,Jersey Basic,Black,Solid,1.008231640596769,60.344779353748805,3.0,52,false,true,true,4.269482257101757,70.48461538461538
27,Ladieswear || Bikini top || Swimwear || Blue || Other structure,Ladieswear,Bikini top,Swimwear,Blue,Other structure,1.1795928523760384,60.24735813721746,3.076923076923077,44,false,true,true,4.012471476724952,54.283333333333324
28,Ladieswear || Bikini top || Swimwear || Blue || Solid,Ladieswear,Bikini top,Swimwear,Blue,Solid,1.1868940758785151,58.76642128503592,9.538461538461538,52,false,true,true,4.258271267852432,69.68767770690846
29,Ladieswear || Leggings/Tights || Jersey Basic || Black || Solid,Ladieswear,Leggings/Tights,Jersey Basic,Black,Solid,0.79681795477045,58.65888326318767,10.692307692307692,52,true,false,true,3.8130492901545936,44.28832577678732
30,Ladieswear || Bikini top || Swimwear || Green || Solid,Ladieswear,Bikini top,Swimwear,Green,Solid,1.4043650269212224,58.62818184560597,11.846153846153847,52,true,true,true,3.775129342984837,42.603147712280844
31,Ladieswear || Bikini top || Swimwear || Black || Solid,Ladieswear,Bikini top,Swimwear,Black,Solid,1.2655613208427277,58.329954531085505,72.0,52,true,true,true,3.710434991672879,39.87158145832821
32,Divided || Vest top || Jersey Basic || Black || Solid,Divided,Vest top,Jersey Basic,Black,Solid,1.1726095427346757,58.2390016819734,11.23076923076923,52,true,true,true,4.10720041752424,59.77633082431845
33,Ladieswear || Socks || Socks and Tights || Black || Solid,Ladieswear,Socks,Socks and Tights,Black,Solid,1.009233473697732,57.943597737792444,13.846153846153847,52,true,true,true,3.7884527494867504,43.18797748519111
34,Ladieswear || Swimwear bottom || Swimwear || Beige || All over pattern,Ladieswear,Swimwear bottom,Swimwear,Beige,All over pattern,1.4157871433803475,57.79732698309568,4.923076923076923,52,false,true,true,3.479059635541235,31.42921245421246
35,Ladieswear || Shorts || Shorts || Black || Solid,Ladieswear,Shorts,Shorts,Black,Solid,1.115460818492896,57.76066743185094,17.846153846153847,52,true,true,true,3.8062811151621143,43.98284141476309
36,Ladieswear || Vest top || Jersey Basic || Black || Solid,Ladieswear,Vest top,Jersey Basic,Black,Solid,1.1846134767490282,57.540930780066006,20.692307692307693,52,true,true,true,4.118278707705614,60.45337195808158
37,Ladieswear || T-shirt || Jersey Basic || Khaki green || Solid,Ladieswear,T-shirt,Jersey Basic,Khaki green,Solid,1.1358392127607408,56.11969003751062,9.923076923076923,52,false,true,true,3.700333337500651,39.4607892107892
38,"Ladieswear || Unknown || Under-, Nightwear || Black || Solid",Ladieswear,Unknown,"Under-, Nightwear",Black,Solid,0.9502304882639978,55.736040204506914,7.6923076923076925,52,false,true,true,4.215234059825587,66.71001221001221
39,Ladieswear || T-shirt || Jersey Basic || White || All over pattern,Ladieswear,T-shirt,Jersey Basic,White,All over pattern,1.0218686342242964,55.454429549954476,2.3076923076923075,52,false,true,true,4.167658568474646,63.56410256410258
40,Ladieswear || Swimwear bottom || Swimwear || Blue || Solid,Ladieswear,Swimwear bottom,Swimwear,Blue,Solid,1.3665431886014414,55.43873796268896,8.307692307692308,52,false,true,true,4.318874616284452,74.1040598290598
41,Divided || Shorts || Shorts || Grey || Denim,Divided,Shorts,Shorts,Grey,Denim,1.2391151935133156,54.95133553658445,3.3846153846153846,52,false,true,true,3.724116651878665,40.434615384615384
42,Ladieswear || T-shirt || Jersey Fancy || White || Placement print,Ladieswear,T-shirt,Jersey Fancy,White,Placement print,1.0709207610166076,54.60355142382973,3.8461538461538463,18,false,true,false,3.4018382019340048,29.01923076923077
43,Divided || T-shirt || Jersey Basic || Black || Solid,Divided,T-shirt,Jersey Basic,Black,Solid,1.1064439977033342,54.427953724465695,16.384615384615383,52,true,true,true,4.172761167530513,63.89438923649453
44,Ladieswear || Bikini top || Swimwear || Beige || All over pattern,Ladieswear,Bikini top,Swimwear,Beige,All over pattern,1.6423301426480572,54.2997010172066,4.846153846153846,52,false,true,true,3.3449015562546554,27.357783882783885
45,Divided || T-shirt || Jersey Basic || Beige || Solid,Divided,T-shirt,Jersey Basic,Beige,Solid,1.1831469986155143,54.18950710472183,4.6923076923076925,52,false,true,true,3.843304821485842,45.67948717948719
46,Divided || T-shirt || Jersey Basic || Mole || Solid,Divided,T-shirt,Jersey Basic,Mole,Solid,,54.02369132469201,3.3076923076923075,50,false,false,true,4.328267414399478,74.81282051282054
47,Ladieswear || T-shirt || Jersey Fancy || Black || Front print,Ladieswear,T-shirt,Jersey Fancy,Black,Front print,0.9808623497984257,53.8791410686056,2.8461538461538463,46,false,true,true,3.035384353221433,19.808974358974357
48,Ladieswear || Shorts || Shorts || Brown || Solid,Ladieswear,Shorts,Shorts,Brown,Solid,0.6296093960146919,53.73477683866397,2.923076923076923,52,false,false,true,3.2333854341358874,24.36538461538462
49,Ladieswear || Bikini top || Swimwear || Pink || All over pattern,Ladieswear,Bikini top,Swimwear,Pink,All over pattern,1.2216326827729562,53.37500333289622,2.6923076923076925,52,false,true,true,3.5190184033017156,32.75128205128205
50,Ladieswear || T-shirt || Jersey Basic || Black || All over pattern,Ladieswear,T-shirt,Jersey Basic,Black,All over pattern,1.0594610058663287,53.26444008196268,2.6923076923076925,52,false,true,true,4.388097910712307,79.48717948717945
51,Divided || Trousers || Jersey Basic || Black || Solid,Divided,Trousers,Jersey Basic,Black,Solid,1.0273307296565681,52.495821374915344,5.615384615384615,52,false,true,true,4.070453368336693,57.58351648351647
52,Ladieswear || Swimwear bottom || Swimwear || Yellow || Solid,Ladieswear,Swimwear bottom,Swimwear,Yellow,Solid,1.1760291850505928,52.44548872005842,9.692307692307692,52,false,true,true,3.772275648788124,42.47889503658735
53,Ladieswear || T-shirt || Jersey Basic || Orange || Solid,Ladieswear,T-shirt,Jersey Basic,Orange,Solid,1.1698467228360712,52.22717666326276,4.846153846153846,28,false,true,true,3.741239029638499,41.15018315018315
54,Ladieswear || Swimsuit || Swimwear || White || Stripe,Ladieswear,Swimsuit,Swimwear,White,Stripe,1.3743969841219128,51.18019374513465,3.230769230769231,49,false,true,true,4.069311613946332,57.51666666666669
55,"Ladieswear || Unknown || Under-, Nightwear || White || Solid",Ladieswear,Unknown,"Under-, Nightwear",White,Solid,0.8395959175895328,50.851248527673945,4.769230769230769,52,false,false,true,3.866964332117515,46.797069597069594
56,Divided || Vest top || Jersey Basic || White || Solid,Divided,Vest top,Jersey Basic,White,Solid,1.239685588916131,50.64924147643572,11.461538461538462,52,true,true,true,3.9000560965254465,48.40522048900531
57,Divided || T-shirt || Jersey Basic || Pink || Solid,Divided,T-shirt,Jersey Basic,Pink,Solid,1.2304454652741181,50.47559560386443,6.769230769230769,52,false,true,true,4.03807457068345,55.71703296703296
58,Divided || Shorts || Jersey Basic || Black || Solid,Divided,Shorts,Jersey Basic,Black,Solid,1.1967674620714728,49.61839288489442,5.230769230769231,52,false,true,true,3.807795528772813,44.051015651015646
59,Divided || T-shirt || Jersey Basic || White || Solid,Divided,T-shirt,Jersey Basic,White,Solid,1.0003420427397736,49.43782111479748,19.53846153846154,52,true,true,true,3.9020579951494025,48.504223796146874
60,Ladieswear || Trousers || Trousers Denim || Black || Solid,Ladieswear,Trousers,Trousers Denim,Black,Solid,1.0556849923589875,49.132792102659266,3.5384615384615383,52,false,true,true,4.131261506049743,61.256410256410284
61,Ladieswear || T-shirt || Jersey Basic || White || Stripe,Ladieswear,T-shirt,Jersey Basic,White,Stripe,0.9692208844449528,48.7977753087997,9.384615384615385,52,false,true,true,4.035503771653962,55.571412134873654
62,Ladieswear || Swimwear bottom || Swimwear || White || All over pattern,Ladieswear,Swimwear bottom,Swimwear,White,All over pattern,1.3194119404102438,48.46525070360113,20.076923076923077,52,true,true,true,3.517311866830516,32.6937333759349
63,Ladieswear || Shorts || Shorts || Beige || Solid,Ladieswear,Shorts,Shorts,Beige,Solid,0.9893877412670982,47.89212418867238,6.076923076923077,52,false,true,true,3.8580915814381935,46.37485399216169
64,Divided || T-shirt || Jersey Basic || Khaki green || Solid,Divided,T-shirt,Jersey Basic,Khaki green,Solid,0.9203410747494929,47.62614551794003,4.615384615384615,52,false,true,true,3.5469613427223123,33.707692307692305
65,Ladieswear || Bikini top || Swimwear || Green || All over pattern,Ladieswear,Bikini top,Swimwear,Green,All over pattern,1.8201442535928531,47.55417608318503,3.6153846153846154,33,false,true,true,3.8427278904680398,45.65256410256411
66,Ladieswear || Sarong || Swimwear || Black || Solid,Ladieswear,Sarong,Swimwear,Black,Solid,1.4526476240140254,47.49784602240919,2.923076923076923,47,false,true,true,3.77699598942185,42.684615384615384
67,Ladieswear || Top || Knitwear || Black || Solid,Ladieswear,Top,Knitwear,Black,Solid,0.7201057828235999,47.30054500509009,5.384615384615385,52,false,false,true,4.048450840336532,56.308608058608044
68,Ladieswear || Swimsuit || Swimwear || Green || Other structure,Ladieswear,Swimsuit,Swimwear,Green,Other structure,1.064485967939956,47.04218249290539,2.8461538461538463,31,false,true,true,3.3151645467230697,26.526923076923076
69,Ladieswear || Shorts || Shorts || Blue || Denim,Ladieswear,Shorts,Shorts,Blue,Denim,1.142578113363539,46.945777258742396,27.153846153846153,52,true,true,true,3.4648732687326196,30.972407612630292
70,Ladieswear || T-shirt || Jersey Basic || Pink || Solid,Ladieswear,T-shirt,Jersey Basic,Pink,Solid,1.1207979613613164,46.9200952918304,6.153846153846154,47,false,true,true,3.620962011472039,36.37350427350428
71,Ladieswear || Socks || Socks and Tights || Grey || Melange,Ladieswear,Socks,Socks and Tights,Grey,Melange,0.9725316562790827,46.45739257639205,4.384615384615385,52,false,true,true,3.798148530179265,43.61849816849816
72,Ladieswear || Swimwear bottom || Swimwear || Black || All over pattern,Ladieswear,Swimwear bottom,Swimwear,Black,All over pattern,1.2252048855841908,46.29156961185551,16.46153846153846,52,true,true,true,3.404155251106946,29.08886744770612
73,Ladieswear || Swimwear bottom || Swimwear || Pink || All over pattern,Ladieswear,Swimwear bottom,Swimwear,Pink,All over pattern,1.6194677775200754,46.267390217872524,2.923076923076923,52,false,true,true,3.406567551836749,29.16153846153846
74,Menswear || T-shirt || Jersey Basic || White || Solid,Menswear,T-shirt,Jersey Basic,White,Solid,0.9400326079157666,45.12218458934972,16.53846153846154,52,true,true,true,3.3038279959856043,26.216624895572266
75,Divided || T-shirt || Jersey Basic || Grey || Melange,Divided,T-shirt,Jersey Basic,Grey,Melange,1.3101041320495281,44.70898078064638,5.769230769230769,52,false,true,true,3.790416047010242,43.27481684981685
76,Sport || Hoodie || Jersey Fancy || Black || Melange,Sport,Hoodie,Jersey Fancy,Black,Melange,1.0313568370194457,44.6871739758053,2.3846153846153846,52,false,true,true,4.307092384362736,73.22435897435899
77,Ladieswear || Bikini top || Swimwear || Black || All over pattern,Ladieswear,Bikini top,Swimwear,Black,All over pattern,1.1157282744212893,44.58475366395918,16.307692307692307,52,true,true,true,3.531834242413661,33.1866166826996
78,Divided || Dress || Jersey Basic || Black || Solid,Divided,Dress,Jersey Basic,Black,Solid,1.0613788164728934,44.30862835492559,25.307692307692307,52,true,true,true,3.291165865475194,25.874177073959956
79,Ladieswear || Shirt || Blouses || Beige || Solid,Ladieswear,Shirt,Blouses,Beige,Solid,,44.09046267336204,4.846153846153846,43,false,false,true,3.252115741350166,24.84496336996337
80,Ladieswear || Trousers || Trousers || Brown || All over pattern,Ladieswear,Trousers,Trousers,Brown,All over pattern,1.021230382581379,43.99179341608075,2.230769230769231,52,false,true,true,3.7249208087944483,40.467948717948715
81,Menswear || T-shirt || Jersey Basic || Green || Solid,Menswear,T-shirt,Jersey Basic,Green,Solid,1.061587390238605,43.8037584262326,3.8461538461538463,52,false,true,true,3.244798211962466,24.656532356532352
82,Ladieswear || Shirt || Blouses || White || Solid,Ladieswear,Shirt,Blouses,White,Solid,1.2451941565585527,43.60366530015395,34.23076923076923,52,true,true,true,3.5799682060655478,34.87240030418777
83,Ladieswear || Dress || Jersey Basic || Khaki green || Solid,Ladieswear,Dress,Jersey Basic,Khaki green,Solid,1.2564158922783921,42.97580678787579,5.0,52,false,true,true,2.7714204576668147,14.981318681318685
84,Ladieswear || Vest top || Jersey Fancy || White || Solid,Ladieswear,Vest top,Jersey Fancy,White,Solid,1.0408745613168808,42.9701120987497,22.846153846153847,52,true,true,true,3.5276425591868925,33.0436171287642
85,Sport || Vest top || Jersey Fancy || Khaki green || Solid,Sport,Vest top,Jersey Fancy,Khaki green,Solid,1.2599235381878695,42.96925841554535,2.769230769230769,32,false,true,true,3.3471562759103155,27.421794871794866
86,Divided || Trousers || Trousers Denim || Black || Solid,Divided,Trousers,Trousers Denim,Black,Solid,0.9945886927302413,42.53309545207278,3.4615384615384617,52,false,true,true,3.5487328223706944,33.76923076923077
87,Divided || Vest top || Jersey Basic || Pink || Solid,Divided,Vest top,Jersey Basic,Pink,Solid,1.246182151665841,42.31445650537344,3.0,52,false,true,true,3.3026512024240593,26.184615384615384
88,Ladieswear || Bikini top || Swimwear || Yellow || Solid,Ladieswear,Bikini top,Swimwear,Yellow,Solid,1.1039062421414847,42.3109475273519,8.923076923076923,52,false,true,true,3.647344137369346,37.37261819377205
89,Menswear || T-shirt || Jersey Basic || Black || Solid,Menswear,T-shirt,Jersey Basic,Black,Solid,1.0713675782308907,41.809379780488655,14.461538461538462,52,true,true,true,3.4134502516543233,29.36984731814454
90,Sport || Leggings/Tights || Jersey Fancy || Black || Solid,Sport,Leggings/Tights,Jersey Fancy,Black,Solid,0.9086789734348336,41.57784964213863,26.846153846153847,52,true,true,true,3.99051154606522,53.0825480030173
91,Ladieswear || Bikini top || Swimwear || White || All over pattern,Ladieswear,Bikini top,Swimwear,White,All over pattern,1.1661039255918586,41.49475853595047,29.384615384615383,52,true,true,true,3.409271141565685,29.243193217875
92,Ladieswear || Dress || Dresses Ladies || Unknown || All over pattern,Ladieswear,Dress,Dresses Ladies,Unknown,All over pattern,1.2227258397374836,41.49432788312438,7.153846153846154,52,false,true,true,3.9418872807310392,50.51573426573427
93,"Ladieswear || Sweater || Under-, Nightwear || White || Solid",Ladieswear,Sweater,"Under-, Nightwear",White,Solid,1.4543119959400088,41.426653455902596,5.3076923076923075,52,false,true,true,3.4117278220272595,29.317582417582425
94,Ladieswear || Shorts || Shorts || Pink || Solid,Ladieswear,Shorts,Shorts,Pink,Solid,0.7739012423982391,41.36924172303375,0.3076923076923077,13,false,false,false,3.567725358197969,34.43589743589744
95,Divided || Shorts || Shorts || Black || All over pattern,Divided,Shorts,Shorts,Black,All over pattern,1.3431588548144464,41.27525535497992,3.923076923076923,52,false,true,true,3.266822561180691,25.227869352869348
96,Ladieswear || Vest top || Jersey Fancy || Black || Solid,Ladieswear,Vest top,Jersey Fancy,Black,Solid,1.1239868848169847,41.2323232265424,26.307692307692307,52,true,true,true,3.441314114986856,30.22796835758335
97,Ladieswear || Shorts || Shorts || White || Solid,Ladieswear,Shorts,Shorts,White,Solid,0.9200223394001429,41.189470667544214,6.0,52,false,true,true,3.453130248369497,30.599150849150856
98,Ladieswear || Bikini top || Swimwear || Orange || Solid,Ladieswear,Bikini top,Swimwear,Orange,Solid,1.1700752822126996,40.81206468065583,8.76923076923077,52,false,true,true,3.3070221591280067,26.30369822485208
99,Ladieswear || Top || Jersey Fancy || Black || Other structure,Ladieswear,Top,Jersey Fancy,Black,Other structure,0.9297977162103598,40.34831275562436,3.230769230769231,45,false,true,true,4.152311054037485,62.580769230769256
100,Divided || Top || Jersey Basic || Black || Solid,Divided,Top,Jersey Basic,Black,Solid,0.8278243859697184,40.29333760891308,11.461538461538462,52,true,false,true,3.8728326081656497,47.0783805937652
101,Ladieswear || Hair ties || Accessories || Black || Solid,Ladieswear,Hair ties,Accessories,Black,Solid,0.852531415745395,40.24703804276328,3.230769230769231,46,false,true,true,3.7816333668969264,42.88766788766789
102,Sport || Leggings/Tights || Jersey Fancy || Black || Colour blocking,Sport,Leggings/Tights,Jersey Fancy,Black,Colour blocking,1.0158499994211572,40.24285900191629,4.6923076923076925,52,false,true,true,3.287249701398493,25.7691391941392
103,Ladieswear || Leggings/Tights || Jersey Basic || Grey || Melange,Ladieswear,Leggings/Tights,Jersey Basic,Grey,Melange,1.028564140520785,40.16380609600028,0.8461538461538461,26,false,true,true,3.499610744716996,32.10256410256411
104,Sport || Leggings/Tights || Jersey Fancy || Khaki green || Solid,Sport,Leggings/Tights,Jersey Fancy,Khaki green,Solid,,40.037968944894054,2.6153846153846154,24,false,false,false,3.7975038682246365,43.589743589743584
105,Divided || Trousers || Trousers || Blue || Stripe,Divided,Trousers,Trousers,Blue,Stripe,1.3451084611016468,39.710373145842624,2.3846153846153846,52,false,true,true,4.131055554035833,61.243589743589716
106,Ladieswear || Swimsuit || Swimwear || White || Solid,Ladieswear,Swimsuit,Swimwear,White,Solid,1.5129071814546269,39.603096400160396,0.9230769230769231,42,false,true,true,3.371266715415967,28.115384615384617
107,Ladieswear || Bikini top || Swimwear || White || Stripe,Ladieswear,Bikini top,Swimwear,White,Stripe,1.1334398821490514,39.55820393786305,7.230769230769231,52,false,true,true,3.1806426758609345,23.062212787212783
108,"Ladieswear || Unknown || Under-, Nightwear || Brown || Solid",Ladieswear,Unknown,"Under-, Nightwear",Brown,Solid,,39.38139127054452,3.6923076923076925,22,false,false,false,3.3105430133940246,26.400000000000002
109,Ladieswear || Swimwear bottom || Swimwear || White || Stripe,Ladieswear,Swimwear bottom,Swimwear,White,Stripe,1.4446894120860534,39.22573099882576,3.3846153846153846,49,false,true,true,2.9346067250126597,17.814102564102562
110,Sport || Leggings/Tights || Jersey Fancy || Black || Mesh,Sport,Leggings/Tights,Jersey Fancy,Black,Mesh,1.1967878380187817,39.177361198238984,4.384615384615385,52,false,true,true,3.896310463854444,48.220512820512816
111,Ladieswear || Swimsuit || Swimwear || Green || Solid,Ladieswear,Swimsuit,Swimwear,Green,Solid,1.4943161990629261,39.00321605403605,3.6923076923076925,52,false,true,true,3.5886694693342256,35.185897435897445
112,Sport || Leggings/Tights || Jersey Fancy || Black || Placement print,Sport,Leggings/Tights,Jersey Fancy,Black,Placement print,1.094527505360893,38.80410558860251,4.384615384615385,52,false,true,true,4.194111164375731,65.29478021978022
113,Ladieswear || Swimwear bottom || Swimwear || Green || All over pattern,Ladieswear,Swimwear bottom,Swimwear,Green,All over pattern,1.2851979608657162,38.520138378467955,3.3846153846153846,43,false,true,true,3.253917629748941,24.891575091575096
114,Ladieswear || Swimsuit || Swimwear || White || All over pattern,Ladieswear,Swimsuit,Swimwear,White,All over pattern,0.9768277289115943,38.45111325853825,6.6923076923076925,50,false,true,true,3.74431719328524,41.2801282051282
115,Ladieswear || Dress || Jersey Basic || Orange || Solid,Ladieswear,Dress,Jersey Basic,Orange,Solid,1.0243921591225593,38.055686032284555,3.1538461538461537,14,false,true,false,3.4852556846690455,31.630769230769232
116,Ladieswear || Blouse || Blouses || Unknown || All over pattern,Ladieswear,Blouse,Blouses,Unknown,All over pattern,1.0075687323602462,38.04357572328883,2.769230769230769,36,false,true,true,4.338094841790481,75.56153846153843
117,Ladieswear || Trousers || Trousers || Beige || Melange,Ladieswear,Trousers,Trousers,Beige,Melange,,37.97477146547358,6.615384615384615,47,false,false,true,3.2173912068845754,23.962912087912088
118,Ladieswear || Bikini top || Swimwear || Orange || All over pattern,Ladieswear,Bikini top,Swimwear,Orange,All over pattern,1.0944323699988494,37.876683521254286,13.923076923076923,52,true,true,true,3.6620334185505667,37.94044464307622
119,Menswear || Shorts || Jersey Basic || Grey || Melange,Menswear,Shorts,Jersey Basic,Grey,Melange,1.0497566959866043,37.86187629109304,10.153846153846153,52,true,true,true,2.896363361041107,17.10817259663413
120,Ladieswear || Swimsuit || Swimwear || Beige || All over pattern,Ladieswear,Swimsuit,Swimwear,Beige,All over pattern,1.6433027913927922,37.55288671054522,2.8461538461538463,52,false,true,true,4.191401467361367,65.11538461538463
121,Divided || Vest top || Jersey Basic || Orange || Solid,Divided,Vest top,Jersey Basic,Orange,Solid,0.9820463555224184,37.41844126042993,6.153846153846154,52,false,true,true,3.073696950771922,20.62168942168942
122,Divided || Shorts || Trousers Denim || Blue || Denim,Divided,Shorts,Trousers Denim,Blue,Denim,1.172270185492987,37.168768609436185,31.923076923076923,52,true,true,true,3.0345951472239374,19.7925582702984
123,Divided || Shorts || Trousers Denim || Black || Denim,Divided,Shorts,Trousers Denim,Black,Denim,1.2092051685679173,37.13277146205171,8.923076923076923,52,false,true,true,3.1135544383557443,21.50088042299581
124,Divided || Trousers || Trousers || Black || Solid,Divided,Trousers,Trousers,Black,Solid,0.8715772967010611,37.00875922303232,46.23076923076923,52,true,true,true,3.7554338500627646,41.752764076924095
125,Menswear || T-shirt || Jersey Basic || Red || Solid,Menswear,T-shirt,Jersey Basic,Red,Solid,0.9434821688649898,36.72931920543508,1.3846153846153846,52,false,true,true,3.450801215526601,30.525641025641026
126,Ladieswear || Sweater || Jersey Basic || Black || Solid,Ladieswear,Sweater,Jersey Basic,Black,Solid,1.0209067830583751,36.70489475757097,2.076923076923077,52,false,true,true,3.71200736602519,39.935897435897424
127,Ladieswear || Cardigan || Knitwear || Black || Solid,Ladieswear,Cardigan,Knitwear,Black,Solid,0.9052240862625945,36.66242496710028,7.461538461538462,52,false,true,true,4.098599980586913,59.2558691308691
128,Ladieswear || Trousers || Trousers || Beige || Solid,Ladieswear,Trousers,Trousers,Beige,Solid,0.8845875824591892,36.633329576856056,45.38461538461539,52,true,true,true,3.2990032021952813,26.085626566865763
129,"Ladieswear || Pyjama bottom || Under-, Nightwear || Black || Solid",Ladieswear,Pyjama bottom,"Under-, Nightwear",Black,Solid,1.0342735441377406,36.57774102556983,3.0,52,false,true,true,3.7622431017078006,42.04487179487178
130,Ladieswear || Shorts || Shorts || Orange || Solid,Ladieswear,Shorts,Shorts,Orange,Solid,0.8267684092557188,36.29938595767808,3.0,51,false,false,true,3.0553307280151136,20.228205128205126
131,Ladieswear || Shorts || Shorts || Blue || Stripe,Ladieswear,Shorts,Shorts,Blue,Stripe,1.370672006518349,36.156330653259026,6.076923076923077,52,false,true,true,2.980708502354064,18.701770451770447
132,Ladieswear || T-shirt || Jersey Fancy || White || Embroidery,Ladieswear,T-shirt,Jersey Fancy,White,Embroidery,1.0341472114472097,36.1542280212229,2.5384615384615383,48,false,true,true,3.360419901820623,27.80128205128205
133,Divided || Shorts || Shorts || Black || Solid,Divided,Shorts,Shorts,Black,Solid,1.0488963051863807,36.14796326488698,19.153846153846153,52,true,true,true,3.2658786664932347,25.203124686340672
134,Ladieswear || Trousers || Trousers || Beige || Stripe,Ladieswear,Trousers,Trousers,Beige,Stripe,1.2626503896493655,36.12663851326132,6.0,52,false,true,true,3.193403971019268,23.371245421245423
135,Ladieswear || Trousers || Jersey Basic || Grey || Melange,Ladieswear,Trousers,Jersey Basic,Grey,Melange,0.9117319835090141,36.11253746032403,3.6923076923076925,52,false,true,true,3.505210836594782,32.28846153846153
136,Ladieswear || Dress || Jersey Basic || Black || Solid,Ladieswear,Dress,Jersey Basic,Black,Solid,0.9921440113599065,35.965548390732735,26.153846153846153,52,true,true,true,3.0996006017948163,21.189087229802062
137,Ladieswear || Trousers || Trousers || Unknown || Solid,Ladieswear,Trousers,Trousers,Unknown,Solid,0.9488923478478319,35.934406532685486,4.461538461538462,45,false,true,true,3.221904201735528,24.075824175824174
138,Ladieswear || Swimwear bottom || Swimwear || Brown || Solid,Ladieswear,Swimwear bottom,Swimwear,Brown,Solid,1.261024157587718,35.82573660164556,3.3846153846153846,52,false,true,true,3.363531015441111,27.89102564102564
139,"Ladieswear || Underwear bottom || Under-, Nightwear || Pink || Melange",Ladieswear,Underwear bottom,"Under-, Nightwear",Pink,Melange,1.1843375250592307,35.69291836252196,3.769230769230769,52,false,true,true,3.5657335060228936,34.36538461538461
140,Divided || Dress || Dresses Ladies || Khaki green || Solid,Divided,Dress,Dresses Ladies,Khaki green,Solid,1.1267399743021902,35.629987467237996,12.538461538461538,52,true,true,true,3.2581943910730002,25.002544303821388
141,Divided || Vest top || Jersey Basic || Beige || Solid,Divided,Vest top,Jersey Basic,Beige,Solid,1.3434135768294881,35.39201789173625,1.4615384615384615,51,false,true,true,3.1284460243081775,21.83846153846154
142,Sport || T-shirt || Jersey Fancy || Green || Solid,Sport,T-shirt,Jersey Fancy,Green,Solid,1.5062660015625937,35.34938561108419,0.6153846153846154,37,false,true,true,3.97101733977182,52.03846153846154
143,Ladieswear || Swimsuit || Swimwear || Black || Solid,Ladieswear,Swimsuit,Swimwear,Black,Solid,1.173241651224357,35.25713302462331,23.846153846153847,52,true,true,true,3.3779413575560873,28.310369391371303
144,Ladieswear || Dress || Special Offers || Orange || All over pattern,Ladieswear,Dress,Special Offers,Orange,All over pattern,0.9229111618962017,35.08818543693381,1.8461538461538463,46,false,true,true,3.627992377987587,36.63717948717948
145,Ladieswear || Vest top || Blouses || Black || Solid,Ladieswear,Vest top,Blouses,Black,Solid,1.0856922162312894,35.020608201631795,25.615384615384617,52,true,true,true,3.1226491949955517,21.70645385781328
146,Ladieswear || Skirt || Skirts || Green || All over pattern,Ladieswear,Skirt,Skirts,Green,All over pattern,0.9492648738097645,34.90636918506227,3.1538461538461537,41,false,true,true,2.697740831443349,13.846153846153847
147,Ladieswear || Vest top || Blouses || Beige || All over pattern,Ladieswear,Vest top,Blouses,Beige,All over pattern,1.0160623688800066,34.80435259050649,6.846153846153846,52,false,true,true,3.234518407011611,24.394139194139193
148,"Divided || Underwear bottom || Under-, Nightwear || Black || Solid",Divided,Underwear bottom,"Under-, Nightwear",Black,Solid,1.221080942209476,34.76158360099007,6.230769230769231,52,false,true,true,3.826291528297855,44.892032967032954
149,Ladieswear || Trousers || Trousers || Beige || All over pattern,Ladieswear,Trousers,Trousers,Beige,All over pattern,0.8208385639316255,34.6688906190506,5.230769230769231,52,false,false,true,3.2163121017763365,23.93598901098901
150,Ladieswear || T-shirt || Jersey Fancy || Khaki green || Solid,Ladieswear,T-shirt,Jersey Fancy,Khaki green,Solid,1.1776210827857014,34.620516414848446,7.3076923076923075,52,false,true,true,2.9254023447680133,17.64172494172494
151,Ladieswear || Shorts || Shorts || Khaki green || Solid,Ladieswear,Shorts,Shorts,Khaki green,Solid,1.0988179575099446,34.521673677178335,7.0,52,false,true,true,3.0945916054116758,21.078220070527767
152,Ladieswear || Blouse || Blouses || Green || All over pattern,Ladieswear,Blouse,Blouses,Green,All over pattern,0.8660162903702753,34.34054467963195,9.384615384615385,52,false,true,true,3.1458439207641913,22.23927931043316
153,Ladieswear || Sweater || Jersey Basic || White || Solid,Ladieswear,Sweater,Jersey Basic,White,Solid,1.0161025840144424,34.257329026895476,1.0,52,false,true,true,3.1716229400176554,22.84615384615385
154,Ladieswear || Swimsuit || Swimwear || Black || Other structure,Ladieswear,Swimsuit,Swimwear,Black,Other structure,1.0818936877076413,34.21394304765248,5.0,51,false,true,true,3.980974850432497,52.569230769230764
155,Divided || T-shirt || Jersey Basic || Yellow || Solid,Divided,T-shirt,Jersey Basic,Yellow,Solid,1.2193285156801912,34.0548824567903,1.9230769230769231,52,false,true,true,3.714040999889923,40.01923076923077
156,Ladieswear || Vest top || Jersey Basic || Beige || Solid,Ladieswear,Vest top,Jersey Basic,Beige,Solid,1.0221539201875993,33.88476150735441,8.0,52,false,true,true,2.5592937350509004,11.926684426684426
157,Ladieswear || Top || Jersey Basic || Black || Solid,Ladieswear,Top,Jersey Basic,Black,Solid,1.118832689243051,33.704504596757495,11.461538461538462,52,true,true,true,3.0313297644736985,19.724773341289175
158,Ladieswear || Swimsuit || Swimwear || Black || All over pattern,Ladieswear,Swimsuit,Swimwear,Black,All over pattern,1.359545461973105,33.53695698096794,4.923076923076923,52,false,true,true,3.149345132172242,22.320787545787546
159,"Ladieswear || Bra || Under-, Nightwear || White || Solid",Ladieswear,Bra,"Under-, Nightwear",White,Solid,0.9525667895518313,33.355231883505446,71.76923076923077,52,true,true,true,3.3954306548007613,28.827496063752868
160,Divided || Trousers || Trousers || Black || Stripe,Divided,Trousers,Trousers,Black,Stripe,0.8844630327095486,33.049995078420594,3.769230769230769,52,false,true,true,2.9161061457656707,17.46923076923077
161,Divided || Trousers || Trousers || White || Solid,Divided,Trousers,Trousers,White,Solid,1.0508684615538366,32.90660365096193,3.4615384615384617,52,false,true,true,3.241690502634372,24.576923076923077
162,Divided || Trousers || Trousers Denim || Grey || Denim,Divided,Trousers,Trousers Denim,Grey,Denim,1.1058230456054932,32.792016081099035,17.076923076923077,52,true,true,true,3.2240838869716546,24.13054119083531
163,Ladieswear || Shirt || Blouses || Khaki green || Solid,Ladieswear,Shirt,Blouses,Khaki green,Solid,0.9515233568889825,32.79033971976622,7.076923076923077,45,false,true,true,3.5455672610061337,33.659340659340664
164,Ladieswear || Trousers || Trousers || Black || Stripe,Ladieswear,Trousers,Trousers,Black,Stripe,0.8769441114762587,32.65084379583738,9.307692307692308,52,false,true,true,3.5749565752148635,34.69307081807082
165,Divided || Vest top || Knitwear || Black || Solid,Divided,Vest top,Knitwear,Black,Solid,1.1958466784943458,32.609685906897994,6.076923076923077,52,false,true,true,2.9210757677424954,17.56124431124431
166,Divided || Vest top || Jersey Basic || Khaki green || Solid,Divided,Vest top,Jersey Basic,Khaki green,Solid,1.381868173209422,32.598938251593815,2.1538461538461537,51,false,true,true,3.2281150626398,24.23205128205128
167,Menswear || T-shirt || Jersey Basic || Beige || Solid,Menswear,T-shirt,Jersey Basic,Beige,Solid,1.3868102265886146,32.40078342079132,4.538461538461538,52,false,true,true,3.1534441088580314,22.41657509157509
168,Divided || Dress || Dresses Ladies || Black || Dot,Divided,Dress,Dresses Ladies,Black,Dot,1.360689946975646,32.33271873109332,8.0,52,false,true,true,3.7051511699160256,39.65619284561593
169,Divided || Hoodie || Jersey Basic || Black || Solid,Divided,Hoodie,Jersey Basic,Black,Solid,0.9592000393133606,32.17734847210056,3.1538461538461537,52,false,true,true,3.895241962391098,48.167948717948725
170,Ladieswear || Swimwear bottom || Swimwear || White || Solid,Ladieswear,Swimwear bottom,Swimwear,White,Solid,1.2669130113815161,32.07925753579645,7.846153846153846,52,false,true,true,3.513070195980436,32.55111832611833
171,"Ladieswear || Underwear bottom || Under-, Nightwear || Black || Solid",Ladieswear,Underwear bottom,"Under-, Nightwear",Black,Solid,1.0101333309056166,31.762564308470353,93.15384615384616,52,true,true,true,3.415395311333998,29.428975969377078
172,Divided || Shorts || Shorts || Black || Denim,Divided,Shorts,Shorts,Black,Denim,,31.70257779951468,5.230769230769231,16,false,false,false,2.980393933879754,18.695573870573867
173,Divided || Jumpsuit/Playsuit || Dresses Ladies || Blue || Denim,Divided,Jumpsuit/Playsuit,Dresses Ladies,Blue,Denim,1.0440684247900716,31.623860408313043,5.230769230769231,52,false,true,true,3.2100309633446726,23.779853479853475
174,Ladieswear || Jumpsuit/Playsuit || Trousers || White || Solid,Ladieswear,Jumpsuit/Playsuit,Trousers,White,Solid,1.054715850596247,31.577125305220825,3.076923076923077,52,false,true,true,3.819771147848178,44.593772893772886
175,"Ladieswear || Bra || Under-, Nightwear || Black || Solid",Ladieswear,Bra,"Under-, Nightwear",Black,Solid,0.9673641369523559,31.552539936419336,124.84615384615384,52,true,true,true,3.3438308932991685,27.327438501817312
176,Sport || Vest top || Jersey Fancy || Black || Solid,Sport,Vest top,Jersey Fancy,Black,Solid,1.0103949617916035,31.47863831480749,17.53846153846154,52,true,true,true,3.6614840050445108,37.919056112969166
177,Sport || Top || Jersey Fancy || Black || Solid,Sport,Top,Jersey Fancy,Black,Solid,1.0676071249094363,31.32691558487842,4.615384615384615,52,false,true,true,4.11069576110592,59.989136680313145
178,Ladieswear || Dress || Jersey Fancy || Blue || Dot,Ladieswear,Dress,Jersey Fancy,Blue,Dot,1.0356671823085335,31.004758761791045,1.7692307692307692,14,false,true,false,3.6446461991371106,37.26923076923077
179,Ladieswear || Trousers || Trousers || Black || Mixed solid/pattern,Ladieswear,Trousers,Trousers,Black,Mixed solid/pattern,0.8464636544940604,30.92441195030856,4.0,52,false,false,true,2.8579427436681306,16.425641025641028
180,Sport || T-shirt || Jersey Fancy || Black || Melange,Sport,T-shirt,Jersey Fancy,Black,Melange,0.9353867545971779,30.79271246465207,5.384615384615385,52,false,true,true,3.4735937613810446,31.25244200244201
181,Ladieswear || T-shirt || Jersey Basic || Beige || Solid,Ladieswear,T-shirt,Jersey Basic,Beige,Solid,1.0946932417358792,30.73027057706303,9.153846153846153,52,false,true,true,2.9715511325864044,18.52217760871607
182,Ladieswear || Dress || Dresses Ladies || Unknown || Solid,Ladieswear,Dress,Dresses Ladies,Unknown,Solid,0.7268204398530381,30.62916423772478,3.6153846153846154,52,false,false,true,4.021739405049235,54.7980769230769
183,Ladieswear || Top || Jersey Fancy || Beige || Solid,Ladieswear,Top,Jersey Fancy,Beige,Solid,1.0090864464582971,30.56869414598798,21.384615384615383,52,true,true,true,3.2495398298627327,24.77847470315116
184,Sport || T-shirt || Jersey Fancy || Pink || Melange,Sport,T-shirt,Jersey Fancy,Pink,Melange,1.06658841074692,30.514217332969316,6.153846153846154,52,false,true,true,3.321612521701643,26.704989454989455
185,Ladieswear || Swimwear bottom || Swimwear || Orange || Solid,Ladieswear,Swimwear bottom,Swimwear,Orange,Solid,1.0994132352205732,30.459929226150873,7.615384615384615,52,false,true,true,3.2732102169229167,25.39594017094017
186,Ladieswear || Blazer || Dressed || Turquoise || Solid,Ladieswear,Blazer,Dressed,Turquoise,Solid,0.8472904815439659,30.368275646977434,1.1538461538461537,47,false,false,true,2.9621622319095238,18.339743589743584
187,Divided || T-shirt || Jersey Fancy || White || Embroidery,Divided,T-shirt,Jersey Fancy,White,Embroidery,1.4415779378972322,30.32123482699725,6.230769230769231,52,false,true,true,2.210857316552225,8.123534798534799
188,Ladieswear || Shorts || Jersey Basic || Khaki green || Solid,Ladieswear,Shorts,Jersey Basic,Khaki green,Solid,1.1884327955995762,30.233848524950695,2.6153846153846154,49,false,true,true,3.143599517616788,22.18717948717949
189,Divided || Shirt || Blouses || Green || Stripe,Divided,Shirt,Blouses,Green,Stripe,0.7688070550615849,30.19534387531093,1.5384615384615385,45,false,false,true,2.7916369172104756,15.307692307692307
190,Ladieswear || Trousers || Trousers || Black || Solid,Ladieswear,Trousers,Trousers,Black,Solid,0.9721200012306999,30.187066430436634,136.3846153846154,52,true,true,true,3.1431109555782752,22.175853878358414
191,Divided || Leggings/Tights || Jersey Basic || Black || Contrast,Divided,Leggings/Tights,Jersey Basic,Black,Contrast,1.0459413979603025,30.065417653325124,4.076923076923077,52,false,true,true,2.6826008920328466,13.62307692307692
192,Ladieswear || Skirt || Shorts || Blue || Denim,Ladieswear,Skirt,Shorts,Blue,Denim,1.2410000808904142,30.05559006871352,5.153846153846154,52,false,true,true,2.9687036011660717,18.466666666666665
193,Ladieswear || Shorts || Shorts || Green || Solid,Ladieswear,Shorts,Shorts,Green,Solid,1.459813018026436,29.984719455034295,2.230769230769231,42,false,true,true,3.175914792099196,22.94871794871795
194,Ladieswear || Dress || Jersey Fancy || Unknown || Solid,Ladieswear,Dress,Jersey Fancy,Unknown,Solid,0.8566175683284857,29.91421609055501,2.1538461538461537,48,false,true,true,3.2389298031773914,24.506410256410252
195,Ladieswear || Socks || Socks and Tights || Blue || Melange,Ladieswear,Socks,Socks and Tights,Blue,Melange,1.0535061466703397,29.768973932637564,1.6153846153846154,52,false,true,true,4.664647845619086,105.12820512820517
196,Ladieswear || Vest top || Blouses || White || Solid,Ladieswear,Vest top,Blouses,White,Solid,1.1702980756571317,29.74614832342881,17.23076923076923,52,true,true,true,3.480960054398275,31.490900138732954
197,Menswear || Shorts || Jersey Basic || Black || Solid,Menswear,Shorts,Jersey Basic,Black,Solid,0.9390392796282289,29.67355503890508,5.076923076923077,52,false,true,true,2.9651503290332277,18.397619047619045
198,Divided || Leggings/Tights || Jersey Basic || Black || Solid,Divided,Leggings/Tights,Jersey Basic,Black,Solid,0.9719102535142586,29.672953629538252,6.230769230769231,52,false,true,true,3.6033238933662872,35.72008547008546
199,Sport || Vest top || Jersey Fancy || Black || Melange,Sport,Vest top,Jersey Fancy,Black,Melange,1.13317542767234,29.650839386904327,5.076923076923077,52,false,true,true,2.8277307705347847,15.907051282051277
200,Divided || Trousers || Trousers Denim || Blue || Denim,Divided,Trousers,Trousers Denim,Blue,Denim,1.097193910215093,29.629260052121182,115.6923076923077,52,true,true,true,3.330722475637353,26.958533767724155
201,Ladieswear || Leggings/Tights || Socks and Tights || Black || Solid,Ladieswear,Leggings/Tights,Socks and Tights,Black,Solid,1.054567363839422,29.588807306050363,15.461538461538462,52,true,true,true,3.21326989097887,23.86024375091712
202,Ladieswear || Hair ties || Accessories || Pink || Solid,Ladieswear,Hair ties,Accessories,Pink,Solid,0.9375207332760537,29.51035324853901,2.6923076923076925,46,false,true,true,3.7394994449604444,41.07692307692307
203,Ladieswear || Swimwear bottom || Swimwear || Orange || All over pattern,Ladieswear,Swimwear bottom,Swimwear,Orange,All over pattern,1.1074200038933706,29.496024112813522,11.384615384615385,52,true,true,true,3.683627758121773,38.79048280217309
204,Ladieswear || Bikini top || Swimwear || Blue || All over pattern,Ladieswear,Bikini top,Swimwear,Blue,All over pattern,1.1204544714533289,29.46871061718663,15.923076923076923,52,true,true,true,3.0470484173818586,20.05311262529195
205,Ladieswear || Vest top || Jersey Fancy || Yellow || Solid,Ladieswear,Vest top,Jersey Fancy,Yellow,Solid,0.9751353457431625,29.424929129270147,5.384615384615385,52,false,true,true,3.106643290704712,21.345909645909646
206,"Ladieswear || Pyjama bottom || Under-, Nightwear || Grey || All over pattern",Ladieswear,Pyjama bottom,"Under-, Nightwear",Grey,All over pattern,1.4935038449901954,29.38168327826316,2.4615384615384617,52,false,true,true,3.219798476017769,24.023076923076925
207,Divided || Top || Jersey Basic || White || Solid,Divided,Top,Jersey Basic,White,Solid,0.8295277222710563,29.348805141222588,10.23076923076923,52,true,false,true,3.381426993401609,28.41271292809754
208,Ladieswear || Trousers || Jersey Basic || Black || Solid,Ladieswear,Trousers,Jersey Basic,Black,Solid,0.8993209785827748,29.274410105877024,6.769230769230769,52,false,true,true,3.5920397168544023,35.3080586080586
209,Menswear || Sweater || Jersey Basic || Black || Solid,Menswear,Sweater,Jersey Basic,Black,Solid,0.9773770283147742,29.2728985657565,2.6923076923076925,52,false,true,true,4.197336891323035,65.50897435897437
210,Ladieswear || Top || Jersey Fancy || Black || Solid,Ladieswear,Top,Jersey Fancy,Black,Solid,0.9177852328657248,29.21009172588818,69.61538461538461,52,true,true,true,3.3630198964023132,27.876262660911607
211,Ladieswear || Trousers || Trousers || Green || All over pattern,Ladieswear,Trousers,Trousers,Green,All over pattern,0.9592582903866671,29.159684411746827,2.0,34,false,true,true,3.073405311872209,20.615384615384617
212,Ladieswear || Dress || Dresses Ladies || White || All over pattern,Ladieswear,Dress,Dresses Ladies,White,All over pattern,1.1957260774630267,29.144923443987597,32.15384615384615,52,true,true,true,3.2696350126069587,25.30173778844139
213,Ladieswear || Belt || Accessories || Black || Solid,Ladieswear,Belt,Accessories,Black,Solid,0.9471873752906508,29.140198343315518,25.76923076923077,52,true,true,true,3.2311287695185773,24.308207987919186
214,Ladieswear || Shirt || Blouses || Pink || Solid,Ladieswear,Shirt,Blouses,Pink,Solid,1.0616388945345636,29.09185430980523,5.6923076923076925,52,false,true,true,3.5343574446686072,33.27298534798534
215,Sport || Vest top || Jersey Fancy || Pink || Solid,Sport,Vest top,Jersey Fancy,Pink,Solid,1.1082547449921536,29.061668394914502,6.0,52,false,true,true,3.4709745436308386,31.168076368076377
216,Ladieswear || Top || Knitwear || White || Solid,Ladieswear,Top,Knitwear,White,Solid,0.7421423343046942,28.983933283147366,1.9230769230769231,51,false,false,true,4.08662251612819,58.538461538461526
217,Ladieswear || Vest top || Jersey Fancy || Pink || Solid,Ladieswear,Vest top,Jersey Fancy,Pink,Solid,1.0220195223647064,28.83185407514493,9.461538461538462,52,false,true,true,3.0711858901970457,20.567464159771852
218,Ladieswear || T-shirt || Jersey Basic || Yellow || Solid,Ladieswear,T-shirt,Jersey Basic,Yellow,Solid,1.2055616721107716,28.809016782326466,3.769230769230769,52,false,true,true,3.167590242037575,22.750183150183148
219,Ladieswear || Dress || Jersey Basic || Blue || Stripe,Ladieswear,Dress,Jersey Basic,Blue,Stripe,1.67924521227936,28.77266220131141,3.4615384615384617,51,false,true,true,3.5308376667285994,33.1525641025641
220,Divided || Vest top || Blouses || Khaki green || Solid,Divided,Vest top,Blouses,Khaki green,Solid,0.989682451253482,28.748610686165115,1.4615384615384615,52,false,true,true,3.4593050124694362,30.7948717948718
221,"Ladieswear || Underwear bottom || Under-, Nightwear || White || Solid",Ladieswear,Underwear bottom,"Under-, Nightwear",White,Solid,1.1448026519646834,28.73846348468856,22.76923076923077,52,true,true,true,3.3282130297303643,26.888461297904016
222,Ladieswear || Top || Jersey Fancy || White || Solid,Ladieswear,Top,Jersey Fancy,White,Solid,0.9770734343725149,28.70426232860351,64.07692307692308,52,true,true,true,3.280299508563492,25.583733563492892
223,Ladieswear || Bodysuit || Jersey Fancy || White || Solid,Ladieswear,Bodysuit,Jersey Fancy,White,Solid,0.8269608534207789,28.690581619502737,4.923076923076923,52,false,false,true,3.2729569268981242,25.389255189255184
224,Divided || Belt || Accessories || Black || Solid,Divided,Belt,Accessories,Black,Solid,1.0885299798602002,28.583943108626215,10.923076923076923,51,true,true,true,3.3865429243072867,28.56357189818728
225,Divided || Trousers || Trousers || Blue || Solid,Divided,Trousers,Trousers,Blue,Solid,1.0265312580345927,28.562576782112586,57.61538461538461,52,true,true,true,3.5914956494717583,35.28830995043021
226,Ladieswear || Dress || Jersey Fancy || Beige || All over pattern,Ladieswear,Dress,Jersey Fancy,Beige,All over pattern,0.5717314928439481,28.50921519627579,8.076923076923077,52,false,false,true,3.7632615589640275,42.0887334887335
227,Divided || T-shirt || Jersey Basic || White || Stripe,Divided,T-shirt,Jersey Basic,White,Stripe,1.1569469234679362,28.43329225384123,5.153846153846154,52,false,true,true,3.128670541596952,21.843589743589746
228,Ladieswear || Blazer || Dressed || Brown || Solid,Ladieswear,Blazer,Dressed,Brown,Solid,0.9564494804256503,28.40069447892886,3.1538461538461537,52,false,true,true,2.8673159815962386,16.589743589743584
229,Sport || Vest top || Jersey Fancy || Grey || Melange,Sport,Vest top,Jersey Fancy,Grey,Melange,1.1375121911301398,28.38782179908299,3.8461538461538463,52,false,true,true,2.786592770323798,15.225641025641028
230,Divided || Trousers || Trousers Denim || White || Denim,Divided,Trousers,Trousers Denim,White,Denim,1.0084078813213526,28.163378401343326,16.384615384615383,52,true,true,true,3.0305585663102734,19.7087965955613
231,Sport || Leggings/Tights || Jersey Fancy || Black || Melange,Sport,Leggings/Tights,Jersey Fancy,Black,Melange,0.9073119377650379,28.142975101640264,3.0,51,false,true,true,4.498255757079479,88.8602564102564
232,Ladieswear || T-shirt || Jersey Basic || Blue || Melange,Ladieswear,T-shirt,Jersey Basic,Blue,Melange,1.441593844440047,28.08793323179973,2.6923076923076925,45,false,true,true,3.4076721018449656,29.1948717948718
233,Ladieswear || Skirt || Jersey Basic || Black || Solid,Ladieswear,Skirt,Jersey Basic,Black,Solid,0.9923120368310256,28.074505411665864,1.1538461538461537,52,false,true,true,4.000315612573824,53.615384615384606
234,"Ladieswear || Bra || Under-, Nightwear || Pink || Solid",Ladieswear,Bra,"Under-, Nightwear",Pink,Solid,0.8773955653889001,27.973489190201775,48.69230769230769,52,true,true,true,3.096757460062383,21.126090107204742
235,Divided || Trousers || Trousers Denim || Green || Denim,Divided,Trousers,Trousers Denim,Green,Denim,0.8161839653743307,27.913944508802953,3.6923076923076925,52,false,false,true,2.9090704858005734,17.33974358974359
236,Ladieswear || Bikini top || Swimwear || Pink || Solid,Ladieswear,Bikini top,Swimwear,Pink,Solid,1.4203630944792422,27.88929050640332,9.23076923076923,52,false,true,true,2.482030906793724,10.965540655925274
237,Menswear || T-shirt || Jersey Basic || Khaki green || Stripe,Menswear,T-shirt,Jersey Basic,Khaki green,Stripe,1.0068845910391349,27.88181521468939,2.6923076923076925,36,false,true,true,2.559510530704675,11.92948717948718
238,Ladieswear || Sweater || Knitwear || White || Melange,Ladieswear,Sweater,Knitwear,White,Melange,1.3686587843928681,27.879086313113913,4.0,52,false,true,true,2.9842471574616667,18.771611721611727
239,Ladieswear || Bikini top || Swimwear || Yellow || All over pattern,Ladieswear,Bikini top,Swimwear,Yellow,All over pattern,1.095942181220314,27.84558055861313,3.3076923076923075,52,false,true,true,2.9463265353423442,18.035897435897432
240,Ladieswear || Top || Knitwear || Beige || Melange,Ladieswear,Top,Knitwear,Beige,Melange,0.48469033264922184,27.76146563930265,2.6923076923076925,52,false,false,true,3.778345081921978,42.74358974358974
241,Ladieswear || Shorts || Trousers || Turquoise || Solid,Ladieswear,Shorts,Trousers,Turquoise,Solid,0.8930449142374112,27.723954240113265,1.0,22,false,true,false,2.9504934880751468,18.115384615384617
242,Ladieswear || Bodysuit || Jersey Fancy || Black || Solid,Ladieswear,Bodysuit,Jersey Fancy,Black,Solid,0.8340422665073678,27.695782845038735,20.076923076923077,52,true,false,true,3.1915243282848444,23.325479212396047
243,Ladieswear || Dress || Dresses Ladies || Khaki green || Solid,Ladieswear,Dress,Dresses Ladies,Khaki green,Solid,1.064415814795115,27.577930073776077,14.76923076923077,52,true,true,true,3.461934028275362,30.8785709904131
244,Ladieswear || Swimwear bottom || Swimwear || Black || Stripe,Ladieswear,Swimwear bottom,Swimwear,Black,Stripe,0.859557499221377,27.574378558242508,2.6923076923076925,52,false,true,true,3.659609071813823,37.84615384615384
245,Divided || Dress || Jersey Basic || Khaki green || Solid,Divided,Dress,Jersey Basic,Khaki green,Solid,1.0070269081498964,27.546339530683642,7.923076923076923,52,false,true,true,2.848130775636129,16.25549728049728
246,Ladieswear || T-shirt || Jersey Fancy || White || Front print,Ladieswear,T-shirt,Jersey Fancy,White,Front print,0.9694931085354557,27.490774409531156,12.461538461538462,52,true,true,true,3.222275600741819,24.08513904166389
247,Ladieswear || Top || Jersey Fancy || Beige || All over pattern,Ladieswear,Top,Jersey Fancy,Beige,All over pattern,0.7885683543246528,27.404565689113813,9.692307692307692,52,false,false,true,3.6355921704511704,36.92430390122698
248,Ladieswear || Vest top || Blouses || Pink || Solid,Ladieswear,Vest top,Blouses,Pink,Solid,1.0644847205238017,27.375613980624497,7.230769230769231,52,false,true,true,3.1876412262210314,23.2312040523579
249,Divided || Dress || Dresses Ladies || White || Dot,Divided,Dress,Dresses Ladies,White,Dot,0.8614979002377287,27.323167331620496,1.7692307692307692,46,false,true,true,3.392311868304947,28.73461538461538
250,"Ladieswear || Bra || Under-, Nightwear || Beige || Solid",Ladieswear,Bra,"Under-, Nightwear",Beige,Solid,1.004927326831396,27.244756087964006,35.23076923076923,52,true,true,true,3.4085608329872294,29.221718845910658
251,Ladieswear || Shorts || Jersey Basic || Grey || Melange,Ladieswear,Shorts,Jersey Basic,Grey,Melange,0.8880975786447292,27.23843567944429,3.3076923076923075,52,false,true,true,3.0719214119115374,20.583333333333332
252,Ladieswear || Dress || Dresses Ladies || Black || Solid,Ladieswear,Dress,Dresses Ladies,Black,Solid,1.0116076593207073,27.227885291065242,72.15384615384616,52,true,true,true,3.166015963958856,22.712823172696975
253,Ladieswear || Bodysuit || Jersey Fancy || Beige || Solid,Ladieswear,Bodysuit,Jersey Fancy,Beige,Solid,0.9383382120861922,27.13136249790629,5.384615384615385,50,false,true,true,2.5095396995693724,11.299267399267402
254,Divided || Skirt || Trousers Denim || Blue || Denim,Divided,Skirt,Trousers Denim,Blue,Denim,1.0851509164078432,27.124320114972225,19.923076923076923,52,true,true,true,2.8736354597416693,16.701253561253562
255,Divided || Trousers || Jersey Basic || Grey || Melange,Divided,Trousers,Jersey Basic,Grey,Melange,1.1179665129421836,27.12350754966036,2.4615384615384617,52,false,true,true,4.355557605445764,76.91025641025644
256,Divided || Shorts || Jersey Basic || Grey || Melange,Divided,Shorts,Jersey Basic,Grey,Melange,1.1742435562790314,27.08159709556312,4.846153846153846,52,false,true,true,3.1710275246978914,22.831959706959708
257,Ladieswear || T-shirt || Jersey Basic || Black || Stripe,Ladieswear,T-shirt,Jersey Basic,Black,Stripe,0.9073576361200776,27.026359358350998,2.3846153846153846,52,false,true,true,2.5226469777708473,11.461538461538462
258,"Ladieswear || Bra || Under-, Nightwear || Yellow || Solid",Ladieswear,Bra,"Under-, Nightwear",Yellow,Solid,2.2073739759858766,26.873841169354613,1.8461538461538463,49,false,true,true,3.457690807114895,30.74358974358974
259,Menswear || Socks || Socks and Tights || Black || Solid,Menswear,Socks,Socks and Tights,Black,Solid,1.0036210406040147,26.790334603035248,6.538461538461538,52,false,true,true,3.0009836869410824,19.105304524535295
260,Ladieswear || Trousers || Trousers || Black || Check,Ladieswear,Trousers,Trousers,Black,Check,0.8450908961250402,26.741878904754348,10.538461538461538,52,true,false,true,3.653271603973722,37.60074604882296
261,Divided || Vest top || Jersey Fancy || Black || Solid,Divided,Vest top,Jersey Fancy,Black,Solid,1.0235017759286478,26.713972646930486,7.846153846153846,52,false,true,true,3.174625046222826,22.917850098619333
262,Ladieswear || Swimwear bottom || Swimwear || Pink || Solid,Ladieswear,Swimwear bottom,Swimwear,Pink,Solid,1.5924281417263528,26.710524507122457,9.461538461538462,52,false,true,true,2.5896434598776596,12.325019851942926
263,Ladieswear || Blazer || Dressed || Beige || Other structure,Ladieswear,Blazer,Dressed,Beige,Other structure,0.9466628402184629,26.681931344945433,4.384615384615385,52,false,true,true,3.037116747215827,19.845054945054944
264,"Ladieswear || Sweater || Under-, Nightwear || Black || Solid",Ladieswear,Sweater,"Under-, Nightwear",Black,Solid,1.2398422005060143,26.659510873314467,10.538461538461538,52,true,true,true,3.2219519565700825,24.07702169625247
265,Ladieswear || Vest top || Jersey Fancy || Beige || Solid,Ladieswear,Vest top,Jersey Fancy,Beige,Solid,0.8292977246885028,26.625111614942767,9.923076923076923,52,false,false,true,2.969225281973491,18.476824702446873
266,Ladieswear || Bikini top || Swimwear || Brown || Solid,Ladieswear,Bikini top,Swimwear,Brown,Solid,1.3524162829216209,26.5544921059856,4.6923076923076925,52,false,true,true,2.788960382510205,15.264102564102565
267,Ladieswear || Trousers || Trousers || Khaki green || Solid,Ladieswear,Trousers,Trousers,Khaki green,Solid,1.026703758127564,26.522371572628852,51.07692307692308,52,true,true,true,2.936772769079095,17.854898906714258
268,Menswear || T-shirt || Jersey Basic || Khaki green || Melange,Menswear,T-shirt,Jersey Basic,Khaki green,Melange,0.9653103591979805,26.49109937006817,3.0,52,false,true,true,2.4578340705703665,10.679487179487179
269,Ladieswear || Vest top || Jersey Fancy || Khaki green || Solid,Ladieswear,Vest top,Jersey Fancy,Khaki green,Solid,1.4420627274190183,26.439650707506303,3.923076923076923,52,false,true,true,2.709971431280104,14.028846153846155
270,Sport || Bra || Jersey Fancy || White || Solid,Sport,Bra,Jersey Fancy,White,Solid,0.9098409220585688,26.373740893990686,5.615384615384615,52,false,true,true,3.17188020338957,22.852289377289377
271,"Ladieswear || Pyjama set || Under-, Nightwear || Pink || All over pattern",Ladieswear,Pyjama set,"Under-, Nightwear",Pink,All over pattern,0.8596220061263993,26.34163509207932,7.076923076923077,52,false,true,true,3.119704108565324,21.63967976467977
272,Ladieswear || T-shirt || Jersey Fancy || Beige || Solid,Ladieswear,T-shirt,Jersey Fancy,Beige,Solid,1.084950066790458,26.257581208254628,5.769230769230769,52,false,true,true,2.803489872651617,15.502136752136753
273,Menswear || T-shirt || Jersey Basic || Grey || Solid,Menswear,T-shirt,Jersey Basic,Grey,Solid,0.8030439626994362,25.95513927511215,3.6153846153846154,52,false,false,true,3.133653057153122,21.957692307692305
274,Menswear || T-shirt || Jersey Basic || Khaki green || Solid,Menswear,T-shirt,Jersey Basic,Khaki green,Solid,1.19036819516347,25.917438599109424,4.153846153846154,52,false,true,true,2.910467621899303,17.365384615384613
275,Ladieswear || Trousers || Jersey Fancy || Unknown || All over pattern,Ladieswear,Trousers,Jersey Fancy,Unknown,All over pattern,1.5913049303322615,25.911481666085376,2.3846153846153846,43,false,true,true,3.582628228501435,34.967948717948715
276,Sport || Top || Jersey Fancy || Black || Melange,Sport,Top,Jersey Fancy,Black,Melange,1.1155153487930367,25.84686459394638,2.8461538461538463,52,false,true,true,4.058673098579961,56.89743589743589
277,Ladieswear || Top || Jersey Fancy || Pink || All over pattern,Ladieswear,Top,Jersey Fancy,Pink,All over pattern,1.4022221791795635,25.76164174183838,4.3076923076923075,50,false,true,true,2.9277690915350556,17.685897435897434
278,"Ladieswear || Underwear bottom || Under-, Nightwear || Beige || Solid",Ladieswear,Underwear bottom,"Under-, Nightwear",Beige,Solid,1.02696250636673,25.733660268110256,16.615384615384617,52,true,true,true,3.4694922164389874,31.120428077669466
279,Sport || Vest top || Jersey Fancy || Orange || Solid,Sport,Vest top,Jersey Fancy,Orange,Solid,1.2599715356594936,25.69622200612012,3.3076923076923075,52,false,true,true,3.2012413947832647,23.563003663003663
280,Divided || T-shirt || Jersey Fancy || Pink || Placement print,Divided,T-shirt,Jersey Fancy,Pink,Placement print,1.069400334258082,25.568672813071558,3.230769230769231,48,false,true,true,3.7154464814986583,40.07692307692309
281,Ladieswear || Dress || Dresses Ladies || Beige || All over pattern,Ladieswear,Dress,Dresses Ladies,Beige,All over pattern,0.9982482074459228,25.33097086959769,39.84615384615385,52,true,true,true,3.089686302060837,20.970184892923072
282,Divided || Trousers || Trousers || Grey || Solid,Divided,Trousers,Trousers,Grey,Solid,1.0311419280446958,25.293029167148894,15.307692307692308,52,true,true,true,3.0739622384216787,20.62742614976778
283,Ladieswear || Hoodie || Jersey Basic || Black || Solid,Ladieswear,Hoodie,Jersey Basic,Black,Solid,1.0312875655025657,25.19756159642063,1.8461538461538463,52,false,true,true,3.8151731794382284,44.38461538461539
284,Sport || Shorts || Jersey Fancy || Black || Solid,Sport,Shorts,Jersey Fancy,Black,Solid,0.9025946308017035,25.112966450489605,7.461538461538462,52,false,true,true,3.488014057837463,31.72090132090132
285,"Ladieswear || Bra || Under-, Nightwear || Green || Solid",Ladieswear,Bra,"Under-, Nightwear",Green,Solid,0.9602444748074318,25.112022444493277,6.461538461538462,45,false,true,true,3.1300366045641486,21.874816849816845
286,Ladieswear || Swimwear bottom || Swimwear || Yellow || All over pattern,Ladieswear,Swimwear bottom,Swimwear,Yellow,All over pattern,1.0715707657149955,25.074296872430054,2.8461538461538463,52,false,true,true,2.6171150522622497,12.696153846153843
287,Ladieswear || T-shirt || Jersey Basic || Grey || Melange,Ladieswear,T-shirt,Jersey Basic,Grey,Melange,1.05718348754029,24.932893843667078,9.538461538461538,52,false,true,true,3.3691633916509147,28.05420989267143
288,"Ladieswear || Bra || Under-, Nightwear || Blue || Solid",Ladieswear,Bra,"Under-, Nightwear",Blue,Solid,1.0094899896072422,24.889151530200234,16.76923076923077,52,true,true,true,3.3582442690147185,27.738689151471952
289,Ladieswear || Trousers || Trousers || Blue || Stripe,Ladieswear,Trousers,Trousers,Blue,Stripe,1.3082718459729008,24.824028774804745,18.923076923076923,52,true,true,true,2.913652937458972,17.42397742951922
290,"Ladieswear || Bra || Under-, Nightwear || Orange || Solid",Ladieswear,Bra,"Under-, Nightwear",Orange,Solid,0.8267067841220074,24.79890233176879,11.307692307692308,52,true,false,true,3.6149344970740533,36.1489124834852
291,Divided || Shirt || Blouses || White || Solid,Divided,Shirt,Blouses,White,Solid,0.9061496924236329,24.746240585737784,14.307692307692308,52,true,true,true,3.2074821105273044,23.716773705178678
292,Divided || Dress || Dresses Ladies || White || Solid,Divided,Dress,Dresses Ladies,White,Solid,1.556859929738368,24.74600912112169,11.692307692307692,52,true,true,true,3.020012436212812,19.49154651984171
293,Divided || Jumpsuit/Playsuit || Dresses Ladies || White || All over pattern,Divided,Jumpsuit/Playsuit,Dresses Ladies,White,All over pattern,0.9954725543115004,24.711452316238372,7.461538461538462,52,false,true,true,2.6680037502960143,13.411172161172166
294,Ladieswear || Sweater || Jersey Fancy || Yellow || Melange,Ladieswear,Sweater,Jersey Fancy,Yellow,Melange,0.4667385324371984,24.618332015211777,2.0,51,false,false,true,2.8489263497207724,16.269230769230774
295,Divided || Skirt || Skirts || Khaki green || Solid,Divided,Skirt,Skirts,Khaki green,Solid,1.08008224709368,24.489366818047415,3.1538461538461537,52,false,true,true,2.302823159891968,9.002380952380953
296,Divided || Vest top || Jersey Basic || Grey || Solid,Divided,Vest top,Jersey Basic,Grey,Solid,,24.488852859183435,1.4615384615384615,13,false,false,false,3.286294808871126,25.74358974358974
297,Divided || Vest top || Knitwear || White || Solid,Divided,Vest top,Knitwear,White,Solid,1.0786886258045596,24.46376346834959,5.923076923076923,51,false,true,true,2.727833058575355,14.299697524697523
298,Ladieswear || Top || Jersey Fancy || Mole || Solid,Ladieswear,Top,Jersey Fancy,Mole,Solid,1.1456647351232028,24.422996522924212,1.6923076923076923,49,false,true,true,3.232626996481025,24.346153846153843
299,"Ladieswear || Underwear bottom || Under-, Nightwear || Pink || Solid",Ladieswear,Underwear bottom,"Under-, Nightwear",Pink,Solid,1.1344536915350065,24.374448892216375,37.15384615384615,52,true,true,true,3.10237314395644,21.25069277219304
300,Ladieswear || Dress || Dresses Ladies || Pink || All over pattern,Ladieswear,Dress,Dresses Ladies,Pink,All over pattern,1.1980324439840317,24.268010069940715,7.0,52,false,true,true,3.5588532350257855,34.12289633443479
301,Divided || Trousers || Trousers || Khaki green || Solid,Divided,Trousers,Trousers,Khaki green,Solid,0.9137050384945918,24.216159216388437,16.23076923076923,52,true,true,true,3.1002847705449494,21.204273504273505
302,Ladieswear || Skirt || Shorts || Blue || Stripe,Ladieswear,Skirt,Shorts,Blue,Stripe,1.2142855721240697,24.20325316415933,3.0,52,false,true,true,3.1846559201362945,23.158974358974362
303,Ladieswear || Trousers || Trousers || Black || All over pattern,Ladieswear,Trousers,Trousers,Black,All over pattern,1.0668072214291562,24.19556876951792,16.307692307692307,52,true,true,true,3.0512596335062203,20.141958776517605
304,Ladieswear || Trousers || Trousers || White || All over pattern,Ladieswear,Trousers,Trousers,White,All over pattern,0.9579865050212257,24.144800573391237,8.076923076923077,52,false,true,true,2.0533414462372743,6.793900543900544
305,Divided || T-shirt || Jersey Fancy || Black || Embroidery,Divided,T-shirt,Jersey Fancy,Black,Embroidery,1.0363072643064348,24.14223658872783,4.076923076923077,52,false,true,true,3.6076207296137563,35.878205128205124
306,Sport || Bra || Jersey Fancy || Red || Solid,Sport,Bra,Jersey Fancy,Red,Solid,0.9874455445544554,24.120573375521023,2.8461538461538463,51,false,true,true,3.0787291931249587,20.730769230769226
307,Ladieswear || Jumpsuit/Playsuit || Trousers || Beige || Solid,Ladieswear,Jumpsuit/Playsuit,Trousers,Beige,Solid,1.0533779717207876,24.094017959186164,4.461538461538462,52,false,true,true,3.1680682424629993,22.761538461538464
308,Ladieswear || Blouse || Blouses || Khaki green || Solid,Ladieswear,Blouse,Blouses,Khaki green,Solid,0.9691996663718583,24.07159505926514,10.76923076923077,52,true,true,true,2.66708801612677,13.39798139894294
309,Ladieswear || Trousers || Trousers || Blue || Solid,Ladieswear,Trousers,Trousers,Blue,Solid,0.9605094852594084,24.02407403859565,38.76923076923077,52,true,true,true,2.761553950864005,14.824414214186465
310,Divided || Skirt || Skirts || Black || Dot,Divided,Skirt,Skirts,Black,Dot,0.7713522595097575,23.945630380361592,1.1538461538461537,48,false,false,true,3.354392425150566,27.628205128205128
311,Ladieswear || Top || Jersey Fancy || Turquoise || Solid,Ladieswear,Top,Jersey Fancy,Turquoise,Solid,0.8422790026636735,23.94197954866471,2.6923076923076925,52,false,false,true,3.7454493248329843,41.32802197802198
312,Ladieswear || Dress || Jersey Fancy || Khaki green || Solid,Ladieswear,Dress,Jersey Fancy,Khaki green,Solid,1.1168064635044173,23.923523349050768,13.307692307692308,52,true,true,true,3.332599275497106,27.011055611055614
313,Ladieswear || Dress || Dresses Ladies || Black || All over pattern,Ladieswear,Dress,Dresses Ladies,Black,All over pattern,0.9727579668965276,23.864563229903503,56.76923076923077,52,true,true,true,3.346510868887721,27.403457164069096
314,Sport || Shorts || Unknown || Black || Solid,Sport,Shorts,Unknown,Black,Solid,1.1016388936616952,23.860787901209267,4.923076923076923,52,false,true,true,3.802719030610187,43.822893772893764
315,Sport || Vest top || Jersey Fancy || White || Solid,Sport,Vest top,Jersey Fancy,White,Solid,1.323630143631578,23.840761418877086,7.846153846153846,52,false,true,true,2.927419774298275,17.67937126975588
316,Menswear || Polo shirt || Jersey Basic || Blue || Stripe,Menswear,Polo shirt,Jersey Basic,Blue,Stripe,1.0277046051820413,23.777386875242385,2.4615384615384617,52,false,true,true,3.669461368256835,38.23076923076924
317,Sport || Bra || Jersey Fancy || Black || Solid,Sport,Bra,Jersey Fancy,Black,Solid,1.030964957769492,23.763939056417975,20.923076923076923,52,true,true,true,3.500067518539162,32.117687941116536
318,"Ladieswear || Underwear bottom || Under-, Nightwear || Green || Solid",Ladieswear,Underwear bottom,"Under-, Nightwear",Green,Solid,1.189472481546609,23.720150645151836,6.769230769230769,45,false,true,true,2.884079106858309,16.88708791208791
319,Ladieswear || Dress || Dresses Ladies || Green || All over pattern,Ladieswear,Dress,Dresses Ladies,Green,All over pattern,0.9021777689293674,23.70257109893118,12.0,52,true,true,true,3.1749183253089774,22.924865732558036
320,Menswear || Hoodie || Jersey Basic || Black || Solid,Menswear,Hoodie,Jersey Basic,Black,Solid,1.0582619839916516,23.701991198570802,5.923076923076923,52,false,true,true,3.3859535778903225,28.54615384615385
321,Divided || Skirt || Skirts || Green || All over pattern,Divided,Skirt,Skirts,Green,All over pattern,1.0877645491600991,23.611512743433927,1.2307692307692308,40,false,true,true,3.1886809229222317,23.256410256410252
322,Ladieswear || Earrings || Accessories || Metal || Solid,Ladieswear,Earrings,Accessories,Metal,Solid,1.2120824269488146,23.602962999224026,5.615384615384615,52,false,true,true,3.165943761531434,22.711111111111116
323,Ladieswear || Dress || Jersey Fancy || Green || All over pattern,Ladieswear,Dress,Jersey Fancy,Green,All over pattern,0.8918074351289247,23.570343737994808,4.3076923076923075,48,false,true,true,2.759466910747207,14.791422466422464
324,Divided || T-shirt || Jersey Basic || Lilac Purple || Solid,Divided,T-shirt,Jersey Basic,Lilac Purple,Solid,1.4727878073234248,23.544479769071607,1.0769230769230769,20,false,true,false,4.2150924923123,66.70042735042736
325,"Divided || Underwear bottom || Under-, Nightwear || Black || Melange",Divided,Underwear bottom,"Under-, Nightwear",Black,Melange,1.0342047348070247,23.53960488190997,1.2307692307692308,52,false,true,true,2.940382178470826,17.923076923076923
326,Ladieswear || Vest top || Jersey Fancy || Black || All over pattern,Ladieswear,Vest top,Jersey Fancy,Black,All over pattern,1.0329609702150926,23.478968264689005,1.4615384615384615,41,false,true,true,3.649658740960655,37.46153846153847
327,Ladieswear || Top || Jersey Fancy || Unknown || All over pattern,Ladieswear,Top,Jersey Fancy,Unknown,All over pattern,1.8267593716661148,23.41615964383324,2.5384615384615383,52,false,true,true,3.489881148601595,31.782051282051285
328,Ladieswear || Trousers || Trousers || Beige || Check,Ladieswear,Trousers,Trousers,Beige,Check,0.8567411747040098,23.306410741291337,10.153846153846153,52,true,true,true,2.974063840020872,18.571292809754343
329,Ladieswear || Socks || Socks and Tights || Black || Contrast,Ladieswear,Socks,Socks and Tights,Black,Contrast,1.0250875041412966,23.285017079449062,2.923076923076923,52,false,true,true,2.3083377454834957,9.057692307692308
330,Ladieswear || Top || Jersey Fancy || Green || All over pattern,Ladieswear,Top,Jersey Fancy,Green,All over pattern,0.9084770296924998,23.26090883015754,4.230769230769231,52,false,true,true,3.0316808738943064,19.73205128205128
331,Ladieswear || Swimwear bottom || Swimwear || Black || Lace,Ladieswear,Swimwear bottom,Swimwear,Black,Lace,1.2186717232936821,23.17122499323966,2.8461538461538463,52,false,true,true,2.205735267004128,8.076923076923077
332,Ladieswear || Dress || Dresses Ladies || White || Solid,Ladieswear,Dress,Dresses Ladies,White,Solid,0.9026314921518106,23.166819665415098,24.692307692307693,52,true,true,true,3.057281286689885,20.26965239739187
333,Sport || Bra || Jersey Fancy || Grey || Melange,Sport,Bra,Jersey Fancy,Grey,Melange,0.874635597666715,23.162048601656565,4.153846153846154,52,false,true,true,3.045986566828313,20.030769230769238
334,Ladieswear || Cardigan || Knitwear || White || Solid,Ladieswear,Cardigan,Knitwear,White,Solid,0.4574637553166399,23.156255568843807,4.3076923076923075,52,false,false,true,3.777626770070465,42.71217948717948
335,Divided || Jumpsuit/Playsuit || Dresses Ladies || Black || Solid,Divided,Jumpsuit/Playsuit,Dresses Ladies,Black,Solid,0.9473951138371078,23.042980080164696,12.461538461538462,52,true,true,true,2.8800456494146682,16.815086409317175
336,Divided || Vest top || Blouses || Black || Solid,Divided,Vest top,Blouses,Black,Solid,1.2559983323823705,22.914722633218005,9.846153846153847,52,false,true,true,2.619850121732734,12.733665052895821
337,Ladieswear || T-shirt || Jersey Fancy || Black || Solid,Ladieswear,T-shirt,Jersey Fancy,Black,Solid,1.3427868068605664,22.89941207756181,18.153846153846153,52,true,true,true,2.813290855006921,15.664669090500293
338,Divided || Dress || Jersey Basic || Red || Solid,Divided,Dress,Jersey Basic,Red,Solid,1.2257273366618062,22.896353664370114,3.6923076923076925,52,false,true,true,3.716413554307256,40.11666666666666
339,Divided || Vest top || Blouses || White || Solid,Divided,Vest top,Blouses,White,Solid,1.8484208499522206,22.875523099081246,8.461538461538462,52,false,true,true,2.592190576741565,12.359003496503496
340,Ladieswear || Dress || Dresses Ladies || Khaki green || All over pattern,Ladieswear,Dress,Dresses Ladies,Khaki green,All over pattern,1.0611777275958667,22.814180273508057,3.769230769230769,48,false,true,true,3.3496823545772823,27.493681318681322
341,Ladieswear || Skirt || Skirts || Green || Solid,Ladieswear,Skirt,Skirts,Green,Solid,1.0063864412421633,22.79846564990847,7.153846153846154,52,false,true,true,2.8980245332524137,17.138278388278387
342,Divided || Vest top || Jersey Basic || Grey || Melange,Divided,Vest top,Jersey Basic,Grey,Melange,1.0334386743005317,22.78360540337531,6.538461538461538,52,false,true,true,3.1917141715879342,23.33009768009768
343,Ladieswear || Swimsuit || Swimwear || Black || Stripe,Ladieswear,Swimsuit,Swimwear,Black,Stripe,0.583116941191391,22.718833033768668,2.3846153846153846,52,false,false,true,2.5786616193255187,12.17948717948718
344,"Ladieswear || Underwear bottom || Under-, Nightwear || Orange || Solid",Ladieswear,Underwear bottom,"Under-, Nightwear",Orange,Solid,1.1965833141324376,22.70911007480553,12.76923076923077,52,true,true,true,3.3358232718356495,27.101508883945954
345,Ladieswear || Shorts || Shorts || White || Denim,Ladieswear,Shorts,Shorts,White,Denim,1.4279398881326235,22.686460581584555,1.6153846153846154,49,false,true,true,2.292923182082309,8.903846153846155
346,"Ladieswear || Bra || Under-, Nightwear || Brown || Solid",Ladieswear,Bra,"Under-, Nightwear",Brown,Solid,0.8079936724312134,22.646223082009456,17.846153846153847,42,true,false,true,2.9804666234996446,18.697005586386858
347,Ladieswear || Shorts || Shorts || Blue || Solid,Ladieswear,Shorts,Shorts,Blue,Solid,1.243921560891152,22.42469997336343,7.153846153846154,52,false,true,true,3.0462707662997697,20.03674701367009
348,Ladieswear || Trousers || Trousers || White || Solid,Ladieswear,Trousers,Trousers,White,Solid,0.9162305029022751,22.413695225769057,28.23076923076923,52,true,true,true,2.9450528009296817,18.011666193617057
349,Divided || Vest top || Blouses || Blue || Stripe,Divided,Vest top,Blouses,Blue,Stripe,1.5915163081193615,22.407951378936062,2.3076923076923075,51,false,true,true,2.473084910822833,10.858974358974356
350,Ladieswear || Blouse || Blouses || Beige || All over pattern,Ladieswear,Blouse,Blouses,Beige,All over pattern,0.8676427867170191,22.379699011469707,43.92307692307692,52,true,true,true,3.2499466127263403,24.7889630780113
351,Menswear || T-shirt || Jersey Basic || Yellow || Solid,Menswear,T-shirt,Jersey Basic,Yellow,Solid,0.9708598543246789,22.37522821103368,3.0,50,false,true,true,2.47489536876646,10.88046398046398
352,"Ladieswear || Underwear bottom || Under-, Nightwear || Pink || Contrast",Ladieswear,Underwear bottom,"Under-, Nightwear",Pink,Contrast,2.3773711429239106,22.331375137198663,1.0,30,false,true,true,2.785327748017211,15.205128205128204
353,Divided || Shirt || Blouses || Blue || Stripe,Divided,Shirt,Blouses,Blue,Stripe,1.0104992623746445,22.320167137873607,5.0,52,false,true,true,3.2456925089762265,24.67948717948718
354,Ladieswear || Blazer || Dressed || Pink || Solid,Ladieswear,Blazer,Dressed,Pink,Solid,0.9241728147501975,22.219339851781132,6.923076923076923,51,false,true,true,2.635663298012424,12.952564102564102
355,Divided || Hoodie || Jersey Basic || Pink || Solid,Divided,Hoodie,Jersey Basic,Pink,Solid,1.019218246999699,22.18881821590032,1.0769230769230769,43,false,true,true,2.8988824475640733,17.153846153846153
356,Ladieswear || Skirt || Skirts || Blue || Denim,Ladieswear,Skirt,Skirts,Blue,Denim,1.195839102551993,22.184942838147364,6.615384615384615,52,false,true,true,3.466324290410592,31.018833943833947
357,Ladieswear || Jumpsuit/Playsuit || Trousers || Black || All over pattern,Ladieswear,Jumpsuit/Playsuit,Trousers,Black,All over pattern,1.5240763718061647,22.179201155030377,3.4615384615384617,52,false,true,true,3.0592486378518218,20.311538461538458
358,Sport || Leggings/Tights || Jersey Fancy || Grey || Solid,Sport,Leggings/Tights,Jersey Fancy,Grey,Solid,0.8727033790657708,22.1384116055432,1.7692307692307692,52,false,true,true,3.557360686814289,34.070512820512825
359,Ladieswear || Blouse || Blouses || White || Solid,Ladieswear,Blouse,Blouses,White,Solid,1.022073511948297,22.091659347580265,146.30769230769232,52,true,true,true,3.160046397456333,22.571689570134374
360,Divided || Shirt || Blouses || White || All over pattern,Divided,Shirt,Blouses,White,All over pattern,1.2994774116570604,22.068051270208233,2.6153846153846154,52,false,true,true,2.353205083840554,9.519230769230772
361,Ladieswear || Skirt || Skirts || Turquoise || Solid,Ladieswear,Skirt,Skirts,Turquoise,Solid,1.2960744652634169,22.03913274914631,2.0,41,false,true,true,3.2210785253464396,24.05512820512821
362,"Ladieswear || Pyjama bottom || Under-, Nightwear || Grey || Solid",Ladieswear,Pyjama bottom,"Under-, Nightwear",Grey,Solid,1.0533282909752948,21.984584087152204,1.7692307692307692,36,false,true,true,3.001612387645806,19.11794871794872
363,Ladieswear || Hoodie || Jersey Basic || Grey || Melange,Ladieswear,Hoodie,Jersey Basic,Grey,Melange,1.0713419961485868,21.963397543241935,3.4615384615384617,52,false,true,true,2.7832686675399594,15.171794871794877
364,Ladieswear || Skirt || Skirts || Beige || Solid,Ladieswear,Skirt,Skirts,Beige,Solid,1.1487181130773538,21.951835237882683,18.53846153846154,52,true,true,true,2.9562883470846737,18.22647714604236
365,Ladieswear || Shorts || Trousers Denim || Blue || Denim,Ladieswear,Shorts,Trousers Denim,Blue,Denim,1.538579147297997,21.9347817810604,4.076923076923077,50,false,true,true,2.671353284620161,13.459523809523805
366,Sport || Bra || Jersey Fancy || Grey || Solid,Sport,Bra,Jersey Fancy,Grey,Solid,0.8853875187888642,21.922688474360513,4.0,52,false,true,true,3.526925975578358,33.019230769230774
367,Divided || Dress || Dresses Ladies || Black || Solid,Divided,Dress,Dresses Ladies,Black,Solid,1.0229000926143625,21.92225292385217,76.07692307692308,52,true,true,true,2.9279990534136893,17.69019497409179
368,Divided || T-shirt || Jersey Fancy || Green || Solid,Divided,T-shirt,Jersey Fancy,Green,Solid,1.3761521275416781,21.88585100874791,4.769230769230769,52,false,true,true,2.8236602086048426,15.838369963369964
369,Menswear || Sweater || Jersey Basic || Grey || Melange,Menswear,Sweater,Jersey Basic,Grey,Melange,1.013073823054611,21.86789620865466,2.3846153846153846,52,false,true,true,3.2254184775261567,24.164102564102567
370,Ladieswear || Shirt || Blouses || White || Stripe,Ladieswear,Shirt,Blouses,White,Stripe,1.1427304586599198,21.856175012133583,4.153846153846154,52,false,true,true,2.736280430533535,14.429487179487179
371,Ladieswear || Dress || Jersey Fancy || White || Stripe,Ladieswear,Dress,Jersey Fancy,White,Stripe,1.3044362731626113,21.829946638645506,5.153846153846154,52,false,true,true,3.3618052252418886,27.841208791208796
372,Sport || Top || Jersey Fancy || White || Solid,Sport,Top,Jersey Fancy,White,Solid,1.3093256467641652,21.77216938131958,1.5384615384615385,52,false,true,true,3.36108738432399,27.820512820512818
373,Divided || Vest top || Jersey Basic || Yellow || Solid,Divided,Vest top,Jersey Basic,Yellow,Solid,0.6284976912526015,21.743799533126392,0.7692307692307693,46,false,false,true,3.240687493523203,24.551282051282055
374,Menswear || Socks || Socks and Tights || White || Solid,Menswear,Socks,Socks and Tights,White,Solid,1.302391112576413,21.73870137967809,3.5384615384615383,52,false,true,true,3.236967587760751,24.45641025641026
375,Divided || Skirt || Skirts || Black || Denim,Divided,Skirt,Skirts,Black,Denim,0.9646784476847284,21.733182827910372,6.384615384615385,52,false,true,true,2.9241064254806006,17.61758241758242
376,Divided || Jumpsuit/Playsuit || Dresses Ladies || Black || All over pattern,Divided,Jumpsuit/Playsuit,Dresses Ladies,Black,All over pattern,1.2091997994332224,21.606400276644862,9.0,52,false,true,true,3.020088309660137,19.493101343101344
377,"Ladieswear || Underwear bottom || Under-, Nightwear || Black || Dot",Ladieswear,Underwear bottom,"Under-, Nightwear",Black,Dot,0.7295146841767092,21.596932920583882,2.6153846153846154,52,false,false,true,3.3262343431887,26.833333333333332
378,Ladieswear || Trousers || Trousers || White || Check,Ladieswear,Trousers,Trousers,White,Check,1.1327205004703573,21.56371522435717,6.076923076923077,52,false,true,true,2.9422886707087974,17.95918803418803
379,Ladieswear || Trousers || Jersey Fancy || Beige || Solid,Ladieswear,Trousers,Jersey Fancy,Beige,Solid,1.0184277352847522,21.54551587104289,8.076923076923077,52,false,true,true,2.954339506228315,18.189044289044286
380,Ladieswear || Blazer || Dressed || Blue || Solid,Ladieswear,Blazer,Dressed,Blue,Solid,1.060777596018274,21.541168721182146,4.615384615384615,52,false,true,true,3.7158365427432183,40.092948717948715
381,Ladieswear || Jumpsuit/Playsuit || Trousers || Black || Solid,Ladieswear,Jumpsuit/Playsuit,Trousers,Black,Solid,1.0134707714039537,21.4374380064405,8.384615384615385,52,false,true,true,2.5676577180977422,12.03525641025641
382,"Ladieswear || Bra || Under-, Nightwear || Black || Contrast",Ladieswear,Bra,"Under-, Nightwear",Black,Contrast,1.0527014740728216,21.379166379521877,11.923076923076923,52,true,true,true,3.203712263934681,23.62377067377067
383,Sport || Shorts || Jersey Fancy || Grey || Melange,Sport,Shorts,Jersey Fancy,Grey,Melange,1.1005495085211008,21.282618942731276,4.3076923076923075,52,false,true,true,3.016154187613188,19.412637362637366
384,Ladieswear || Dress || Dresses Ladies || White || Dot,Ladieswear,Dress,Dresses Ladies,White,Dot,0.8113870600327806,21.247252961596807,2.4615384615384617,40,false,false,true,3.0457426941286525,20.02564102564103
385,Ladieswear || Blazer || Dressed || Beige || Solid,Ladieswear,Blazer,Dressed,Beige,Solid,0.9124434521532764,21.224432619938533,9.76923076923077,52,false,true,true,3.9027889719742856,48.540423465423466
386,Ladieswear || Dress || Dresses Ladies || Green || Solid,Ladieswear,Dress,Dresses Ladies,Green,Solid,1.0640772871822846,21.19093414030507,23.076923076923077,52,true,true,true,2.9460941722045964,18.031474708898642
387,Divided || Trousers || Trousers Denim || Black || Denim,Divided,Trousers,Trousers Denim,Black,Denim,0.9717404529533309,21.158366128259775,33.0,52,true,true,true,3.216743769409781,23.946755393935323
388,Divided || Trousers || Trousers || Beige || Solid,Divided,Trousers,Trousers,Beige,Solid,0.9309193888400815,21.097945339645058,21.76923076923077,52,true,true,true,2.9466498038021047,18.04205213589829
389,Ladieswear || Bikini top || Swimwear || Khaki green || Solid,Ladieswear,Bikini top,Swimwear,Khaki green,Solid,1.0084686759059314,21.0272151538815,2.0,52,false,true,true,2.126398524767607,7.384615384615387
390,Ladieswear || T-shirt || Jersey Fancy || Green || Front print,Ladieswear,T-shirt,Jersey Fancy,Green,Front print,,21.012540562606286,3.3076923076923075,18,false,false,false,3.047448555392812,20.061538461538465
391,Ladieswear || Trousers || Trousers || Blue || Other structure,Ladieswear,Trousers,Trousers,Blue,Other structure,0.8321376186188367,21.00913219472163,3.0,48,false,false,true,3.260313014732374,25.05769230769231
392,Ladieswear || Swimwear bottom || Swimwear || Blue || All over pattern,Ladieswear,Swimwear bottom,Swimwear,Blue,All over pattern,1.2172155300319059,20.96532988508844,12.076923076923077,52,true,true,true,2.8222607392616417,15.81482166222283
393,Divided || Trousers || Trousers || Blue || Placement print,Divided,Trousers,Trousers,Blue,Placement print,0.9796434595486271,20.94351524831622,0.9230769230769231,51,false,true,true,3.645650719563116,37.3076923076923
394,Divided || Dress || Dresses Ladies || Green || Solid,Divided,Dress,Dresses Ladies,Green,Solid,1.3970069492886945,20.88754612121337,6.615384615384615,52,false,true,true,2.8381715514816936,16.084498834498834
395,"Ladieswear || Underwear bottom || Under-, Nightwear || Black || All over pattern",Ladieswear,Underwear bottom,"Under-, Nightwear",Black,All over pattern,1.1526645382857097,20.86710070499446,7.923076923076923,52,false,true,true,2.5914248239512037,12.348777718008488
396,Ladieswear || Shirt || Blouses || Blue || Solid,Ladieswear,Shirt,Blouses,Blue,Solid,1.0706650730929972,20.857839381670512,5.461538461538462,52,false,true,true,2.915550667345611,17.45897435897436
397,Divided || Dress || Dresses Ladies || Beige || Solid,Divided,Dress,Dresses Ladies,Beige,Solid,1.0139467293477884,20.846130403357044,11.615384615384615,52,true,true,true,3.384572570942727,28.505378564371778
398,Ladieswear || Blazer || Dressed || White || Solid,Ladieswear,Blazer,Dressed,White,Solid,0.971153303458669,20.814773631012066,10.846153846153847,52,true,true,true,3.48665310119912,31.676399882169115
399,Ladieswear || Skirt || Skirts || Blue || Solid,Ladieswear,Skirt,Skirts,Blue,Solid,0.9951837462777621,20.811762566888138,5.615384615384615,52,false,true,true,2.842644486210174,16.16108784378015
400,Menswear || Shorts || Shorts || Black || Denim,Menswear,Shorts,Shorts,Black,Denim,1.4238907458261445,20.80730936691761,15.307692307692308,52,true,true,true,2.659354602375019,13.287065284481336
401,Divided || Vest top || Knitwear || Red || Solid,Divided,Vest top,Knitwear,Red,Solid,0.6415445672232475,20.787226509974904,0.6153846153846154,22,false,false,false,3.9830309393295518,52.67948717948719
402,Ladieswear || Skirt || Skirts || Black || Solid,Ladieswear,Skirt,Skirts,Black,Solid,1.069795774357065,20.763544740595847,28.384615384615383,52,true,true,true,2.709170693426911,14.016816804661325
403,Divided || Vest top || Jersey Fancy || Orange || Solid,Divided,Vest top,Jersey Fancy,Orange,Solid,0.8614711256533378,20.720661109084038,1.2307692307692308,38,false,true,true,3.0405462893437836,19.916666666666668
404,Menswear || Sweater || Jersey Basic || White || Solid,Menswear,Sweater,Jersey Basic,White,Solid,0.9898015941033703,20.658324864457143,1.5384615384615385,52,false,true,true,3.004539529411291,19.176923076923075
405,Ladieswear || Top || Jersey Fancy || White || Lace,Ladieswear,Top,Jersey Fancy,White,Lace,1.240320895170319,20.576811522391594,5.461538461538462,52,false,true,true,2.9882716673803698,18.851343101343105
406,Ladieswear || Sandals || Shoes || Black || Solid,Ladieswear,Sandals,Shoes,Black,Solid,1.3518247418503107,20.456441414377565,31.53846153846154,52,true,true,true,2.651609282967816,13.176834836534914
407,Divided || Top || Jersey Basic || Yellow || Solid,Divided,Top,Jersey Basic,Yellow,Solid,1.147425000588634,20.451337588529015,3.3076923076923075,52,false,true,true,2.368324815477251,9.679487179487179
408,Ladieswear || Shirt || Blouses || Green || Solid,Ladieswear,Shirt,Blouses,Green,Solid,0.8421513502177925,20.385707434992025,3.6923076923076925,52,false,false,true,3.481949896534546,31.52307692307693
409,Divided || Vest top || Blouses || White || All over pattern,Divided,Vest top,Blouses,White,All over pattern,1.3764367971993547,20.34663044886272,4.3076923076923075,52,false,true,true,3.275013775192377,25.443589743589744
410,Ladieswear || Sweater || Jersey Basic || Khaki green || Solid,Ladieswear,Sweater,Jersey Basic,Khaki green,Solid,1.5158002722934463,20.318797861165933,1.0769230769230769,42,false,true,true,3.044522437723423,20.0
411,Ladieswear || Blouse || Blouses || Yellow || All over pattern,Ladieswear,Blouse,Blouses,Yellow,All over pattern,1.0312834155304025,20.25597738363421,4.538461538461538,52,false,true,true,3.211345713103811,23.812454212454213
412,Divided || Dress || Dresses Ladies || Black || All over pattern,Divided,Dress,Dresses Ladies,Black,All over pattern,0.9515782227953069,20.208365845345977,95.07692307692308,52,true,true,true,2.768856745342412,14.940399652376689
413,Ladieswear || Dress || Dresses Ladies || Beige || Solid,Ladieswear,Dress,Dresses Ladies,Beige,Solid,0.9944128231636962,20.186009109359546,14.307692307692308,52,true,true,true,2.8724882548835273,16.68095824084383
414,"Ladieswear || Underwear bottom || Under-, Nightwear || White || All over pattern",Ladieswear,Underwear bottom,"Under-, Nightwear",White,All over pattern,0.8742735943872589,20.165738424846566,1.4615384615384615,10,false,true,false,3.282933461168421,25.653846153846153
415,Menswear || Shorts || Shorts || Beige || Solid,Menswear,Shorts,Shorts,Beige,Solid,1.656394712288814,20.160292922973365,6.076923076923077,48,false,true,true,2.4252554643774853,10.305117105117102
416,Ladieswear || Dress || Jersey Fancy || Black || Solid,Ladieswear,Dress,Jersey Fancy,Black,Solid,1.0000345886537638,20.158542685030795,90.46153846153847,52,true,true,true,3.1666620385883,22.728148376220865
417,Divided || Trousers || Trousers || Mole || Solid,Divided,Trousers,Trousers,Mole,Solid,1.0011367746602593,20.141498571996678,1.6153846153846154,45,false,true,true,2.5138636611648293,11.352564102564102
418,Divided || T-shirt || Jersey Fancy || White || Placement print,Divided,T-shirt,Jersey Fancy,White,Placement print,1.2015132417411891,20.094592010277673,9.76923076923077,52,false,true,true,2.9851724105510313,18.78991393222162
419,Divided || Dress || Jersey Basic || Orange || Solid,Divided,Dress,Jersey Basic,Orange,Solid,1.2347668901107178,20.041130673390086,5.538461538461538,52,false,true,true,2.9305586301340347,17.738095238095234
420,"Ladieswear || Pyjama set || Under-, Nightwear || Pink || Stripe",Ladieswear,Pyjama set,"Under-, Nightwear",Pink,Stripe,1.045981106483785,20.007234291358834,2.769230769230769,52,false,true,true,1.980293879946206,6.244871794871796
421,Ladieswear || Blouse || Blouses || Black || Solid,Ladieswear,Blouse,Blouses,Black,Solid,0.962159049759237,19.99354082191479,53.53846153846154,52,true,true,true,2.9618433835216247,18.33357812665383
422,Ladieswear || Dress || Special Offers || Beige || All over pattern,Ladieswear,Dress,Special Offers,Beige,All over pattern,0.9011891891891892,19.989499626499068,1.4615384615384615,44,false,true,true,2.2512917986064953,8.500000000000002
423,Sport || Leggings/Tights || Jersey Fancy || Red || Solid,Sport,Leggings/Tights,Jersey Fancy,Red,Solid,0.9935674073196653,19.958667638672996,1.3846153846153846,51,false,true,true,2.5649493574615367,12.0
424,Ladieswear || Top || Jersey Fancy || White || Dot,Ladieswear,Top,Jersey Fancy,White,Dot,1.6368865134702513,19.956246757424367,1.4615384615384615,49,false,true,true,2.3766930651477676,9.76923076923077
425,Ladieswear || Dress || Special Offers || Black || Solid,Ladieswear,Dress,Special Offers,Black,Solid,0.6723822086540371,19.912646587122975,3.6923076923076925,52,false,false,true,3.106080330722856,21.33333333333333
426,Divided || Shirt || Blouses || Green || Solid,Divided,Shirt,Blouses,Green,Solid,1.1882572447509505,19.90767592678264,2.076923076923077,45,false,true,true,3.197625997036156,23.47435897435897
427,Sport || Trousers || Jersey Fancy || Black || Solid,Sport,Trousers,Jersey Fancy,Black,Solid,1.0676343637273058,19.882483828696703,5.769230769230769,52,false,true,true,3.271683722580578,25.355677655677656
428,Divided || Jumpsuit/Playsuit || Dresses Ladies || Khaki green || Solid,Divided,Jumpsuit/Playsuit,Dresses Ladies,Khaki green,Solid,0.9383860138492318,19.819663592625638,3.3846153846153846,52,false,true,true,2.7327845055480835,14.375641025641023
429,Ladieswear || Vest top || Jersey Basic || Grey || Melange,Ladieswear,Vest top,Jersey Basic,Grey,Melange,0.9987591911764706,19.79338602396197,3.6153846153846154,41,false,true,true,3.343802999453803,27.326648351648355
430,Divided || Top || Jersey Fancy || White || Solid,Divided,Top,Jersey Fancy,White,Solid,0.8242428039086521,19.754747700033395,9.846153846153847,52,false,false,true,2.885828450075752,16.91840595302134
431,Ladieswear || T-shirt || Jersey Fancy || Red || Solid,Ladieswear,T-shirt,Jersey Fancy,Red,Solid,1.5002343724930391,19.72169954798762,2.6923076923076925,52,false,true,true,3.357299078957763,27.711538461538456
432,"Ladieswear || Night gown || Under-, Nightwear || Pink || Stripe",Ladieswear,Night gown,"Under-, Nightwear",Pink,Stripe,0.6896994350432206,19.692969130159206,2.3076923076923075,42,false,false,true,2.5969753841809453,12.423076923076925
433,Ladieswear || Trousers || Trousers || Blue || Denim,Ladieswear,Trousers,Trousers,Blue,Denim,1.016075658280529,19.68324313080353,98.53846153846153,52,true,true,true,2.799273035607807,15.432696442710164
434,Ladieswear || Top || Jersey Fancy || Black || Dot,Ladieswear,Top,Jersey Fancy,Black,Dot,0.5619402147130195,19.654144424467237,3.4615384615384617,45,false,false,true,2.348685440160864,9.47179487179487
435,Ladieswear || Trousers || Trousers || Grey || Denim,Ladieswear,Trousers,Trousers,Grey,Denim,1.0289348076062936,19.649438492674385,14.0,52,true,true,true,3.0719938328449845,20.584896475081642
436,Ladieswear || T-shirt || Jersey Fancy || White || Solid,Ladieswear,T-shirt,Jersey Fancy,White,Solid,1.2519280228972556,19.5553534968826,21.923076923076923,52,true,true,true,2.66070695228623,13.306399466293186
437,Ladieswear || Blazer || Dressed || Black || Solid,Ladieswear,Blazer,Dressed,Black,Solid,0.9869188682284874,19.52848900813231,18.46153846153846,52,true,true,true,3.4920059550511247,31.851780850728225
438,Ladieswear || Dress || Jersey Fancy || Green || Solid,Ladieswear,Dress,Jersey Fancy,Green,Solid,0.9299771031726071,19.5207178722019,11.307692307692308,52,true,true,true,2.3446222611844574,9.429332419717037
439,Divided || Vest top || Jersey Basic || Blue || Solid,Divided,Vest top,Jersey Basic,Blue,Solid,1.302405869025785,19.475683705945666,0.23076923076923078,11,false,true,false,3.679217543202199,38.615384615384606
440,Divided || T-shirt || Jersey Basic || Black || Stripe,Divided,T-shirt,Jersey Basic,Black,Stripe,1.043891950791203,19.458024065453092,0.5384615384615384,46,false,true,true,2.697740831443349,13.846153846153847
441,Ladieswear || Dress || Jersey Fancy || Turquoise || Solid,Ladieswear,Dress,Jersey Fancy,Turquoise,Solid,0.8457918551568565,19.442372453893494,7.615384615384615,52,false,false,true,3.3844661370751092,28.50223835993067
442,Ladieswear || Vest top || Jersey Basic || Yellow || Solid,Ladieswear,Vest top,Jersey Basic,Yellow,Solid,0.9474470085402562,19.415381848120983,1.2307692307692308,16,false,true,false,1.8044984950054848,5.076923076923077
443,Ladieswear || T-shirt || Jersey Fancy || Blue || Solid,Ladieswear,T-shirt,Jersey Fancy,Blue,Solid,1.1920664698299197,19.385354274093082,5.769230769230769,52,false,true,true,3.1342212947194272,21.970741438049128
444,Divided || Top || Jersey Fancy || Black || Solid,Divided,Top,Jersey Fancy,Black,Solid,1.0064104100775122,19.353727795252777,20.384615384615383,52,true,true,true,2.5038277889078353,11.22921533869558
445,Divided || T-shirt || Jersey Fancy || Black || Placement print,Divided,T-shirt,Jersey Fancy,Black,Placement print,1.0431832002646217,19.350468296180193,4.923076923076923,50,false,true,true,3.3050423192004477,26.249694749694747
446,Ladieswear || Blouse || Blouses || Green || Solid,Ladieswear,Blouse,Blouses,Green,Solid,0.7642748692545362,19.347822143920634,15.692307692307692,52,true,false,true,3.0884834741132305,20.943774427327053
447,Divided || Dress || Dresses Ladies || Blue || Denim,Divided,Dress,Dresses Ladies,Blue,Denim,0.8938743672021934,19.34517549184694,17.153846153846153,52,true,true,true,2.617744582015565,12.70477869702126
448,Ladieswear || Shorts || Shorts || White || Stripe,Ladieswear,Shorts,Shorts,White,Stripe,2.4463604777812633,19.34494410218391,4.076923076923077,52,false,true,true,2.714476395262931,14.096703296703296
449,Ladieswear || Shorts || Trousers || Pink || Solid,Ladieswear,Shorts,Trousers,Pink,Solid,1.100534415133943,19.31175572065688,4.076923076923077,50,false,true,true,2.927376953889719,17.678571428571427
450,Sport || Leggings/Tights || Jersey Fancy || Black || Other structure,Sport,Leggings/Tights,Jersey Fancy,Black,Other structure,1.256559516419697,19.293694465187478,1.1538461538461537,48,false,true,true,,
451,Ladieswear || Vest top || Jersey Fancy || Mole || Solid,Ladieswear,Vest top,Jersey Fancy,Mole,Solid,1.0014539297436222,19.27533626478511,4.6923076923076925,52,false,true,true,2.583029498145596,12.237179487179487
452,"Ladieswear || Night gown || Under-, Nightwear || Black || Solid",Ladieswear,Night gown,"Under-, Nightwear",Black,Solid,0.785994415903133,19.255519762053723,2.769230769230769,52,false,false,true,2.667495264935792,13.403846153846153
453,Divided || Dress || Jersey Basic || Pink || Solid,Divided,Dress,Jersey Basic,Pink,Solid,0.8309573001346006,19.251556209513698,1.6153846153846154,42,false,false,true,3.213889052587635,23.875641025641027
454,Ladieswear || Swimsuit || Swimwear || Red || Solid,Ladieswear,Swimsuit,Swimwear,Red,Solid,1.3370926330017538,19.2367634073767,4.538461538461538,52,false,true,true,3.0458704443886817,20.02832722832723
455,Ladieswear || Shorts || Trousers || Blue || Denim,Ladieswear,Shorts,Trousers,Blue,Denim,1.0765938981351155,19.21290193813199,13.615384615384615,52,true,true,true,2.462995870550887,10.739930219419382
456,Divided || Dress || Dresses Ladies || Blue || Solid,Divided,Dress,Dresses Ladies,Blue,Solid,1.3298588386324681,19.165656767231543,8.307692307692308,52,false,true,true,2.6496887368024917,13.1496336996337
457,Ladieswear || Top || Jersey Fancy || Pink || Solid,Ladieswear,Top,Jersey Fancy,Pink,Solid,1.0434981415060658,19.130186149527137,17.615384615384617,52,true,true,true,3.022101798720547,19.534405547296792
458,Divided || Skirt || Trousers Denim || Black || Denim,Divided,Skirt,Trousers Denim,Black,Denim,0.9502678468137841,19.101649402690445,13.538461538461538,52,true,true,true,3.4426167949667863,30.268674914828765
459,Divided || Jacket || Trousers Denim || Blue || Denim,Divided,Jacket,Trousers Denim,Blue,Denim,1.0766618598706432,19.031354061689154,11.692307692307692,52,true,true,true,2.625949470094777,12.817687440764363
460,Ladieswear || Dress || Jersey Fancy || Beige || Solid,Ladieswear,Dress,Jersey Fancy,Beige,Solid,1.0813168565799274,19.007823561363058,19.307692307692307,52,true,true,true,3.0256187385278794,19.6067509582446
461,Ladieswear || Top || Jersey Fancy || Yellow || Solid,Ladieswear,Top,Jersey Fancy,Yellow,Solid,0.9459277581397194,18.961972671835156,18.153846153846153,52,true,true,true,2.8746270928387645,16.718815416164162
462,Ladieswear || Socks || Socks and Tights || Pink || Solid,Ladieswear,Socks,Socks and Tights,Pink,Solid,1.335359341555216,18.82944866119121,1.3076923076923077,46,false,true,true,2.1171818696626827,7.307692307692307
463,"Ladieswear || Underwear bottom || Under-, Nightwear || Blue || Solid",Ladieswear,Underwear bottom,"Under-, Nightwear",Blue,Solid,0.9804888425916982,18.822769246634973,15.538461538461538,52,true,true,true,2.7505727053990396,14.651593069738176
464,Ladieswear || Swimwear bottom || Swimwear || Red || All over pattern,Ladieswear,Swimwear bottom,Swimwear,Red,All over pattern,1.0285871576856587,18.822493913885236,6.076923076923077,52,false,true,true,2.339893228829888,9.380128205128203
465,Sport || Sweater || Jersey Fancy || Pink || Solid,Sport,Sweater,Jersey Fancy,Pink,Solid,0.5121332480943712,18.7732759069309,2.1538461538461537,52,false,false,true,,
466,Ladieswear || Top || Jersey Fancy || Blue || Solid,Ladieswear,Top,Jersey Fancy,Blue,Solid,0.9572610302918955,18.764253065716225,19.384615384615383,52,true,true,true,3.002253729709674,19.130855343038675
467,Ladieswear || Blazer || Dressed || Green || Solid,Ladieswear,Blazer,Dressed,Green,Solid,0.976774982610802,18.648839527375177,3.0,52,false,true,true,3.2070108417247747,23.705128205128204
468,Ladieswear || Socks || Socks and Tights || White || All over pattern,Ladieswear,Socks,Socks and Tights,White,All over pattern,0.7043691706362621,18.59896363056578,5.384615384615385,50,false,false,true,2.8369394627894855,16.06346217884679
469,Divided || Dress || Dresses Ladies || Pink || Solid,Divided,Dress,Dresses Ladies,Pink,Solid,1.1319782278385013,18.548365636482583,23.384615384615383,52,true,true,true,2.6913357184101248,13.75136643874784
470,Menswear || Shorts || Jersey Basic || Khaki green || Solid,Menswear,Shorts,Jersey Basic,Khaki green,Solid,1.1298931500863936,18.511383882880505,2.6153846153846154,50,false,true,true,2.803360380906535,15.5
471,Ladieswear || Vest top || Jersey Basic || Blue || Solid,Ladieswear,Vest top,Jersey Basic,Blue,Solid,0.5368064128396877,18.502496170268124,1.0769230769230769,45,false,false,true,3.251169246588916,24.82051282051282
472,Menswear || Shorts || Shorts || Grey || Denim,Menswear,Shorts,Shorts,Grey,Denim,1.6663907881362299,18.46486093242327,8.384615384615385,52,false,true,true,2.6253032228990376,12.808760683760681
473,Menswear || Hoodie || Jersey Basic || White || Solid,Menswear,Hoodie,Jersey Basic,White,Solid,0.9882120330918697,18.42780029597786,2.1538461538461537,52,false,true,true,3.8839400366853205,47.615384615384606
474,Ladieswear || Trousers || Trousers || Pink || Solid,Ladieswear,Trousers,Trousers,Pink,Solid,1.0183661732697893,18.424538339327164,12.692307692307692,52,true,true,true,2.2312500538776443,8.311498682313161
475,Ladieswear || Blouse || Blouses || Beige || Solid,Ladieswear,Blouse,Blouses,Beige,Solid,0.9860543154029202,18.381414964406705,18.692307692307693,52,true,true,true,3.187596712879031,23.230125464490786
476,Menswear || T-shirt || Jersey Basic || Blue || Melange,Menswear,T-shirt,Jersey Basic,Blue,Melange,1.172603978300181,18.311780888257637,3.3076923076923075,52,false,true,true,2.322764723122212,9.203846153846156
477,Ladieswear || Bodysuit || Jersey Basic || Grey || Melange,Ladieswear,Bodysuit,Jersey Basic,Grey,Melange,1.11925993485342,18.302465990963196,1.6923076923076923,46,false,true,true,2.4254832293171997,10.30769230769231
478,Ladieswear || Dress || Dresses Ladies || Blue || Solid,Ladieswear,Dress,Dresses Ladies,Blue,Solid,1.011198799919609,18.302134878374456,30.53846153846154,52,true,true,true,2.7634383683504176,14.854262131179702
479,Divided || Dress || Trousers Denim || Blue || Denim,Divided,Dress,Trousers Denim,Blue,Denim,1.2123671782856662,18.29921616989518,8.846153846153847,52,false,true,true,2.8443719860028334,16.19075924075924
480,Divided || Skirt || Jersey Basic || Black || Solid,Divided,Skirt,Jersey Basic,Black,Solid,0.8187734671620499,18.28367876126512,1.6923076923076923,52,false,false,true,3.6775981096498964,38.55128205128205
481,Ladieswear || T-shirt || Jersey Fancy || Pink || Solid,Ladieswear,T-shirt,Jersey Fancy,Pink,Solid,1.3681482809368832,18.28077056512815,9.23076923076923,52,false,true,true,2.7170344574832095,14.135371039217196
482,Ladieswear || Jacket || Outdoor || Blue || Denim,Ladieswear,Jacket,Outdoor,Blue,Denim,1.0280100314754055,18.277164144319503,7.3076923076923075,52,false,true,true,2.8929444191727267,17.04636752136752
483,Ladieswear || Socks || Socks and Tights || Pink || Melange,Ladieswear,Socks,Socks and Tights,Pink,Melange,0.9183625308685756,18.21899752907959,3.769230769230769,52,false,true,true,3.308950880067769,26.356410256410257
484,Ladieswear || Trousers || Blouses || Blue || Denim,Ladieswear,Trousers,Blouses,Blue,Denim,,18.181009931826235,8.846153846153847,28,false,false,true,2.870784207184458,16.650854700854705
485,Ladieswear || Trousers || Trousers || Beige || Other structure,Ladieswear,Trousers,Trousers,Beige,Other structure,,18.139774467619947,0.6153846153846154,42,false,false,true,3.4325800942086953,29.956410256410255
486,Ladieswear || Top || Blouses || Black || Solid,Ladieswear,Top,Blouses,Black,Solid,0.8878923046224676,18.115418095681324,8.846153846153847,52,false,true,true,2.525534375244993,11.497571872571873
487,Divided || Trousers || Trousers || Blue || Denim,Divided,Trousers,Trousers,Blue,Denim,1.086650263218609,18.09601702394547,27.153846153846153,52,true,true,true,2.961552006386253,18.327945584679625
488,Ladieswear || Dress || Dresses Ladies || Yellow || Solid,Ladieswear,Dress,Dresses Ladies,Yellow,Solid,1.0958032250607224,18.06307170967396,10.846153846153847,52,true,true,true,2.5599479251589172,11.935143702451393
489,Ladieswear || Blazer || Dressed || Khaki green || Solid,Ladieswear,Blazer,Dressed,Khaki green,Solid,1.2538085908280403,18.039657838779917,4.230769230769231,52,false,true,true,3.2782085114397685,25.528205128205137
490,Ladieswear || Top || Jersey Basic || Blue || Stripe,Ladieswear,Top,Jersey Basic,Blue,Stripe,1.0335174139934684,18.03829118007322,2.6923076923076925,52,false,true,true,1.739115735742633,4.6923076923076925
491,Divided || Hoodie || Jersey Basic || White || Solid,Divided,Hoodie,Jersey Basic,White,Solid,1.018536036212113,18.02194734056387,1.4615384615384615,43,false,true,true,2.8949907037524594,17.083333333333336
492,Ladieswear || Vest top || Blouses || Red || Solid,Ladieswear,Vest top,Blouses,Red,Solid,0.9710009822180904,17.97115930995506,5.538461538461538,52,false,true,true,2.5008503001851365,11.192857142857145
493,Ladieswear || Vest top || Jersey Fancy || Blue || Solid,Ladieswear,Vest top,Jersey Fancy,Blue,Solid,2.274261767694966,17.966591418837602,5.076923076923077,52,false,true,true,2.696623750795553,13.829578754578755
494,Ladieswear || Top || Jersey Basic || White || Solid,Ladieswear,Top,Jersey Basic,White,Solid,1.0362358295867842,17.92644447097711,12.153846153846153,52,true,true,true,2.3147242010418863,9.122130860592398
495,Ladieswear || Heeled sandals || Shoes || Black || Solid,Ladieswear,Heeled sandals,Shoes,Black,Solid,1.1244956453620134,17.916119550831592,14.615384615384615,52,true,true,true,2.9931270092631506,18.94796252929856
496,Divided || Vest top || Knitwear || Yellow || Solid,Divided,Vest top,Knitwear,Yellow,Solid,0.6564788343572635,17.90514693509695,2.3846153846153846,46,false,false,true,3.71153747800652,39.91666666666666
497,Ladieswear || Skirt || Skirts || White || Solid,Ladieswear,Skirt,Skirts,White,Solid,1.2289924933959033,17.843130072481237,5.384615384615385,52,false,true,true,3.2696905887498735,25.30319957819957
498,Ladieswear || Shorts || Trousers || Green || Solid,Ladieswear,Shorts,Trousers,Green,Solid,1.1967858663260962,17.788002095612416,1.8461538461538463,52,false,true,true,3.199980478176165,23.532051282051274
499,Divided || Jumpsuit/Playsuit || Dresses Ladies || White || Solid,Divided,Jumpsuit/Playsuit,Dresses Ladies,White,Solid,1.9457534620369734,17.782105634370794,1.7692307692307692,52,false,true,true,3.42984297973912,29.871794871794872
500,Ladieswear || Blazer || Dressed || White || Other structure,Ladieswear,Blazer,Dressed,White,Other structure,0.9717655735520113,17.701722050079596,2.3076923076923075,36,false,true,true,2.789275641024796,15.269230769230766
501,Ladieswear || Blouse || Blouses || Pink || Solid,Ladieswear,Blouse,Blouses,Pink,Solid,0.9461463247925582,17.698374223211715,27.923076923076923,52,true,true,true,2.962613985347932,18.348482359144125
502,"Menswear || Underwear bottom || Under-, Nightwear || Black || Solid",Menswear,Underwear bottom,"Under-, Nightwear",Black,Solid,1.0949138664722198,17.67797513308996,8.23076923076923,52,false,true,true,2.80656918494332,15.553030303030305
503,Ladieswear || Trousers || Trousers || Brown || Solid,Ladieswear,Trousers,Trousers,Brown,Solid,0.9478473799259961,17.656490208366538,11.307692307692308,52,true,true,true,3.40656939900598,29.16159417505572
504,Divided || Jacket || Trousers Denim || Black || Denim,Divided,Jacket,Trousers Denim,Black,Denim,1.0804410990075508,17.653640616807742,5.0,52,false,true,true,2.8696456273790476,16.63076923076923
505,Ladieswear || Bikini top || Swimwear || Black || Lace,Ladieswear,Bikini top,Swimwear,Black,Lace,1.3673301292791347,17.649297795067778,4.461538461538462,52,false,true,true,2.181141519582932,7.856410256410259
506,Ladieswear || T-shirt || Jersey Fancy || Pink || Front print,Ladieswear,T-shirt,Jersey Fancy,Pink,Front print,0.9936265765671233,17.63447400575539,2.230769230769231,18,false,true,false,3.104931565518983,21.307692307692307
507,Ladieswear || Dress || Jersey Fancy || Blue || All over pattern,Ladieswear,Dress,Jersey Fancy,Blue,All over pattern,1.119352423164881,17.607314181690878,7.0,52,false,true,true,2.752058765901885,14.674869574869575
508,Ladieswear || Dress || Dresses Ladies || Pink || Solid,Ladieswear,Dress,Dresses Ladies,Pink,Solid,1.1095769569102198,17.605280174938795,30.153846153846153,52,true,true,true,2.7322770627840165,14.367840747124495
509,Divided || Skirt || Skirts || Black || Solid,Divided,Skirt,Skirts,Black,Solid,0.9035754742801573,17.603354640984648,46.30769230769231,52,true,true,true,2.9583935740250773,18.266995879298833
510,Ladieswear || Shorts || Trousers || White || Solid,Ladieswear,Shorts,Trousers,White,Solid,1.0982731107953543,17.570593040949657,4.3076923076923075,52,false,true,true,2.371082115072269,9.708974358974361
511,Ladieswear || Skirt || Skirts || Khaki green || Solid,Ladieswear,Skirt,Skirts,Khaki green,Solid,1.1581438272561433,17.54538209336257,4.923076923076923,52,false,true,true,2.7938637710602454,15.344047619047615
512,Divided || Skirt || Skirts || Blue || Denim,Divided,Skirt,Skirts,Blue,Denim,1.1440465874008272,17.487965012861412,10.76923076923077,52,true,true,true,2.775596785852209,15.048201478009169
513,Ladieswear || Dress || Jersey Basic || Grey || Solid,Ladieswear,Dress,Jersey Basic,Grey,Solid,1.1543818857231087,17.483163153539273,2.3846153846153846,44,false,true,true,3.1798341433068553,23.04276556776557
514,Ladieswear || Skirt || Skirts || Blue || All over pattern,Ladieswear,Skirt,Skirts,Blue,All over pattern,1.3367002895770896,17.44659291987226,5.3076923076923075,52,false,true,true,3.056418912875836,20.25131791285638
515,Ladieswear || Blazer || Dressed || Blue || Other structure,Ladieswear,Blazer,Dressed,Blue,Other structure,0.554339810295333,17.40711685394841,2.3076923076923075,47,false,false,true,3.0974322514570867,21.141025641025635
516,Ladieswear || Blouse || Jersey Fancy || Green || Solid,Ladieswear,Blouse,Jersey Fancy,Green,Solid,0.8876218588295834,17.389671246981802,0.7692307692307693,9,false,true,false,3.13382057537112,21.961538461538463
517,Divided || Trousers || Trousers || Pink || Solid,Divided,Trousers,Trousers,Pink,Solid,1.1767184717031816,17.37878032586528,11.692307692307692,52,true,true,true,2.6421089834491163,13.042788408173022
518,"Ladieswear || Bra || Under-, Nightwear || Red || Solid",Ladieswear,Bra,"Under-, Nightwear",Red,Solid,0.696882995148204,17.352179693649816,51.84615384615385,52,true,false,true,2.7020025186639405,13.909558519755716
519,Ladieswear || Trousers || Jersey Fancy || Beige || All over pattern,Ladieswear,Trousers,Jersey Fancy,Beige,All over pattern,1.2535407414416069,17.348966485227052,2.8461538461538463,35,false,true,true,3.7035154137513655,39.589743589743584
520,"Ladieswear || Night gown || Under-, Nightwear || Blue || Stripe",Ladieswear,Night gown,"Under-, Nightwear",Blue,Stripe,1.0799696278630022,17.32839378610123,2.769230769230769,52,false,true,true,2.8134107167600364,15.666666666666668
521,Divided || Dress || Jersey Basic || White || Solid,Divided,Dress,Jersey Basic,White,Solid,0.5944939250919802,17.314761875061436,1.0,30,false,false,true,2.949151205994417,18.089743589743588
522,Ladieswear || Dress || Dresses Ladies || White || Embroidery,Ladieswear,Dress,Dresses Ladies,White,Embroidery,0.9456712205398978,17.30456020556176,6.230769230769231,51,false,true,true,3.7728142824811153,42.50232054270516
523,Ladieswear || Heeled sandals || Shoes || Beige || Solid,Ladieswear,Heeled sandals,Shoes,Beige,Solid,1.0801513077535185,17.281823478931557,8.76923076923077,50,false,true,true,2.922442484043283,17.58662960970653
524,Divided || Shorts || Shorts || Khaki green || Solid,Divided,Shorts,Shorts,Khaki green,Solid,1.3120411634265539,17.261728397873693,5.6923076923076925,51,false,true,true,2.684699807176339,13.653801753801753
525,Divided || Skirt || Skirts || Black || All over pattern,Divided,Skirt,Skirts,Black,All over pattern,1.0691400127552881,17.25245874622103,14.0,52,true,true,true,2.880306525647623,16.81973454821752
526,Divided || Skirt || Skirts || Beige || Solid,Divided,Skirt,Skirts,Beige,Solid,1.097519040756016,17.19968292218339,5.461538461538462,52,false,true,true,2.622376590242983,12.76840659340659
527,Ladieswear || Dress || Jersey Fancy || Black || All over pattern,Ladieswear,Dress,Jersey Fancy,Black,All over pattern,1.169854354173428,17.163133014541916,13.615384615384615,52,true,true,true,2.8275243229288103,15.903561222059672
528,Ladieswear || Blazer || Dressed || Black || Other structure,Ladieswear,Blazer,Dressed,Black,Other structure,0.9397291201414834,17.156451625241697,2.1538461538461537,52,false,true,true,2.5892089133868943,12.31923076923077
529,Ladieswear || Dress || Jersey Fancy || Yellow || Solid,Ladieswear,Dress,Jersey Fancy,Yellow,Solid,0.8937434463474311,17.117123447802754,8.76923076923077,52,false,true,true,2.771903755769069,14.989044289044289
530,Ladieswear || Flip flop || Shoes || Black || Solid,Ladieswear,Flip flop,Shoes,Black,Solid,2.3049586685159498,17.102508368081658,2.3846153846153846,50,false,true,true,2.6999097089140496,13.878388278388279
531,Ladieswear || Sarong || Swimwear || White || All over pattern,Ladieswear,Sarong,Swimwear,White,All over pattern,1.0507443358622628,17.096354901725306,1.9230769230769231,44,false,true,true,1.8417698898027164,5.3076923076923075
532,Ladieswear || Dress || Dresses Ladies || Brown || All over pattern,Ladieswear,Dress,Dresses Ladies,Brown,All over pattern,0.9131167156095287,17.078145558511125,5.384615384615385,52,false,true,true,1.9388470641987912,5.950732600732602
533,Ladieswear || Belt || Accessories || Black || Other structure,Ladieswear,Belt,Accessories,Black,Other structure,0.9855593456191634,17.02240425793404,1.6923076923076923,51,false,true,true,3.0285220963769817,19.666666666666664
534,Divided || Skirt || Trousers || Pink || Solid,Divided,Skirt,Trousers,Pink,Solid,1.0707392511806675,17.00166952422872,6.6923076923076925,52,false,true,true,2.6245624125070814,12.7985347985348
535,"Ladieswear || Underwear bottom || Under-, Nightwear || Brown || Solid",Ladieswear,Underwear bottom,"Under-, Nightwear",Brown,Solid,1.0882635241837746,16.97609361869848,12.307692307692308,40,true,true,true,3.0061672142203344,19.209791490560722
536,"Divided || Underwear bottom || Under-, Nightwear || Pink || Solid",Divided,Underwear bottom,"Under-, Nightwear",Pink,Solid,0.9973450933775758,16.975841931757884,1.6153846153846154,52,false,true,true,3.410131710395921,29.269230769230763
537,Ladieswear || Sandals || Shoes || Brown || Solid,Ladieswear,Sandals,Shoes,Brown,Solid,1.6659668199306574,16.926847022809156,9.846153846153847,50,false,true,true,2.4862128937407224,11.015685169531324
538,Divided || Shorts || Shorts || Blue || Solid,Divided,Shorts,Shorts,Blue,Solid,1.0355205138475394,16.926598232931727,14.153846153846153,52,true,true,true,2.0596237755616182,6.843018519941595
539,Sport || Top || Jersey Fancy || Pink || Solid,Sport,Top,Jersey Fancy,Pink,Solid,1.5216449010137651,16.910630447045023,0.5384615384615384,44,false,true,true,3.5183724452665253,32.72948717948718
540,"Ladieswear || Night gown || Under-, Nightwear || Pink || Lace",Ladieswear,Night gown,"Under-, Nightwear",Pink,Lace,1.013923651221495,16.875444876977294,1.3076923076923077,25,false,true,false,3.2986818181365605,26.07692307692308
541,"Ladieswear || Underwear body || Under-, Nightwear || Red || Solid",Ladieswear,Underwear body,"Under-, Nightwear",Red,Solid,0.6306967049943831,16.86967555912413,6.384615384615385,44,false,false,true,2.6078385291980424,12.569688644688643
542,Sport || Bra || Jersey Fancy || Black || Melange,Sport,Bra,Jersey Fancy,Black,Melange,1.1007987249379674,16.827167935182604,2.1538461538461537,47,false,true,true,3.3579686471113352,27.73076923076923
543,Ladieswear || Dress || Jersey Basic || Blue || Solid,Ladieswear,Dress,Jersey Basic,Blue,Solid,1.157537347215935,16.807043437697537,1.3076923076923077,43,false,true,true,2.845356511034547,16.2076923076923
544,Ladieswear || Socks || Socks and Tights || Black || All over pattern,Ladieswear,Socks,Socks and Tights,Black,All over pattern,0.9882064866993173,16.79930744121162,6.769230769230769,50,false,true,true,2.7154253597758284,14.111036332088963
545,Divided || Cardigan || Knitwear || Black || Solid,Divided,Cardigan,Knitwear,Black,Solid,0.8151311866044917,16.782981550832055,9.307692307692308,52,false,false,true,3.5350590260153787,33.297039072039084
546,"Ladieswear || Underwear bottom || Under-, Nightwear || Grey || Melange",Ladieswear,Underwear bottom,"Under-, Nightwear",Grey,Melange,0.7542175732874901,16.758291749994108,15.692307692307692,52,true,false,true,2.5775409218499137,12.164725234857439
547,Ladieswear || Vest top || Blouses || Beige || Solid,Ladieswear,Vest top,Blouses,Beige,Solid,1.0569791635829862,16.742414805376182,7.6923076923076925,52,false,true,true,2.5121719649104897,11.331684981684981
548,Ladieswear || Skirt || Skirts || Beige || All over pattern,Ladieswear,Skirt,Skirts,Beige,All over pattern,1.0230071934950045,16.735159063886076,6.230769230769231,52,false,true,true,2.7292165465354485,14.320879120879125
549,Menswear || T-shirt || Jersey Basic || Blue || Solid,Menswear,T-shirt,Jersey Basic,Blue,Solid,0.7700516600236754,16.714330072711782,6.230769230769231,52,false,false,true,2.813064502988811,15.66089743589744
550,Ladieswear || Sandals || Shoes || White || Solid,Ladieswear,Sandals,Shoes,White,Solid,1.2463188744188711,16.682499405418415,5.923076923076923,52,false,true,true,2.587688293561837,12.298992673992672
551,Ladieswear || Skirt || Shorts || Blue || Solid,Ladieswear,Skirt,Shorts,Blue,Solid,0.9217334886219202,16.664688004083473,1.8461538461538463,49,false,true,true,1.8638813434101473,5.448717948717948
552,Ladieswear || Blazer || Dressed || Mole || Solid,Ladieswear,Blazer,Dressed,Mole,Solid,0.9936067440128658,16.655800536693018,1.5384615384615385,32,false,true,true,3.471329205436238,31.17948717948719
553,Divided || Sweater || Jersey Basic || Khaki green || Solid,Divided,Sweater,Jersey Basic,Khaki green,Solid,1.0670959811885423,16.64348277296162,1.0,35,false,true,true,2.676797657598106,13.538461538461542
554,Divided || T-shirt || Jersey Basic || Grey || Solid,Divided,T-shirt,Jersey Basic,Grey,Solid,0.8749086604948338,16.634669242419754,1.1538461538461537,47,false,true,true,3.350071157695176,27.504761904761914
555,Divided || Jacket || Outdoor || Black || Denim,Divided,Jacket,Outdoor,Black,Denim,1.0044867987007242,16.62829193109823,1.3076923076923077,52,false,true,true,3.858297606071983,46.38461538461539
556,Divided || Shirt || Blouses || Pink || Solid,Divided,Shirt,Blouses,Pink,Solid,0.8558606495245613,16.621260634859,6.769230769230769,52,false,true,true,3.1711049366495265,22.83380465688158
557,Ladieswear || Trousers || Trousers Denim || Blue || Denim,Ladieswear,Trousers,Trousers Denim,Blue,Denim,1.0410564850109105,16.579893379594594,33.61538461538461,52,true,true,true,2.542375751351935,11.709830527903636
558,"Ladieswear || Pyjama bottom || Under-, Nightwear || Blue || Stripe",Ladieswear,Pyjama bottom,"Under-, Nightwear",Blue,Stripe,1.0493669717068514,16.579065378441655,1.8461538461538463,49,false,true,true,2.243161672523245,8.423076923076922
559,"Ladieswear || Pyjama bottom || Under-, Nightwear || Pink || All over pattern",Ladieswear,Pyjama bottom,"Under-, Nightwear",Pink,All over pattern,1.3088084421970148,16.566255624313865,5.615384615384615,52,false,true,true,2.7634121304348764,14.85384615384615
560,Sport || Bra || Jersey Fancy || Khaki green || Solid,Sport,Bra,Jersey Fancy,Khaki green,Solid,0.7481587620405483,16.551574977284634,2.6153846153846154,27,false,false,true,3.0347064079857664,19.794871794871792
561,Ladieswear || Shorts || Shorts || Blue || All over pattern,Ladieswear,Shorts,Shorts,Blue,All over pattern,0.8463884146700417,16.518276352032064,3.6923076923076925,52,false,false,true,2.4333884088243125,10.397435897435894
562,"Ladieswear || Bra || Under-, Nightwear || Black || Lace",Ladieswear,Bra,"Under-, Nightwear",Black,Lace,1.0346875472678898,16.47312190597711,25.846153846153847,52,true,true,true,3.4012898755141006,29.002774943889
563,Ladieswear || Bikini top || Swimwear || Red || All over pattern,Ladieswear,Bikini top,Swimwear,Red,All over pattern,0.9150652946622164,16.45093793751974,7.230769230769231,52,false,true,true,2.112790460754767,7.271289821289823
564,Ladieswear || T-shirt || Jersey Basic || Blue || Stripe,Ladieswear,T-shirt,Jersey Basic,Blue,Stripe,0.7606656275686742,16.43921748623517,3.769230769230769,52,false,false,true,2.8877329516721395,16.9525641025641
565,Ladieswear || Shirt || Blouses || Black || Solid,Ladieswear,Shirt,Blouses,Black,Solid,0.9234812246465103,16.413796722737576,7.076923076923077,52,false,true,true,3.1326634830565836,21.934985207100596
566,Ladieswear || Trousers || Jersey Fancy || Brown || Solid,Ladieswear,Trousers,Jersey Fancy,Brown,Solid,0.9420079884452844,16.37045314393338,1.2307692307692308,14,false,true,false,3.0518217402050345,20.153846153846153
567,Ladieswear || Blouse || Blouses || Turquoise || Solid,Ladieswear,Blouse,Blouses,Turquoise,Solid,0.8081779181556946,16.30760590534217,2.3076923076923075,47,false,false,true,2.9949627467749624,18.984615384615385
568,Ladieswear || Trousers || Trousers Denim || Black || Denim,Ladieswear,Trousers,Trousers Denim,Black,Denim,1.0008171904268672,16.261107879568186,7.153846153846154,52,false,true,true,2.896392465545891,17.108699633699636
569,Ladieswear || Trousers || Trousers || Grey || Other structure,Ladieswear,Trousers,Trousers,Grey,Other structure,0.8418208272708377,16.2507896286101,2.4615384615384617,52,false,false,true,2.8222179726173366,15.814102564102566
570,"Ladieswear || Underwear body || Under-, Nightwear || Black || Solid",Ladieswear,Underwear body,"Under-, Nightwear",Black,Solid,0.8513645941208847,16.24364458902794,27.153846153846153,52,true,true,true,2.8673290876597526,16.58997412355096
571,Divided || Vest top || Jersey Fancy || White || Solid,Divided,Vest top,Jersey Fancy,White,Solid,1.0453108800483775,16.19822736006672,8.846153846153847,52,false,true,true,2.5299382878387897,11.552731456577607
572,Ladieswear || Ballerinas || Shoes || Black || Solid,Ladieswear,Ballerinas,Shoes,Black,Solid,0.9433713734073748,16.1935857752706,13.923076923076923,52,true,true,true,2.8802746323279558,16.81916622679007
573,Ladieswear || Top || Jersey Fancy || Red || Solid,Ladieswear,Top,Jersey Fancy,Red,Solid,0.9446524740391598,16.176882825128082,14.0,52,true,true,true,3.3198316938270525,26.655695542516813
574,Ladieswear || T-shirt || Jersey Fancy || Blue || Stripe,Ladieswear,T-shirt,Jersey Fancy,Blue,Stripe,1.0952260034404713,16.174093257221546,8.0,52,false,true,true,2.7315073463928607,14.356016419477955
575,Ladieswear || Sweater || Jersey Fancy || Beige || Melange,Ladieswear,Sweater,Jersey Fancy,Beige,Melange,0.5985285569461288,16.159078271034485,3.6153846153846154,51,false,false,true,2.761226337214896,14.819230769230767
576,Divided || Shirt || Blouses || Beige || Check,Divided,Shirt,Blouses,Beige,Check,1.0516350434598263,16.11551568017876,2.769230769230769,49,false,true,true,2.8585311520405057,16.43589743589743
577,Ladieswear || Blouse || Blouses || Black || All over pattern,Ladieswear,Blouse,Blouses,Black,All over pattern,0.804722765667154,16.107979132492815,33.07692307692308,52,true,false,true,2.6512753339675483,13.172101287140329
578,Ladieswear || Dress || Jersey Fancy || Blue || Solid,Ladieswear,Dress,Jersey Fancy,Blue,Solid,1.3484468554680429,16.067708906219654,14.153846153846153,52,true,true,true,2.7183831073172087,14.155797125579733
579,Divided || Hoodie || Jersey Basic || Grey || Melange,Divided,Hoodie,Jersey Basic,Grey,Melange,1.0463143696551716,16.017965380295962,5.3076923076923075,52,false,true,true,3.091808060971899,21.016849816849813
580,Ladieswear || Dress || Jersey Fancy || Blue || Stripe,Ladieswear,Dress,Jersey Fancy,Blue,Stripe,1.3443343654788156,15.99116404935896,12.846153846153847,52,true,true,true,2.9198114034006712,17.53779096570859
581,Divided || Shirt || Trousers Denim || Blue || Denim,Divided,Shirt,Trousers Denim,Blue,Denim,1.3795011452136114,15.973022162340474,4.769230769230769,52,false,true,true,2.6175829760927893,12.7025641025641
582,Ladieswear || Top || Jersey Fancy || Khaki green || Solid,Ladieswear,Top,Jersey Fancy,Khaki green,Solid,0.7835868385761017,15.966458038082585,7.384615384615385,52,false,false,true,3.2161091058038864,23.930927619389156
583,Divided || Dress || Dresses Ladies || White || Stripe,Divided,Dress,Dresses Ladies,White,Stripe,1.7839308143680832,15.942414861521002,4.769230769230769,52,false,true,true,3.1831385612629863,23.12234432234432
584,Ladieswear || Trousers || Jersey Fancy || Black || Solid,Ladieswear,Trousers,Jersey Fancy,Black,Solid,1.1246317388840845,15.939933932281516,24.846153846153847,52,true,true,true,2.5841772205861653,12.252380816911712
585,Sport || Sweater || Jersey Fancy || Pink || Melange,Sport,Sweater,Jersey Fancy,Pink,Melange,1.0165258093954908,15.924118243728778,1.0,52,false,true,true,0.6931471805599453,1.0
586,Ladieswear || Sweater || Jersey Basic || Pink || Solid,Ladieswear,Sweater,Jersey Basic,Pink,Solid,1.048810207218385,15.896070964697511,1.0,32,false,true,true,1.4423838277709342,3.230769230769231
587,Sport || Vest top || Jersey Fancy || Pink || Melange,Sport,Vest top,Jersey Fancy,Pink,Melange,1.0269148973731255,15.869054200721237,4.846153846153846,52,false,true,true,2.3500312530513368,9.485897435897437
588,Divided || Shirt || Blouses || Red || Stripe,Divided,Shirt,Blouses,Red,Stripe,0.8960977157360405,15.841480386960633,0.9230769230769231,32,false,true,true,3.505788370540953,32.3076923076923
589,Divided || T-shirt || Jersey Fancy || Pink || Embroidery,Divided,T-shirt,Jersey Fancy,Pink,Embroidery,1.2259785505395258,15.811633773371607,2.923076923076923,52,false,true,true,3.960813169597578,51.5
590,Menswear || Hoodie || Jersey Basic || Pink || Solid,Menswear,Hoodie,Jersey Basic,Pink,Solid,0.9694144625906992,15.802118069836482,2.6153846153846154,52,false,true,true,3.6772739079936283,38.53846153846153
591,Divided || Cardigan || Knitwear || White || Solid,Divided,Cardigan,Knitwear,White,Solid,0.8076421986613608,15.787655615214089,7.384615384615385,52,false,false,true,3.446796227229403,30.399633699633704
592,Menswear || Vest top || Jersey Basic || White || Solid,Menswear,Vest top,Jersey Basic,White,Solid,1.3531086283622147,15.765131563308344,2.3846153846153846,51,false,true,true,2.2199994723163967,8.207326007326005
593,"Ladieswear || Underwear bottom || Under-, Nightwear || Pink || Lace",Ladieswear,Underwear bottom,"Under-, Nightwear",Pink,Lace,2.262090276773098,15.758479374802054,2.923076923076923,52,false,true,true,2.738355550597539,14.461538461538462
594,Ladieswear || Vest top || Blouses || Blue || All over pattern,Ladieswear,Vest top,Blouses,Blue,All over pattern,2.53342367659016,15.75824708611471,2.3846153846153846,49,false,true,true,3.717877979937799,40.17692307692308
595,Ladieswear || Dress || Blouses || Khaki green || Solid,Ladieswear,Dress,Blouses,Khaki green,Solid,0.9404270355879938,15.737984230934195,5.230769230769231,51,false,true,true,2.5440218373555807,11.73076923076923
596,Ladieswear || Skirt || Skirts || Yellow || All over pattern,Ladieswear,Skirt,Skirts,Yellow,All over pattern,1.1922885571510604,15.726284399171547,3.6923076923076925,52,false,true,true,2.9017737439613756,17.206410256410255
597,Ladieswear || Blazer || Dressed || Blue || Check,Ladieswear,Blazer,Dressed,Blue,Check,1.082453964157849,15.694339740913385,2.0,36,false,true,true,3.719806500862737,40.256410256410255
598,"Ladieswear || Bra || Under-, Nightwear || Grey || Solid",Ladieswear,Bra,"Under-, Nightwear",Grey,Solid,0.9955192232848258,15.684976594718478,7.769230769230769,52,false,true,true,3.3501466028447138,27.506912531912533
599,Ladieswear || Shirt || Blouses || Red || Solid,Ladieswear,Shirt,Blouses,Red,Solid,1.8671663042169315,15.676818193848803,3.1538461538461537,48,false,true,true,2.6754740306675973,13.519230769230768
600,Sport || Bra || Jersey Fancy || Pink || Solid,Sport,Bra,Jersey Fancy,Pink,Solid,0.6639980053845794,15.67204881187834,9.461538461538462,52,false,false,true,3.039769085273575,19.900416463878003
601,Divided || T-shirt || Jersey Fancy || White || Front print,Divided,T-shirt,Jersey Fancy,White,Front print,1.0615192088197887,15.646095978236865,10.153846153846153,52,true,true,true,2.8808710894852183,16.829797766336227
602,Sport || Shorts || Unknown || Grey || Solid,Sport,Shorts,Unknown,Grey,Solid,1.1068810455631526,15.641846473962445,1.4615384615384615,36,false,true,true,2.995411709358266,18.993589743589745
603,Ladieswear || Skirt || Skirts || Brown || Solid,Ladieswear,Skirt,Skirts,Brown,Solid,1.0608389398906801,15.641475161354172,1.9230769230769231,50,false,true,true,3.034952986707272,19.799999999999994
604,Divided || Dress || Dresses Ladies || Beige || All over pattern,Divided,Dress,Dresses Ladies,Beige,All over pattern,1.3545500067333338,15.634081738091307,11.307692307692308,52,true,true,true,2.1828693091642504,7.871725496725498
605,Ladieswear || Dress || Jersey Fancy || White || Solid,Ladieswear,Dress,Jersey Fancy,White,Solid,0.7084419067332344,15.577862661940422,6.3076923076923075,52,false,false,true,3.015195585597062,19.39307914307914
606,"Ladieswear || Underwear bottom || Under-, Nightwear || Red || Solid",Ladieswear,Underwear bottom,"Under-, Nightwear",Red,Solid,0.7666993476461573,15.53832058775967,28.384615384615383,52,true,false,true,1.9201699499469878,5.82211778933141
607,Divided || Trousers || Trousers || Black || All over pattern,Divided,Trousers,Trousers,Black,All over pattern,0.9483447300808814,15.523406324303949,10.153846153846153,52,true,true,true,3.0755535114834687,20.661868686868683
608,"Ladieswear || Sweater || Under-, Nightwear || Orange || Solid",Ladieswear,Sweater,"Under-, Nightwear",Orange,Solid,,15.47837628247283,4.538461538461538,48,false,false,true,2.770181982209216,14.96153846153846
609,Menswear || T-shirt || Jersey Basic || Blue || Stripe,Menswear,T-shirt,Jersey Basic,Blue,Stripe,0.94100137728023,15.460998299882966,12.538461538461538,52,true,true,true,2.5303386560560415,11.557758177495018
610,Divided || Dress || Dresses Ladies || Lilac Purple || All over pattern,Divided,Dress,Dresses Ladies,Lilac Purple,All over pattern,0.9520431190930734,15.44885505078545,2.923076923076923,23,false,true,false,3.3778937612403337,28.30897435897436
611,Menswear || Vest top || Jersey Basic || Black || Solid,Menswear,Vest top,Jersey Basic,Black,Solid,1.1778533495884018,15.448545385203143,2.1538461538461537,51,false,true,true,2.5271635118292135,11.517948717948721
612,Ladieswear || Shorts || Trousers || Black || Solid,Ladieswear,Shorts,Trousers,Black,Solid,0.8008599632086252,15.421470329961583,11.692307692307692,52,true,false,true,2.6036945590267253,12.513572611598928
613,Ladieswear || Vest top || Jersey Fancy || Orange || Solid,Ladieswear,Vest top,Jersey Fancy,Orange,Solid,1.1557810606702974,15.395634110858872,7.6923076923076925,52,false,true,true,2.3619523632376285,9.611649034725955
614,Divided || Dungarees || Trousers Denim || Blue || Denim,Divided,Dungarees,Trousers Denim,Blue,Denim,1.092368244077396,15.362687447408923,3.3076923076923075,52,false,true,true,2.81081394146221,15.623443223443228
615,Ladieswear || Swimsuit || Swimwear || Orange || Solid,Ladieswear,Swimsuit,Swimwear,Orange,Solid,0.7273991679394183,15.350198176800792,2.1538461538461537,52,false,false,true,2.1355310083308794,7.46153846153846
616,Ladieswear || Vest top || Jersey Fancy || Brown || Solid,Ladieswear,Vest top,Jersey Fancy,Brown,Solid,2.26252249519351,15.27953196918611,1.3846153846153846,51,false,true,true,3.846239264882143,45.81666666666667
617,Ladieswear || Dress || Jersey Basic || White || Stripe,Ladieswear,Dress,Jersey Basic,White,Stripe,1.2350583667100228,15.275025034813442,3.230769230769231,52,false,true,true,2.93671693307253,17.853846153846153
618,Ladieswear || Jacket || Outdoor || Black || Solid,Ladieswear,Jacket,Outdoor,Black,Solid,0.685646924820453,15.209772766945136,36.84615384615385,52,true,false,true,2.5613992749005456,11.953930749912333
619,Divided || Shirt || Blouses || Khaki green || Solid,Divided,Shirt,Blouses,Khaki green,Solid,1.3540642435719195,15.209047898506523,3.769230769230769,52,false,true,true,3.0182336190287065,19.455128205128204
620,Ladieswear || Socks || Socks and Tights || Black || Glittering/Metallic,Ladieswear,Socks,Socks and Tights,Black,Glittering/Metallic,0.7873227021395945,15.197332788308206,1.7692307692307692,46,false,false,true,3.01194626728881,19.326923076923077
621,Ladieswear || Dress || Dresses Ladies || Blue || Denim,Ladieswear,Dress,Dresses Ladies,Blue,Denim,0.8150005531806654,15.127073633443867,7.076923076923077,52,false,false,true,2.9734482734939283,18.559249084249085
622,Ladieswear || Dress || Jersey Fancy || Black || Stripe,Ladieswear,Dress,Jersey Fancy,Black,Stripe,0.7575649282515736,15.093726605777551,3.1538461538461537,52,false,false,true,3.6219106317579297,36.40897435897436
623,Ladieswear || Blazer || Dressed || Grey || Other structure,Ladieswear,Blazer,Dressed,Grey,Other structure,0.8839689257816684,15.063595690560287,4.461538461538462,52,false,true,true,2.919778417344489,17.537179487179493
624,Ladieswear || Sneakers || Shoes || White || Solid,Ladieswear,Sneakers,Shoes,White,Solid,0.8694252721009347,15.04698346735956,30.615384615384617,52,true,true,true,2.6285830367544767,12.854125201298125
625,Divided || Dress || Dresses Ladies || Green || All over pattern,Divided,Dress,Dresses Ladies,Green,All over pattern,1.0793332186208733,15.017334317444874,12.0,52,true,true,true,2.696055445821112,13.821153425508633
626,Ladieswear || Swimwear bottom || Swimwear || Lilac Purple || Solid,Ladieswear,Swimwear bottom,Swimwear,Lilac Purple,Solid,2.8473240639120565,15.016514427050936,3.5384615384615383,52,false,true,true,2.0701032030084243,6.925641025641027
627,Ladieswear || Trousers || Trousers || White || Stripe,Ladieswear,Trousers,Trousers,White,Stripe,1.6024128664173196,15.005039119531009,10.384615384615385,52,true,true,true,2.59813588619766,12.438663473278856
628,Menswear || T-shirt || Jersey Basic || Brown || Solid,Menswear,T-shirt,Jersey Basic,Brown,Solid,1.0148393603227202,14.993872755348123,1.5384615384615385,29,false,true,true,2.906620790787245,17.294871794871796
629,Divided || Sweater || Jersey Basic || White || Solid,Divided,Sweater,Jersey Basic,White,Solid,,14.992627715821303,4.153846153846154,45,false,false,true,2.7386871705641,14.466666666666665
630,Menswear || Shorts || Shorts || Blue || Solid,Menswear,Shorts,Shorts,Blue,Solid,1.752785056909239,14.983477804579437,11.076923076923077,52,true,true,true,2.682732369842248,13.6249996595933
631,Menswear || Polo shirt || Jersey Fancy || Black || Solid,Menswear,Polo shirt,Jersey Fancy,Black,Solid,1.1050025440871691,14.931751730099705,1.3846153846153846,52,false,true,true,2.146081219226032,7.551282051282053
632,Divided || T-shirt || Jersey Fancy || White || Solid,Divided,T-shirt,Jersey Fancy,White,Solid,1.2850176285636954,14.916091445993516,17.846153846153847,52,true,true,true,2.9888006892463634,18.861847674242448
633,Ladieswear || Trousers || Trousers || Grey || Melange,Ladieswear,Trousers,Trousers,Grey,Melange,0.5221001982614393,14.904872020875388,2.0,45,false,false,true,2.1775159627147267,7.824358974358974
634,Ladieswear || Bikini top || Swimwear || Black || Stripe,Ladieswear,Bikini top,Swimwear,Black,Stripe,0.7785349764334145,14.901438879289762,3.8461538461538463,52,false,false,true,1.8208202634911792,5.176923076923076
635,Ladieswear || Socks || Socks and Tights || Grey || All over pattern,Ladieswear,Socks,Socks and Tights,Grey,All over pattern,0.7355231272974369,14.888628335048772,5.769230769230769,52,false,false,true,2.5766070230153693,12.152436452436454
636,Menswear || Sweater || Jersey Basic || Khaki green || Solid,Menswear,Sweater,Jersey Basic,Khaki green,Solid,0.9470599873137804,14.861585885337352,2.076923076923077,52,false,true,true,2.5070945647633627,11.269230769230772
637,Ladieswear || Underwear Tights || Socks and Tights || Black || Solid,Ladieswear,Underwear Tights,Socks and Tights,Black,Solid,0.9173887521547331,14.858516706666896,24.76923076923077,52,true,true,true,2.7137309648406385,14.08545394811385
638,Divided || Top || Jersey Fancy || Pink || Solid,Divided,Top,Jersey Fancy,Pink,Solid,0.8612923161136671,14.858053339524474,13.23076923076923,52,true,true,true,3.085371159737399,20.87558467173852
639,Menswear || T-shirt || Jersey Basic || Grey || Melange,Menswear,T-shirt,Jersey Basic,Grey,Melange,0.9474341881931243,14.836058780541995,11.384615384615385,52,true,true,true,2.3928937579834244,9.945120691274537
640,Menswear || Shorts || Shorts || Blue || Denim,Menswear,Shorts,Shorts,Blue,Denim,1.5688421764891802,14.83024495088423,30.53846153846154,52,true,true,true,2.3214971041290853,9.190919759261147
641,Sport || Leggings/Tights || Jersey Fancy || Blue || All over pattern,Sport,Leggings/Tights,Jersey Fancy,Blue,All over pattern,1.6154922861581524,14.826964094275176,0.6153846153846154,35,false,true,true,4.117159239988272,60.38461538461538
642,Ladieswear || Trousers || Trousers || Blue || All over pattern,Ladieswear,Trousers,Trousers,Blue,All over pattern,1.336308193231292,14.82550463395152,4.615384615384615,52,false,true,true,2.642600274516519,13.0496891996892
643,Menswear || Sweater || Jersey Basic || Pink || Solid,Menswear,Sweater,Jersey Basic,Pink,Solid,1.0303999503145393,14.822417599450512,1.0,52,false,true,true,3.0554515082556133,20.23076923076923
644,Divided || Bikini top || Swimwear || Black || Solid,Divided,Bikini top,Swimwear,Black,Solid,1.0873373373373372,14.820233140282774,1.8461538461538463,12,false,true,false,2.0575694668611675,6.826923076923076
645,Ladieswear || Vest top || Jersey Basic || Orange || Solid,Ladieswear,Vest top,Jersey Basic,Orange,Solid,1.2161408802608737,14.817091309845049,3.8461538461538463,51,false,true,true,1.8476468952682485,5.3448717948717945
646,Divided || T-shirt || Jersey Basic || Orange || Solid,Divided,T-shirt,Jersey Basic,Orange,Solid,1.050831244886086,14.797728946029633,3.8461538461538463,52,false,true,true,2.9639693957698645,18.374725274725275
647,Divided || Shirt || Blouses || Black || Solid,Divided,Shirt,Blouses,Black,Solid,0.7284705776026413,14.772437694293147,10.846153846153847,52,true,false,true,2.5587603795492253,11.919791746714823
648,Ladieswear || Skirt || Skirts || Pink || All over pattern,Ladieswear,Skirt,Skirts,Pink,All over pattern,0.9200347755871573,14.729690743363538,4.153846153846154,22,false,true,false,2.9262585172296887,17.657692307692304
649,Ladieswear || Sweater || Jersey Fancy || Beige || Solid,Ladieswear,Sweater,Jersey Fancy,Beige,Solid,1.0646840423175503,14.729529184807195,4.6923076923076925,52,false,true,true,2.711584850403595,14.053113553113551
650,"Ladieswear || Sweater || Under-, Nightwear || Grey || Melange",Ladieswear,Sweater,"Under-, Nightwear",Grey,Melange,0.872852334321439,14.723526986101998,5.153846153846154,52,false,true,true,3.0126188046715083,19.340598290598294
651,Divided || Shorts || Shorts || Beige || Solid,Divided,Shorts,Shorts,Beige,Solid,1.3655156888094304,14.718019637812843,4.230769230769231,35,false,true,true,2.7563072464656084,14.741605616605614
652,Menswear || Swimwear bottom || Swimwear || Black || Solid,Menswear,Swimwear bottom,Swimwear,Black,Solid,1.0686467086546843,14.668255531325528,5.3076923076923075,52,false,true,true,3.1038390148798425,21.28333333333333
653,Ladieswear || Dress || Jersey Fancy || Red || Solid,Ladieswear,Dress,Jersey Fancy,Red,Solid,0.8754652225539375,14.660508846068193,22.76923076923077,52,true,true,true,2.6821145028002777,13.615966145357556
654,Menswear || T-shirt || Jersey Basic || Pink || Stripe,Menswear,T-shirt,Jersey Basic,Pink,Stripe,1.9954747981063767,14.570663143096827,0.9230769230769231,27,false,true,true,2.4288788183183376,10.346153846153845
655,Ladieswear || Top || Jersey Basic || Brown || Solid,Ladieswear,Top,Jersey Basic,Brown,Solid,0.9672278860038798,14.55037047907997,2.230769230769231,52,false,true,true,2.1218008155189776,7.346153846153847
656,Ladieswear || Skirt || Skirts || Orange || All over pattern,Ladieswear,Skirt,Skirts,Orange,All over pattern,0.6235093821331816,14.520134986330445,3.8461538461538463,52,false,false,true,3.4929269551656965,31.882051282051272
657,Ladieswear || Top || Blouses || Beige || Solid,Ladieswear,Top,Blouses,Beige,Solid,,14.509111944313434,2.076923076923077,48,false,false,true,2.784852951775008,15.197435897435895
658,Ladieswear || Top || Jersey Fancy || Unknown || Solid,Ladieswear,Top,Jersey Fancy,Unknown,Solid,1.1883886047024548,14.44651797049859,3.230769230769231,52,false,true,true,2.2394034043006257,8.387728937728937
659,Ladieswear || T-shirt || Jersey Fancy || Grey || Front print,Ladieswear,T-shirt,Jersey Fancy,Grey,Front print,0.6189693960476503,14.438294407173514,1.0,47,false,false,true,2.2626974908530606,8.608974358974358
660,Ladieswear || Cardigan || Knitwear || Blue || Solid,Ladieswear,Cardigan,Knitwear,Blue,Solid,0.9842092778246018,14.409180271211355,1.1538461538461537,52,false,true,true,4.43629626460794,83.4615384615385
661,Ladieswear || Top || Jersey Basic || Beige || Solid,Ladieswear,Top,Jersey Basic,Beige,Solid,1.0912991157850678,14.404309920546481,2.1538461538461537,52,false,true,true,1.5363156476051378,3.647435897435898
662,Ladieswear || Trousers || Trousers || Yellow || Solid,Ladieswear,Trousers,Trousers,Yellow,Solid,1.0783869356210112,14.397430472575289,4.538461538461538,51,false,true,true,2.1727100115726334,7.782051282051281
663,"Ladieswear || Sweater || Under-, Nightwear || Beige || Melange",Ladieswear,Sweater,"Under-, Nightwear",Beige,Melange,1.0158723713736417,14.362436920925886,3.5384615384615383,52,false,true,true,3.4141895399558084,29.392307692307696
664,Ladieswear || Trousers || Trousers || White || Denim,Ladieswear,Trousers,Trousers,White,Denim,0.8557706777286448,14.284775690843134,13.76923076923077,52,true,true,true,2.5696974435005777,12.061871888794965
665,Divided || Jumpsuit/Playsuit || Dresses Ladies || Beige || Solid,Divided,Jumpsuit/Playsuit,Dresses Ladies,Beige,Solid,1.054291690612054,14.256970461884906,2.6153846153846154,52,false,true,true,1.462483499477437,3.3166666666666664
666,Divided || Jacket || Outdoor || Blue || Denim,Divided,Jacket,Outdoor,Blue,Denim,1.0377980779155451,14.240578298781553,6.076923076923077,52,false,true,true,2.6028524723566755,12.502197802197802
667,Ladieswear || Cardigan || Knitwear || Grey || Melange,Ladieswear,Cardigan,Knitwear,Grey,Melange,0.9411740924782326,14.234700319878462,7.615384615384615,52,false,true,true,3.5219677564562546,32.85097344176292
668,"Ladieswear || Sweater || Under-, Nightwear || Beige || Solid",Ladieswear,Sweater,"Under-, Nightwear",Beige,Solid,,14.202981982777423,4.0,44,false,false,true,2.4649437532391336,10.762820512820513
669,Ladieswear || Cardigan || Knitwear || Beige || Melange,Ladieswear,Cardigan,Knitwear,Beige,Melange,1.283011244380287,14.177588023492772,7.384615384615385,52,false,true,true,2.8800024171433525,16.814316239316234
670,Ladieswear || Belt || Accessories || Metal || Metallic,Ladieswear,Belt,Accessories,Metal,Metallic,1.2322184398978206,14.165293538822949,3.3076923076923075,52,false,true,true,2.6217201326507413,12.759371184371183
671,Ladieswear || Dress || Jersey Basic || Brown || Solid,Ladieswear,Dress,Jersey Basic,Brown,Solid,0.8418216476353674,14.130188417798545,3.0,52,false,false,true,2.295250568703086,8.926923076923078
672,Ladieswear || Jumpsuit/Playsuit || Jersey Fancy || Black || Solid,Ladieswear,Jumpsuit/Playsuit,Jersey Fancy,Black,Solid,1.0749554464585116,14.120809789892741,3.6153846153846154,49,false,true,true,2.8753015049751665,16.73076923076923
673,Ladieswear || Dress || Jersey Fancy || White || All over pattern,Ladieswear,Dress,Jersey Fancy,White,All over pattern,1.3968347008278623,14.105355704644502,7.615384615384615,52,false,true,true,3.357359000866004,27.713258963258966
674,Menswear || Shorts || Shorts || Blue || Chambray,Menswear,Shorts,Shorts,Blue,Chambray,1.0064786422820553,14.102777756153973,2.769230769230769,46,false,true,true,,
675,Menswear || Hoodie || Jersey Basic || Yellow || Solid,Menswear,Hoodie,Jersey Basic,Yellow,Solid,1.0426845170825,14.102099597096311,1.1538461538461537,49,false,true,true,1.745849767923977,4.730769230769231
676,Menswear || Shorts || Shorts || Blue || All over pattern,Menswear,Shorts,Shorts,Blue,All over pattern,1.133322641610299,14.10070070112629,2.0,37,false,true,true,2.7967339680416496,15.391025641025642
677,"Ladieswear || Bra || Under-, Nightwear || White || Lace",Ladieswear,Bra,"Under-, Nightwear",White,Lace,1.124625068418015,14.082950936282913,9.384615384615385,52,false,true,true,3.0499336431666104,20.113943321635627
678,Ladieswear || T-shirt || Jersey Basic || Mole || Solid,Ladieswear,T-shirt,Jersey Basic,Mole,Solid,0.9456198560779076,14.066548011768802,1.3846153846153846,52,false,true,true,3.4088602544077244,29.23076923076923
679,"Ladieswear || Underdress || Under-, Nightwear || Beige || Solid",Ladieswear,Underdress,"Under-, Nightwear",Beige,Solid,0.8278637706535744,14.061830645388545,2.3846153846153846,52,false,false,true,2.820691837258175,15.78846153846154
680,Menswear || Trousers || Jersey Basic || Black || Solid,Menswear,Trousers,Jersey Basic,Black,Solid,1.1251255451723712,14.030854148049855,4.230769230769231,52,false,true,true,2.810406207739738,15.61666666666667
681,Sport || Leggings/Tights || Jersey Fancy || Pink || Solid,Sport,Leggings/Tights,Jersey Fancy,Pink,Solid,1.2098253962368144,14.001963484595112,2.076923076923077,52,false,true,true,1.4484261422268967,3.2564102564102555
682,Menswear || T-shirt || Jersey Basic || Pink || Solid,Menswear,T-shirt,Jersey Basic,Pink,Solid,0.9140724985960149,13.981402372984956,5.615384615384615,36,false,true,true,2.3734736025207943,9.734615384615383
683,Divided || T-shirt || Jersey Fancy || Black || Solid,Divided,T-shirt,Jersey Fancy,Black,Solid,1.0718259665419756,13.946696255378802,11.538461538461538,52,true,true,true,2.930772546377415,17.742104049796353
684,Ladieswear || Top || Jersey Basic || Grey || Melange,Ladieswear,Top,Jersey Basic,Grey,Melange,0.9809999416408913,13.945091827801894,3.5384615384615383,47,false,true,true,2.594912950461875,12.395421245421247
685,"Ladieswear || Underwear body || Under-, Nightwear || White || Solid",Ladieswear,Underwear body,"Under-, Nightwear",White,Solid,,13.935303510719692,2.230769230769231,44,false,false,true,2.7020493258290728,13.91025641025641
686,Divided || T-shirt || Jersey Fancy || Yellow || Solid,Divided,T-shirt,Jersey Fancy,Yellow,Solid,1.2573315620364978,13.910844354325498,3.769230769230769,52,false,true,true,3.6004684967698832,35.61538461538461
687,Divided || Vest top || Jersey Fancy || Yellow || Solid,Divided,Vest top,Jersey Fancy,Yellow,Solid,0.6165333241911554,13.906020382712864,2.3076923076923075,52,false,false,true,3.0527304181412527,20.173076923076923
688,Ladieswear || Swimsuit || Swimwear || Blue || All over pattern,Ladieswear,Swimsuit,Swimwear,Blue,All over pattern,1.0392296659670912,13.887789932718867,4.923076923076923,52,false,true,true,2.775377869243507,15.044688644688652
689,Ladieswear || Top || Blouses || White || Solid,Ladieswear,Top,Blouses,White,Solid,1.1573406618742714,13.870155738520824,14.153846153846153,52,true,true,true,3.100470066186462,21.208388240586384
690,Divided || Top || Jersey Basic || Black || Stripe,Divided,Top,Jersey Basic,Black,Stripe,1.0788057182904618,13.805216965223412,2.230769230769231,52,false,true,true,2.32163328796474,9.19230769230769
691,Divided || Cardigan || Knitwear || Green || Solid,Divided,Cardigan,Knitwear,Green,Solid,1.1548696667098952,13.80093238386059,1.4615384615384615,49,false,true,true,2.6390573296152584,12.999999999999996
692,Divided || Skirt || Skirts || Red || Solid,Divided,Skirt,Skirts,Red,Solid,0.8310276679841897,13.79448869010267,4.384615384615385,51,false,false,true,2.800870882188086,15.458974358974356
693,Menswear || T-shirt || Jersey Basic || Green || Stripe,Menswear,T-shirt,Jersey Basic,Green,Stripe,0.9292087781991977,13.787494858403052,2.230769230769231,23,false,true,false,3.0078381875660503,19.24358974358974
694,Divided || Top || Jersey Basic || Khaki green || Solid,Divided,Top,Jersey Basic,Khaki green,Solid,1.0791506965991362,13.749887321312789,1.0,46,false,true,true,2.368324815477251,9.679487179487179
695,Ladieswear || Dress || Jersey Basic || Grey || Melange,Ladieswear,Dress,Jersey Basic,Grey,Melange,0.9559089695506858,13.707104711686187,4.461538461538462,52,false,true,true,2.743711159208576,14.544566544566544
696,Ladieswear || Dress || Jersey Fancy || Pink || Solid,Ladieswear,Dress,Jersey Fancy,Pink,Solid,1.005347004597439,13.694934854599339,18.53846153846154,52,true,true,true,2.9334650555367072,17.79263533406004
697,"Ladieswear || Robe || Under-, Nightwear || Black || Solid",Ladieswear,Robe,"Under-, Nightwear",Black,Solid,0.9907072792978833,13.68811431854685,1.0,51,false,true,true,2.153549513833558,7.615384615384615
698,Ladieswear || Skirt || Jersey Fancy || Black || Solid,Ladieswear,Skirt,Jersey Fancy,Black,Solid,1.2063244187729196,13.686331280413308,7.230769230769231,52,false,true,true,2.7795243222260213,15.111355311355307
699,Sport || T-shirt || Jersey Fancy || White || Solid,Sport,T-shirt,Jersey Fancy,White,Solid,1.2269071245308558,13.6789286628977,5.538461538461538,52,false,true,true,1.9254333018499696,5.858119658119658
700,Ladieswear || Sunglasses || Accessories || Metal || Solid,Ladieswear,Sunglasses,Accessories,Metal,Solid,1.3211865173981368,13.661497453768813,7.461538461538462,52,false,true,true,2.387843815730998,9.889987789987789
701,Ladieswear || Sweater || Jersey Fancy || White || Solid,Ladieswear,Sweater,Jersey Fancy,White,Solid,0.9527961623827553,13.657091443442932,10.615384615384615,52,true,true,true,2.6747258747566316,13.508372183372186
702,Ladieswear || Dress || Dresses Ladies || Red || Solid,Ladieswear,Dress,Dresses Ladies,Red,Solid,0.9811174294429936,13.652558608217422,21.615384615384617,52,true,true,true,2.148529830768738,7.5722464756087575
703,Menswear || T-shirt || Jersey Fancy || White || Placement print,Menswear,T-shirt,Jersey Fancy,White,Placement print,0.9454193968061605,13.646975295987469,11.615384615384615,52,true,true,true,2.2703662018406265,8.682946077568506
704,Ladieswear || Skirt || Skirts || Black || All over pattern,Ladieswear,Skirt,Skirts,Black,All over pattern,0.9501408763868275,13.643778262302938,12.615384615384615,52,true,true,true,3.326150901726838,26.831010976203284
705,Menswear || Polo shirt || Jersey Fancy || Blue || Solid,Menswear,Polo shirt,Jersey Fancy,Blue,Solid,1.3095757211237251,13.62245534676406,2.3076923076923075,49,false,true,true,2.4914025993650304,11.078205128205129
706,Ladieswear || Top || Jersey Fancy || White || All over pattern,Ladieswear,Top,Jersey Fancy,White,All over pattern,0.9234369060872685,13.602290020301664,16.076923076923077,52,true,true,true,2.3491239443765877,9.476387804929022
707,Ladieswear || T-shirt || Jersey Basic || Brown || Solid,Ladieswear,T-shirt,Jersey Basic,Brown,Solid,0.8554508368735576,13.602075694830859,2.4615384615384617,52,false,true,true,2.1756254655327574,7.807692307692305
708,Ladieswear || Socks || Socks and Tights || Beige || All over pattern,Ladieswear,Socks,Socks and Tights,Beige,All over pattern,1.0891840562992998,13.577115710659225,2.6153846153846154,47,false,true,true,2.4808079073172427,10.950915750915753
709,Ladieswear || Shorts || Jersey Fancy || Black || Solid,Ladieswear,Shorts,Jersey Fancy,Black,Solid,1.4677467391397194,13.548885535927047,7.6923076923076925,52,false,true,true,1.8161343724999213,5.148046398046398
710,Ladieswear || Top || Jersey Fancy || Red || Stripe,Ladieswear,Top,Jersey Fancy,Red,Stripe,1.0046755177124405,13.531527293959268,3.4615384615384617,51,false,true,true,2.1055402946471973,7.211538461538462
711,Ladieswear || Top || Blouses || Yellow || Solid,Ladieswear,Top,Blouses,Yellow,Solid,1.0645877131511328,13.520768900658041,1.7692307692307692,49,false,true,true,3.2165654657350164,23.94230769230769
712,Ladieswear || Sunglasses || Accessories || Brown || Melange,Ladieswear,Sunglasses,Accessories,Brown,Melange,1.1914047478357108,13.46394730650079,5.538461538461538,50,false,true,true,2.2690182080597183,8.669902319902318
713,Ladieswear || Sunglasses || Accessories || Green || Solid,Ladieswear,Sunglasses,Accessories,Green,Solid,1.0369831480356955,13.445227747491478,0.9230769230769231,42,false,true,true,3.2396834773746046,24.525641025641026
714,Ladieswear || Trousers || Trousers || Green || Solid,Ladieswear,Trousers,Trousers,Green,Solid,0.5957573246154666,13.444838040429754,8.615384615384615,52,false,false,true,2.491832480687107,11.08339843916767
715,Divided || Sweater || Jersey Basic || Mole || Solid,Divided,Sweater,Jersey Basic,Mole,Solid,,13.4362981901527,2.769230769230769,45,false,false,true,2.403126322215923,10.057692307692308
716,Ladieswear || Blazer || Dressed || Grey || Solid,Ladieswear,Blazer,Dressed,Grey,Solid,0.9629673260224322,13.426601269382788,1.0769230769230769,52,false,true,true,3.495924641018613,31.980769230769226
717,Ladieswear || Blouse || Blouses || Blue || Stripe,Ladieswear,Blouse,Blouses,Blue,Stripe,1.1192147003453892,13.41616616045577,29.46153846153846,52,true,true,true,2.3679891600627627,9.67590315332397
718,Ladieswear || Skirt || Skirts || Pink || Solid,Ladieswear,Skirt,Skirts,Pink,Solid,1.205571097821903,13.405233537329842,10.153846153846153,52,true,true,true,2.7576476159888417,14.762719331950096
719,Ladieswear || Blouse || Blouses || Pink || All over pattern,Ladieswear,Blouse,Blouses,Pink,All over pattern,1.1768546546710603,13.3964588304205,8.23076923076923,51,false,true,true,2.6923970060504048,13.767030192030191
720,Ladieswear || Vest top || Jersey Basic || Pink || Solid,Ladieswear,Vest top,Jersey Basic,Pink,Solid,0.5946473001143164,13.360121986551384,1.0769230769230769,14,false,false,false,2.0649134411169263,6.884615384615386
721,Ladieswear || Dress || Jersey Fancy || Orange || Solid,Ladieswear,Dress,Jersey Fancy,Orange,Solid,1.090592268345533,13.335070095556524,7.923076923076923,52,false,true,true,2.6553679256590446,13.230220759632525
722,Ladieswear || Cardigan || Knitwear || Pink || Solid,Ladieswear,Cardigan,Knitwear,Pink,Solid,0.5195062417598082,13.276381221315546,4.153846153846154,52,false,false,true,2.9006464275593142,17.185897435897434
723,Ladieswear || Sweater || Jersey Basic || Beige || Solid,Ladieswear,Sweater,Jersey Basic,Beige,Solid,0.9168782893141016,13.270055290517739,2.4615384615384617,52,false,true,true,2.910118520830999,17.358974358974354
724,Sport || Sweater || Jersey Fancy || Black || Solid,Sport,Sweater,Jersey Fancy,Black,Solid,0.7167319168578842,13.26296954080685,2.230769230769231,52,false,false,true,1.9385571747500543,5.948717948717947
725,Ladieswear || T-shirt || Jersey Fancy || Yellow || Solid,Ladieswear,T-shirt,Jersey Fancy,Yellow,Solid,1.0465223087510014,13.23271425418156,6.3076923076923075,52,false,true,true,2.2153339270175745,8.164468864468866
726,Ladieswear || Dress || Blouses || White || Solid,Ladieswear,Dress,Blouses,White,Solid,1.082643516581406,13.224435398494052,10.307692307692308,52,true,true,true,2.603827242750239,12.51536576168929
727,Ladieswear || Jacket || Outdoor || Beige || Solid,Ladieswear,Jacket,Outdoor,Beige,Solid,0.884826090613397,13.209032403759135,33.84615384615385,52,true,true,true,2.5585304614477575,11.916821594184059
728,Ladieswear || Trousers || Trousers || Brown || Check,Ladieswear,Trousers,Trousers,Brown,Check,0.7689601685394909,13.19188887628042,2.6153846153846154,52,false,false,true,2.1279264089456604,7.3974358974359
729,Divided || Sweater || Jersey Basic || Black || Solid,Divided,Sweater,Jersey Basic,Black,Solid,0.7998710292199085,13.181891993946167,5.0,52,false,false,true,2.990912987118042,18.903846153846157
730,"Ladieswear || Pyjama set || Under-, Nightwear || Grey || Solid",Ladieswear,Pyjama set,"Under-, Nightwear",Grey,Solid,1.025007743315705,13.161035608367673,1.7692307692307692,28,false,true,true,1.6533321059913257,4.2243589743589745
731,Ladieswear || T-shirt || Jersey Fancy || White || Stripe,Ladieswear,T-shirt,Jersey Fancy,White,Stripe,0.8834175626725128,13.154708657663113,3.1538461538461537,52,false,true,true,1.834572154999698,5.262454212454213
732,Divided || Dress || Dresses Ladies || Beige || Glittering/Metallic,Divided,Dress,Dresses Ladies,Beige,Glittering/Metallic,0.3660764777164401,13.148404363169604,2.6153846153846154,52,false,false,true,2.814947996078923,15.692307692307693
733,Ladieswear || Vest top || Blouses || Orange || Solid,Ladieswear,Vest top,Blouses,Orange,Solid,1.130939726369288,13.146464407439773,4.384615384615385,51,false,true,true,2.644601846607749,13.077838827838827
734,Divided || T-shirt || Jersey Fancy || Pink || Solid,Divided,T-shirt,Jersey Fancy,Pink,Solid,1.0542852920266477,13.107916790253839,11.692307692307692,52,true,true,true,2.5364775611183834,11.63508617450925
735,Ladieswear || Blazer || Dressed || Brown || Check,Ladieswear,Blazer,Dressed,Brown,Check,1.9217250816050646,13.102313127729488,0.8461538461538461,48,false,true,true,3.945308983061613,50.69230769230769
736,Ladieswear || Top || Jersey Fancy || Blue || Stripe,Ladieswear,Top,Jersey Fancy,Blue,Stripe,1.210230746179203,13.074498522854052,8.846153846153847,52,false,true,true,2.7182688800689565,14.154066019450637
737,Menswear || Sweater || Jersey Basic || Beige || Solid,Menswear,Sweater,Jersey Basic,Beige,Solid,1.0056561838432916,13.037819016336487,1.6153846153846154,52,false,true,true,3.2381755605269276,24.487179487179485
738,Ladieswear || Dress || Dresses Ladies || Turquoise || Solid,Ladieswear,Dress,Dresses Ladies,Turquoise,Solid,1.1190314432560942,13.028285034531343,8.23076923076923,52,false,true,true,2.5932182167820055,12.372738799661875
739,Divided || Dress || Jersey Basic || Grey || Solid,Divided,Dress,Jersey Basic,Grey,Solid,1.0189318996743646,13.013935175027386,4.153846153846154,43,false,true,true,3.3876010961472196,28.594871794871793
740,"Ladieswear || Pyjama set || Under-, Nightwear || Grey || Melange",Ladieswear,Pyjama set,"Under-, Nightwear",Grey,Melange,0.7113925302186977,12.942147541478274,3.6153846153846154,44,false,false,true,3.7920177221878566,43.345787545787545
741,Sport || T-shirt || Jersey Fancy || Black || Solid,Sport,T-shirt,Jersey Fancy,Black,Solid,0.8668998607016946,12.936263285161656,6.3076923076923075,52,false,true,true,3.1278804985045277,21.825549450549453
742,Ladieswear || Sandals || Shoes || Yellow || Solid,Ladieswear,Sandals,Shoes,Yellow,Solid,1.0604682588540646,12.936097726660515,6.0,51,false,true,true,2.0191427344887316,6.531865356865359
743,Ladieswear || Blazer || Dressed || Pink || Check,Ladieswear,Blazer,Dressed,Pink,Check,,12.934241912687328,3.1538461538461537,42,false,false,true,2.820462715937434,15.784615384615385
744,Divided || T-shirt || Jersey Fancy || Orange || Solid,Divided,T-shirt,Jersey Fancy,Orange,Solid,1.0453960590312876,12.921194728902195,1.9230769230769231,15,false,true,false,2.947134398588113,18.051282051282055
745,Ladieswear || Blouse || Blouses || Yellow || Solid,Ladieswear,Blouse,Blouses,Yellow,Solid,1.0612708630005514,12.917809545390037,11.153846153846153,52,true,true,true,2.7821406186830364,15.153562582465298
746,"Ladieswear || Pyjama set || Under-, Nightwear || Pink || Solid",Ladieswear,Pyjama set,"Under-, Nightwear",Pink,Solid,0.7743111077679542,12.871569424560729,3.923076923076923,50,false,false,true,3.0434840477452583,19.978205128205133
747,Divided || Dress || Dresses Ladies || Pink || All over pattern,Divided,Dress,Dresses Ladies,Pink,All over pattern,1.2615118991095802,12.850345586994822,18.53846153846154,52,true,true,true,2.87874186405687,16.79187449547357
748,Divided || Sunglasses || Accessories || Black || Solid,Divided,Sunglasses,Accessories,Black,Solid,0.8410904937668446,12.818755440248886,6.3076923076923075,52,false,false,true,1.7224464682317446,4.5982075616691
749,Ladieswear || Sweater || Knitwear || White || Stripe,Ladieswear,Sweater,Knitwear,White,Stripe,0.9589776127697837,12.816795263749421,2.769230769230769,52,false,true,true,3.380340352525832,28.380769230769232
750,Ladieswear || T-shirt || Jersey Fancy || Green || Solid,Ladieswear,T-shirt,Jersey Fancy,Green,Solid,3.081423749888977,12.816303240984661,2.1538461538461537,47,false,true,true,,
751,Divided || Trousers || Trousers || Beige || All over pattern,Divided,Trousers,Trousers,Beige,All over pattern,0.8928647131879898,12.809803217122328,4.461538461538462,52,false,true,true,2.881500616588195,16.841025641025638
752,Ladieswear || Blouse || Blouses || Blue || Denim,Ladieswear,Blouse,Blouses,Blue,Denim,0.5283201894731538,12.76143157358089,2.8461538461538463,51,false,false,true,3.2390805834656677,24.510256410256414
753,Divided || Flat shoe || Shoes || Black || Solid,Divided,Flat shoe,Shoes,Black,Solid,1.0210436839991148,12.757758164158094,1.0,20,false,true,false,3.231108393303835,24.307692307692307
754,Ladieswear || Dress || Dresses Ladies || Black || Dot,Ladieswear,Dress,Dresses Ladies,Black,Dot,1.1184364437600567,12.742847494987817,1.9230769230769231,28,false,true,true,2.668829487948929,13.423076923076925
755,Ladieswear || Top || Jersey Basic || Blue || Solid,Ladieswear,Top,Jersey Basic,Blue,Solid,1.0296037470198793,12.73278829221576,0.7692307692307693,30,false,true,true,1.8658674413817768,5.461538461538462
756,Ladieswear || Cardigan || Knitwear || Beige || Solid,Ladieswear,Cardigan,Knitwear,Beige,Solid,0.9954586365220802,12.731645077778934,2.4615384615384617,51,false,true,true,2.5972618760895085,12.42692307692308
757,Ladieswear || Blouse || Blouses || Blue || Solid,Ladieswear,Blouse,Blouses,Blue,Solid,1.0816103870700577,12.687073082561625,26.923076923076923,52,true,true,true,2.3081831652619345,9.056137707545304
758,Menswear || Polo shirt || Jersey Fancy || Black || All over pattern,Menswear,Polo shirt,Jersey Fancy,Black,All over pattern,1.0862140468739239,12.673700908728874,1.3076923076923077,34,false,true,true,2.7029088016017915,13.923076923076925
759,Divided || Vest top || Blouses || Black || All over pattern,Divided,Vest top,Blouses,Black,All over pattern,0.8216827462259707,12.670615942813926,7.0,52,false,false,true,3.5924213324040672,35.32191697191697
760,Divided || Jacket || Outdoor || Yellow || Solid,Divided,Jacket,Outdoor,Yellow,Solid,0.5168385886184028,12.662372895149447,1.4615384615384615,49,false,false,true,2.750716647421113,14.653846153846153
761,Ladieswear || Top || Jersey Fancy || Green || Solid,Ladieswear,Top,Jersey Fancy,Green,Solid,0.9300721046201182,12.62706711040985,13.307692307692308,52,true,true,true,2.725495247473244,14.263971498586882
762,Ladieswear || Sunglasses || Accessories || Black || Solid,Ladieswear,Sunglasses,Accessories,Black,Solid,0.9243063569051599,12.577657537921326,27.307692307692307,52,true,true,true,2.4677957624085938,10.796416069427476
763,"Ladieswear || Underwear bottom || Under-, Nightwear || Black || Contrast",Ladieswear,Underwear bottom,"Under-, Nightwear",Black,Contrast,1.020385685646812,12.564682988857621,3.4615384615384617,52,false,true,true,1.3830840854896425,2.9871794871794872
764,Ladieswear || Sweater || Knitwear || Yellow || Solid,Ladieswear,Sweater,Knitwear,Yellow,Solid,1.0650492554481497,12.523780799261765,11.307692307692308,52,true,true,true,1.6557412680895722,4.2369604754220145
765,Ladieswear || Hair clip || Accessories || Black || Solid,Ladieswear,Hair clip,Accessories,Black,Solid,0.6233811775768134,12.51817883622683,5.076923076923077,47,false,false,true,2.774966844644749,15.038095238095242
766,Ladieswear || Wedge || Shoes || Black || Solid,Ladieswear,Wedge,Shoes,Black,Solid,1.0738120474692192,12.488560438023022,13.461538461538462,52,true,true,true,2.887633397451298,16.95077693799413
767,Ladieswear || Sweater || Knitwear || Green || Melange,Ladieswear,Sweater,Knitwear,Green,Melange,1.1441818091936398,12.476190143565258,5.3076923076923075,52,false,true,true,1.286969723896904,2.6217948717948723
768,Menswear || T-shirt || Jersey Basic || Red || Stripe,Menswear,T-shirt,Jersey Basic,Red,Stripe,0.7288649588843706,12.466589426146284,3.5384615384615383,52,false,false,true,2.1187238900144982,7.320512820512821
769,Ladieswear || Hoodie || Jersey Basic || White || Solid,Ladieswear,Hoodie,Jersey Basic,White,Solid,1.0455532726739067,12.45692331489568,1.0,51,false,true,true,3.005301724570142,19.192307692307697
770,Ladieswear || Shorts || Trousers || Blue || Solid,Ladieswear,Shorts,Trousers,Blue,Solid,1.1645816394907305,12.451894717583324,9.76923076923077,52,false,true,true,2.3613722163962403,9.605494505494505
771,Ladieswear || Vest top || Jersey Basic || Brown || Solid,Ladieswear,Vest top,Jersey Basic,Brown,Solid,0.6108524490571906,12.44808348970041,1.6153846153846154,52,false,false,true,2.492357455943866,11.089743589743591
772,Ladieswear || Wedge || Shoes || Brown || Solid,Ladieswear,Wedge,Shoes,Brown,Solid,0.6878673791127966,12.442454168198195,3.769230769230769,42,false,false,true,2.1957990603449984,7.987179487179487
773,Divided || Sweater || Jersey Basic || Grey || Melange,Divided,Sweater,Jersey Basic,Grey,Melange,1.1201671035386633,12.432925155383902,2.4615384615384617,52,false,true,true,2.1872030188752003,7.910256410256409
774,Sport || Bra || Jersey Fancy || Black || Colour blocking,Sport,Bra,Jersey Fancy,Black,Colour blocking,2.138358448422311,12.42255520087716,1.2307692307692308,50,false,true,true,1.4332513442076618,3.1923076923076925
775,Divided || Skirt || Skirts || Pink || Solid,Divided,Skirt,Skirts,Pink,Solid,1.1622441236260552,12.411860924466014,4.846153846153846,52,false,true,true,2.530674325199799,11.56197413697414
776,Ladieswear || Blouse || Blouses || White || All over pattern,Ladieswear,Blouse,Blouses,White,All over pattern,1.0585060087302713,12.39854711527037,31.76923076923077,52,true,true,true,2.7465553373092644,14.588840992679215
777,Menswear || Top || Jersey Basic || Blue || Stripe,Menswear,Top,Jersey Basic,Blue,Stripe,1.3981876827400568,12.397953272415807,1.4615384615384615,50,false,true,true,2.1843211725003115,7.884615384615385
778,Ladieswear || Leggings/Tights || Jersey Fancy || Black || Solid,Ladieswear,Leggings/Tights,Jersey Fancy,Black,Solid,0.9808834742766059,12.397240432744356,18.46153846153846,52,true,true,true,3.066268932824171,20.46167814365082
779,Divided || Dress || Jersey Basic || Grey || Melange,Divided,Dress,Jersey Basic,Grey,Melange,0.8439542887898293,12.383622743215248,7.076923076923077,52,false,false,true,2.4990459131067158,11.170876345876346
780,Ladieswear || Swimwear bottom || Swimwear || White || Lace,Ladieswear,Swimwear bottom,Swimwear,White,Lace,1.3107277579972028,12.372723308985542,1.0769230769230769,27,false,true,true,3.7022511910798257,39.53846153846154
781,Ladieswear || Dress || Dresses Ladies || White || Stripe,Ladieswear,Dress,Dresses Ladies,White,Stripe,1.3314596866062813,12.329687369750417,9.692307692307692,52,false,true,true,3.0785442969982872,20.726751667136288
782,Ladieswear || Dress || Blouses || Black || Solid,Ladieswear,Dress,Blouses,Black,Solid,0.9646237473636328,12.318678747858243,25.46153846153846,52,true,true,true,2.5213668364659063,11.445596137821418
783,Divided || Blouse || Blouses || Black || Solid,Divided,Blouse,Blouses,Black,Solid,0.8178710949133065,12.27916401447457,18.76923076923077,52,true,false,true,2.803819977044503,15.507585079179506
784,Menswear || Swimwear bottom || Swimwear || Blue || All over pattern,Menswear,Swimwear bottom,Swimwear,Blue,All over pattern,0.8910463683441724,12.272244739990668,7.076923076923077,48,false,true,true,2.543175698877274,11.720001793078715
785,Ladieswear || Dress || Blouses || Green || Solid,Ladieswear,Dress,Blouses,Green,Solid,0.7227178002808312,12.212755414761299,7.3076923076923075,50,false,false,true,1.7671719080996424,4.854273504273504
786,Ladieswear || Top || Jersey Basic || Black || Stripe,Ladieswear,Top,Jersey Basic,Black,Stripe,0.877094343865962,12.202652952475592,0.46153846153846156,45,false,true,true,1.8835670184811777,5.576923076923077
787,Sport || Socks || Accessories || Black || Solid,Sport,Socks,Accessories,Black,Solid,0.9236159978362398,12.178603235963433,6.923076923076923,52,false,true,true,2.416596356070795,10.207647480724402
788,Ladieswear || Socks || Socks and Tights || Pink || Glittering/Metallic,Ladieswear,Socks,Socks and Tights,Pink,Glittering/Metallic,0.8013014527845036,12.169173094483353,1.6153846153846154,25,false,false,false,2.5868961051862427,12.28846153846154
789,Divided || Blouse || Blouses || White || Embroidery,Divided,Blouse,Blouses,White,Embroidery,0.8044091636743294,12.080642931490821,8.307692307692308,52,false,false,true,2.4519519782133656,10.610989010989014
790,Divided || Dress || Dresses Ladies || Lilac Purple || Solid,Divided,Dress,Dresses Ladies,Lilac Purple,Solid,,12.076852647342896,3.230769230769231,16,false,false,false,3.2542939674560336,24.901320901320897
791,Divided || Sweater || Knitwear || White || Stripe,Divided,Sweater,Knitwear,White,Stripe,1.4467684736194544,12.004033897027185,0.38461538461538464,40,false,true,true,2.445685936634719,10.538461538461537
792,Menswear || Hoodie || Jersey Basic || Khaki green || Solid,Menswear,Hoodie,Jersey Basic,Khaki green,Solid,0.9759980101977368,12.003516465631755,2.3076923076923075,51,false,true,true,1.7197859696029658,4.583333333333334
793,Ladieswear || Vest top || Jersey Fancy || Blue || Stripe,Ladieswear,Vest top,Jersey Fancy,Blue,Stripe,1.2465789631108974,12.001122813652437,2.4615384615384617,52,false,true,true,1.5621850275835547,3.7692307692307683
794,Divided || Dress || Dresses Ladies || Red || Solid,Divided,Dress,Dresses Ladies,Red,Solid,0.9866399337094942,11.98071401068017,15.23076923076923,52,true,true,true,2.7478541057446164,14.609100440622178
795,Divided || Hoodie || Jersey Basic || Mole || Solid,Divided,Hoodie,Jersey Basic,Mole,Solid,,11.974113829918966,2.5384615384615383,41,false,false,true,1.929289267819273,5.884615384615385
796,Ladieswear || Dress || Jersey Fancy || Beige || Melange,Ladieswear,Dress,Jersey Fancy,Beige,Melange,0.9931095946183776,11.970397607130034,1.6153846153846154,32,false,true,true,3.5476260153955033,33.730769230769226
797,Ladieswear || Blouse || Blouses || Mole || All over pattern,Ladieswear,Blouse,Blouses,Mole,All over pattern,0.7514954566538773,11.95044935392446,2.4615384615384617,40,false,false,true,2.758467043141519,14.775641025641026
798,Ladieswear || Top || Jersey Fancy || Blue || All over pattern,Ladieswear,Top,Jersey Fancy,Blue,All over pattern,1.0815689334586458,11.93232222318027,6.153846153846154,52,false,true,true,2.5175955379808492,11.398748473748473
799,Divided || Dress || Dresses Ladies || Black || Check,Divided,Dress,Dresses Ladies,Black,Check,0.6007833331888535,11.906179662973416,8.384615384615385,52,false,false,true,3.0976246625959045,21.14528623086315
800,Sport || Bra || Jersey Fancy || Blue || Solid,Sport,Bra,Jersey Fancy,Blue,Solid,1.020826553293277,11.881261811417119,1.0,37,false,true,true,3.563010934234983,34.269230769230774
801,Sport || Swimwear bottom || Accessories || Black || Solid,Sport,Swimwear bottom,Accessories,Black,Solid,0.9861388508619673,11.867435839081786,2.6153846153846154,52,false,true,true,2.5349170703626616,11.615384615384613
802,Menswear || Swimwear bottom || Swimwear || Blue || Stripe,Menswear,Swimwear bottom,Swimwear,Blue,Stripe,1.128607081578537,11.837515370749143,1.7692307692307692,51,false,true,true,2.443461241612608,10.512820512820513
803,Ladieswear || Dress || Jersey Fancy || Brown || Solid,Ladieswear,Dress,Jersey Fancy,Brown,Solid,1.3703694438353604,11.836653574941685,3.923076923076923,52,false,true,true,3.0615320182454315,20.360256410256415
804,Ladieswear || Cap/peaked || Accessories || Beige || Solid,Ladieswear,Cap/peaked,Accessories,Beige,Solid,0.7683503551971045,11.807704956691314,3.5384615384615383,33,false,false,true,2.1256337063746846,7.378205128205126
805,Divided || Jumpsuit/Playsuit || Dresses Ladies || White || Stripe,Divided,Jumpsuit/Playsuit,Dresses Ladies,White,Stripe,1.1643181553511122,11.797397689502452,2.3846153846153846,52,false,true,true,1.4544321662871087,3.282051282051282
806,Ladieswear || Trousers || Jersey Fancy || Blue || Stripe,Ladieswear,Trousers,Jersey Fancy,Blue,Stripe,1.349293781574841,11.787431501503859,1.5384615384615385,43,false,true,true,3.3865608741394126,28.564102564102566
807,Divided || Top || Jersey Basic || Pink || Solid,Divided,Top,Jersey Basic,Pink,Solid,0.5920228243808365,11.787385413135759,2.4615384615384617,52,false,false,true,2.549545326166278,11.801282051282051
808,Menswear || Hoodie || Jersey Basic || Beige || Solid,Menswear,Hoodie,Jersey Basic,Beige,Solid,0.9855659003307013,11.770833082721778,3.0,52,false,true,true,3.0169793071677993,19.42948717948718
809,Ladieswear || Sweater || Jersey Fancy || Green || Solid,Ladieswear,Sweater,Jersey Fancy,Green,Solid,1.6761314833763412,11.753314351734378,2.3076923076923075,52,false,true,true,3.0790241348761014,20.737179487179482
810,Menswear || Polo shirt || Jersey Fancy || Blue || All over pattern,Menswear,Polo shirt,Jersey Fancy,Blue,All over pattern,1.107545634228578,11.73348359673836,2.6923076923076925,33,false,true,true,2.804758005173173,15.523076923076925
811,Ladieswear || Blazer || Dressed || Orange || Solid,Ladieswear,Blazer,Dressed,Orange,Solid,0.9580789642431969,11.73264400116686,2.6153846153846154,13,false,true,false,2.697740831443349,13.846153846153847
812,Divided || Shirt || Blouses || Pink || Stripe,Divided,Shirt,Blouses,Pink,Stripe,0.8276650260834301,11.72207248855781,2.076923076923077,44,false,false,true,3.8328132840585014,45.192307692307686
813,Ladieswear || Bag || Accessories || Brown || Solid,Ladieswear,Bag,Accessories,Brown,Solid,0.9448347737102956,11.687460198770284,9.0,52,false,true,true,2.3913653563517654,9.928404928404928
814,Menswear || Shorts || Shorts || Black || Solid,Menswear,Shorts,Shorts,Black,Solid,1.3631388204706836,11.673713125955329,15.384615384615385,52,true,true,true,2.2839898731018153,8.815766045232586
815,"Ladieswear || Bra || Under-, Nightwear || Grey || Melange",Ladieswear,Bra,"Under-, Nightwear",Grey,Melange,0.8901955076698082,11.66354568970998,15.461538461538462,52,true,true,true,2.689575755906772,13.725427419488502
816,Divided || Trousers || Trousers || Khaki green || All over pattern,Divided,Trousers,Trousers,Khaki green,All over pattern,1.0185917127421371,11.659572732359882,2.076923076923077,52,false,true,true,1.578185368929996,3.8461538461538467
817,Divided || Shirt || Blouses || White || Stripe,Divided,Shirt,Blouses,White,Stripe,0.809474629546475,11.633769460615582,1.4615384615384615,41,false,false,true,2.983737546654301,18.76153846153846
818,Divided || Sweater || Knitwear || Yellow || Solid,Divided,Sweater,Knitwear,Yellow,Solid,0.5271750433364399,11.630368626512773,8.076923076923077,52,false,false,true,2.139965605398745,7.499145299145297
819,Divided || T-shirt || Jersey Fancy || Yellow || Placement print,Divided,T-shirt,Jersey Fancy,Yellow,Placement print,0.5276432606941082,11.568147156791655,2.1538461538461537,49,false,false,true,2.7677694358038325,14.923076923076925
820,Menswear || T-shirt || Jersey Fancy || White || Solid,Menswear,T-shirt,Jersey Fancy,White,Solid,1.3136726688406826,11.526964868284857,5.923076923076923,52,false,true,true,2.6059674443351564,12.544322344322342
821,Menswear || Socks || Socks and Tights || White || All over pattern,Menswear,Socks,Socks and Tights,White,All over pattern,,11.471880233922484,2.1538461538461537,45,false,false,true,2.787382597392738,15.238461538461536
822,Ladieswear || Sandals || Shoes || Pink || Solid,Ladieswear,Sandals,Shoes,Pink,Solid,1.401105995979166,11.462614305817976,6.384615384615385,52,false,true,true,2.5902053023166354,12.332508517123902
823,Divided || Skirt || Trousers || Turquoise || Solid,Divided,Skirt,Trousers,Turquoise,Solid,1.0834627140214472,11.44035102914474,1.0769230769230769,49,false,true,true,2.8600006600198657,16.46153846153846
824,Ladieswear || Bikini top || Swimwear || White || Solid,Ladieswear,Bikini top,Swimwear,White,Solid,1.0507469695072589,11.43755947486594,8.307692307692308,52,false,true,true,2.697115742874717,13.836876584953508
825,Divided || Skirt || Skirts || Green || Solid,Divided,Skirt,Skirts,Green,Solid,1.105074198180948,11.428108034996034,1.0,49,false,true,true,1.9959205696299747,6.358974358974359
826,Ladieswear || Blouse || Blouses || Red || Solid,Ladieswear,Blouse,Blouses,Red,Solid,0.8366813689044998,11.421162181423053,13.692307692307692,52,true,false,true,2.3038000627158426,9.012157080965133
827,Divided || Shirt || Blouses || Beige || All over pattern,Divided,Shirt,Blouses,Beige,All over pattern,0.7822684115986657,11.405681312324532,1.6923076923076923,52,false,false,true,2.290979546873738,8.884615384615387
828,Ladieswear || Socks || Socks and Tights || Pink || All over pattern,Ladieswear,Socks,Socks and Tights,Pink,All over pattern,0.5505880179475907,11.399178412208638,5.538461538461538,50,false,false,true,2.8465476321865726,16.228200965700967
829,Ladieswear || Dress || Blouses || Beige || All over pattern,Ladieswear,Dress,Blouses,Beige,All over pattern,1.203765165711193,11.394498282296611,11.538461538461538,52,true,true,true,2.0287379440426347,6.604483016983017
830,Ladieswear || Wedge || Shoes || Beige || Solid,Ladieswear,Wedge,Shoes,Beige,Solid,1.287971182937358,11.371579194093366,3.5384615384615383,52,false,true,true,3.2146213662345877,23.89386446886447
831,"Ladieswear || Bra || Under-, Nightwear || Orange || Lace",Ladieswear,Bra,"Under-, Nightwear",Orange,Lace,1.089712019186944,11.36940335858417,8.153846153846153,52,false,true,true,3.1764321457576328,22.961111111111112
832,Divided || Jumpsuit/Playsuit || Dresses Ladies || Beige || All over pattern,Divided,Jumpsuit/Playsuit,Dresses Ladies,Beige,All over pattern,0.9699058285768987,11.365928448519266,1.8461538461538463,52,false,true,true,1.2957803535790589,2.653846153846154
833,Divided || Shirt || Blouses || Beige || Solid,Divided,Shirt,Blouses,Beige,Solid,0.6539913558459506,11.358463017551928,2.3846153846153846,42,false,false,true,2.5761292326600085,12.146153846153846
834,Menswear || Socks || Socks and Tights || Turquoise || All over pattern,Menswear,Socks,Socks and Tights,Turquoise,All over pattern,1.036127431928854,11.314015394291333,2.076923076923077,47,false,true,true,2.410338348161776,10.13772893772894
835,Ladieswear || Dress || Dresses Ladies || Blue || All over pattern,Ladieswear,Dress,Dresses Ladies,Blue,All over pattern,1.2989285914435829,11.306302139325709,21.46153846153846,52,true,true,true,2.5581440853558197,11.91183180716552
836,Ladieswear || Hoodie || Jersey Basic || Orange || Solid,Ladieswear,Hoodie,Jersey Basic,Orange,Solid,1.0296872730111164,11.29682357219035,2.0,27,false,true,true,2.777384894503274,15.076923076923077
837,Divided || Sweater || Knitwear || Beige || Solid,Divided,Sweater,Knitwear,Beige,Solid,0.891120825177761,11.295199962863308,12.615384615384615,52,true,true,true,2.8117266744892664,15.638622915545994
838,Ladieswear || Dress || Jersey Basic || Black || Stripe,Ladieswear,Dress,Jersey Basic,Black,Stripe,1.0393782316981302,11.291556916508354,1.7692307692307692,52,false,true,true,1.2380025529122474,2.448717948717949
839,Divided || Shorts || Unknown || Blue || Denim,Divided,Shorts,Unknown,Blue,Denim,1.0611342878801808,11.28488033634163,1.0769230769230769,26,false,true,true,2.205735267004128,8.076923076923077
840,Ladieswear || Sandals || Shoes || Beige || Solid,Ladieswear,Sandals,Shoes,Beige,Solid,0.9030748427186217,11.266667235152436,3.8461538461538463,44,false,true,true,3.055162474080703,20.224633699633706
841,Ladieswear || Blazer || Dressed || Beige || Melange,Ladieswear,Blazer,Dressed,Beige,Melange,1.0496288275912509,11.260776646176426,2.0,52,false,true,true,3.7014602395239184,39.50641025641026
842,Ladieswear || Dress || Jersey Fancy || Yellow || All over pattern,Ladieswear,Dress,Jersey Fancy,Yellow,All over pattern,1.6587738313601246,11.244019530186241,4.461538461538462,47,false,true,true,2.4492193692423356,10.579304029304032
843,Ladieswear || T-shirt || Jersey Fancy || Red || Stripe,Ladieswear,T-shirt,Jersey Fancy,Red,Stripe,1.001493113155218,11.215549593389564,1.6153846153846154,40,false,true,true,2.715713073847779,14.115384615384613
844,Ladieswear || Dress || Dresses Ladies || Orange || All over pattern,Ladieswear,Dress,Dresses Ladies,Orange,All over pattern,0.747726964206702,11.214536013403379,3.3076923076923075,52,false,false,true,2.8255347252433305,15.869963369963369
845,Menswear || Swimwear bottom || Swimwear || Blue || Solid,Menswear,Swimwear bottom,Swimwear,Blue,Solid,1.1858678184624307,11.18878710009877,5.153846153846154,52,false,true,true,2.541085097569091,11.693437118437119
846,Sport || Vest top || Jersey Fancy || Yellow || Solid,Sport,Vest top,Jersey Fancy,Yellow,Solid,0.7598094155702235,11.18430493740629,1.9230769230769231,52,false,false,true,1.6835458845878224,4.384615384615385
847,Menswear || T-shirt || Jersey Fancy || Pink || Placement print,Menswear,T-shirt,Jersey Fancy,Pink,Placement print,0.9874724621415216,11.180499140159883,4.538461538461538,48,false,true,true,2.5609967831457134,11.948717948717949
848,Ladieswear || Jumpsuit/Playsuit || Trousers || Khaki green || Solid,Ladieswear,Jumpsuit/Playsuit,Trousers,Khaki green,Solid,0.5983488055337328,11.158586319213663,1.8461538461538463,52,false,false,true,,
849,Ladieswear || Dress || Blouses || Black || All over pattern,Ladieswear,Dress,Blouses,Black,All over pattern,0.8461126135987415,11.156408769825047,24.076923076923077,52,true,false,true,2.0456169742090746,6.733928700768032
850,Ladieswear || Heels || Shoes || Black || Solid,Ladieswear,Heels,Shoes,Black,Solid,0.5948713260288521,11.1441562119015,6.153846153846154,52,false,false,true,2.47956440002078,10.936063936063936
851,"Menswear || Underwear bottom || Under-, Nightwear || Green || All over pattern",Menswear,Underwear bottom,"Under-, Nightwear",Green,All over pattern,0.9756920556621664,11.141322790846324,6.0,52,false,true,true,2.4219474465542445,10.267781363935208
852,Divided || T-shirt || Jersey Fancy || Grey || Placement print,Divided,T-shirt,Jersey Fancy,Grey,Placement print,1.5613745106568073,11.12030521839781,1.0,48,false,true,true,,
853,Ladieswear || Top || Jersey Fancy || Black || All over pattern,Ladieswear,Top,Jersey Fancy,Black,All over pattern,0.6326949327485113,11.101195980241474,9.615384615384615,52,false,false,true,2.525814298571636,11.501070724147645
854,Ladieswear || Top || Blouses || Pink || Solid,Ladieswear,Top,Blouses,Pink,Solid,0.9208311053821492,11.057398416360979,4.846153846153846,49,false,true,true,2.2965227983184997,8.939560439560438
855,Ladieswear || Skirt || Jersey Fancy || Beige || Solid,Ladieswear,Skirt,Jersey Fancy,Beige,Solid,1.2277003818829602,11.039543356546803,1.8461538461538463,51,false,true,true,3.072515236157016,20.596153846153847
856,Ladieswear || Belt || Accessories || White || Solid,Ladieswear,Belt,Accessories,White,Solid,1.255241224417733,11.030714816488464,3.769230769230769,52,false,true,true,2.182143994850457,7.865293040293038
857,Menswear || Shorts || Shorts || Khaki green || Solid,Menswear,Shorts,Shorts,Khaki green,Solid,1.3500289522172773,11.01847520387529,7.153846153846154,36,false,true,true,2.317603559244115,9.15131810120498
858,Menswear || T-shirt || Jersey Fancy || Black || Front print,Menswear,T-shirt,Jersey Fancy,Black,Front print,1.107978759925891,11.00571074630757,3.769230769230769,51,false,true,true,2.1535707721110002,7.615567765567764
859,Ladieswear || T-shirt || Jersey Fancy || Grey || Melange,Ladieswear,T-shirt,Jersey Fancy,Grey,Melange,1.3075128116652364,10.988977968433241,5.230769230769231,52,false,true,true,1.9500355889907368,6.028937728937728
860,Ladieswear || Dress || Dresses Ladies || Blue || Stripe,Ladieswear,Dress,Dresses Ladies,Blue,Stripe,1.4503160210317847,10.986644218068905,5.3076923076923075,52,false,true,true,2.161401964166486,7.683302808302811
861,Ladieswear || Sweater || Jersey Fancy || Khaki green || Solid,Ladieswear,Sweater,Jersey Fancy,Khaki green,Solid,0.9752526929912587,10.980320481231837,4.3076923076923075,52,false,true,true,2.1983635296233506,8.010256410256412
862,Ladieswear || Vest top || Jersey Basic || Khaki green || Solid,Ladieswear,Vest top,Jersey Basic,Khaki green,Solid,1.1069865700920478,10.943917212021633,1.0,39,false,true,true,,
863,Divided || Top || Jersey Fancy || Green || Solid,Divided,Top,Jersey Fancy,Green,Solid,0.7437355543516114,10.938855901653994,2.6153846153846154,52,false,false,true,2.6609765116647415,13.310256410256411
864,Ladieswear || Blazer || Dressed || Beige || Check,Ladieswear,Blazer,Dressed,Beige,Check,0.8568394816308121,10.938308335784853,5.384615384615385,52,false,true,true,3.418357001944982,29.519230769230774
865,"Ladieswear || Dress || Under-, Nightwear || Black || Solid",Ladieswear,Dress,"Under-, Nightwear",Black,Solid,1.019271779480294,10.913855861533065,5.846153846153846,52,false,true,true,2.3495420760818164,9.480769230769228
866,Divided || Skirt || Skirts || Yellow || All over pattern,Divided,Skirt,Skirts,Yellow,All over pattern,1.9597648180518035,10.895161631196826,2.076923076923077,40,false,true,true,2.4833028002060256,10.980769230769228
867,Ladieswear || Necklace || Accessories || Metal || Solid,Ladieswear,Necklace,Accessories,Metal,Solid,0.990529318746819,10.891405633817467,75.46153846153847,52,true,true,true,2.3914150936411485,9.928948491160904
868,Sport || Shorts || Jersey Fancy || Grey || Solid,Sport,Shorts,Jersey Fancy,Grey,Solid,0.9442388775570052,10.872316610685024,2.230769230769231,52,false,true,true,2.1031956276879433,7.192307692307695
869,"Divided || Underwear bottom || Under-, Nightwear || Pink || Lace",Divided,Underwear bottom,"Under-, Nightwear",Pink,Lace,1.039695598519128,10.860857793863463,0.46153846153846156,41,false,true,true,,
870,Ladieswear || Dress || Dresses Ladies || Yellow || All over pattern,Ladieswear,Dress,Dresses Ladies,Yellow,All over pattern,1.0956710704685673,10.84597305553407,7.6923076923076925,52,false,true,true,3.1194371005278705,21.633635595174056
871,Menswear || Shorts || Jersey Basic || Blue || Melange,Menswear,Shorts,Jersey Basic,Blue,Melange,1.0526972069461151,10.818583723848816,3.0,52,false,true,true,2.4960621439597857,11.134615384615383
872,Ladieswear || Trousers || Jersey Fancy || Green || Solid,Ladieswear,Trousers,Jersey Fancy,Green,Solid,,10.813856425735285,0.8461538461538461,17,false,false,false,3.109633139456796,21.412820512820517
873,"Ladieswear || Bra || Under-, Nightwear || Mole || Solid",Ladieswear,Bra,"Under-, Nightwear",Mole,Solid,1.0327818896458398,10.766939879890513,1.0,40,false,true,true,2.396729091908188,9.987179487179485
874,Sport || Hoodie || Jersey Fancy || Grey || Melange,Sport,Hoodie,Jersey Fancy,Grey,Melange,1.1151932226805228,10.76003720193696,1.3076923076923077,52,false,true,true,2.336614841580357,9.346153846153845
875,Ladieswear || Trousers || Trousers || Black || Denim,Ladieswear,Trousers,Trousers,Black,Denim,0.9416398480922595,10.740589470277195,6.846153846153846,52,false,true,true,2.4493827985160452,10.581196581196583
876,Ladieswear || Sarong || Swimwear || White || Placement print,Ladieswear,Sarong,Swimwear,White,Placement print,0.5409109690113134,10.738089317063197,0.38461538461538464,33,false,false,true,,
877,Menswear || Trousers || Trousers Denim || Black || Denim,Menswear,Trousers,Trousers Denim,Black,Denim,1.0407427322776055,10.721170460058733,26.923076923076923,52,true,true,true,2.166096533509856,7.724163010950148
878,Divided || T-shirt || Jersey Fancy || Blue || Placement print,Divided,T-shirt,Jersey Fancy,Blue,Placement print,1.4984927373699057,10.718331404198647,3.1538461538461537,52,false,true,true,3.0846115630280257,20.858974358974365
879,Divided || T-shirt || Jersey Fancy || Khaki green || Solid,Divided,T-shirt,Jersey Fancy,Khaki green,Solid,1.0662711593456369,10.67836644227937,3.5384615384615383,52,false,true,true,2.420254162042522,10.24871794871795
880,"Ladieswear || Pyjama bottom || Under-, Nightwear || Black || All over pattern",Ladieswear,Pyjama bottom,"Under-, Nightwear",Black,All over pattern,0.9252081724749336,10.674873561351793,1.3846153846153846,52,false,true,true,2.362304327695668,9.615384615384615
881,Ladieswear || Trousers || Trousers || Red || Solid,Ladieswear,Trousers,Trousers,Red,Solid,1.0010579933383588,10.639168691461618,11.76923076923077,52,true,true,true,2.352069295528831,9.50728993228993
882,Divided || Leggings/Tights || Trousers || Black || Solid,Divided,Leggings/Tights,Trousers,Black,Solid,0.88207685256296,10.616785927388781,5.769230769230769,52,false,true,true,2.018680978847283,6.528388278388278
883,Ladieswear || Blazer || Dressed || Red || Check,Ladieswear,Blazer,Dressed,Red,Check,,10.61445069392781,2.5384615384615383,48,false,false,true,2.3838105329166317,9.846153846153848
884,Divided || Vest top || Blouses || Pink || Solid,Divided,Vest top,Blouses,Pink,Solid,1.5352324858847057,10.606742091437106,5.615384615384615,52,false,true,true,1.7736477192850089,4.892307692307692
885,"Ladieswear || Bra || Under-, Nightwear || Red || Lace",Ladieswear,Bra,"Under-, Nightwear",Red,Lace,0.8989437158013616,10.59917958952489,8.0,52,false,true,true,1.5720078029849285,3.8163086913086914
886,Ladieswear || T-shirt || Jersey Fancy || Black || Melange,Ladieswear,T-shirt,Jersey Fancy,Black,Melange,0.9514923015712046,10.594338985546644,2.1538461538461537,52,false,true,true,2.7749896837773194,15.038461538461537
887,Menswear || T-shirt || Jersey Fancy || White || All over pattern,Menswear,T-shirt,Jersey Fancy,White,All over pattern,1.0469115878944277,10.590592053906112,2.5384615384615383,28,false,true,true,2.6329028987623775,12.914102564102564
888,Ladieswear || Jacket || Outdoor || Khaki green || Solid,Ladieswear,Jacket,Outdoor,Khaki green,Solid,0.8404963280706982,10.579026292313511,14.0,52,true,false,true,1.7811170078216643,4.936483815329969
889,Ladieswear || Shirt || Blouses || Blue || Stripe,Ladieswear,Shirt,Blouses,Blue,Stripe,1.4536656663881506,10.56042223964946,14.384615384615385,52,true,true,true,2.67300601402747,13.48344124882289
890,Divided || Trousers || Trousers || Grey || Denim,Divided,Trousers,Trousers,Grey,Denim,,10.550457732264247,3.8461538461538463,26,false,false,true,2.9448437555330274,18.007692307692302
891,Ladieswear || Top || Blouses || Beige || All over pattern,Ladieswear,Top,Blouses,Beige,All over pattern,0.8920214265576544,10.536488958381808,3.6923076923076925,50,false,true,true,1.7915457711825789,4.998717948717949
892,Menswear || Polo shirt || Knitwear || Blue || Solid,Menswear,Polo shirt,Knitwear,Blue,Solid,1.0816581678441055,10.521171772253307,5.846153846153846,50,false,true,true,1.9493057380564516,6.023809523809525
893,Menswear || T-shirt || Jersey Fancy || Black || Placement print,Menswear,T-shirt,Jersey Fancy,Black,Placement print,1.0662397073864531,10.507073727630758,7.846153846153846,52,false,true,true,2.6617060076031196,13.320699492814878
894,Divided || Jumpsuit/Playsuit || Dresses Ladies || Orange || All over pattern,Divided,Jumpsuit/Playsuit,Dresses Ladies,Orange,All over pattern,0.9665998663994656,10.491542706371305,0.6153846153846154,46,false,true,true,3.1123750582316427,21.474358974358974
895,Ladieswear || Bikini top || Swimwear || White || Lace,Ladieswear,Bikini top,Swimwear,White,Lace,1.7541386697828416,10.485816458100242,1.1538461538461537,27,false,true,true,3.3947664913318647,28.8076923076923
896,Menswear || T-shirt || Jersey Fancy || Black || Solid,Menswear,T-shirt,Jersey Fancy,Black,Solid,1.0722557022491226,10.481423777306834,4.615384615384615,52,false,true,true,2.5322276266190977,11.58150183150183
897,Ladieswear || Bikini top || Swimwear || Lilac Purple || Solid,Ladieswear,Bikini top,Swimwear,Lilac Purple,Solid,1.8343503629322977,10.467436633078393,3.923076923076923,52,false,true,true,2.1737522211510774,7.791208791208792
898,Ladieswear || Sweater || Jersey Fancy || Black || Solid,Ladieswear,Sweater,Jersey Fancy,Black,Solid,1.4356320099023987,10.464956984886024,11.307692307692308,52,true,true,true,2.438000952991826,10.450128503974659
899,Sport || T-shirt || Jersey Fancy || Black || All over pattern,Sport,T-shirt,Jersey Fancy,Black,All over pattern,1.1200279908294637,10.451058166576129,2.769230769230769,52,false,true,true,1.8967352955177983,5.664102564102565
900,Ladieswear || Blouse || Blouses || Orange || All over pattern,Ladieswear,Blouse,Blouses,Orange,All over pattern,0.6128098074330205,10.41295156813658,6.615384615384615,52,false,false,true,3.0152251135907244,19.393681318681313
901,Divided || Blouse || Blouses || White || Solid,Divided,Blouse,Blouses,White,Solid,1.2672992339126892,10.391392640743216,22.307692307692307,52,true,true,true,2.711506186543467,14.051929463667653
902,Divided || Blazer || Outdoor || Black || Check,Divided,Blazer,Outdoor,Black,Check,0.5636071948521021,10.386967980487714,1.5384615384615385,51,false,false,true,,
903,Divided || Sweater || Knitwear || Beige || Stripe,Divided,Sweater,Knitwear,Beige,Stripe,,10.373967499598006,1.0769230769230769,44,false,false,true,2.803360380906535,15.5
904,Ladieswear || Heeled sandals || Shoes || Orange || Solid,Ladieswear,Heeled sandals,Shoes,Orange,Solid,1.593612073668395,10.367084315728258,3.3076923076923075,52,false,true,true,2.4518888807593266,10.61025641025641
905,Ladieswear || Dress || Blouses || Brown || All over pattern,Ladieswear,Dress,Blouses,Brown,All over pattern,1.473065913250385,10.363576904499904,2.3076923076923075,51,false,true,true,2.2481830578451003,8.47051282051282
906,Menswear || Shorts || Shorts || Brown || Solid,Menswear,Shorts,Shorts,Brown,Solid,1.1285396399980827,10.360782451803667,1.0,19,false,true,false,2.280680257605996,8.783333333333335
907,Ladieswear || Other accessories || Accessories || Metal || Solid,Ladieswear,Other accessories,Accessories,Metal,Solid,1.0500313916614148,10.358645406825667,10.538461538461538,52,true,true,true,2.2868257458144683,8.843641815700641
908,Sport || T-shirt || Jersey Fancy || Grey || Melange,Sport,T-shirt,Jersey Fancy,Grey,Melange,0.9681878565118897,10.34855730261261,7.769230769230769,52,false,true,true,3.085672304529897,20.882173382173384
909,Ladieswear || Trousers || Trousers Denim || Green || Denim,Ladieswear,Trousers,Trousers Denim,Green,Denim,1.0299508803626303,10.336898427727604,1.5384615384615385,52,false,true,true,2.630781420311399,12.884615384615383
910,"Ladieswear || Pyjama bottom || Under-, Nightwear || Blue || All over pattern",Ladieswear,Pyjama bottom,"Under-, Nightwear",Blue,All over pattern,0.8049821484910612,10.335223588340948,3.230769230769231,52,false,false,true,1.1876870624551505,2.2794871794871794
911,Ladieswear || Blazer || Dressed || Grey || Check,Ladieswear,Blazer,Dressed,Grey,Check,0.6534367696106015,10.332835636605536,3.230769230769231,52,false,false,true,1.546743843095177,3.6961538461538463
912,Divided || Hat/beanie || Accessories || White || Solid,Divided,Hat/beanie,Accessories,White,Solid,1.024669718770438,10.324935821754117,0.6923076923076923,46,false,true,true,2.6363062962433688,12.961538461538462
913,Ladieswear || Socks || Socks and Tights || Beige || Solid,Ladieswear,Socks,Socks and Tights,Beige,Solid,1.0452813062435717,10.320138989173508,4.846153846153846,52,false,true,true,2.066770020902938,6.899267399267399
914,Ladieswear || Shorts || Shorts || White || All over pattern,Ladieswear,Shorts,Shorts,White,All over pattern,0.7758811466340125,10.317462410704703,3.230769230769231,49,false,false,true,2.7314852854932252,14.355677655677654
915,Ladieswear || Blouse || Blouses || White || Embroidery,Ladieswear,Blouse,Blouses,White,Embroidery,1.4348287151636743,10.310368333976847,11.153846153846153,52,true,true,true,2.8409280271414135,16.131656804733726
916,"Ladieswear || Pyjama set || Under-, Nightwear || Blue || Solid",Ladieswear,Pyjama set,"Under-, Nightwear",Blue,Solid,0.9990696702033136,10.308344265416393,2.3846153846153846,47,false,true,true,2.61167107410898,12.621794871794872
917,Menswear || T-shirt || Jersey Fancy || Grey || Placement print,Menswear,T-shirt,Jersey Fancy,Grey,Placement print,1.0259266762953843,10.286279508826444,1.4615384615384615,52,false,true,true,2.0937615954545845,7.115384615384617
918,Ladieswear || Skirt || Skirts || Red || Solid,Ladieswear,Skirt,Skirts,Red,Solid,1.3246884610105205,10.276798226328586,8.0,52,false,true,true,2.8454163386520093,16.208721833721835
919,Ladieswear || T-shirt || Jersey Fancy || Orange || Solid,Ladieswear,T-shirt,Jersey Fancy,Orange,Solid,1.9247532600091304,10.25144952518925,4.769230769230769,52,false,true,true,2.273050649430185,8.70897435897436
920,Ladieswear || Bodysuit || Jersey Basic || Black || Solid,Ladieswear,Bodysuit,Jersey Basic,Black,Solid,0.6255400161318532,10.249311907649215,6.076923076923077,52,false,false,true,1.6539454148115316,4.227564102564103
921,Divided || Vest top || Jersey Fancy || Green || Solid,Divided,Vest top,Jersey Fancy,Green,Solid,0.9273023579153704,10.22323925883473,2.076923076923077,51,false,true,true,,
922,Ladieswear || Bag || Accessories || Black || Solid,Ladieswear,Bag,Accessories,Black,Solid,0.906640462615146,10.214889805668646,23.153846153846153,52,true,true,true,3.0102649927660465,19.292776651828376
923,Divided || T-shirt || Jersey Basic || Yellow || Stripe,Divided,T-shirt,Jersey Basic,Yellow,Stripe,1.002955781508631,10.167128992634389,1.0769230769230769,51,false,true,true,,
924,Divided || Shirt || Blouses || Black || All over pattern,Divided,Shirt,Blouses,Black,All over pattern,0.6457170874987734,10.159239254983481,10.076923076923077,52,true,false,true,2.5084283381389576,11.285606060606057
925,Ladieswear || Skirt || Skirts || White || Stripe,Ladieswear,Skirt,Skirts,White,Stripe,1.2502760074002142,10.150964789040058,3.4615384615384617,51,false,true,true,2.7375260192351636,14.448717948717947
926,Ladieswear || Sandals || Shoes || Metal || Solid,Ladieswear,Sandals,Shoes,Metal,Solid,1.0638269746248437,10.138259813293962,4.076923076923077,35,false,true,true,2.33497013107869,9.329151404151407
927,Divided || T-shirt || Jersey Fancy || Pink || Front print,Divided,T-shirt,Jersey Fancy,Pink,Front print,1.3022852639873919,10.096924131260055,3.076923076923077,52,false,true,true,2.155779169160827,7.634615384615385
928,Ladieswear || Top || Jersey Fancy || Orange || Solid,Ladieswear,Top,Jersey Fancy,Orange,Solid,0.8209820927522952,10.09628981146079,6.3076923076923075,52,false,false,true,2.1606458736457768,7.676739926739927
929,Ladieswear || Blazer || Dressed || Black || Stripe,Ladieswear,Blazer,Dressed,Black,Stripe,1.1893465602760405,10.087361037328861,0.8461538461538461,50,false,true,true,2.833213344056216,16.0
930,Ladieswear || Dress || Special Offers || Pink || Solid,Ladieswear,Dress,Special Offers,Pink,Solid,0.4723950288637827,10.052408999540676,3.5384615384615383,28,false,false,true,2.338984133846294,9.370695970695971
931,Ladieswear || Skirt || Skirts || White || All over pattern,Ladieswear,Skirt,Skirts,White,All over pattern,1.0209673104754176,10.049649645064587,6.384615384615385,52,false,true,true,3.0266626834142345,19.6282745032745
932,Divided || Sweater || Jersey Fancy || Khaki green || Solid,Divided,Sweater,Jersey Fancy,Khaki green,Solid,1.0781104833647206,10.022125226121545,2.6153846153846154,51,false,true,true,1.570217199280819,3.8076923076923066
933,Divided || T-shirt || Jersey Fancy || Black || All over pattern,Divided,T-shirt,Jersey Fancy,Black,All over pattern,0.779225666839159,10.016878216007493,3.6923076923076925,52,false,false,true,2.8130919846516727,15.661355311355308
934,Divided || Blouse || Blouses || Black || All over pattern,Divided,Blouse,Blouses,Black,All over pattern,0.84213662896054,9.99586770090319,22.0,52,true,false,true,2.3451800378744188,9.435151280894315
935,Divided || Cardigan || Knitwear || Grey || Melange,Divided,Cardigan,Knitwear,Grey,Melange,0.8264935273200823,9.977961614886624,4.461538461538462,52,false,false,true,3.123719479384616,21.730769230769226
936,Ladieswear || Heeled sandals || Shoes || Yellow || Solid,Ladieswear,Heeled sandals,Shoes,Yellow,Solid,1.1119750442313063,9.969827747384555,1.3076923076923077,47,false,true,true,3.474114168445724,31.269230769230774
937,Ladieswear || Sweater || Knitwear || White || Solid,Ladieswear,Sweater,Knitwear,White,Solid,0.7337823583322788,9.960445445610237,23.53846153846154,52,true,false,true,2.9749093877448396,18.587848270074268
938,"Ladieswear || Bra || Under-, Nightwear || Unknown || Solid",Ladieswear,Bra,"Under-, Nightwear",Unknown,Solid,0.9609539139822483,9.95800660051734,2.5384615384615383,39,false,true,true,3.3280751168331926,26.88461538461538
939,Menswear || T-shirt || Jersey Fancy || Green || Placement print,Menswear,T-shirt,Jersey Fancy,Green,Placement print,1.4334298118668596,9.952097461725224,0.6153846153846154,35,false,true,true,2.390877700139724,9.923076923076925
940,Divided || Jumpsuit/Playsuit || Dresses Ladies || Pink || Solid,Divided,Jumpsuit/Playsuit,Dresses Ladies,Pink,Solid,0.9994983740631299,9.920646123492089,3.076923076923077,29,false,true,true,2.639332017159906,13.003846153846156
941,Ladieswear || Blouse || Blouses || White || Stripe,Ladieswear,Blouse,Blouses,White,Stripe,1.0790490495115692,9.902760003093677,10.384615384615385,52,true,true,true,2.720559725380001,14.18882143497528
942,Ladieswear || Belt || Accessories || Brown || Solid,Ladieswear,Belt,Accessories,Brown,Solid,1.0762424984060228,9.89242926753048,11.307692307692308,52,true,true,true,2.37289442620574,9.72839994972348
943,Divided || Cardigan || Knitwear || Khaki green || Solid,Divided,Cardigan,Knitwear,Khaki green,Solid,0.9677960257836512,9.879173257231901,1.0,52,false,true,true,3.240185611454952,24.53846153846154
944,Divided || Cardigan || Knitwear || Pink || Solid,Divided,Cardigan,Knitwear,Pink,Solid,0.7797312968161382,9.875316586412056,4.153846153846154,52,false,false,true,3.015409201648195,19.397435897435894
945,Ladieswear || T-shirt || Jersey Fancy || Brown || Solid,Ladieswear,T-shirt,Jersey Fancy,Brown,Solid,2.4496077248038626,9.871060746914273,1.8461538461538463,50,false,true,true,2.0905970358516215,7.089743589743589
946,Menswear || Polo shirt || Jersey Fancy || White || Solid,Menswear,Polo shirt,Jersey Fancy,White,Solid,1.3016383769936188,9.870520251383452,2.4615384615384617,48,false,true,true,2.2792377289970545,8.769230769230768
947,Divided || Dress || Trousers Denim || Black || Denim,Divided,Dress,Trousers Denim,Black,Denim,,9.864027936434466,2.076923076923077,48,false,false,true,2.6102583119243916,12.602564102564106
948,Ladieswear || Sweater || Knitwear || Black || Stripe,Ladieswear,Sweater,Knitwear,Black,Stripe,0.865706899599598,9.85458670615626,2.4615384615384617,45,false,true,true,3.4957691381609344,31.975641025641018
949,Ladieswear || Trousers || Trousers || Orange || Solid,Ladieswear,Trousers,Trousers,Orange,Solid,0.9575477707834434,9.844305110094336,1.0,47,false,true,true,2.6607973162516645,13.307692307692307
950,Ladieswear || Sunglasses || Accessories || Brown || Solid,Ladieswear,Sunglasses,Accessories,Brown,Solid,0.7841055035986726,9.805753885485418,8.846153846153847,52,false,false,true,2.1105200724445687,7.252532083301315
951,"Ladieswear || Underwear bottom || Under-, Nightwear || Grey || Contrast",Ladieswear,Underwear bottom,"Under-, Nightwear",Grey,Contrast,1.00091564321836,9.777676327334802,1.7692307692307692,46,false,true,true,2.855585641810749,16.384615384615383
952,Divided || Shirt || Blouses || Pink || All over pattern,Divided,Shirt,Blouses,Pink,All over pattern,1.0335733625208825,9.762779834162696,1.8461538461538463,50,false,true,true,2.47847575945771,10.923076923076925
953,"Ladieswear || Bra || Under-, Nightwear || Lilac Purple || Solid",Ladieswear,Bra,"Under-, Nightwear",Lilac Purple,Solid,1.1895433254222916,9.756631026418104,4.769230769230769,52,false,true,true,2.7583044943765316,14.773076923076925
954,Divided || Trousers || Trousers || Brown || Solid,Divided,Trousers,Trousers,Brown,Solid,0.7941277594346057,9.752633518728295,2.076923076923077,43,false,false,true,3.6655320901169453,38.07692307692308
955,Divided || Jacket || Outdoor || Black || Solid,Divided,Jacket,Outdoor,Black,Solid,0.9740854796047992,9.75164999109325,29.53846153846154,52,true,true,true,2.1859785998171746,7.899353198907857
956,Sport || Vest top || Jersey Fancy || Mole || Solid,Sport,Vest top,Jersey Fancy,Mole,Solid,,9.751379980383916,1.0769230769230769,40,false,false,true,2.6418008155610093,13.038461538461537
957,Ladieswear || Jacket || Outdoor || White || Solid,Ladieswear,Jacket,Outdoor,White,Solid,0.9236514352525795,9.749216513447434,6.230769230769231,52,false,true,true,2.2535384856894733,8.521367521367523
958,Ladieswear || Top || Jersey Fancy || Yellow || All over pattern,Ladieswear,Top,Jersey Fancy,Yellow,All over pattern,1.4474805715718224,9.741628056703998,2.3076923076923075,52,false,true,true,3.273752435094035,25.41025641025641
959,Divided || Shirt || Blouses || Yellow || Solid,Divided,Shirt,Blouses,Yellow,Solid,0.7319859704900857,9.731309858991409,3.0,52,false,false,true,2.471678516908973,10.842307692307694
960,"Ladieswear || Underwear bottom || Under-, Nightwear || Black || Lace",Ladieswear,Underwear bottom,"Under-, Nightwear",Black,Lace,0.6124299695289099,9.726328534705141,8.76923076923077,52,false,false,true,2.9053150417428073,17.270998872921954
961,Divided || Jumpsuit/Playsuit || Dresses Ladies || Red || All over pattern,Divided,Jumpsuit/Playsuit,Dresses Ladies,Red,All over pattern,0.9120357747700796,9.72247390611779,1.5384615384615385,48,false,true,true,,
962,Divided || T-shirt || Jersey Fancy || White || Stripe,Divided,T-shirt,Jersey Fancy,White,Stripe,1.424130170516148,9.680349119555283,2.5384615384615383,51,false,true,true,2.0826415444105066,7.025641025641024
963,Divided || Top || Blouses || White || Solid,Divided,Top,Blouses,White,Solid,1.0396398987773983,9.662875737106674,3.0,17,false,true,false,2.828299329253787,15.916666666666664
964,Divided || Sweater || Jersey Fancy || Green || Solid,Divided,Sweater,Jersey Fancy,Green,Solid,0.9690877373825476,9.63633503272756,3.1538461538461537,52,false,true,true,1.5913261624910544,3.9102564102564106
965,Divided || Jacket || Outdoor || Blue || Solid,Divided,Jacket,Outdoor,Blue,Solid,1.0263336898119455,9.616973757771733,7.0,52,false,true,true,2.1277082826496705,7.395604395604396
966,Divided || Bag || Accessories || Black || Solid,Divided,Bag,Accessories,Black,Solid,0.961032910677119,9.612554203642427,18.76923076923077,52,true,true,true,2.179571626654218,7.842517548460204
967,Ladieswear || Sweater || Knitwear || Unknown || Solid,Ladieswear,Sweater,Knitwear,Unknown,Solid,0.8142000336358415,9.608554939449846,3.6923076923076925,50,false,false,true,1.7529831017830402,4.771794871794872
968,Divided || Dress || Dresses Ladies || Yellow || Solid,Divided,Dress,Dresses Ladies,Yellow,Solid,1.0406939915177746,9.597481650217953,5.846153846153846,52,false,true,true,2.059902844752437,6.8452075702075685
969,Ladieswear || Bracelet || Accessories || Pink || Solid,Ladieswear,Bracelet,Accessories,Pink,Solid,1.130749799135486,9.595814774811902,1.6153846153846154,10,false,true,false,2.352595513568707,9.512820512820513
970,Ladieswear || Shirt || Blouses || Blue || Denim,Ladieswear,Shirt,Blouses,Blue,Denim,0.9012494622814908,9.584500100891466,6.538461538461538,52,false,true,true,2.520049545044949,11.429212454212454
971,Divided || Shirt || Blouses || Green || Check,Divided,Shirt,Blouses,Green,Check,0.7979146681946513,9.582799277895004,1.5384615384615385,52,false,false,true,1.8538912503350613,5.384615384615385
972,Menswear || Swimwear bottom || Swimwear || Pink || All over pattern,Menswear,Swimwear bottom,Swimwear,Pink,All over pattern,0.8377851140456183,9.58037389466525,2.076923076923077,35,false,false,true,,
973,"Ladieswear || Robe || Under-, Nightwear || Pink || Solid",Ladieswear,Robe,"Under-, Nightwear",Pink,Solid,1.1136822213275186,9.556188896426786,2.3076923076923075,35,false,true,true,1.4839328306838067,3.4102564102564106
974,Ladieswear || Heeled sandals || Shoes || Brown || Solid,Ladieswear,Heeled sandals,Shoes,Brown,Solid,0.7052075984896765,9.55401648700411,1.6923076923076923,50,false,false,true,2.9259836220317514,17.652564102564106
975,Ladieswear || Sunglasses || Accessories || Beige || Solid,Ladieswear,Sunglasses,Accessories,Beige,Solid,0.8956558037770614,9.525861581377324,2.0,50,false,true,true,2.3303997811769226,9.282051282051281
976,Divided || Sweater || Knitwear || Yellow || Other structure,Divided,Sweater,Knitwear,Yellow,Other structure,1.237050527296599,9.525096224791906,0.8461538461538461,49,false,true,true,1.9404004932443437,5.961538461538462
977,Menswear || Socks || Socks and Tights || Black || All over pattern,Menswear,Socks,Socks and Tights,Black,All over pattern,1.1421239032459276,9.49931594477144,4.076923076923077,52,false,true,true,2.490001504056098,11.06129426129426
978,Ladieswear || Hair string || Accessories || Pink || Solid,Ladieswear,Hair string,Accessories,Pink,Solid,0.7976162724507884,9.495357581094193,2.6923076923076925,46,false,false,true,2.5306760924381595,11.561996336996335
979,Ladieswear || Underwear Tights || Socks and Tights || Beige || Solid,Ladieswear,Underwear Tights,Socks and Tights,Beige,Solid,0.8811860557229453,9.48464708152752,8.538461538461538,52,false,true,true,2.145013325749593,7.542155067155068
980,Ladieswear || Dress || Blouses || Green || All over pattern,Ladieswear,Dress,Blouses,Green,All over pattern,1.1807778694762645,9.475302116489333,6.846153846153846,51,false,true,true,1.6369805164505973,4.139627039627039
981,Divided || Shorts || Shorts || Pink || Solid,Divided,Shorts,Shorts,Pink,Solid,1.6396747500614883,9.435797676785644,4.076923076923077,52,false,true,true,2.8026164034802483,15.487728937728939
982,Divided || Vest top || Blouses || Green || Solid,Divided,Vest top,Blouses,Green,Solid,1.0019757639620652,9.42802196208702,1.6153846153846154,51,false,true,true,1.8397353011049289,5.294871794871796
983,Divided || Skirt || Skirts || Blue || All over pattern,Divided,Skirt,Skirts,Blue,All over pattern,1.5929207373870848,9.413468672324955,1.4615384615384615,43,false,true,true,3.076957713476577,20.692307692307697
984,Ladieswear || Sweater || Jersey Fancy || Grey || Melange,Ladieswear,Sweater,Jersey Fancy,Grey,Melange,0.609264247475135,9.409280812784429,7.076923076923077,52,false,false,true,2.864252460021887,16.535939487862564
985,Ladieswear || Dress || Jersey Fancy || Blue || Lace,Ladieswear,Dress,Jersey Fancy,Blue,Lace,1.3426800974054571,9.40661676655652,9.461538461538462,52,false,true,true,3.4684541225962304,31.08710136017828
986,Ladieswear || Vest top || Blouses || Yellow || Solid,Ladieswear,Vest top,Blouses,Yellow,Solid,0.9622642864839623,9.396391377493236,1.0769230769230769,52,false,true,true,2.2349649053190666,8.346153846153847
987,Ladieswear || Bodysuit || Jersey Fancy || Pink || Solid,Ladieswear,Bodysuit,Jersey Fancy,Pink,Solid,0.9369117310014281,9.39281219262371,2.3076923076923075,50,false,true,true,2.3384718523275696,9.365384615384613
988,Divided || Shirt || Blouses || Lilac Purple || Solid,Divided,Shirt,Blouses,Lilac Purple,Solid,1.010396089176961,9.382733917696626,2.3846153846153846,22,false,true,false,2.669717982010044,13.435897435897434
989,Ladieswear || Trousers || Trousers || Grey || Solid,Ladieswear,Trousers,Trousers,Grey,Solid,0.9108395709308892,9.351860851423742,3.076923076923077,52,false,true,true,2.9094199528668594,17.34615384615385
990,Ladieswear || Blazer || Dressed || Black || Check,Ladieswear,Blazer,Dressed,Black,Check,0.8153148544857763,9.350522106977731,1.6923076923076923,50,false,false,true,0.9856254252752192,1.6794871794871793
991,Ladieswear || Sunglasses || Accessories || Orange || Solid,Ladieswear,Sunglasses,Accessories,Orange,Solid,1.1952434602925055,9.319929972981981,7.461538461538462,52,false,true,true,1.999472484492689,6.385159285159284
992,Divided || Sweater || Jersey Fancy || Blue || Solid,Divided,Sweater,Jersey Fancy,Blue,Solid,0.47642906203869445,9.310715194757758,3.1538461538461537,52,false,false,true,1.9703347010623882,6.173076923076923
993,"Ladieswear || Trousers || Under-, Nightwear || Black || Solid",Ladieswear,Trousers,"Under-, Nightwear",Black,Solid,1.0177944671502897,9.304012523362987,2.3076923076923075,49,false,true,true,2.221152531031455,8.217948717948717
994,Ladieswear || Sweater || Knitwear || Green || Solid,Ladieswear,Sweater,Knitwear,Green,Solid,0.7130230529781159,9.303736072068366,8.307692307692308,52,false,false,true,2.7614887304744387,14.823382173382175
995,Divided || Sandals || Shoes || Pink || Solid,Divided,Sandals,Shoes,Pink,Solid,1.1729071883530482,9.29013433173836,2.0,39,false,true,true,1.929289267819273,5.884615384615385
996,Divided || Sweater || Knitwear || Black || Solid,Divided,Sweater,Knitwear,Black,Solid,0.7998717482680361,9.283012441542967,26.692307692307693,52,true,false,true,2.6969304044895397,13.834126997016142
997,Divided || Jumpsuit/Playsuit || Dresses Ladies || Yellow || All over pattern,Divided,Jumpsuit/Playsuit,Dresses Ladies,Yellow,All over pattern,0.9471293722235593,9.268569765398015,2.0,52,false,true,true,,
998,Sport || Vest top || Jersey Fancy || Black || Front print,Sport,Vest top,Jersey Fancy,Black,Front print,1.6275646045418954,9.268130496242845,0.23076923076923078,18,false,true,false,1.405342556090585,3.0769230769230766
999,Sport || T-shirt || Jersey Fancy || Orange || Solid,Sport,T-shirt,Jersey Fancy,Orange,Solid,0.8983358049101995,9.266404982870547,0.5384615384615384,42,false,true,true,2.989946336486947,18.884615384615383
1000,Ladieswear || Trousers || Trousers || Khaki green || All over pattern,Ladieswear,Trousers,Trousers,Khaki green,All over pattern,1.3011954092812357,9.252418569044007,0.38461538461538464,28,false,true,true,,
1001,Ladieswear || Skirt || Shorts || Khaki green || Solid,Ladieswear,Skirt,Shorts,Khaki green,Solid,1.983437278981547,9.234739787460235,1.4615384615384615,48,false,true,true,1.9694406464655074,6.166666666666667
1002,Ladieswear || Sweater || Knitwear || Brown || Solid,Ladieswear,Sweater,Knitwear,Brown,Solid,0.3371477860839563,9.224196934542478,4.3076923076923075,51,false,false,true,1.7972996496036704,5.033333333333333
1003,Ladieswear || Vest top || Blouses || Blue || Solid,Ladieswear,Vest top,Blouses,Blue,Solid,1.3383853891597783,9.216313413177557,2.769230769230769,52,false,true,true,2.724915722271516,14.255128205128207
1004,Ladieswear || Jumpsuit/Playsuit || Trousers || Blue || Denim,Ladieswear,Jumpsuit/Playsuit,Trousers,Blue,Denim,0.9579812018020019,9.199114936281825,2.3846153846153846,19,false,true,false,3.367295829986474,28.000000000000004
1005,Menswear || Hoodie || Jersey Basic || Blue || Solid,Menswear,Hoodie,Jersey Basic,Blue,Solid,1.0187855281147684,9.191168907121892,2.1538461538461537,52,false,true,true,3.910996838072834,48.948717948717956
1006,Menswear || Trousers || Trousers Denim || Blue || Denim,Menswear,Trousers,Trousers Denim,Blue,Denim,1.090496519740573,9.189234424430829,64.07692307692308,52,true,true,true,2.147294253711856,7.56166134525631
1007,Ladieswear || Scarf || Accessories || Beige || All over pattern,Ladieswear,Scarf,Accessories,Beige,All over pattern,1.1382624096924199,9.162044140828575,4.076923076923077,52,false,true,true,2.3529177612928995,9.516208791208792
1008,Ladieswear || Vest top || Blouses || White || All over pattern,Ladieswear,Vest top,Blouses,White,All over pattern,1.1517394687862519,9.160234750646502,5.769230769230769,52,false,true,true,1.6885108629219652,4.411416361416362
1009,Ladieswear || Sweater || Jersey Fancy || Mole || Solid,Ladieswear,Sweater,Jersey Fancy,Mole,Solid,,9.152919441645222,0.9230769230769231,27,false,false,true,2.5359328144824973,11.62820512820513
1010,Ladieswear || Sweater || Knitwear || Black || Solid,Ladieswear,Sweater,Knitwear,Black,Solid,0.799152170470116,9.15013637546566,23.923076923076923,52,true,false,true,2.9077399939736774,17.315358936178367
1011,Divided || T-shirt || Jersey Fancy || Black || Treatment,Divided,T-shirt,Jersey Fancy,Black,Treatment,1.0335955169214603,9.145569764722019,0.38461538461538464,8,false,true,false,3.375221895258895,28.230769230769234
1012,Ladieswear || Cardigan || Knitwear || Green || Solid,Ladieswear,Cardigan,Knitwear,Green,Solid,1.1884537032650406,9.128937911799596,2.0,52,false,true,true,1.5431885268928995,3.679487179487179
1013,Ladieswear || Blazer || Dressed || Pink || Other structure,Ladieswear,Blazer,Dressed,Pink,Other structure,0.705364278133824,9.127334805606209,1.0,32,false,false,true,2.1078794770003695,7.230769230769232
1014,Divided || Sweater || Knitwear || Beige || Melange,Divided,Sweater,Knitwear,Beige,Melange,1.1752410709475836,9.10585170351483,1.6923076923076923,49,false,true,true,2.831326194977564,15.967948717948715
1015,Ladieswear || Dress || Blouses || Beige || Solid,Ladieswear,Dress,Blouses,Beige,Solid,0.9238762407161736,9.094118593470895,12.0,52,true,true,true,2.391790006574717,9.933046663481447
1016,Divided || Dress || Dresses Ladies || Yellow || Check,Divided,Dress,Dresses Ladies,Yellow,Check,1.0789968652037616,9.091587227274172,2.6153846153846154,52,false,true,true,2.6311506965342066,12.889743589743588
1017,Ladieswear || Blouse || Blouses || White || Check,Ladieswear,Blouse,Blouses,White,Check,1.171172049167347,9.07224245876905,2.3076923076923075,52,false,true,true,2.222542385320509,8.23076923076923
1018,Menswear || Swimwear bottom || Swimwear || Khaki green || Solid,Menswear,Swimwear bottom,Swimwear,Khaki green,Solid,1.0927035912999494,9.065592452162122,2.4615384615384617,37,false,true,true,2.1125414901061808,7.26923076923077
1019,Ladieswear || Sweater || Knitwear || Beige || Solid,Ladieswear,Sweater,Knitwear,Beige,Solid,0.6499735940640329,9.053431603467702,18.076923076923077,52,true,false,true,2.5365630370812515,11.636166216824108
1020,Divided || Trousers || Trousers || Black || Check,Divided,Trousers,Trousers,Black,Check,0.8422325570616113,9.043129205102694,1.7692307692307692,52,false,false,true,3.6882382229281303,38.974358974358985
1021,Divided || Hoodie || Outdoor || Khaki green || Solid,Divided,Hoodie,Outdoor,Khaki green,Solid,0.9855405758562611,9.0160698976043,2.3846153846153846,52,false,true,true,1.787476807436054,4.9743589743589745
1022,Divided || Sweater || Knitwear || Green || Solid,Divided,Sweater,Knitwear,Green,Solid,0.8604442198645865,9.004789151127602,4.6923076923076925,51,false,true,true,2.6030694803596974,12.505128205128209
1023,Divided || Jacket || Outdoor || Beige || Solid,Divided,Jacket,Outdoor,Beige,Solid,0.9857416608764702,9.002693342232675,14.923076923076923,52,true,true,true,2.297470312991816,8.948982782122219
1024,Ladieswear || Shirt || Blouses || Red || Stripe,Ladieswear,Shirt,Blouses,Red,Stripe,1.8559063318257558,8.997536839037956,1.8461538461538463,52,false,true,true,1.7323360487572543,4.653846153846154
1025,Divided || Jacket || Trousers Denim || White || Denim,Divided,Jacket,Trousers Denim,White,Denim,1.0368123241970302,8.992739750036309,1.3076923076923077,41,false,true,true,1.5459245067117746,3.6923076923076925
1026,Divided || Dress || Dresses Ladies || White || All over pattern,Divided,Dress,Dresses Ladies,White,All over pattern,1.4308892908021669,8.981483258777356,30.384615384615383,52,true,true,true,2.368006362600677,9.676086807532387
1027,Divided || Shirt || Blouses || Blue || Denim,Divided,Shirt,Blouses,Blue,Denim,0.8473011463288013,8.978438427622889,2.6153846153846154,22,false,false,false,2.877468353060257,16.76923076923077
1028,Menswear || T-shirt || Jersey Fancy || Black || All over pattern,Menswear,T-shirt,Jersey Fancy,Black,All over pattern,0.8670300012464689,8.954470463113113,1.7692307692307692,40,false,true,true,2.676974008890336,13.541025641025643
1029,Menswear || Socks || Socks and Tights || Blue || All over pattern,Menswear,Socks,Socks and Tights,Blue,All over pattern,0.8644188401435268,8.925820801292575,10.692307692307692,52,true,true,true,2.3199488637933254,9.175153973992984
1030,Ladieswear || Top || Jersey Fancy || Unknown || Stripe,Ladieswear,Top,Jersey Fancy,Unknown,Stripe,1.4449388209121248,8.916053540191273,1.0769230769230769,36,false,true,true,,
1031,Ladieswear || Dress || Jersey Fancy || Grey || Solid,Ladieswear,Dress,Jersey Fancy,Grey,Solid,1.7973225919874247,8.907095811079161,2.8461538461538463,51,false,true,true,2.204604684633842,8.066666666666666
1032,Sport || T-shirt || Jersey Fancy || Orange || Melange,Sport,T-shirt,Jersey Fancy,Orange,Melange,1.5048184854624103,8.901865985829359,0.8461538461538461,41,false,true,true,1.0231885268508678,1.782051282051282
1033,Ladieswear || Blazer || Dressed || Red || Solid,Ladieswear,Blazer,Dressed,Red,Solid,0.8944092475269535,8.901528144125143,2.5384615384615383,51,false,true,true,2.6167405554879077,12.691025641025641
1034,Ladieswear || Wedge || Shoes || White || Solid,Ladieswear,Wedge,Shoes,White,Solid,1.418193645325613,8.895411264859815,0.7692307692307693,29,false,true,true,4.428524796923138,82.80769230769229
1035,Menswear || T-shirt || Jersey Fancy || White || Front print,Menswear,T-shirt,Jersey Fancy,White,Front print,1.3529422318768154,8.889089591356885,9.076923076923077,52,false,true,true,1.9940386243076855,6.345138195138196
1036,Ladieswear || Dress || Jersey Fancy || Red || Stripe,Ladieswear,Dress,Jersey Fancy,Red,Stripe,1.0911475409836064,8.888912731107164,1.9230769230769231,44,false,true,true,2.4079840694507073,10.111538461538458
1037,Menswear || Hoodie || Jersey Basic || Grey || Melange,Menswear,Hoodie,Jersey Basic,Grey,Melange,1.0927503916228,8.885431840517247,6.769230769230769,52,false,true,true,2.2080749593677784,8.098185148185149
1038,"Ladieswear || Pyjama bottom || Under-, Nightwear || Pink || Solid",Ladieswear,Pyjama bottom,"Under-, Nightwear",Pink,Solid,0.6695932104184958,8.88520120584683,3.0,47,false,false,true,2.097703263939917,7.147435897435898
1039,Divided || Hoodie || Outdoor || Pink || Solid,Divided,Hoodie,Outdoor,Pink,Solid,0.6697381833614752,8.877608109779516,1.0,30,false,false,true,2.4816963741577522,10.961538461538463
1040,Ladieswear || Flat shoe || Shoes || Black || Solid,Ladieswear,Flat shoe,Shoes,Black,Solid,1.112815977555102,8.862890079678639,15.307692307692308,52,true,true,true,2.3940467388573126,9.957747483920382
1041,Ladieswear || Vest top || Blouses || Brown || Solid,Ladieswear,Vest top,Blouses,Brown,Solid,0.9713942712319807,8.820177163594067,3.230769230769231,52,false,true,true,2.1191860328248495,7.324358974358976
1042,Ladieswear || Blouse || Blouses || White || Contrast,Ladieswear,Blouse,Blouses,White,Contrast,1.7827035662221888,8.809167200633993,0.9230769230769231,43,false,true,true,2.5609967831457134,11.948717948717949
1043,Ladieswear || Bag || Accessories || Black || All over pattern,Ladieswear,Bag,Accessories,Black,All over pattern,1.0040980375601947,8.806947530930405,4.461538461538462,46,false,true,true,2.512305623976115,11.333333333333334
1044,Sport || Trousers || Jersey Fancy || Grey || Melange,Sport,Trousers,Jersey Fancy,Grey,Melange,0.6704190478551743,8.805573385336249,2.5384615384615383,52,false,false,true,1.3437347467010947,2.8333333333333335
1045,Ladieswear || Dress || Jersey Fancy || Red || All over pattern,Ladieswear,Dress,Jersey Fancy,Red,All over pattern,0.9122700775130562,8.80086940340069,2.0,52,false,true,true,2.605534637576615,12.538461538461538
1046,Divided || Skirt || Skirts || White || Solid,Divided,Skirt,Skirts,White,Solid,1.0431821983724265,8.790511135968828,1.2307692307692308,44,false,true,true,,
1047,Divided || Dress || Dresses Ladies || Blue || All over pattern,Divided,Dress,Dresses Ladies,Blue,All over pattern,1.059661837354641,8.77676365503408,17.46153846153846,52,true,true,true,2.1436584812281017,7.530589611626766
1048,Ladieswear || Hair string || Accessories || Beige || Solid,Ladieswear,Hair string,Accessories,Beige,Solid,5.679444444444444,8.772201495466378,1.7692307692307692,35,false,true,true,2.1822989271195437,7.866666666666667
1049,Ladieswear || Sweater || Knitwear || Green || Stripe,Ladieswear,Sweater,Knitwear,Green,Stripe,1.029117881444247,8.770825500144705,1.3076923076923077,50,false,true,true,2.738355550597539,14.461538461538462
1050,Menswear || Sweater || Jersey Basic || Yellow || Solid,Menswear,Sweater,Jersey Basic,Yellow,Solid,0.9788000202870619,8.763301426978465,0.38461538461538464,40,false,true,true,,
1051,Ladieswear || T-shirt || Jersey Fancy || Unknown || Solid,Ladieswear,T-shirt,Jersey Fancy,Unknown,Solid,0.8884823379778672,8.747904717431986,2.3076923076923075,52,false,true,true,3.0075214813084545,19.237179487179485
1052,Divided || Dress || Dresses Ladies || Khaki green || All over pattern,Divided,Dress,Dresses Ladies,Khaki green,All over pattern,0.6017258177812416,8.747366701927135,3.6153846153846154,52,false,false,true,1.716335707410813,4.564102564102563
1053,Ladieswear || T-shirt || Jersey Basic || Red || Solid,Ladieswear,T-shirt,Jersey Basic,Red,Solid,0.7345105590475297,8.7467006988307,2.1538461538461537,52,false,false,true,,
1054,Divided || Sweater || Jersey Fancy || White || Front print,Divided,Sweater,Jersey Fancy,White,Front print,0.8956147300353746,8.744496169073381,3.5384615384615383,52,false,true,true,2.226700395469173,8.26923076923077
1055,Divided || Dungarees || Shorts || Blue || Solid,Divided,Dungarees,Shorts,Blue,Solid,1.41606791360669,8.737286784586104,5.769230769230769,52,false,true,true,1.9645988903916558,6.1320512820512825
1056,Menswear || Swimwear bottom || Swimwear || Turquoise || All over pattern,Menswear,Swimwear bottom,Swimwear,Turquoise,All over pattern,0.715680007867047,8.72932553418261,1.6923076923076923,45,false,false,true,2.562975023157819,11.974358974358973
1057,Ladieswear || Vest top || Jersey Fancy || Beige || All over pattern,Ladieswear,Vest top,Jersey Fancy,Beige,All over pattern,1.2565311341410774,8.713325361161576,2.3846153846153846,52,false,true,true,1.3958638121360414,3.0384615384615383
1058,Ladieswear || Sweater || Knitwear || Beige || Melange,Ladieswear,Sweater,Knitwear,Beige,Melange,0.6907731710657827,8.700377880333965,19.615384615384617,52,true,false,true,2.0918655808338693,7.100012305168704
1059,Ladieswear || Blouse || Blouses || Orange || Solid,Ladieswear,Blouse,Blouses,Orange,Solid,1.242876311941671,8.696117078604551,8.76923076923077,52,false,true,true,2.4335915970448143,10.399751957444265
1060,Menswear || Swimwear bottom || Swimwear || Red || Solid,Menswear,Swimwear bottom,Swimwear,Red,Solid,0.8648742990827731,8.683781077533236,2.0,41,false,true,true,2.2633643798407643,8.615384615384615
1061,Sport || T-shirt || Jersey Fancy || Pink || Solid,Sport,T-shirt,Jersey Fancy,Pink,Solid,0.5538191917454351,8.680893493979283,1.0,52,false,false,true,1.7788560643921472,4.923076923076923
1062,Ladieswear || Shorts || Trousers || Khaki green || Solid,Ladieswear,Shorts,Trousers,Khaki green,Solid,1.0196886042509992,8.650373403586118,3.3076923076923075,50,false,true,true,1.148622709242771,2.1538461538461537
1063,Divided || Dress || Dresses Ladies || Grey || Solid,Divided,Dress,Dresses Ladies,Grey,Solid,0.8255676907037637,8.634153352236867,5.0,47,false,false,true,2.5850935489316003,12.264529914529916
1064,Ladieswear || Top || Jersey Fancy || White || Front print,Ladieswear,Top,Jersey Fancy,White,Front print,1.7793765262297048,8.619504738221682,1.3076923076923077,52,false,true,true,0.9162907318741551,1.5
1065,Ladieswear || Cardigan || Knitwear || Mole || Melange,Ladieswear,Cardigan,Knitwear,Mole,Melange,0.8061215294730599,8.604018542390886,3.769230769230769,46,false,false,true,3.056708769101656,20.257478632478637
1066,Divided || T-shirt || Jersey Fancy || Beige || All over pattern,Divided,T-shirt,Jersey Fancy,Beige,All over pattern,1.1496882461422222,8.601717159625068,3.4615384615384617,52,false,true,true,,
1067,Divided || Skirt || Trousers || Black || Solid,Divided,Skirt,Trousers,Black,Solid,1.0117949319029391,8.594766219383011,2.5384615384615383,52,false,true,true,2.9157771943161035,17.46315628815629
1068,Ladieswear || Sweater || Jersey Basic || Blue || Solid,Ladieswear,Sweater,Jersey Basic,Blue,Solid,1.0306475531389026,8.559783991635573,1.0,24,false,true,false,2.5560339938035845,11.884615384615387
1069,Ladieswear || Sunglasses || Accessories || Pink || Solid,Ladieswear,Sunglasses,Accessories,Pink,Solid,1.0727738535807456,8.555953830614413,4.615384615384615,52,false,true,true,1.8329916360264151,5.2525641025641026
1070,Ladieswear || Skirt || Skirts || Mole || Solid,Ladieswear,Skirt,Skirts,Mole,Solid,1.6035747021081574,8.536675914316273,1.3846153846153846,49,false,true,true,0.7672551527136672,1.1538461538461537
1071,Divided || Hoodie || Jersey Basic || Orange || Solid,Divided,Hoodie,Jersey Basic,Orange,Solid,1.0535657457019618,8.536356031886488,1.8461538461538463,52,false,true,true,2.487041122316633,11.025641025641026
1072,Ladieswear || Other shoe || Shoes || Black || Solid,Ladieswear,Other shoe,Shoes,Black,Solid,0.5483414763700653,8.5174497819361,5.076923076923077,52,false,false,true,1.9932165686802297,6.339102564102564
1073,"Ladieswear || Bra || Under-, Nightwear || Grey || Contrast",Ladieswear,Bra,"Under-, Nightwear",Grey,Contrast,1.017785995498992,8.505406879080573,4.076923076923077,52,false,true,true,1.8658674413817768,5.461538461538462
1074,Divided || Dress || Jersey Basic || Yellow || Solid,Divided,Dress,Jersey Basic,Yellow,Solid,0.9256666323483991,8.494483892013431,1.6153846153846154,50,false,true,true,3.565189584334205,34.346153846153854
1075,Divided || Hoodie || Outdoor || Black || Solid,Divided,Hoodie,Outdoor,Black,Solid,0.9659788278613073,8.49315492458303,2.3076923076923075,51,false,true,true,1.3117918338219696,2.712820512820513
1076,Ladieswear || Hoodie || Jersey Fancy || Beige || Solid,Ladieswear,Hoodie,Jersey Fancy,Beige,Solid,1.062630602361044,8.484017582366516,3.0,40,false,true,true,1.9613579801008298,6.108974358974358
1077,Ladieswear || Sweater || Knitwear || Grey || Solid,Ladieswear,Sweater,Knitwear,Grey,Solid,0.7230774635251193,8.477452455672399,4.538461538461538,52,false,false,true,2.082766704274737,7.026645576645578
1078,Menswear || T-shirt || Jersey Fancy || Beige || Placement print,Menswear,T-shirt,Jersey Fancy,Beige,Placement print,,8.469066609253659,2.6153846153846154,20,false,false,false,2.6652739682241258,13.371886446886444
1079,Ladieswear || Top || Jersey Fancy || Khaki green || Embroidery,Ladieswear,Top,Jersey Fancy,Khaki green,Embroidery,1.6574124132082468,8.4615608792732,1.5384615384615385,40,false,true,true,2.1400661634962708,7.5
1080,Divided || Top || Jersey Basic || Yellow || Stripe,Divided,Top,Jersey Basic,Yellow,Stripe,1.1604683468942252,8.456496214612088,1.7692307692307692,52,false,true,true,1.2636920390275583,2.5384615384615388
1081,Divided || Jacket || Outdoor || White || Solid,Divided,Jacket,Outdoor,White,Solid,0.691044159170851,8.454875498178318,3.076923076923077,52,false,false,true,2.327715383398013,9.254487179487178
1082,Divided || Swimsuit || Swimwear || Black || Solid,Divided,Swimsuit,Swimwear,Black,Solid,1.6577884697998109,8.4513822328139,2.6923076923076925,50,false,true,true,1.3387053982960928,2.8141025641025643
1083,Ladieswear || Heeled sandals || Shoes || Metal || Solid,Ladieswear,Heeled sandals,Shoes,Metal,Solid,1.21429493198293,8.448838258807887,3.6153846153846154,36,false,true,true,3.009862735897704,19.284615384615382
1084,Sport || Leggings/Tights || Jersey Fancy || Blue || Solid,Sport,Leggings/Tights,Jersey Fancy,Blue,Solid,0.8441283183353837,8.432776497847039,0.9230769230769231,48,false,false,true,2.3731152437998837,9.730769230769232
1085,Ladieswear || Skirt || Shorts || Black || Solid,Ladieswear,Skirt,Shorts,Black,Solid,1.0439987835227298,8.42995886144017,1.6923076923076923,51,false,true,true,2.4117843849590375,10.153846153846152
1086,"Ladieswear || Bra || Under-, Nightwear || Pink || Contrast",Ladieswear,Bra,"Under-, Nightwear",Pink,Contrast,1.8237547941660508,8.42468395262294,0.7692307692307693,44,false,true,true,1.7788560643921472,4.923076923076923
1087,Ladieswear || Hair string || Accessories || Black || Solid,Ladieswear,Hair string,Accessories,Black,Solid,0.8018219103404068,8.418351366989942,5.846153846153846,47,false,false,true,2.4144613545416953,10.183744661572714
1088,Ladieswear || Sneakers || Shoes || Black || Solid,Ladieswear,Sneakers,Shoes,Black,Solid,0.7652834505318329,8.417859071493362,14.923076923076923,52,true,false,true,2.1158502444017424,7.296636937194215
1089,Sport || T-shirt || Jersey Fancy || Green || Melange,Sport,T-shirt,Jersey Fancy,Green,Melange,0.8146815416205373,8.399446405586156,3.3076923076923075,52,false,false,true,1.2380025529122474,2.448717948717949
1090,Menswear || Swimwear bottom || Swimwear || Orange || All over pattern,Menswear,Swimwear bottom,Swimwear,Orange,All over pattern,0.9122732040871829,8.399376244616406,1.3846153846153846,24,false,true,false,2.6684738691685097,13.41794871794872
1091,Ladieswear || Top || Jersey Fancy || Black || Lace,Ladieswear,Top,Jersey Fancy,Black,Lace,0.800973363617526,8.395453588461676,5.846153846153846,52,false,false,true,2.3406957227770877,9.388461538461536
1092,Divided || Jacket || Outdoor || Pink || Solid,Divided,Jacket,Outdoor,Pink,Solid,0.8134404862948977,8.394325387032165,11.846153846153847,52,true,false,true,1.5687822263655349,3.8007983469521927
1093,Menswear || Polo shirt || Knitwear || Green || Solid,Menswear,Polo shirt,Knitwear,Green,Solid,0.31923102187668484,8.378074006326012,0.9230769230769231,32,false,false,true,,
1094,Ladieswear || Shorts || Trousers || Beige || All over pattern,Ladieswear,Shorts,Trousers,Beige,All over pattern,1.0670845166976788,8.361997427591849,1.0,47,false,true,true,2.068160197215796,6.910256410256409
1095,Ladieswear || Vest top || Jersey Fancy || White || All over pattern,Ladieswear,Vest top,Jersey Fancy,White,All over pattern,1.0502363209204468,8.34286290041885,1.6923076923076923,38,false,true,true,1.570217199280819,3.8076923076923066
1096,Divided || T-shirt || Jersey Fancy || Grey || Embroidery,Divided,T-shirt,Jersey Fancy,Grey,Embroidery,1.3524700545750936,8.330474264744106,1.6923076923076923,40,false,true,true,2.9776205236109448,18.64102564102564
1097,Divided || Dress || Dresses Ladies || Brown || All over pattern,Divided,Dress,Dresses Ladies,Brown,All over pattern,1.032712735489427,8.325812630393777,6.538461538461538,52,false,true,true,2.833213344056216,16.0
1098,Ladieswear || Bag || Accessories || Beige || Solid,Ladieswear,Bag,Accessories,Beige,Solid,1.069850764106201,8.323683639403729,16.76923076923077,52,true,true,true,2.761288770047268,14.820218439444838
1099,Divided || Vest top || Blouses || Yellow || All over pattern,Divided,Vest top,Blouses,Yellow,All over pattern,1.055612460737839,8.316540137856636,3.769230769230769,52,false,true,true,2.3383481588398745,9.364102564102566
1100,Sport || Socks || Accessories || White || Solid,Sport,Socks,Accessories,White,Solid,0.7874739304068676,8.308352333850577,5.6923076923076925,52,false,false,true,2.2885102033396008,8.860236985236986
1101,Divided || Dress || Jersey Basic || White || Stripe,Divided,Dress,Jersey Basic,White,Stripe,1.0179245283018867,8.30365152653993,1.0,48,false,true,true,0.7672551527136672,1.1538461538461537
1102,Ladieswear || Trousers || Jersey Fancy || Grey || Melange,Ladieswear,Trousers,Jersey Fancy,Grey,Melange,0.6988096667414314,8.284674887730903,7.538461538461538,52,false,false,true,2.8463742217698744,16.225213675213674
1103,Ladieswear || Bikini top || Swimwear || Red || Lace,Ladieswear,Bikini top,Swimwear,Red,Lace,0.8748972157601345,8.230351082806372,2.6923076923076925,52,false,true,true,1.8638813434101473,5.448717948717948
1104,Ladieswear || Skirt || Skirts || Blue || Stripe,Ladieswear,Skirt,Skirts,Blue,Stripe,0.574077841583753,8.223812530076723,2.769230769230769,52,false,false,true,1.745849767923977,4.730769230769231
1105,Ladieswear || Dress || Blouses || Yellow || All over pattern,Ladieswear,Dress,Blouses,Yellow,All over pattern,1.0418555863842458,8.22041130042392,2.923076923076923,33,false,true,true,2.7847737971464,15.196153846153845
1106,Ladieswear || Hair string || Accessories || Red || Solid,Ladieswear,Hair string,Accessories,Red,Solid,0.9805150081094893,8.219433305807012,1.7692307692307692,44,false,true,true,2.6218776330531366,12.761538461538459
1107,Ladieswear || Socks || Socks and Tights || White || Placement print,Ladieswear,Socks,Socks and Tights,White,Placement print,0.9977106227106226,8.210166314805816,2.3076923076923075,29,false,true,true,2.0488973640054513,6.759340659340661
1108,Ladieswear || Jacket || Outdoor || Grey || Solid,Ladieswear,Jacket,Outdoor,Grey,Solid,0.37950795939196125,8.196439922893443,3.769230769230769,52,false,false,true,2.114422333720891,7.284798534798535
1109,Ladieswear || Blouse || Blouses || Blue || All over pattern,Ladieswear,Blouse,Blouses,Blue,All over pattern,0.9310849270243404,8.194403176970582,21.153846153846153,52,true,true,true,2.1831545250663615,7.874256214799692
1110,Sport || Bra || Jersey Fancy || Orange || Solid,Sport,Bra,Jersey Fancy,Orange,Solid,1.2383905334881231,8.17940637208863,2.4615384615384617,52,false,true,true,1.7968745698948256,5.030769230769232
1111,Ladieswear || Hair/alice band || Accessories || Black || Solid,Ladieswear,Hair/alice band,Accessories,Black,Solid,0.8309145795148475,8.17301169893789,14.76923076923077,52,true,false,true,1.965839804932359,6.1409070416762725
1112,Divided || Dress || Dresses Ladies || Yellow || All over pattern,Divided,Dress,Dresses Ladies,Yellow,All over pattern,1.2966705812786614,8.15426655002355,13.692307692307692,52,true,true,true,2.853899143011377,16.355320961090197
1113,Menswear || T-shirt || Jersey Fancy || Blue || Stripe,Menswear,T-shirt,Jersey Fancy,Blue,Stripe,1.0000327952342736,8.146900483444133,3.769230769230769,49,false,true,true,2.0397207034848726,6.6884615384615405
1114,"Ladieswear || Underwear bottom || Under-, Nightwear || Lilac Purple || Solid",Ladieswear,Underwear bottom,"Under-, Nightwear",Lilac Purple,Solid,1.1859809409694269,8.139790244847388,1.8461538461538463,47,false,true,true,2.615147377699069,12.669230769230767
1115,Menswear || Socks || Socks and Tights || Grey || All over pattern,Menswear,Socks,Socks and Tights,Grey,All over pattern,2.3491287621633856,8.111586540358143,5.538461538461538,51,false,true,true,1.8844746003945383,5.582894882894883
1116,Divided || T-shirt || Jersey Fancy || White || All over pattern,Divided,T-shirt,Jersey Fancy,White,All over pattern,2.5736288760939763,8.111066873108184,4.923076923076923,52,false,true,true,1.3476925040547199,2.8485347985347977
1117,Ladieswear || Vest top || Blouses || Green || Solid,Ladieswear,Vest top,Blouses,Green,Solid,0.9690273566934826,8.10109198617496,2.076923076923077,28,false,true,true,1.1884686177899706,2.2820512820512815
1118,Divided || Jumpsuit/Playsuit || Dresses Ladies || Blue || All over pattern,Divided,Jumpsuit/Playsuit,Dresses Ladies,Blue,All over pattern,1.2321298604236204,8.098245351614711,3.0,52,false,true,true,3.0325462466767075,19.750000000000004
1119,Divided || Shirt || Blouses || Khaki green || All over pattern,Divided,Shirt,Blouses,Khaki green,All over pattern,0.8272238408814021,8.091457476950097,0.6923076923076923,41,false,false,true,,
1120,Divided || Trousers || Trousers Denim || Red || Denim,Divided,Trousers,Trousers Denim,Red,Denim,1.0605211781682369,8.086889466331783,1.6923076923076923,50,false,true,true,0.8362480242006186,1.3076923076923075
1121,Ladieswear || Dress || Knitwear || Beige || Solid,Ladieswear,Dress,Knitwear,Beige,Solid,1.4213673231059563,8.084014544851657,3.0,52,false,true,true,1.830528074936468,5.237179487179487
1122,Divided || Dress || Dresses Ladies || White || Embroidery,Divided,Dress,Dresses Ladies,White,Embroidery,1.3244297278196602,8.073518576486315,6.230769230769231,52,false,true,true,1.4271163556401456,3.166666666666666
1123,Ladieswear || T-shirt || Jersey Fancy || Grey || All over pattern,Ladieswear,T-shirt,Jersey Fancy,Grey,All over pattern,2.310861705849666,8.061903666421879,1.6153846153846154,52,false,true,true,1.9622592870568427,6.115384615384615
1124,Menswear || T-shirt || Jersey Fancy || White || Colour blocking,Menswear,T-shirt,Jersey Fancy,White,Colour blocking,1.0410983890210528,8.059990800249635,0.7692307692307693,28,false,true,true,,
1125,Ladieswear || Shirt || Blouses || Blue || Melange,Ladieswear,Shirt,Blouses,Blue,Melange,1.0027833628713232,8.058877763058883,0.9230769230769231,46,false,true,true,3.464533256833966,30.961538461538456
1126,Ladieswear || Trousers || Trousers || Mole || Solid,Ladieswear,Trousers,Trousers,Mole,Solid,0.9447742874669527,8.054598213832401,6.461538461538462,52,false,true,true,2.925074948558731,17.635622710622712
1127,Ladieswear || Necklace || Accessories || White || Solid,Ladieswear,Necklace,Accessories,White,Solid,0.8231042614614604,8.051586065127571,7.538461538461538,52,false,false,true,1.9638453302124774,6.126678876678875
1128,Ladieswear || Sweater || Knitwear || Brown || Melange,Ladieswear,Sweater,Knitwear,Brown,Melange,1.0090939569189505,8.04967818262472,6.923076923076923,51,false,true,true,1.0015270300696884,1.722435897435897
1129,Divided || Top || Knitwear || White || Solid,Divided,Top,Knitwear,White,Solid,0.9537822552138565,8.049062776272583,1.3076923076923077,50,false,true,true,3.4139364074395853,29.384615384615387
1130,Ladieswear || Dress || Blouses || Brown || Solid,Ladieswear,Dress,Blouses,Brown,Solid,0.9623610768090888,8.037652713842895,2.923076923076923,51,false,true,true,2.7592793908710007,14.788461538461537
1131,Divided || Jacket || Outdoor || Khaki green || Solid,Divided,Jacket,Outdoor,Khaki green,Solid,0.7785524898209982,8.034843602840338,8.692307692307692,52,false,false,true,1.436653153061949,3.206593406593406
1132,"Ladieswear || Underwear body || Under-, Nightwear || Orange || Solid",Ladieswear,Underwear body,"Under-, Nightwear",Orange,Solid,1.0700241753758202,8.026065948061268,3.0,50,false,true,true,2.623832122018193,12.788461538461538
1133,Divided || Jumpsuit/Playsuit || Dresses Ladies || Red || Solid,Divided,Jumpsuit/Playsuit,Dresses Ladies,Red,Solid,1.0127433305324125,8.02246428619409,2.8461538461538463,52,false,true,true,0.9865819055011761,1.6820512820512818
1134,Ladieswear || Hoodie || Jersey Fancy || Black || Solid,Ladieswear,Hoodie,Jersey Fancy,Black,Solid,0.8860809975565073,8.022086681196145,3.076923076923077,52,false,true,true,2.839228399785977,16.1025641025641
1135,Ladieswear || Sandals || Shoes || Orange || Solid,Ladieswear,Sandals,Shoes,Orange,Solid,1.637105649303008,8.011566108945887,5.230769230769231,51,false,true,true,2.4467937883487942,10.551251526251528
1136,Divided || Sandals || Shoes || Black || Solid,Divided,Sandals,Shoes,Black,Solid,0.8124532080594842,7.980022361348004,3.076923076923077,50,false,false,true,2.7609021092798196,14.814102564102564
1137,Ladieswear || Skirt || Skirts || Orange || Solid,Ladieswear,Skirt,Skirts,Orange,Solid,1.3011505752876438,7.9715274619258665,0.46153846153846156,41,false,true,true,3.136608422172553,22.025641025641026
1138,Ladieswear || Skirt || Skirts || Yellow || Solid,Ladieswear,Skirt,Skirts,Yellow,Solid,0.8506249730723143,7.968648756222365,5.538461538461538,52,false,true,true,2.5712551595920647,12.082234432234431
1139,Ladieswear || Coat || Outdoor || Khaki green || Solid,Ladieswear,Coat,Outdoor,Khaki green,Solid,0.5128847187531445,7.964505174198239,2.1538461538461537,47,false,false,true,2.264696825074543,8.62820512820513
1140,Divided || Skirt || Skirts || Black || Check,Divided,Skirt,Skirts,Black,Check,0.44121345367654285,7.942392881384473,6.615384615384615,52,false,false,true,3.4874046096067666,31.700965700965703
1141,Ladieswear || Blazer || Dressed || White || Stripe,Ladieswear,Blazer,Dressed,White,Stripe,0.9544802320256448,7.940289549394418,0.7692307692307693,44,false,true,true,4.071434547893134,57.64102564102562
1142,Menswear || Socks || Socks and Tights || Green || All over pattern,Menswear,Socks,Socks and Tights,Green,All over pattern,1.0071308414181277,7.936180362965247,1.6923076923076923,49,false,true,true,2.5164550075229264,11.384615384615387
1143,Ladieswear || Blouse || Blouses || Brown || All over pattern,Ladieswear,Blouse,Blouses,Brown,All over pattern,0.9152932184450933,7.9295433866185,8.0,52,false,true,true,1.809646236011125,5.108286158286159
1144,Divided || Hair/alice band || Accessories || Orange || Solid,Divided,Hair/alice band,Accessories,Orange,Solid,,7.928976828998497,2.3846153846153846,21,false,false,false,1.9848842834870888,6.278205128205128
1145,Menswear || T-shirt || Jersey Fancy || Blue || All over pattern,Menswear,T-shirt,Jersey Fancy,Blue,All over pattern,1.001626651233614,7.921139138566337,3.3076923076923075,47,false,true,true,2.474319669430091,10.873626373626376
1146,Menswear || Trousers || Jersey Basic || Grey || Melange,Menswear,Trousers,Jersey Basic,Grey,Melange,1.1717788782518723,7.91192773268744,7.538461538461538,52,false,true,true,2.47701027243349,10.905616605616606
1147,Divided || Vest top || Jersey Basic || Red || Solid,Divided,Vest top,Jersey Basic,Red,Solid,0.8363160539237084,7.901150954084185,0.6923076923076923,42,false,false,true,2.7097581434473663,14.025641025641027
1148,Ladieswear || Cardigan || Knitwear || Blue || Melange,Ladieswear,Cardigan,Knitwear,Blue,Melange,1.4502217769261638,7.889351160907145,1.1538461538461537,50,false,true,true,0.4307829160924542,0.5384615384615383
1149,Sport || T-shirt || Jersey Fancy || Blue || Melange,Sport,T-shirt,Jersey Fancy,Blue,Melange,0.9127946085212778,7.864943048072277,2.076923076923077,52,false,true,true,1.9378188949084736,5.943589743589744
1150,"Divided || Underwear bottom || Under-, Nightwear || Pink || All over pattern",Divided,Underwear bottom,"Under-, Nightwear",Pink,All over pattern,1.041184395813511,7.849809192486974,1.5384615384615385,44,false,true,true,,
1151,Ladieswear || Socks || Socks and Tights || White || Stripe,Ladieswear,Socks,Socks and Tights,White,Stripe,1.0529742105982596,7.8339307941260685,1.6923076923076923,42,false,true,true,2.5889201047206267,12.315384615384614
1152,Divided || Hoodie || Jersey Fancy || Black || Placement print,Divided,Hoodie,Jersey Fancy,Black,Placement print,1.030112704560522,7.811974534399107,2.1538461538461537,52,false,true,true,3.1276598165965392,21.820512820512825
1153,Sport || Vest top || Jersey Fancy || Grey || Solid,Sport,Vest top,Jersey Fancy,Grey,Solid,1.2055207052497763,7.811466808238714,1.0,52,false,true,true,3.6827710924108574,38.75641025641026
1154,Menswear || Shirt || Shirts || White || All over pattern,Menswear,Shirt,Shirts,White,All over pattern,0.8675325245825043,7.8041116382390765,5.153846153846154,49,false,true,true,2.4950780335417333,11.12267945729484
1155,Sport || Bikini top || Accessories || Black || Solid,Sport,Bikini top,Accessories,Black,Solid,1.1009476323629206,7.802990586663272,2.6153846153846154,52,false,true,true,1.9453605475025946,5.996153846153846
1156,Sport || Vest top || Jersey Fancy || Red || Solid,Sport,Vest top,Jersey Fancy,Red,Solid,0.9664960037867149,7.790434821840927,3.0,52,false,true,true,1.60171586634019,3.9615384615384617
1157,Ladieswear || Dress || Blouses || Black || Dot,Ladieswear,Dress,Blouses,Black,Dot,1.1582972688644113,7.789924363617061,3.076923076923077,46,false,true,true,2.062471437461374,6.865384615384614
1158,Ladieswear || Dress || Blouses || Blue || Denim,Ladieswear,Dress,Blouses,Blue,Denim,0.8588130432260607,7.78069540084029,8.923076923076923,52,false,true,true,2.1428699043186654,7.523865237326776
1159,Ladieswear || Sarong || Swimwear || Black || Placement print,Ladieswear,Sarong,Swimwear,Black,Placement print,0.9202579849875631,7.772167979042457,1.7692307692307692,42,false,true,true,2.687324070585093,13.692307692307692
1160,Menswear || Trousers || Trousers Denim || Green || Denim,Menswear,Trousers,Trousers Denim,Green,Denim,0.9767963684987806,7.770655620943478,1.0,52,false,true,true,2.332890442489375,9.30769230769231
1161,Divided || Sweater || Knitwear || Khaki green || Solid,Divided,Sweater,Knitwear,Khaki green,Solid,0.6089198343543812,7.744736355771286,5.384615384615385,52,false,false,true,3.0013528951115886,19.112728937728935
1162,Ladieswear || Bikini top || Swimwear || Grey || All over pattern,Ladieswear,Bikini top,Swimwear,Grey,All over pattern,0.5583923044508058,7.733100943420487,1.0769230769230769,48,false,false,true,,
1163,Ladieswear || Blouse || Blouses || Yellow || Stripe,Ladieswear,Blouse,Blouses,Yellow,Stripe,1.0703274479285425,7.723371643532946,2.769230769230769,51,false,true,true,1.5349353851361793,3.6410256410256414
1164,Menswear || Shorts || Shorts || Mole || Solid,Menswear,Shorts,Shorts,Mole,Solid,2.0567579188763077,7.722223473968775,1.3076923076923077,41,false,true,true,2.56198639233088,11.961538461538463
1165,Menswear || T-shirt || Jersey Basic || White || Stripe,Menswear,T-shirt,Jersey Basic,White,Stripe,1.0738327546791928,7.687647181200859,1.0,52,false,true,true,,
1166,Divided || Vest top || Jersey Fancy || Pink || Solid,Divided,Vest top,Jersey Fancy,Pink,Solid,1.138833241410883,7.683871866672515,3.0,52,false,true,true,2.4661419452021014,10.776923076923078
1167,Ladieswear || Ballerinas || Shoes || Beige || Solid,Ladieswear,Ballerinas,Shoes,Beige,Solid,1.2455325113435045,7.6828425894094,4.3076923076923075,52,false,true,true,2.0806313098154248,7.0095238095238095
1168,Ladieswear || Bag || Accessories || Khaki green || Solid,Ladieswear,Bag,Accessories,Khaki green,Solid,0.5919280975996137,7.67025391376322,2.3846153846153846,52,false,false,true,2.7296109602087877,14.326923076923077
1169,Ladieswear || Trousers || Jersey Fancy || Khaki green || Solid,Ladieswear,Trousers,Jersey Fancy,Khaki green,Solid,0.8264128991186188,7.655317582483251,4.0,48,false,false,true,2.552545328416281,11.83974358974359
1170,Divided || Dress || Dresses Ladies || Lilac Purple || Check,Divided,Dress,Dresses Ladies,Lilac Purple,Check,,7.654064417679056,1.5384615384615385,19,false,false,false,2.9122809854872944,17.398717948717948
1171,Divided || Skirt || Trousers || Mole || Solid,Divided,Skirt,Trousers,Mole,Solid,,7.641653295249057,2.769230769230769,26,false,false,true,2.4328258209051143,10.391025641025642
1172,Menswear || Trousers || Trousers Denim || Grey || Denim,Menswear,Trousers,Trousers Denim,Grey,Denim,1.0210678343928408,7.634887355582434,13.76923076923077,52,true,true,true,2.3080498259811204,9.054796918767506
1173,Ladieswear || Vest top || Knitwear || White || Solid,Ladieswear,Vest top,Knitwear,White,Solid,0.7830578623696995,7.633910288783465,4.769230769230769,52,false,false,true,1.0998935188241583,2.0038461538461543
1174,Divided || Top || Jersey Fancy || Black || All over pattern,Divided,Top,Jersey Fancy,Black,All over pattern,0.8763647533387849,7.631485580917365,7.153846153846154,52,false,true,true,2.536440299903183,11.634615384615383
1175,Divided || Vest top || Blouses || Yellow || Solid,Divided,Vest top,Blouses,Yellow,Solid,1.2091849438269777,7.614726889317765,2.769230769230769,52,false,true,true,2.115019038601741,7.2897435897435905
1176,Ladieswear || Sweater || Jersey Fancy || Blue || Stripe,Ladieswear,Sweater,Jersey Fancy,Blue,Stripe,2.1676043825880957,7.6102549409529665,1.0769230769230769,43,false,true,true,,
1177,Divided || Skirt || Skirts || Khaki green || All over pattern,Divided,Skirt,Skirts,Khaki green,All over pattern,0.7540714632960622,7.604957037004612,0.8461538461538461,41,false,false,true,,
1178,"Ladieswear || Sweater || Under-, Nightwear || Pink || Solid",Ladieswear,Sweater,"Under-, Nightwear",Pink,Solid,0.943256506345761,7.599456151316804,1.5384615384615385,50,false,true,true,2.6390573296152584,12.999999999999996
1179,Ladieswear || Swimwear bottom || Swimwear || Grey || All over pattern,Ladieswear,Swimwear bottom,Swimwear,Grey,All over pattern,0.6377422072451558,7.599142251050443,1.5384615384615385,51,false,false,true,,
1180,Menswear || Belt || Accessories || Black || Solid,Menswear,Belt,Accessories,Black,Solid,1.0334639088958666,7.593005845797325,10.0,52,true,true,true,2.1834156071491386,7.876573426573424
1181,Ladieswear || Heeled sandals || Shoes || White || Solid,Ladieswear,Heeled sandals,Shoes,White,Solid,1.242073531084137,7.587763328648883,2.6923076923076925,44,false,true,true,3.2083591798432747,23.738461538461543
1182,"Divided || Socks || Under-, Nightwear || Black || Solid",Divided,Socks,"Under-, Nightwear",Black,Solid,0.921767803010158,7.584457453695883,1.0,47,false,true,true,1.5834624260308396,3.8717948717948714
1183,Divided || Top || Jersey Fancy || Red || Solid,Divided,Top,Jersey Fancy,Red,Solid,0.739583611431444,7.568614516735201,4.461538461538462,52,false,false,true,2.644263534003679,13.073076923076924
1184,Ladieswear || Ballerinas || Shoes || Beige || All over pattern,Ladieswear,Ballerinas,Shoes,Beige,All over pattern,1.0013189935064934,7.563711749311707,3.076923076923077,33,false,true,true,1.7323360487572543,4.653846153846154
1185,Ladieswear || T-shirt || Knitwear || White || Solid,Ladieswear,T-shirt,Knitwear,White,Solid,,7.553712062783696,2.3076923076923075,42,false,false,true,2.456735772821304,10.666666666666666
1186,Menswear || Shirt || Shirts || Turquoise || Solid,Menswear,Shirt,Shirts,Turquoise,Solid,0.979582985821518,7.5452503760591565,0.15384615384615385,25,false,true,false,2.5133445851085336,11.346153846153843
1187,Ladieswear || Trousers || Trousers || Grey || Check,Ladieswear,Trousers,Trousers,Grey,Check,0.7508304944607964,7.541701492522371,6.153846153846154,52,false,false,true,2.2794689233669394,8.771489621489621
1188,Ladieswear || Skirt || Jersey Fancy || Orange || Solid,Ladieswear,Skirt,Jersey Fancy,Orange,Solid,,7.533655040190968,3.230769230769231,45,false,false,true,2.417743604978125,10.220512820512822
1189,Divided || Blouse || Blouses || Green || Solid,Divided,Blouse,Blouses,Green,Solid,1.2758266767816502,7.53017291251791,1.1538461538461537,43,false,true,true,2.3390900903689,9.371794871794872
1190,Divided || Other accessories || Accessories || Beige || Solid,Divided,Other accessories,Accessories,Beige,Solid,1.0575787994378638,7.5224858805975305,1.6153846153846154,48,false,true,true,2.7308648788683816,14.346153846153848
1191,Ladieswear || Top || Jersey Fancy || Brown || All over pattern,Ladieswear,Top,Jersey Fancy,Brown,All over pattern,,7.517683127358337,0.3076923076923077,32,false,false,true,0.07410797215372189,0.07692307692307696
1192,Menswear || T-shirt || Jersey Fancy || Grey || All over pattern,Menswear,T-shirt,Jersey Fancy,Grey,All over pattern,1.0436443808292548,7.516861515715565,0.7692307692307693,23,false,true,false,,
1193,Ladieswear || Sweater || Jersey Fancy || Pink || Solid,Ladieswear,Sweater,Jersey Fancy,Pink,Solid,0.9092732987498561,7.490673309255893,3.4615384615384617,52,false,true,true,2.3419290727114275,9.40128205128205
1194,Divided || Sweater || Knitwear || White || Melange,Divided,Sweater,Knitwear,White,Melange,1.184706328670877,7.488429255545217,2.0,52,false,true,true,2.1886408336448278,7.923076923076922
1195,Ladieswear || Dress || Dresses Ladies || White || Jacquard,Ladieswear,Dress,Dresses Ladies,White,Jacquard,1.1497647243275642,7.466665551102599,3.076923076923077,44,false,true,true,1.8658674413817768,5.461538461538462
1196,Divided || Vest top || Jersey Fancy || Red || Placement print,Divided,Vest top,Jersey Fancy,Red,Placement print,1.0839580209895052,7.4581775090084275,1.3076923076923077,51,false,true,true,1.032362903126909,1.8076923076923075
1197,Ladieswear || Swimsuit || Swimwear || Orange || All over pattern,Ladieswear,Swimsuit,Swimwear,Orange,All over pattern,0.5310971706567661,7.45419232694822,1.0,47,false,false,true,0.26826398659467937,0.3076923076923077
1198,Menswear || Shorts || Shorts || Black || All over pattern,Menswear,Shorts,Shorts,Black,All over pattern,0.7746182961252245,7.452609559097462,1.4615384615384615,36,false,false,true,,
1199,Divided || Skirt || Skirts || Blue || Solid,Divided,Skirt,Skirts,Blue,Solid,1.1324366270046557,7.439916011695178,1.4615384615384615,52,false,true,true,2.290979546873738,8.884615384615387
1200,Ladieswear || Top || Jersey Fancy || White || Embroidery,Ladieswear,Top,Jersey Fancy,White,Embroidery,1.7117886290818618,7.427789286736964,1.2307692307692308,47,false,true,true,2.78690877601453,15.230769230769234
1201,Sport || Leggings/Tights || Jersey Fancy || Blue || Colour blocking,Sport,Leggings/Tights,Jersey Fancy,Blue,Colour blocking,1.367024550365862,7.389880030297164,1.3076923076923077,52,false,true,true,0.9162907318741551,1.5
1202,Ladieswear || Sweater || Knitwear || Orange || Solid,Ladieswear,Sweater,Knitwear,Orange,Solid,0.4928499377433316,7.383061260223135,7.0,52,false,false,true,1.9575377333339385,6.0818681318681325
1203,Ladieswear || Vest top || Jersey Fancy || Grey || Melange,Ladieswear,Vest top,Jersey Fancy,Grey,Melange,0.8257939519681468,7.381343897435832,1.1538461538461537,52,false,false,true,2.6353876007262964,12.948717948717952
1204,Ladieswear || Dress || Knitwear || Black || Solid,Ladieswear,Dress,Knitwear,Black,Solid,1.1896566405153528,7.360751601856,5.153846153846154,52,false,true,true,2.049723157108639,6.765750915750915
1205,Ladieswear || Blouse || Blouses || Beige || Jacquard,Ladieswear,Blouse,Blouses,Beige,Jacquard,1.4149306641279709,7.346475024618455,2.076923076923077,52,false,true,true,2.455636267487887,10.653846153846153
1206,Divided || Dress || Dresses Ladies || Red || Stripe,Divided,Dress,Dresses Ladies,Red,Stripe,1.5959874343440603,7.340942713041484,2.0,51,false,true,true,2.1609624462226833,7.679487179487181
1207,"Divided || Socks || Under-, Nightwear || Pink || All over pattern",Divided,Socks,"Under-, Nightwear",Pink,All over pattern,1.2942157392037055,7.334608044312109,0.8461538461538461,46,false,true,true,2.283167007136944,8.807692307692308
1208,Divided || Dress || Dresses Ladies || Turquoise || Embroidery,Divided,Dress,Dresses Ladies,Turquoise,Embroidery,1.315736758380958,7.333056639749694,5.615384615384615,52,false,true,true,1.907831640480809,5.738461538461539
1209,Divided || Sweater || Jersey Fancy || Grey || Embroidery,Divided,Sweater,Jersey Fancy,Grey,Embroidery,1.2563031688464916,7.322927673465321,2.8461538461538463,52,false,true,true,2.2445212920392845,8.435897435897436
1210,Ladieswear || Heeled sandals || Shoes || Pink || Solid,Ladieswear,Heeled sandals,Shoes,Pink,Solid,1.455605478395991,7.311127599489488,3.3846153846153846,39,false,true,true,2.7860395199639045,15.216666666666669
1211,Ladieswear || Ballerinas || Shoes || Brown || Solid,Ladieswear,Ballerinas,Shoes,Brown,Solid,1.717189525363852,7.308396111524843,7.230769230769231,52,false,true,true,2.296642562659271,8.940750915750915
1212,Divided || T-shirt || Jersey Fancy || Grey || Melange,Divided,T-shirt,Jersey Fancy,Grey,Melange,1.1077300285958769,7.308369298802333,4.076923076923077,52,false,true,true,1.629743178594846,4.102564102564102
1213,Ladieswear || Sweater || Knitwear || Pink || Melange,Ladieswear,Sweater,Knitwear,Pink,Melange,0.498491712504663,7.286081758331223,4.846153846153846,52,false,false,true,1.4286536349590322,3.1730769230769234
1214,Divided || Blouse || Blouses || Yellow || Solid,Divided,Blouse,Blouses,Yellow,Solid,1.5205205205205206,7.250129085614722,0.5384615384615384,41,false,true,true,2.679439667060944,13.576923076923075
1215,Divided || Sweater || Knitwear || Red || Other structure,Divided,Sweater,Knitwear,Red,Other structure,1.0,7.244573051383684,1.0,47,false,true,true,1.5459245067117746,3.6923076923076925
1216,Divided || Vest top || Jersey Basic || Lilac Purple || Solid,Divided,Vest top,Jersey Basic,Lilac Purple,Solid,0.9709699930216329,7.239517333342862,2.923076923076923,24,false,true,false,2.3463565796365824,9.447435897435899
1217,"Ladieswear || Pyjama set || Under-, Nightwear || Grey || Front print",Ladieswear,Pyjama set,"Under-, Nightwear",Grey,Front print,1.084875585092886,7.228737898551719,1.0769230769230769,33,false,true,true,3.13382057537112,21.961538461538463
1218,Divided || Jacket || Unknown || Beige || Solid,Divided,Jacket,Unknown,Beige,Solid,,7.227564718220163,1.2307692307692308,40,false,false,true,1.6521043587530033,4.217948717948718
1219,Ladieswear || Shorts || Trousers || White || All over pattern,Ladieswear,Shorts,Trousers,White,All over pattern,1.0881540074335272,7.225540252749976,1.6153846153846154,47,false,true,true,2.147579346847054,7.564102564102566
1220,"Ladieswear || Pyjama set || Under-, Nightwear || Black || All over pattern",Ladieswear,Pyjama set,"Under-, Nightwear",Black,All over pattern,0.8221164357138016,7.222765949599449,3.4615384615384617,52,false,false,true,1.2627858314440201,2.53525641025641
1221,"Ladieswear || Underdress || Under-, Nightwear || Black || Solid",Ladieswear,Underdress,"Under-, Nightwear",Black,Solid,0.8819333085541337,7.18836142939249,2.6153846153846154,52,false,true,true,1.864080130807681,5.45
1222,Ladieswear || Other accessories || Accessories || Pink || Solid,Ladieswear,Other accessories,Accessories,Pink,Solid,1.120751900438906,7.187685180123953,5.3076923076923075,52,false,true,true,2.0792229863298237,6.9982517482517475
1223,Ladieswear || Skirt || Skirts || Black || Check,Ladieswear,Skirt,Skirts,Black,Check,0.7550014840066078,7.184783710904306,4.230769230769231,52,false,false,true,1.4348228479360041,3.198901098901098
1224,Ladieswear || Dress || Blouses || White || Stripe,Ladieswear,Dress,Blouses,White,Stripe,1.018317277843424,7.179802253867241,4.384615384615385,50,false,true,true,1.7774636297276225,4.914835164835166
1225,Ladieswear || Hair clip || Accessories || Metal || Solid,Ladieswear,Hair clip,Accessories,Metal,Solid,0.4277161788469003,7.173968883712934,1.4615384615384615,46,false,false,true,2.370269416397577,9.700274725274726
1226,Ladieswear || Scarf || Accessories || Yellow || All over pattern,Ladieswear,Scarf,Accessories,Yellow,All over pattern,0.5403475012846674,7.165681033133051,2.230769230769231,47,false,false,true,2.3885275227947704,9.897435897435898
1227,Ladieswear || Dress || Blouses || White || All over pattern,Ladieswear,Dress,Blouses,White,All over pattern,1.0824957455745783,7.164067315504042,11.846153846153847,52,true,true,true,1.8060580527289862,5.0864077832939465
1228,Ladieswear || Cardigan || Knitwear || Orange || Solid,Ladieswear,Cardigan,Knitwear,Orange,Solid,0.5554530838387072,7.1609480638384895,3.3846153846153846,48,false,false,true,2.813026027391953,15.660256410256405
1229,Divided || Skirt || Skirts || Blue || Check,Divided,Skirt,Skirts,Blue,Check,1.0015793324048698,7.129481074761719,1.5384615384615385,52,false,true,true,1.7896204309793056,4.987179487179487
1230,"Ladieswear || Underwear bottom || Under-, Nightwear || Grey || Stripe",Ladieswear,Underwear bottom,"Under-, Nightwear",Grey,Stripe,1.0305323244391345,7.104663779480633,1.0,45,false,true,true,1.032362903126909,1.8076923076923075
1231,"Ladieswear || Pyjama set || Under-, Nightwear || Black || Dot",Ladieswear,Pyjama set,"Under-, Nightwear",Black,Dot,1.0379557946439013,7.095058403602049,2.0,48,false,true,true,2.6697179820100443,13.435897435897441
1232,Divided || Shorts || Shorts || Beige || All over pattern,Divided,Shorts,Shorts,Beige,All over pattern,0.9416637886375411,7.08623962774055,0.3076923076923077,26,false,true,true,,
1233,Divided || Top || Jersey Basic || Lilac Purple || Solid,Divided,Top,Jersey Basic,Lilac Purple,Solid,,7.065937623836129,1.8461538461538463,20,false,false,false,3.2083591798432747,23.738461538461543
1234,"Ladieswear || Bra || Under-, Nightwear || Pink || Lace",Ladieswear,Bra,"Under-, Nightwear",Pink,Lace,1.1877005853040543,7.06139637029583,6.769230769230769,52,false,true,true,3.1425563361350712,22.16300366300366
1235,Divided || Blouse || Blouses || Green || All over pattern,Divided,Blouse,Blouses,Green,All over pattern,0.999850006865883,7.053461784447302,4.846153846153846,52,false,true,true,2.0962860524595035,7.135897435897435
1236,Divided || Dress || Dresses Ladies || Blue || Stripe,Divided,Dress,Dresses Ladies,Blue,Stripe,1.118170159674992,7.023758775886284,1.6153846153846154,50,false,true,true,2.120263536200091,7.333333333333332
1237,Sport || Shorts || Jersey Fancy || Black || Melange,Sport,Shorts,Jersey Fancy,Black,Melange,0.7254901960784315,7.021359508916023,1.2307692307692308,41,false,false,true,3.7407174719076215,41.128205128205124
1238,Ladieswear || Blouse || Blouses || Black || Embroidery,Ladieswear,Blouse,Blouses,Black,Embroidery,2.234027024772708,7.017212988004626,3.1538461538461537,51,false,true,true,2.235513451684988,8.351282051282052
1239,Ladieswear || Jacket || Outdoor || Brown || Solid,Ladieswear,Jacket,Outdoor,Brown,Solid,0.6183614653185638,7.017037670990895,11.153846153846153,52,true,false,true,1.585865551248625,3.883516483516484
1240,Ladieswear || Dress || Blouses || White || Embroidery,Ladieswear,Dress,Blouses,White,Embroidery,1.366238902301312,7.007040482979214,3.3076923076923075,23,false,true,false,2.9110259302395782,17.375641025641027
1241,Menswear || Shirt || Shirts || Khaki green || Solid,Menswear,Shirt,Shirts,Khaki green,Solid,1.0768828807900852,7.002183473276542,10.153846153846153,52,true,true,true,2.028027409405264,6.599081687543224
1242,Ladieswear || Dress || Jersey Fancy || White || Lace,Ladieswear,Dress,Jersey Fancy,White,Lace,1.5391669677783253,6.98983612460943,3.3076923076923075,52,false,true,true,3.024659630699159,19.586996336996336
1243,Divided || Dress || Unknown || Black || Solid,Divided,Dress,Unknown,Black,Solid,1.3034065189229511,6.9831807374393975,3.1538461538461537,52,false,true,true,2.8184201267105444,15.750366300366299
1244,Ladieswear || Trousers || Jersey Fancy || Black || All over pattern,Ladieswear,Trousers,Jersey Fancy,Black,All over pattern,0.8638401051381399,6.976427225393672,4.923076923076923,52,false,true,true,1.4326832492768327,3.18992673992674
1245,Ladieswear || Dress || Blouses || Blue || Solid,Ladieswear,Dress,Blouses,Blue,Solid,1.0331293205414578,6.972685598595942,16.846153846153847,52,true,true,true,2.165596442913678,7.71980122980262
1246,Divided || Dress || Dresses Ladies || Black || Denim,Divided,Dress,Dresses Ladies,Black,Denim,0.8687008404345212,6.97115067877759,3.6153846153846154,52,false,true,true,1.785973532161011,4.9653846153846155
1247,Menswear || Polo shirt || Knitwear || Beige || Melange,Menswear,Polo shirt,Knitwear,Beige,Melange,0.6123697775739391,6.968893073381858,2.769230769230769,32,false,false,true,1.96135798010083,6.1089743589743595
1248,Ladieswear || Bag || Accessories || Metal || Solid,Ladieswear,Bag,Accessories,Metal,Solid,1.024801360232809,6.960566863599247,2.076923076923077,41,false,true,true,2.1187238900144982,7.320512820512821
1249,Divided || Sweater || Jersey Basic || Orange || Solid,Divided,Sweater,Jersey Basic,Orange,Solid,0.8165618710078094,6.953494529870875,2.3076923076923075,51,false,false,true,1.032362903126909,1.8076923076923075
1250,Divided || Sweater || Knitwear || Mole || Solid,Divided,Sweater,Knitwear,Mole,Solid,1.0012983352531224,6.950804803228905,4.0,52,false,true,true,2.190076584070932,7.935897435897434
1251,Divided || Sweater || Jersey Fancy || Black || Embroidery,Divided,Sweater,Jersey Fancy,Black,Embroidery,0.8506893839717392,6.950254329492668,2.5384615384615383,52,false,true,true,1.8044984950054848,5.076923076923077
1252,Ladieswear || Dress || Jersey Basic || Red || Solid,Ladieswear,Dress,Jersey Basic,Red,Solid,0.5430609411652066,6.948853714741928,1.3846153846153846,50,false,false,true,1.384690511537916,2.993589743589743
1253,"Divided || Underwear bottom || Under-, Nightwear || Red || Solid",Divided,Underwear bottom,"Under-, Nightwear",Red,Solid,1.000208637596495,6.941310993601949,1.0769230769230769,50,false,true,true,1.0986122886681098,2.0000000000000004
1254,Divided || Blouse || Blouses || Red || Solid,Divided,Blouse,Blouses,Red,Solid,1.2039587664980456,6.940468016884157,3.6153846153846154,52,false,true,true,2.526548820692145,11.510256410256408
1255,Ladieswear || Earring || Accessories || Metal || Solid,Ladieswear,Earring,Accessories,Metal,Solid,0.8891478661567571,6.939412699884319,100.0,52,true,true,true,2.2157028510065504,8.167850480620496
1256,Ladieswear || Other accessories || Accessories || Beige || Solid,Ladieswear,Other accessories,Accessories,Beige,Solid,0.9355738947951309,6.938930315822334,1.9230769230769231,43,false,true,true,2.1799827709017134,7.846153846153847
1257,Ladieswear || Vest top || Knitwear || Beige || Solid,Ladieswear,Vest top,Knitwear,Beige,Solid,0.9590521797476035,6.934609540797241,1.6923076923076923,31,false,true,true,2.7637355457028963,14.858974358974361
1258,Divided || Skirt || Trousers || Beige || Solid,Divided,Skirt,Trousers,Beige,Solid,2.056729699666296,6.931423565562114,0.5384615384615384,28,false,true,true,2.6833896392802585,13.634615384615385
1259,Divided || Sweater || Knitwear || Pink || Melange,Divided,Sweater,Knitwear,Pink,Melange,0.9562817387674137,6.922365862158564,1.2307692307692308,50,false,true,true,3.789420683335814,43.23076923076924
1260,Ladieswear || Hair/alice band || Accessories || Black || All over pattern,Ladieswear,Hair/alice band,Accessories,Black,All over pattern,0.9567116748147846,6.914279069143794,7.846153846153846,52,false,true,true,1.9889751171375205,6.3080400378774995
1261,Ladieswear || Cap/peaked || Accessories || Black || Solid,Ladieswear,Cap/peaked,Accessories,Black,Solid,0.7959209344115004,6.909351838264846,2.3076923076923075,44,false,false,true,1.867849602585768,5.4743589743589745
1262,Divided || Shorts || Unknown || Black || Solid,Divided,Shorts,Unknown,Black,Solid,0.6612272464140992,6.897498903374968,0.7692307692307693,20,false,false,false,2.8643962714929043,16.538461538461544
1263,Menswear || Shorts || Jersey Basic || Blue || Solid,Menswear,Shorts,Jersey Basic,Blue,Solid,0.8620540045477078,6.891640455623607,1.7692307692307692,42,false,true,true,2.6289329909496164,12.858974358974358
1264,Divided || Dungarees || Trousers Denim || Black || Denim,Divided,Dungarees,Trousers Denim,Black,Denim,0.8873847069324605,6.886030229768832,1.3076923076923077,50,false,true,true,2.340325420976893,9.384615384615387
1265,Menswear || Socks || Socks and Tights || White || Embroidery,Menswear,Socks,Socks and Tights,White,Embroidery,1.061640988381998,6.882805078922497,2.5384615384615383,46,false,true,true,2.0824133120689936,7.0238095238095255
1266,Divided || Dress || Dresses Ladies || Red || All over pattern,Divided,Dress,Dresses Ladies,Red,All over pattern,0.9714759170898413,6.869982777021353,14.615384615384615,52,true,true,true,2.211639905408966,8.130677569764257
1267,Menswear || T-shirt || Jersey Fancy || Khaki green || All over pattern,Menswear,T-shirt,Jersey Fancy,Khaki green,All over pattern,0.9546525028811945,6.862027658556835,2.5384615384615383,28,false,true,true,2.6517963553926887,13.179487179487184
1268,Divided || Blouse || Blouses || Yellow || All over pattern,Divided,Blouse,Blouses,Yellow,All over pattern,1.1435086898937572,6.851573779822701,5.538461538461538,52,false,true,true,2.391782723078464,9.932967032967031
1269,Divided || Blouse || Blouses || Pink || Solid,Divided,Blouse,Blouses,Pink,Solid,1.1171642299608804,6.84564918784265,7.846153846153846,52,false,true,true,2.189762262626839,7.933089133089133
1270,Ladieswear || Hair string || Accessories || Orange || Solid,Ladieswear,Hair string,Accessories,Orange,Solid,1.0322189916814761,6.842252872123772,2.076923076923077,46,false,true,true,2.6028796009325625,12.502564102564103
1271,Ladieswear || T-shirt || Jersey Fancy || Red || Front print,Ladieswear,T-shirt,Jersey Fancy,Red,Front print,1.0676610795017685,6.8404375912690965,1.0,27,false,true,true,2.4912964478867714,11.076923076923078
1272,Divided || Trousers || Unknown || Black || Solid,Divided,Trousers,Unknown,Black,Solid,0.858787697650257,6.8332037123614215,2.4615384615384617,29,false,true,true,2.3520378668234603,9.506959706959709
1273,Ladieswear || Coat || Outdoor || Black || Solid,Ladieswear,Coat,Outdoor,Black,Solid,0.7965673146125329,6.825828060487593,5.846153846153846,52,false,false,true,0.9876284304516556,1.684859584859585
1274,Divided || Blouse || Blouses || Beige || All over pattern,Divided,Blouse,Blouses,Beige,All over pattern,0.9276387148704311,6.825570264240477,5.384615384615385,52,false,true,true,1.9861165695333538,6.287179487179487
1275,"Ladieswear || Underwear bottom || Under-, Nightwear || Orange || Lace",Ladieswear,Underwear bottom,"Under-, Nightwear",Orange,Lace,2.8984635938543755,6.82445637282088,0.6153846153846154,34,false,true,true,2.2458790654997447,8.448717948717947
1276,Ladieswear || Hair/alice band || Accessories || Yellow || All over pattern,Ladieswear,Hair/alice band,Accessories,Yellow,All over pattern,1.0344790468796936,6.822318426161406,3.0,48,false,true,true,2.048059076659955,6.752838827838827
1277,Divided || Cardigan || Jersey Fancy || Black || Solid,Divided,Cardigan,Jersey Fancy,Black,Solid,0.9004227497630852,6.806772107757289,2.4615384615384617,52,false,true,true,2.3000176974888,8.974358974358976
1278,Ladieswear || Sweater || Knitwear || Blue || Solid,Ladieswear,Sweater,Knitwear,Blue,Solid,0.7800069779414098,6.803944733038071,5.461538461538462,52,false,false,true,2.0505482688402115,6.772161172161172
1279,Ladieswear || Jacket || Outdoor || Blue || Solid,Ladieswear,Jacket,Outdoor,Blue,Solid,1.2267450578824264,6.802205247160524,3.0,52,false,true,true,1.684735652723411,4.3910256410256405
1280,Ladieswear || Dress || Blouses || Red || Solid,Ladieswear,Dress,Blouses,Red,Solid,1.263019130913266,6.792482405995802,7.0,52,false,true,true,2.0302287940621,6.615828615828615
1281,Divided || Dress || Dresses Ladies || Blue || Embroidery,Divided,Dress,Dresses Ladies,Blue,Embroidery,1.6514168072477624,6.774929799627828,3.8461538461538463,52,false,true,true,1.819781949619472,5.170512820512821
1282,Ladieswear || Sweater || Knitwear || Mole || Melange,Ladieswear,Sweater,Knitwear,Mole,Melange,0.8312902640487918,6.768133752012687,12.307692307692308,49,true,false,true,2.252293971642707,8.509525416104363
1283,Ladieswear || Sweater || Knitwear || Yellow || Melange,Ladieswear,Sweater,Knitwear,Yellow,Melange,0.7372162413496044,6.76459918719188,2.5384615384615383,41,false,false,true,1.4021929471876888,3.064102564102564
1284,Ladieswear || Dress || Dresses Ladies || Brown || Solid,Ladieswear,Dress,Dresses Ladies,Brown,Solid,0.9884655613792784,6.764182251835047,0.9230769230769231,49,false,true,true,1.906689435902032,5.730769230769232
1285,Ladieswear || Dress || Dresses Ladies || Black || Stripe,Ladieswear,Dress,Dresses Ladies,Black,Stripe,0.782914667279245,6.749538492256799,2.076923076923077,52,false,false,true,2.941736274818555,17.948717948717945
1286,Ladieswear || Hat/brim || Accessories || Beige || Solid,Ladieswear,Hat/brim,Accessories,Beige,Solid,1.014399890365904,6.742182822672584,10.153846153846153,49,true,true,true,2.2689965862169865,8.669693241055468
1287,Ladieswear || Sweater || Knitwear || Pink || Solid,Ladieswear,Sweater,Knitwear,Pink,Solid,0.8818221737612726,6.735746519821435,12.0,52,true,true,true,2.3706136401674067,9.703958648189417
1288,Divided || Sweater || Knitwear || Pink || Solid,Divided,Sweater,Knitwear,Pink,Solid,0.5674671852139652,6.714331638220224,11.615384615384615,52,true,false,true,2.572124929857482,12.093617920540998
1289,Ladieswear || Dress || Blouses || Yellow || Solid,Ladieswear,Dress,Blouses,Yellow,Solid,0.7925411130614256,6.713987138766956,7.3076923076923075,52,false,false,true,1.792122003867031,5.002175602175601
1290,Divided || Skirt || Unknown || Black || Solid,Divided,Skirt,Unknown,Black,Solid,1.317839291604293,6.704514353154839,2.4615384615384617,47,false,true,true,2.2141741356499924,8.153846153846152
1291,Divided || Sunglasses || Accessories || Pink || Solid,Divided,Sunglasses,Accessories,Pink,Solid,0.47758274290883956,6.701731224930039,1.8461538461538463,44,false,false,true,1.32004497557869,2.7435897435897436
1292,Divided || Vest top || Jersey Fancy || White || All over pattern,Divided,Vest top,Jersey Fancy,White,All over pattern,1.105362148712565,6.697150980152283,3.8461538461538463,52,false,true,true,,
1293,Ladieswear || Dress || Jersey Fancy || Pink || Lace,Ladieswear,Dress,Jersey Fancy,Pink,Lace,1.2344280353226904,6.688659518586902,8.538461538461538,52,false,true,true,2.7930105683263093,15.33010878010878
1294,Ladieswear || Other accessories || Accessories || Black || Solid,Ladieswear,Other accessories,Accessories,Black,Solid,0.7260954207547752,6.675002108296053,5.230769230769231,52,false,false,true,2.3980105549047854,10.001268176268175
1295,Sport || Bra || Jersey Fancy || Blue || All over pattern,Sport,Bra,Jersey Fancy,Blue,All over pattern,1.4849629862422062,6.665129377838151,0.8461538461538461,36,false,true,true,3.3686212112275427,28.03846153846154
1296,Menswear || Trousers || Trousers Denim || Unknown || Denim,Menswear,Trousers,Trousers Denim,Unknown,Denim,0.7689833319357873,6.655387494413053,4.846153846153846,51,false,false,true,2.092225774392017,7.102930402930403
1297,Ladieswear || Dress || Knitwear || Red || Solid,Ladieswear,Dress,Knitwear,Red,Solid,1.1610353119412318,6.653259953109126,3.230769230769231,48,false,true,true,0.9856254252752193,1.6794871794871797
1298,"Ladieswear || Pyjama set || Under-, Nightwear || Pink || Front print",Ladieswear,Pyjama set,"Under-, Nightwear",Pink,Front print,0.924445325255042,6.6480343618165625,1.5384615384615385,49,false,true,true,0.5108256237659907,0.6666666666666667
1299,Divided || Shirt || Blouses || Orange || Check,Divided,Shirt,Blouses,Orange,Check,1.0045171800947867,6.6157285420940415,0.6153846153846154,34,false,true,true,2.294863046900135,8.923076923076922
1300,Divided || Dress || Dresses Ladies || Red || Embroidery,Divided,Dress,Dresses Ladies,Red,Embroidery,1.6015961784923687,6.610854481301294,2.3076923076923075,51,false,true,true,1.8129019058018643,5.128205128205129
1301,Ladieswear || Skirt || Shorts || Beige || Solid,Ladieswear,Skirt,Shorts,Beige,Solid,1.0350287555983422,6.607441926776391,1.9230769230769231,50,false,true,true,2.466577295666095,10.782051282051281
1302,Divided || Sweater || Jersey Fancy || Black || Solid,Divided,Sweater,Jersey Fancy,Black,Solid,1.1975420179741452,6.5994603617635414,12.76923076923077,52,true,true,true,2.222555011503425,8.230885780885783
1303,Divided || Sweater || Jersey Fancy || Yellow || Placement print,Divided,Sweater,Jersey Fancy,Yellow,Placement print,0.7077190306727674,6.594191197587013,0.8461538461538461,43,false,false,true,,
1304,Menswear || Trousers || Trousers || Black || Check,Menswear,Trousers,Trousers,Black,Check,0.8294080722259554,6.5916431348180655,12.0,52,true,false,true,2.1015914668062474,7.179176447907096
1305,Divided || Shorts || Jersey Basic || Orange || Solid,Divided,Shorts,Jersey Basic,Orange,Solid,0.8273216861017304,6.5890965705705264,0.6153846153846154,40,false,false,true,2.5399855049331204,11.679487179487179
1306,Ladieswear || Top || Jersey Fancy || Red || Lace,Ladieswear,Top,Jersey Fancy,Red,Lace,1.081576154976329,6.588584786633255,2.230769230769231,49,false,true,true,1.953209451536925,6.051282051282052
1307,Ladieswear || Jacket || Outdoor || Mole || Solid,Ladieswear,Jacket,Outdoor,Mole,Solid,1.1618855614823524,6.586517615896946,6.076923076923077,52,false,true,true,2.1541799839797213,7.620818070818073
1308,Divided || Sweater || Knitwear || White || Solid,Divided,Sweater,Knitwear,White,Solid,0.6733760172211343,6.58457814499306,16.76923076923077,52,true,false,true,2.7744232890870797,15.029380011113755
1309,"Divided || Underwear bottom || Under-, Nightwear || Grey || Melange",Divided,Underwear bottom,"Under-, Nightwear",Grey,Melange,1.6824406974791934,6.577458559981945,0.7692307692307693,40,false,true,true,,
1310,Ladieswear || Necklace || Accessories || Orange || Solid,Ladieswear,Necklace,Accessories,Orange,Solid,0.7882488449466764,6.565382457198105,2.6923076923076925,51,false,false,true,2.181575704407757,7.860256410256412
1311,Menswear || Swimwear bottom || Swimwear || Green || All over pattern,Menswear,Swimwear bottom,Swimwear,Green,All over pattern,1.1843897650157553,6.56312175293957,2.6153846153846154,42,false,true,true,2.294475374865817,8.919230769230767
1312,Menswear || T-shirt || Jersey Fancy || Grey || Melange,Menswear,T-shirt,Jersey Fancy,Grey,Melange,1.8650898520084567,6.544758511557408,1.2307692307692308,44,false,true,true,1.666738766271441,4.294871794871795
1313,Divided || Cardigan || Knitwear || Beige || Solid,Divided,Cardigan,Knitwear,Beige,Solid,0.8603286677479259,6.538628652427622,6.846153846153846,52,false,true,true,2.6569368275499774,13.2525641025641
1314,Ladieswear || Sweater || Knitwear || Grey || Melange,Ladieswear,Sweater,Knitwear,Grey,Melange,0.8198623060303489,6.535120037935431,21.692307692307693,52,true,false,true,2.0038955102267995,6.41789637986416
1315,Ladieswear || Ring || Accessories || Metal || Solid,Ladieswear,Ring,Accessories,Metal,Solid,0.8248130932585332,6.529066503192397,23.153846153846153,52,true,false,true,2.118765485848502,7.320858926381161
1316,Ladieswear || Dress || Dresses Ladies || Black || Jacquard,Ladieswear,Dress,Dresses Ladies,Black,Jacquard,1.0287276256260098,6.528628516934238,3.3076923076923075,47,false,true,true,2.7381067634336733,14.457692307692307
1317,Sport || Leggings/Tights || Jersey Fancy || Unknown || Melange,Sport,Leggings/Tights,Jersey Fancy,Unknown,Melange,0.7184493970296603,6.525463856696295,0.6923076923076923,46,false,false,true,2.0551094410203055,6.807692307692309
1318,Sport || Outdoor trousers || Unknown || Black || Solid,Sport,Outdoor trousers,Unknown,Black,Solid,0.8318625794019932,6.522902810757726,3.5384615384615383,52,false,false,true,1.889397938791971,5.615384615384616
1319,Ladieswear || Belt || Accessories || Beige || Solid,Ladieswear,Belt,Accessories,Beige,Solid,1.3072782588345424,6.509357165465663,4.461538461538462,48,false,true,true,2.0108900955133415,6.469963369963368
1320,Divided || Ballerinas || Shoes || Black || Solid,Divided,Ballerinas,Shoes,Black,Solid,1.0158797639291788,6.506288940598217,1.9230769230769231,40,false,true,true,2.201488976122677,8.038461538461537
1321,Divided || Trousers || Trousers || Green || Solid,Divided,Trousers,Trousers,Green,Solid,0.8487704981615654,6.5034559911479,0.9230769230769231,49,false,false,true,1.2078115806331018,2.3461538461538467
1322,Menswear || Swimwear bottom || Swimwear || Pink || Solid,Menswear,Swimwear bottom,Swimwear,Pink,Solid,0.7531169440411035,6.496139638173093,1.0769230769230769,22,false,false,false,,
1323,"Ladieswear || Bra || Under-, Nightwear || Grey || All over pattern",Ladieswear,Bra,"Under-, Nightwear",Grey,All over pattern,2.669404517453799,6.488389547998634,1.0,49,false,true,true,1.3370233121131079,2.8076923076923075
1324,Ladieswear || Blouse || Jersey Fancy || Black || Solid,Ladieswear,Blouse,Jersey Fancy,Black,Solid,1.2021682926129729,6.485675619992644,2.1538461538461537,50,false,true,true,2.325399770760217,9.23076923076923
1325,Ladieswear || Leggings/Tights || Jersey Fancy || Black || Placement print,Ladieswear,Leggings/Tights,Jersey Fancy,Black,Placement print,0.9801031605200935,6.48544460763277,2.1538461538461537,48,false,true,true,,
1326,Ladieswear || Blazer || Dressed || White || Check,Ladieswear,Blazer,Dressed,White,Check,1.0115033978735382,6.450706018498519,1.0,25,false,true,false,4.11778561019353,60.4230769230769
1327,Ladieswear || Hoodie || Jersey Basic || Mole || Solid,Ladieswear,Hoodie,Jersey Basic,Mole,Solid,1.0848081039524855,6.443893259277957,1.0769230769230769,50,false,true,true,3.0353227408249994,19.807692307692307
1328,Ladieswear || Sweater || Knitwear || Mole || Solid,Ladieswear,Sweater,Knitwear,Mole,Solid,0.6671942436367845,6.43709194744738,6.538461538461538,52,false,false,true,2.506387741902562,11.26056166056166
1329,Divided || Sweater || Knitwear || Black || Placement print,Divided,Sweater,Knitwear,Black,Placement print,0.9030600399337533,6.436091482838686,0.46153846153846156,43,false,true,true,2.1799827709017134,7.846153846153847
1330,Divided || Sweater || Jersey Fancy || Beige || Solid,Divided,Sweater,Jersey Fancy,Beige,Solid,0.4991504211353297,6.432748388055331,1.0769230769230769,43,false,false,true,2.226700395469173,8.26923076923077
1331,Ladieswear || Shirt || Blouses || White || Check,Ladieswear,Shirt,Blouses,White,Check,1.0231386176208217,6.427772946382515,3.5384615384615383,52,false,true,true,2.9545477285827784,18.193040293040298
1332,Ladieswear || Hair clip || Accessories || White || Solid,Ladieswear,Hair clip,Accessories,White,Solid,0.48841563586505404,6.420385902130997,7.153846153846154,50,false,false,true,1.6131459117025553,4.018574412013325
1333,Menswear || Polo shirt || Knitwear || Black || Solid,Menswear,Polo shirt,Knitwear,Black,Solid,1.1011244655242107,6.4166450461420945,2.4615384615384617,50,false,true,true,2.368324815477251,9.679487179487179
1334,Ladieswear || Cardigan || Knitwear || Red || Solid,Ladieswear,Cardigan,Knitwear,Red,Solid,4.315441952282087,6.409286400446786,2.230769230769231,51,false,true,true,1.6471782404169475,4.1923076923076925
1335,Divided || Cardigan || Jersey Fancy || White || Solid,Divided,Cardigan,Jersey Fancy,White,Solid,0.999689243590649,6.399667831532749,2.0,45,false,true,true,0.7308875085427923,1.0769230769230766
1336,Menswear || Trousers || Trousers || White || Melange,Menswear,Trousers,Trousers,White,Melange,0.9767847094936468,6.384136807105581,3.3846153846153846,36,false,true,true,1.8520823864110352,5.373076923076923
1337,"Ladieswear || Pyjama set || Under-, Nightwear || Blue || All over pattern",Ladieswear,Pyjama set,"Under-, Nightwear",Blue,All over pattern,0.734498953655012,6.383745925314556,4.3076923076923075,51,false,false,true,0.8987010388471683,1.4564102564102561
1338,Divided || Hoodie || Unknown || Black || Solid,Divided,Hoodie,Unknown,Black,Solid,0.9341717209225564,6.377029348855634,1.6153846153846154,38,false,true,true,1.6691571471357227,4.307692307692308
1339,Ladieswear || Top || Jersey Fancy || White || Stripe,Ladieswear,Top,Jersey Fancy,White,Stripe,0.7387340172051863,6.373955026683379,5.384615384615385,52,false,false,true,2.341964288939069,9.401648351648353
1340,Ladieswear || Top || Jersey Fancy || Grey || All over pattern,Ladieswear,Top,Jersey Fancy,Grey,All over pattern,1.186555202866212,6.371813677293264,0.46153846153846156,35,false,true,true,2.0551094410203055,6.807692307692309
1341,Divided || Blouse || Blouses || White || All over pattern,Divided,Blouse,Blouses,White,All over pattern,1.6280705792515355,6.352793916992541,14.153846153846153,52,true,true,true,1.4731450285213066,3.3629351417812963
1342,Ladieswear || Dress || Dresses Ladies || Orange || Solid,Ladieswear,Dress,Dresses Ladies,Orange,Solid,1.1276193355662743,6.348897618099916,7.461538461538462,52,false,true,true,1.9498860712671184,6.0278868567330095
1343,Ladieswear || Sweater || Knitwear || Khaki green || Melange,Ladieswear,Sweater,Knitwear,Khaki green,Melange,0.3386163082750192,6.343153140594227,3.1538461538461537,46,false,false,true,1.3062516534463542,2.6923076923076925
1344,Divided || Shirt || Blouses || Red || Solid,Divided,Shirt,Blouses,Red,Solid,0.42228974250970003,6.339989815744927,1.2307692307692308,36,false,false,true,2.926052352916001,17.653846153846153
1345,Divided || Sweater || Knitwear || Orange || Solid,Divided,Sweater,Knitwear,Orange,Solid,1.0012194229391946,6.33917168739796,5.0,52,false,true,true,2.6973089592707975,13.839743589743591
1346,Ladieswear || Skirt || Special Offers || Black || Solid,Ladieswear,Skirt,Special Offers,Black,Solid,1.3748611893687661,6.334256335463013,1.7692307692307692,46,false,true,true,1.4271163556401458,3.166666666666667
1347,Menswear || Shirt || Shirts || Blue || Stripe,Menswear,Shirt,Shirts,Blue,Stripe,1.0043551191976305,6.332300040343327,7.846153846153846,52,false,true,true,1.9362470373094771,5.932683982683983
1348,Menswear || Shirt || Shirts || White || Solid,Menswear,Shirt,Shirts,White,Solid,1.1323114606140796,6.331848635687242,31.53846153846154,52,true,true,true,2.2862070602078393,8.837553579738636
1349,Ladieswear || Dress || Blouses || Orange || Solid,Ladieswear,Dress,Blouses,Orange,Solid,0.9801630496583192,6.331088881017925,4.615384615384615,52,false,true,true,2.155562534790262,7.632745032745033
1350,Ladieswear || Sweater || Knitwear || Khaki green || Solid,Ladieswear,Sweater,Knitwear,Khaki green,Solid,0.747561242500105,6.323934577433128,6.615384615384615,52,false,false,true,2.17852207727883,7.833241758241758
1351,Menswear || Socks || Socks and Tights || Lilac Purple || All over pattern,Menswear,Socks,Socks and Tights,Lilac Purple,All over pattern,0.9996620359664882,6.320735546659355,1.9230769230769231,51,false,true,true,2.609315360416521,12.58974358974359
1352,Ladieswear || Jacket || Trousers Denim || Blue || Denim,Ladieswear,Jacket,Trousers Denim,Blue,Denim,1.5776709536976155,6.31069945584038,2.6153846153846154,52,false,true,true,1.3917282885070408,3.0217948717948717
1353,Ladieswear || Trousers || Trousers || Red || Check,Ladieswear,Trousers,Trousers,Red,Check,0.5903833873239369,6.304569071099681,3.1538461538461537,50,false,false,true,3.1788547915441505,23.019230769230774
1354,Sport || Shorts || Jersey Fancy || Blue || Solid,Sport,Shorts,Jersey Fancy,Blue,Solid,0.9729681625025031,6.302940451786474,1.8461538461538463,50,false,true,true,1.7657839828247943,4.846153846153846
1355,Ladieswear || Trousers || Jersey Fancy || White || All over pattern,Ladieswear,Trousers,Jersey Fancy,White,All over pattern,1.1445390236968414,6.299573085677231,1.3846153846153846,44,false,true,true,2.3978952727983707,10.000000000000002
1356,Divided || Shorts || Trousers || Blue || Solid,Divided,Shorts,Trousers,Blue,Solid,0.924557701031538,6.289973150897527,3.230769230769231,46,false,true,true,1.5789787049493917,3.8499999999999996
1357,Divided || Cardigan || Jersey Fancy || Pink || Solid,Divided,Cardigan,Jersey Fancy,Pink,Solid,1.3760213702074164,6.289334582955084,3.0,52,false,true,true,2.53947981592108,11.673076923076925
1358,Divided || Skirt || Trousers || Blue || Denim,Divided,Skirt,Trousers,Blue,Denim,1.05700365408039,6.28736822234937,3.3846153846153846,49,false,true,true,2.232905172356056,8.326923076923077
1359,Sport || T-shirt || Jersey Fancy || Black || Front print,Sport,T-shirt,Jersey Fancy,Black,Front print,1.0,6.28699185115509,0.6153846153846154,17,false,true,false,0.9951493067864748,1.7051282051282053
1360,Ladieswear || Flat shoe || Shoes || White || Solid,Ladieswear,Flat shoe,Shoes,White,Solid,1.0200076219512195,6.285272540517027,3.230769230769231,51,false,true,true,2.553643078139811,11.853846153846153
1361,Ladieswear || Dress || Blouses || Blue || All over pattern,Ladieswear,Dress,Blouses,Blue,All over pattern,1.4547776158382864,6.2819162764335505,5.384615384615385,52,false,true,true,1.6883216198756335,4.410392385392385
1362,Menswear || Trousers || Trousers || Beige || Solid,Menswear,Trousers,Trousers,Beige,Solid,0.9851850137985454,6.278522590825368,22.0,52,true,true,true,1.6819116020561955,4.3758225886662325
1363,Ladieswear || Dress || Blouses || Pink || All over pattern,Ladieswear,Dress,Blouses,Pink,All over pattern,0.9842366726724532,6.274381749133302,4.3076923076923075,45,false,true,true,1.8329769899131274,5.252472527472529
1364,Menswear || T-shirt || Jersey Fancy || Khaki green || Solid,Menswear,T-shirt,Jersey Fancy,Khaki green,Solid,0.7694216797442605,6.2739377778637815,2.769230769230769,51,false,false,true,2.97304086235192,18.55128205128205
1365,Divided || Sweater || Knitwear || Grey || Melange,Divided,Sweater,Knitwear,Grey,Melange,0.9215312705834005,6.271882075181548,8.307692307692308,52,false,true,true,2.3515583905766806,9.501923076923076
1366,Ladieswear || Skirt || Knitwear || Beige || Solid,Ladieswear,Skirt,Knitwear,Beige,Solid,1.006808046296924,6.269743054639831,2.8461538461538463,30,false,true,true,1.1567199194753903,2.1794871794871793
1367,Divided || Trousers || Unknown || Black || All over pattern,Divided,Trousers,Unknown,Black,All over pattern,1.0458847379090643,6.255427247501238,0.9230769230769231,37,false,true,true,1.8718021769015913,5.499999999999999
1368,Divided || Sweater || Jersey Basic || Yellow || Solid,Divided,Sweater,Jersey Basic,Yellow,Solid,0.8237956676365987,6.247001603610833,0.5384615384615384,27,false,false,true,,
1369,Ladieswear || Vest top || Knitwear || Orange || Solid,Ladieswear,Vest top,Knitwear,Orange,Solid,1.056767978741073,6.245442537016995,2.4615384615384617,52,false,true,true,1.529395204760564,3.615384615384615
1370,Ladieswear || Dress || Dresses Ladies || Lilac Purple || Solid,Ladieswear,Dress,Dresses Ladies,Lilac Purple,Solid,0.7450061025223759,6.244319924115367,3.3846153846153846,51,false,false,true,2.8943287808423075,17.071367521367524
1371,Ladieswear || Blouse || Blouses || Grey || All over pattern,Ladieswear,Blouse,Blouses,Grey,All over pattern,1.184563553158845,6.237383401241692,2.8461538461538463,52,false,true,true,2.3378532318315037,9.35897435897436
1372,Divided || Shorts || Jersey Basic || Blue || Solid,Divided,Shorts,Jersey Basic,Blue,Solid,0.5230460921843687,6.23706944818294,1.1538461538461537,47,false,false,true,,
1373,Ladieswear || T-shirt || Jersey Fancy || White || All over pattern,Ladieswear,T-shirt,Jersey Fancy,White,All over pattern,0.6563713172082746,6.23294494284515,5.6923076923076925,52,false,false,true,1.313541486186158,2.719322344322344
1374,Menswear || T-shirt || Jersey Fancy || Grey || Front print,Menswear,T-shirt,Jersey Fancy,Grey,Front print,1.8590150250417363,6.223109447607841,0.9230769230769231,43,false,true,true,2.7106110219638837,14.038461538461538
1375,Menswear || Socks || Socks and Tights || Pink || All over pattern,Menswear,Socks,Socks and Tights,Pink,All over pattern,0.9729572971797287,6.219308525450058,1.1538461538461537,49,false,true,true,2.4445742077820287,10.525641025641027
1376,Ladieswear || Skirt || Trousers || Orange || Solid,Ladieswear,Skirt,Trousers,Orange,Solid,1.2632410234810993,6.210412865597027,1.3076923076923077,51,false,true,true,1.5540878173509354,3.730769230769231
1377,Divided || Blouse || Blouses || Blue || Stripe,Divided,Blouse,Blouses,Blue,Stripe,1.3477495322988884,6.2028206971129825,3.1538461538461537,50,false,true,true,2.341559227425821,9.397435897435896
1378,"Ladieswear || Pyjama set || Under-, Nightwear || Grey || All over pattern",Ladieswear,Pyjama set,"Under-, Nightwear",Grey,All over pattern,0.7005568922054268,6.186321710065564,5.538461538461538,52,false,false,true,2.491310234429727,11.077089577089579
1379,Divided || Sweater || Knitwear || Blue || Other structure,Divided,Sweater,Knitwear,Blue,Other structure,,6.182977571932792,0.07692307692307693,34,false,false,true,0.0,0.0
1380,Divided || Skirt || Skirts || Pink || All over pattern,Divided,Skirt,Skirts,Pink,All over pattern,1.913642052565707,6.175731918796624,0.23076923076923078,20,false,true,false,2.5470384308950065,11.769230769230768
1381,Divided || Dress || Dresses Ladies || Orange || Solid,Divided,Dress,Dresses Ladies,Orange,Solid,0.990413657255417,6.1750449697418155,2.1538461538461537,38,false,true,true,2.796264557925066,15.383333333333336
1382,Menswear || Trousers || Trousers || Black || Denim,Menswear,Trousers,Trousers,Black,Denim,1.0769916704610971,6.165544011198474,7.3076923076923075,52,false,true,true,1.7018467846157455,4.484065934065934
1383,Divided || Skirt || Skirts || Black || Other structure,Divided,Skirt,Skirts,Black,Other structure,0.44762332734172156,6.164736257474035,0.6923076923076923,44,false,false,true,1.8777018990287797,5.538461538461538
1384,Ladieswear || Sweater || Jersey Fancy || Pink || Melange,Ladieswear,Sweater,Jersey Fancy,Pink,Melange,1.3664321428957116,6.162699909371187,1.8461538461538463,50,false,true,true,2.0600234558227344,6.846153846153847
1385,Divided || Trousers || Trousers || White || All over pattern,Divided,Trousers,Trousers,White,All over pattern,2.1342824163139666,6.1575808142829,1.2307692307692308,50,false,true,true,,
1386,Ladieswear || Bra || Jersey Fancy || Black || Solid,Ladieswear,Bra,Jersey Fancy,Black,Solid,0.8594011622180636,6.144177586650369,2.5384615384615383,52,false,true,true,,
1387,Menswear || Shirt || Shirts || Blue || Solid,Menswear,Shirt,Shirts,Blue,Solid,1.011881838226134,6.142491037147352,27.846153846153847,52,true,true,true,2.075654066549719,6.96975750645744
1388,Menswear || Swimwear bottom || Swimwear || Red || All over pattern,Menswear,Swimwear bottom,Swimwear,Red,All over pattern,1.0508131035670125,6.135535613202034,1.2307692307692308,51,false,true,true,,
1389,Divided || Skirt || Trousers || White || Solid,Divided,Skirt,Trousers,White,Solid,0.9823649614225183,6.134661866699018,4.153846153846154,46,false,true,true,1.537694007575259,3.6538461538461533
1390,Divided || Sweater || Jersey Fancy || Yellow || Solid,Divided,Sweater,Jersey Fancy,Yellow,Solid,0.8861715268268625,6.123013413165191,2.1538461538461537,51,false,true,true,0.7582864827309068,1.1346153846153846
1391,Ladieswear || Flat shoe || Shoes || Beige || Solid,Ladieswear,Flat shoe,Shoes,Beige,Solid,1.2288252514520828,6.122268385526628,4.461538461538462,52,false,true,true,1.4574217051354748,3.2948717948717947
1392,"Ladieswear || Underwear bottom || Under-, Nightwear || Mole || Solid",Ladieswear,Underwear bottom,"Under-, Nightwear",Mole,Solid,,6.1159286215238495,0.8461538461538461,33,false,false,true,2.24858909425861,8.474358974358976
1393,Ladieswear || Top || Jersey Fancy || Grey || Melange,Ladieswear,Top,Jersey Fancy,Grey,Melange,0.8396358449504079,6.109725205787839,4.6923076923076925,52,false,false,true,1.9628511324738074,6.119597069597069
1394,Divided || Jacket || Outdoor || Mole || Solid,Divided,Jacket,Outdoor,Mole,Solid,1.0649946062567421,6.105283728040448,4.153846153846154,52,false,true,true,1.393320899131929,3.028205128205128
1395,Ladieswear || Bag || Accessories || Pink || Solid,Ladieswear,Bag,Accessories,Pink,Solid,1.0852541251996064,6.090015910010714,2.6923076923076925,46,false,true,true,2.59955086135216,12.457692307692305
1396,Divided || Dress || Unknown || Pink || All over pattern,Divided,Dress,Unknown,Pink,All over pattern,2.06294147051792,6.089142071353376,0.07692307692307693,34,false,true,true,0.8690378470236095,1.3846153846153846
1397,Divided || Dress || Dresses Ladies || Turquoise || Solid,Divided,Dress,Dresses Ladies,Turquoise,Solid,1.7637877458073392,6.0840594803892625,3.1538461538461537,52,false,true,true,1.241713132308783,2.4615384615384617
1398,Divided || Blazer || Outdoor || Pink || Solid,Divided,Blazer,Outdoor,Pink,Solid,1.0901507418870007,6.072414889171208,2.6153846153846154,44,false,true,true,2.157262848958219,7.6474358974359
1399,Divided || Vest top || Jersey Fancy || Red || Solid,Divided,Vest top,Jersey Fancy,Red,Solid,0.8032903034927358,6.071189092877519,1.2307692307692308,46,false,false,true,2.465161713135376,10.765384615384617
1400,Ladieswear || Scarf || Accessories || Orange || All over pattern,Ladieswear,Scarf,Accessories,Orange,All over pattern,0.8252165117177733,6.066584119987432,5.076923076923077,51,false,false,true,1.9328477069248247,5.909157509157509
1401,Divided || Blazer || Outdoor || Black || Solid,Divided,Blazer,Outdoor,Black,Solid,0.9521554695551869,6.06267561585582,2.0,50,false,true,true,2.835924597411592,16.046153846153846
1402,Menswear || T-shirt || Jersey Fancy || Black || Stripe,Menswear,T-shirt,Jersey Fancy,Black,Stripe,0.9452371982937401,6.05774115481818,1.7692307692307692,52,false,true,true,,
1403,Ladieswear || Skirt || Skirts || Black || Stripe,Ladieswear,Skirt,Skirts,Black,Stripe,0.78216192901379,6.055756016601478,2.923076923076923,52,false,false,true,1.474293497977329,3.3679487179487175
1404,Ladieswear || Skirt || Shorts || Blue || All over pattern,Ladieswear,Skirt,Shorts,Blue,All over pattern,0.870578367535874,6.05162939624119,3.5384615384615383,52,false,true,true,1.6247053845648887,4.076923076923076
1405,Divided || Blouse || Blouses || Black || Embroidery,Divided,Blouse,Blouses,Black,Embroidery,1.0148868666527349,6.051403154899818,3.230769230769231,51,false,true,true,2.4992267035627487,11.173076923076922
1406,Divided || Trousers || Trousers || White || Check,Divided,Trousers,Trousers,White,Check,0.7135012853714955,6.049475307451474,1.0,50,false,false,true,,
1407,Ladieswear || Dress || Dresses Ladies || Grey || All over pattern,Ladieswear,Dress,Dresses Ladies,Grey,All over pattern,0.8566113741035807,6.045777454916117,2.1538461538461537,51,false,true,true,1.7255100836868542,4.615384615384614
1408,Divided || Dress || Dresses Ladies || White || Lace,Divided,Dress,Dresses Ladies,White,Lace,1.442099371815496,6.044576598815164,3.0,52,false,true,true,2.8070830469087804,15.561538461538458
1409,"Ladieswear || Underwear bottom || Under-, Nightwear || Grey || Solid",Ladieswear,Underwear bottom,"Under-, Nightwear",Grey,Solid,0.7419677187461646,6.035933890791953,7.846153846153846,52,false,false,true,2.794083712140116,15.347642741873507
1410,Divided || Sweater || Knitwear || Red || Solid,Divided,Sweater,Knitwear,Red,Solid,0.9802427980403343,6.030773666878682,6.923076923076923,52,false,true,true,1.8286322840519018,5.2253663003663
1411,Ladieswear || Other accessories || Accessories || Green || All over pattern,Ladieswear,Other accessories,Accessories,Green,All over pattern,0.8878865425728577,6.03015879013639,2.3076923076923075,46,false,true,true,2.0378847687290067,6.674358974358974
1412,Divided || Shirt || Blouses || Blue || Solid,Divided,Shirt,Blouses,Blue,Solid,1.0285714285714287,6.026639146297426,1.3846153846153846,42,false,true,true,1.5621850275835547,3.7692307692307683
1413,Ladieswear || Top || Jersey Fancy || Red || All over pattern,Ladieswear,Top,Jersey Fancy,Red,All over pattern,1.3583993226288955,6.019937693473304,1.0769230769230769,50,false,true,true,0.8306769791511632,1.2948717948717947
1414,Ladieswear || Dress || Dresses Ladies || Red || All over pattern,Ladieswear,Dress,Dresses Ladies,Red,All over pattern,0.7877034597831973,6.01415464720592,3.230769230769231,52,false,false,true,2.5614917101540837,11.955128205128203
1415,Ladieswear || Cardigan || Knitwear || Pink || Melange,Ladieswear,Cardigan,Knitwear,Pink,Melange,0.9684191500665467,6.006490658278273,0.46153846153846156,41,false,true,true,1.0459685551826878,1.8461538461538467
1416,Ladieswear || Sandals || Shoes || Red || Solid,Ladieswear,Sandals,Shoes,Red,Solid,1.2658371407277795,5.988822320359426,2.5384615384615383,52,false,true,true,2.897115350444053,17.12179487179487
1417,Menswear || Trousers || Trousers || Blue || Melange,Menswear,Trousers,Trousers,Blue,Melange,0.9213294414811857,5.980577228799873,7.3076923076923075,52,false,true,true,2.0409665821292307,6.698046398046398
1418,Menswear || Sweater || Jersey Basic || Green || Solid,Menswear,Sweater,Jersey Basic,Green,Solid,1.3925574683497612,5.9728230620088265,0.9230769230769231,37,false,true,true,2.8703725300787877,16.643589743589743
1419,Ladieswear || Top || Jersey Fancy || Blue || Lace,Ladieswear,Top,Jersey Fancy,Blue,Lace,1.3366685195478971,5.951859090255264,1.2307692307692308,46,false,true,true,2.6026896854443837,12.5
1420,Divided || Hoodie || Jersey Fancy || White || Placement print,Divided,Hoodie,Jersey Fancy,White,Placement print,0.9943862387799826,5.951802264449312,0.8461538461538461,30,false,true,true,3.091042453358316,21.000000000000004
1421,Divided || Cardigan || Knitwear || Yellow || Solid,Divided,Cardigan,Knitwear,Yellow,Solid,0.6927131471435269,5.944535031855415,1.5384615384615385,52,false,false,true,3.343857955965436,27.32820512820513
1422,Ladieswear || Hair/alice band || Accessories || Green || All over pattern,Ladieswear,Hair/alice band,Accessories,Green,All over pattern,0.9245184371895704,5.939578635147842,2.923076923076923,51,false,true,true,2.049510875433647,6.764102564102562
1423,Divided || Hair/alice band || Accessories || Beige || All over pattern,Divided,Hair/alice band,Accessories,Beige,All over pattern,0.7091238348263451,5.937289906366417,2.076923076923077,39,false,false,true,2.093287549463247,7.111538461538462
1424,Ladieswear || Sweater || Knitwear || Blue || Melange,Ladieswear,Sweater,Knitwear,Blue,Melange,0.7478667484539768,5.934930363934242,2.3076923076923075,50,false,false,true,1.4897299483681326,3.435897435897436
1425,Ladieswear || Blouse || Blouses || Black || Stripe,Ladieswear,Blouse,Blouses,Black,Stripe,1.7277124510049202,5.925288667812459,2.0,51,false,true,true,1.9967912705992186,6.365384615384615
1426,Divided || T-shirt || Jersey Fancy || Red || Placement print,Divided,T-shirt,Jersey Fancy,Red,Placement print,1.2246161910148008,5.9174469107057295,0.38461538461538464,38,false,true,true,,
1427,Ladieswear || Trousers || Trousers || Black || Treatment,Ladieswear,Trousers,Trousers,Black,Treatment,0.9053801407350046,5.915978813198659,6.0,52,false,true,true,2.739078225948624,14.472716172716169
1428,Menswear || Shirt || Shirts || Yellow || Solid,Menswear,Shirt,Shirts,Yellow,Solid,0.8002039328832106,5.915351760658293,4.076923076923077,46,false,false,true,1.993827788956844,6.343589743589743
1429,Menswear || Swimwear bottom || Swimwear || Green || Solid,Menswear,Swimwear bottom,Swimwear,Green,Solid,1.014864688708506,5.911899259061942,0.6923076923076923,17,false,true,false,2.6714926053684125,13.461538461538462
1430,Sport || Leggings/Tights || Jersey Fancy || Lilac Purple || Solid,Sport,Leggings/Tights,Jersey Fancy,Lilac Purple,Solid,1.5837224816544362,5.911037169039871,0.6153846153846154,33,false,true,true,0.9315582040049436,1.5384615384615388
1431,Ladieswear || Bag || Accessories || Yellow || Solid,Ladieswear,Bag,Accessories,Yellow,Solid,0.8720924401742076,5.909925271763881,5.153846153846154,52,false,true,true,1.9863050508145792,6.288553113553113
1432,Sport || Trousers || Unknown || Black || Solid,Sport,Trousers,Unknown,Black,Solid,1.0090397854526023,5.900419424414665,7.076923076923077,52,false,true,true,1.9015059568291357,5.695970695970697
1433,Divided || Sweater || Knitwear || White || Other structure,Divided,Sweater,Knitwear,White,Other structure,0.2911998132586368,5.8954603933676,1.4615384615384615,51,false,false,true,2.0063192768508733,6.435897435897436
1434,Ladieswear || Bag || Accessories || Beige || All over pattern,Ladieswear,Bag,Accessories,Beige,All over pattern,0.5352163261117739,5.891352746846558,3.230769230769231,47,false,false,true,1.8890102667576527,5.612820512820513
1435,Ladieswear || Earring || Accessories || White || Solid,Ladieswear,Earring,Accessories,White,Solid,0.8019211906984252,5.882594394479949,24.307692307692307,52,true,false,true,1.9407320408988913,5.9638469259492615
1436,Menswear || Hoodie || Jersey Basic || Black || Melange,Menswear,Hoodie,Jersey Basic,Black,Melange,1.037408916284176,5.876185751474755,1.4615384615384615,52,false,true,true,1.8044984950054848,5.076923076923077
1437,Divided || Vest top || Knitwear || Beige || Solid,Divided,Vest top,Knitwear,Beige,Solid,1.9499907849049372,5.863372957846869,1.0,44,false,true,true,2.1162555148025524,7.300000000000001
1438,Ladieswear || Scarf || Accessories || Black || Solid,Ladieswear,Scarf,Accessories,Black,Solid,1.109907458798369,5.861451311471984,3.076923076923077,52,false,true,true,2.2145242144212904,8.15705128205128
1439,Divided || Shirt || Blouses || White || Check,Divided,Shirt,Blouses,White,Check,0.9461006910167818,5.842046917394595,0.07692307692307693,21,false,true,false,,
1440,Ladieswear || Bag || Accessories || White || Solid,Ladieswear,Bag,Accessories,White,Solid,1.546897061161136,5.838989321304574,2.6153846153846154,46,false,true,true,2.6546854870520313,13.220512820512822
1441,Ladieswear || Blouse || Blouses || Red || All over pattern,Ladieswear,Blouse,Blouses,Red,All over pattern,0.7284706898584203,5.83394309793181,6.384615384615385,52,false,false,true,1.4964597484379067,3.465850815850815
1442,Divided || Dress || Dresses Ladies || Black || Application/3D,Divided,Dress,Dresses Ladies,Black,Application/3D,0.9723637945718302,5.830127851640553,3.8461538461538463,52,false,true,true,2.477399912124247,10.910256410256412
1443,Ladieswear || Skirt || Trousers || Black || All over pattern,Ladieswear,Skirt,Trousers,Black,All over pattern,0.8611330780408183,5.818880457840992,2.076923076923077,51,false,true,true,0.6472374792558674,0.9102564102564101
1444,"Menswear || Underwear bottom || Under-, Nightwear || White || Solid",Menswear,Underwear bottom,"Under-, Nightwear",White,Solid,1.301397098334229,5.818618502952756,4.615384615384615,51,false,true,true,1.636504190952507,4.137179487179487
1445,Ladieswear || Trousers || Trousers || Grey || Stripe,Ladieswear,Trousers,Trousers,Grey,Stripe,0.8331723738307442,5.815731473887611,2.6923076923076925,52,false,false,true,1.7723413833709536,4.884615384615386
1446,Menswear || Shorts || Shorts || Beige || All over pattern,Menswear,Shorts,Shorts,Beige,All over pattern,0.44125922386791955,5.808693417223639,1.0769230769230769,31,false,false,true,,
1447,Divided || Sweater || Knitwear || Grey || Stripe,Divided,Sweater,Knitwear,Grey,Stripe,0.9504138449962377,5.806386583015846,1.3076923076923077,44,false,true,true,2.5008052358557986,11.192307692307693
1448,Ladieswear || Vest top || Blouses || Black || All over pattern,Ladieswear,Vest top,Blouses,Black,All over pattern,2.859267734553775,5.801474694083585,0.3076923076923077,24,false,true,false,1.7255100836868542,4.615384615384614
1449,Ladieswear || Sneakers || Shoes || Yellow || Solid,Ladieswear,Sneakers,Shoes,Yellow,Solid,4.712702989831537,5.801272491469332,1.9230769230769231,49,false,true,true,2.030170492673053,6.615384615384614
1450,Divided || Sweater || Jersey Fancy || White || Solid,Divided,Sweater,Jersey Fancy,White,Solid,0.5103836516227274,5.80068771696498,5.076923076923077,52,false,false,true,2.015903740656044,6.507509157509157
1451,Ladieswear || Shirt || Blouses || Pink || Stripe,Ladieswear,Shirt,Blouses,Pink,Stripe,1.1846023150794598,5.777871098217597,3.3076923076923075,52,false,true,true,1.5755363607584192,3.833333333333334
1452,Divided || T-shirt || Jersey Fancy || Lilac Purple || Solid,Divided,T-shirt,Jersey Fancy,Lilac Purple,Solid,1.1676455219981188,5.775885730347039,1.0769230769230769,18,false,true,false,3.0266593203027914,19.628205128205128
1453,Divided || Hair/alice band || Accessories || Pink || All over pattern,Divided,Hair/alice band,Accessories,Pink,All over pattern,0.9827796234772981,5.768185090594983,2.8461538461538463,45,false,true,true,1.759277901697822,4.808241758241758
1454,Menswear || Shorts || Jersey Fancy || Blue || All over pattern,Menswear,Shorts,Jersey Fancy,Blue,All over pattern,1.0724773041431614,5.758521528102291,1.6153846153846154,28,false,true,true,2.294863046900135,8.923076923076922
1455,Ladieswear || Ballerinas || Shoes || Black || All over pattern,Ladieswear,Ballerinas,Shoes,Black,All over pattern,0.9396934999130673,5.754748386768207,1.3076923076923077,39,false,true,true,,
1456,"Ladieswear || Night gown || Under-, Nightwear || Blue || All over pattern",Ladieswear,Night gown,"Under-, Nightwear",Blue,All over pattern,0.895118852801795,5.747847518165146,1.3076923076923077,48,false,true,true,0.9162907318741551,1.5
1457,Divided || Jacket || Outdoor || Beige || All over pattern,Divided,Jacket,Outdoor,Beige,All over pattern,1.0551446658474004,5.746265665802035,0.5384615384615384,44,false,true,true,,
1458,"Ladieswear || Pyjama set || Under-, Nightwear || Mole || Melange",Ladieswear,Pyjama set,"Under-, Nightwear",Mole,Melange,,5.7444860541013965,2.3076923076923075,27,false,false,true,3.029142251435617,19.679487179487175
1459,Ladieswear || Dress || Jersey Basic || Black || All over pattern,Ladieswear,Dress,Jersey Basic,Black,All over pattern,0.5366336633663367,5.724606619689702,1.3846153846153846,50,false,false,true,0.6337237600891445,0.8846153846153846
1460,Divided || Sunglasses || Accessories || Metal || Solid,Divided,Sunglasses,Accessories,Metal,Solid,0.7207126948775057,5.717198067999948,0.8461538461538461,34,false,false,true,1.5040773967762742,3.5
1461,Ladieswear || Skirt || Trousers || White || Solid,Ladieswear,Skirt,Trousers,White,Solid,0.7664832218649408,5.710193530492062,2.6923076923076925,50,false,false,true,2.130213867053259,7.416666666666664
1462,Ladieswear || Other accessories || Accessories || Black || All over pattern,Ladieswear,Other accessories,Accessories,Black,All over pattern,0.9166895740093288,5.70748671324608,2.230769230769231,50,false,true,true,2.002082069532261,6.404456654456654
1463,Ladieswear || Bag || Accessories || Black || Other structure,Ladieswear,Bag,Accessories,Black,Other structure,0.9033715059755493,5.705621481953003,2.6923076923076925,52,false,true,true,2.5000688975276777,11.183333333333332
1464,Ladieswear || Dress || Dresses Ladies || Black || Other structure,Ladieswear,Dress,Dresses Ladies,Black,Other structure,1.0009429908326966,5.698880750475676,3.6923076923076925,47,false,true,true,2.3979535461587203,10.000641025641025
1465,Ladieswear || Pumps || Shoes || Black || Solid,Ladieswear,Pumps,Shoes,Black,Solid,1.008266788919857,5.694342619821826,9.384615384615385,52,false,true,true,2.163128437569417,7.69830724830725
1466,Menswear || Shorts || Shorts || White || Denim,Menswear,Shorts,Shorts,White,Denim,1.7606915377616013,5.678061391044141,1.4615384615384615,48,false,true,true,,
1467,Ladieswear || Vest top || Blouses || White || Embroidery,Ladieswear,Vest top,Blouses,White,Embroidery,1.0807437471323096,5.677722182674254,2.3076923076923075,52,false,true,true,3.1702779499023226,22.814102564102566
1468,Menswear || T-shirt || Jersey Fancy || Beige || Solid,Menswear,T-shirt,Jersey Fancy,Beige,Solid,0.7736659611834106,5.667429122653795,3.0,34,false,false,true,1.9622592870568427,6.115384615384615
1469,Divided || Dress || Dresses Ladies || Black || Embroidery,Divided,Dress,Dresses Ladies,Black,Embroidery,0.9139270045051676,5.663972740482024,4.076923076923077,52,false,true,true,1.8614928072427301,5.433333333333333
1470,Divided || Hair/alice band || Accessories || Yellow || Solid,Divided,Hair/alice band,Accessories,Yellow,Solid,0.9789914308068414,5.66201529569219,1.9230769230769231,42,false,true,true,1.8393278861471647,5.292307692307693
1471,Divided || Sweater || Jersey Fancy || Pink || Solid,Divided,Sweater,Jersey Fancy,Pink,Solid,0.7863019629893966,5.66169706033956,11.076923076923077,52,true,false,true,1.7888832088821112,4.982767232767232
1472,Ladieswear || Vest top || Knitwear || Black || Solid,Ladieswear,Vest top,Knitwear,Black,Solid,1.0998866147096127,5.658251126542491,0.7692307692307693,42,false,true,true,3.026721468775513,19.62948717948718
1473,Divided || Dress || Dresses Ladies || Turquoise || All over pattern,Divided,Dress,Dresses Ladies,Turquoise,All over pattern,0.911560896420765,5.657498276438148,4.153846153846154,52,false,true,true,,
1474,Ladieswear || Blouse || Blouses || Green || Jacquard,Ladieswear,Blouse,Blouses,Green,Jacquard,0.42909052609405446,5.646790822383324,0.46153846153846156,44,false,false,true,,
1475,Divided || Sweater || Knitwear || Black || Stripe,Divided,Sweater,Knitwear,Black,Stripe,,5.6459423398910396,0.07692307692307693,40,false,false,true,3.321154673988619,26.692307692307697
1476,Ladieswear || Hair/alice band || Accessories || Pink || All over pattern,Ladieswear,Hair/alice band,Accessories,Pink,All over pattern,1.091484686628848,5.6431942343582095,4.461538461538462,52,false,true,true,1.6630191856912497,4.275213675213676
1477,Menswear || Shirt || Shirts || Khaki green || All over pattern,Menswear,Shirt,Shirts,Khaki green,All over pattern,0.7360813327293773,5.636786382099691,1.2307692307692308,39,false,false,true,1.8498671000353357,5.358974358974359
1478,Divided || Jacket || Outdoor || Khaki green || All over pattern,Divided,Jacket,Outdoor,Khaki green,All over pattern,0.97341825531853,5.635523017072724,1.2307692307692308,39,false,true,true,,
1479,Ladieswear || Dress || Jersey Fancy || Black || Lace,Ladieswear,Dress,Jersey Fancy,Black,Lace,0.69672283246843,5.614710832152432,5.923076923076923,52,false,false,true,1.7673178935013614,4.855128205128204
1480,Ladieswear || Ballerinas || Shoes || Orange || Solid,Ladieswear,Ballerinas,Shoes,Orange,Solid,0.9307468645575663,5.610511141238395,1.2307692307692308,46,false,true,true,2.387939114422395,9.89102564102564
1481,Divided || Coat || Outdoor || Beige || Solid,Divided,Coat,Outdoor,Beige,Solid,1.091182116539724,5.609633669821265,2.5384615384615383,43,false,true,true,1.4363047816945518,3.2051282051282044
1482,Divided || Skirt || Trousers || Pink || All over pattern,Divided,Skirt,Trousers,Pink,All over pattern,1.198738225100531,5.606911541231507,1.0769230769230769,30,false,true,true,2.0352082867030106,6.653846153846156
1483,Ladieswear || Blouse || Blouses || Grey || Solid,Ladieswear,Blouse,Blouses,Grey,Solid,1.1159203726357247,5.60114840351281,1.7692307692307692,51,false,true,true,1.739115735742633,4.6923076923076925
1484,Ladieswear || Bodysuit || Jersey Fancy || Orange || Solid,Ladieswear,Bodysuit,Jersey Fancy,Orange,Solid,0.648891086311626,5.600243633777567,3.0,52,false,false,true,1.6882964873464201,4.410256410256411
1485,Sport || Jacket || Jersey Fancy || Black || Solid,Sport,Jacket,Jersey Fancy,Black,Solid,1.0169961762743476,5.592395647175268,2.8461538461538463,50,false,true,true,1.3570239788197773,2.884615384615384
1486,Ladieswear || Top || Jersey Fancy || Lilac Purple || Solid,Ladieswear,Top,Jersey Fancy,Lilac Purple,Solid,1.063883296946327,5.584220595812455,1.3846153846153846,25,false,true,false,3.528432283526511,33.07051282051282
1487,Ladieswear || Blouse || Blouses || Mole || Solid,Ladieswear,Blouse,Blouses,Mole,Solid,,5.579544270226634,2.3076923076923075,33,false,false,true,3.0300363693505403,19.697985347985348
1488,Ladieswear || Dress || Blouses || Pink || Solid,Ladieswear,Dress,Blouses,Pink,Solid,1.2146230627352286,5.577608491867281,11.76923076923077,50,true,true,true,1.952326544330321,6.045059171060316
1489,Menswear || Sunglasses || Accessories || Metal || Solid,Menswear,Sunglasses,Accessories,Metal,Solid,0.8855282420916862,5.5586859720702,7.923076923076923,52,false,true,true,1.606950082866107,3.987576312576314
1490,Ladieswear || Dress || Jersey Fancy || Red || Lace,Ladieswear,Dress,Jersey Fancy,Red,Lace,1.009932455695246,5.5544769743488,5.384615384615385,52,false,true,true,2.1467663560660903,7.557142857142857
1491,Divided || Blouse || Blouses || Pink || Embroidery,Divided,Blouse,Blouses,Pink,Embroidery,0.7677658209310606,5.527730025819277,1.5384615384615385,36,false,false,true,2.284473343051,8.820512820512823
1492,Ladieswear || Socks || Socks and Tights || Grey || Solid,Ladieswear,Socks,Socks and Tights,Grey,Solid,1.1183140513438337,5.52411043211408,1.6153846153846154,51,false,true,true,1.2267874820921074,2.4102564102564106
1493,Divided || Dress || Dresses Ladies || Black || Stripe,Divided,Dress,Dresses Ladies,Black,Stripe,1.0382097076634593,5.511363892369837,1.1538461538461537,52,false,true,true,1.1845547184688343,2.2692307692307687
1494,Divided || Sweater || Knitwear || Pink || Other structure,Divided,Sweater,Knitwear,Pink,Other structure,,5.509864694698029,0.23076923076923078,41,false,false,true,0.653926467406664,0.9230769230769231
1495,Ladieswear || Wedge || Shoes || Orange || Solid,Ladieswear,Wedge,Shoes,Orange,Solid,1.305863280316817,5.507917384331173,4.230769230769231,52,false,true,true,3.196682650181439,23.451282051282053
1496,Menswear || T-shirt || Knitwear || Red || Solid,Menswear,T-shirt,Knitwear,Red,Solid,1.015728028906558,5.504257008280438,1.0769230769230769,51,false,true,true,2.153549513833558,7.615384615384615
1497,Ladieswear || Belt || Accessories || Mole || Solid,Ladieswear,Belt,Accessories,Mole,Solid,1.1710942806341693,5.4971537110890365,3.923076923076923,27,false,true,true,2.1414227090355222,7.511538461538464
1498,Divided || Cardigan || Knitwear || Grey || Solid,Divided,Cardigan,Knitwear,Grey,Solid,1.0359705347747057,5.49449276237707,1.2307692307692308,51,false,true,true,0.37948962170490375,0.4615384615384615
1499,Ladieswear || Sweater || Knitwear || Black || Melange,Ladieswear,Sweater,Knitwear,Black,Melange,0.8146549174995564,5.493320656698574,2.076923076923077,38,false,false,true,1.2975332024064732,2.66025641025641
1500,Ladieswear || Top || Blouses || Red || Solid,Ladieswear,Top,Blouses,Red,Solid,1.093117345097316,5.493105568112314,3.6153846153846154,52,false,true,true,1.3142060443409924,2.7217948717948715
1501,Divided || Trousers || Trousers || Black || Denim,Divided,Trousers,Trousers,Black,Denim,0.5811739820200952,5.487365296590002,0.9230769230769231,37,false,false,true,0.653926467406664,0.9230769230769231
1502,Ladieswear || Other accessories || Accessories || Pink || All over pattern,Ladieswear,Other accessories,Accessories,Pink,All over pattern,1.0677483942477657,5.477971035083732,4.769230769230769,52,false,true,true,1.9604066300963277,6.102214452214453
1503,Ladieswear || Bag || Accessories || Green || Solid,Ladieswear,Bag,Accessories,Green,Solid,0.8903002309468823,5.47648350268862,1.8461538461538463,51,false,true,true,2.3978952727983707,10.000000000000002
1504,Ladieswear || Sweater || Knitwear || Orange || Melange,Ladieswear,Sweater,Knitwear,Orange,Melange,1.8226870162282653,5.467770649081652,1.6923076923076923,50,false,true,true,1.1727202608218317,2.2307692307692313
1505,Menswear || Trousers || Trousers || White || Solid,Menswear,Trousers,Trousers,White,Solid,0.9230407368282055,5.466993864006779,1.8461538461538463,52,false,true,true,2.0501711593797225,6.769230769230767
1506,Divided || Shorts || Trousers || Blue || Denim,Divided,Shorts,Trousers,Blue,Denim,1.2386862272826802,5.463416939944135,0.8461538461538461,39,false,true,true,2.9976535037318848,19.038461538461537
1507,Divided || Cardigan || Knitwear || Red || Solid,Divided,Cardigan,Knitwear,Red,Solid,0.8971716203259827,5.4614749835519545,3.4615384615384617,51,false,true,true,1.5540878173509354,3.730769230769231
1508,Divided || Hat/brim || Accessories || Beige || Solid,Divided,Hat/brim,Accessories,Beige,Solid,0.8375562981734657,5.459064686901159,2.8461538461538463,42,false,false,true,1.795081174578525,5.01996336996337
1509,Ladieswear || Top || Jersey Fancy || Green || Stripe,Ladieswear,Top,Jersey Fancy,Green,Stripe,2.5552440992000744,5.436412626684422,0.6153846153846154,38,false,true,true,,
1510,Ladieswear || Blouse || Blouses || Khaki green || All over pattern,Ladieswear,Blouse,Blouses,Khaki green,All over pattern,0.8486348849361749,5.430508501639022,1.1538461538461537,48,false,false,true,2.177080011243752,7.820512820512819
1511,Ladieswear || Scarf || Accessories || Mole || Solid,Ladieswear,Scarf,Accessories,Mole,Solid,1.23668938576622,5.409966789665028,1.0769230769230769,52,false,true,true,2.358674559645089,9.576923076923075
1512,Ladieswear || Scarf || Accessories || White || All over pattern,Ladieswear,Scarf,Accessories,White,All over pattern,1.0752911032957708,5.3994407639552335,4.0,52,false,true,true,2.2370204045011626,8.365384615384617
1513,Ladieswear || Other accessories || Accessories || Yellow || All over pattern,Ladieswear,Other accessories,Accessories,Yellow,All over pattern,0.9610896470434156,5.377055866923201,1.7692307692307692,47,false,true,true,2.043548618619229,6.717948717948716
1514,"Ladieswear || Pyjama set || Under-, Nightwear || Blue || Stripe",Ladieswear,Pyjama set,"Under-, Nightwear",Blue,Stripe,0.804899724124711,5.362291900887789,2.6153846153846154,52,false,false,true,2.2236528796045363,8.24102564102564
1515,"Menswear || Underwear bottom || Under-, Nightwear || Grey || Melange",Menswear,Underwear bottom,"Under-, Nightwear",Grey,Melange,0.8690701553259029,5.3518519536113,4.538461538461538,52,false,true,true,1.8383086219675957,5.285897435897435
1516,Divided || Jacket || Dresses Ladies || Blue || Denim,Divided,Jacket,Dresses Ladies,Blue,Denim,0.9722134010797079,5.351076508207304,1.1538461538461537,35,false,true,true,2.487041122316633,11.025641025641026
1517,Divided || Blouse || Blouses || Blue || Solid,Divided,Blouse,Blouses,Blue,Solid,0.8485487283613004,5.3489158945732225,4.461538461538462,52,false,false,true,2.167293911090031,7.7346153846153864
1518,Divided || Sweater || Jersey Fancy || Pink || Embroidery,Divided,Sweater,Jersey Fancy,Pink,Embroidery,1.017811498356798,5.342443263150786,1.2307692307692308,51,false,true,true,1.160744069775116,2.1923076923076925
1519,Sport || Leggings/Tights || Jersey Fancy || Black || All over pattern,Sport,Leggings/Tights,Jersey Fancy,Black,All over pattern,0.596691752147498,5.340760427572531,0.8461538461538461,46,false,false,true,2.9880102274600806,18.846153846153843
1520,Ladieswear || Sweater || Jersey Fancy || Yellow || Solid,Ladieswear,Sweater,Jersey Fancy,Yellow,Solid,0.5543501006150552,5.340056240448119,2.769230769230769,52,false,false,true,2.001999615706357,6.403846153846155
1521,Ladieswear || Sweater || Knitwear || Beige || Jacquard,Ladieswear,Sweater,Knitwear,Beige,Jacquard,0.8198532974534235,5.329990049271183,2.8461538461538463,47,false,false,true,1.6055843431181105,3.980769230769231
1522,Ladieswear || Hoodie || Jersey Fancy || White || Solid,Ladieswear,Hoodie,Jersey Fancy,White,Solid,1.1580763091498893,5.3296477271147475,1.6153846153846154,51,false,true,true,1.978345424808467,6.23076923076923
1523,Menswear || Socks || Socks and Tights || Blue || Mixed solid/pattern,Menswear,Socks,Socks and Tights,Blue,Mixed solid/pattern,0.3707845162466423,5.327120651485989,1.6153846153846154,50,false,false,true,0.6737290947028437,0.9615384615384615
1524,Ladieswear || Underwear Tights || Socks and Tights || Brown || Solid,Ladieswear,Underwear Tights,Socks and Tights,Brown,Solid,0.9509087462881453,5.325776920957294,2.3846153846153846,52,false,true,true,2.067349495914807,6.903846153846152
1525,Ladieswear || T-shirt || Jersey Fancy || Grey || Stripe,Ladieswear,T-shirt,Jersey Fancy,Grey,Stripe,1.4318810253344292,5.321512693467761,0.6923076923076923,44,false,true,true,1.2192402764567245,2.384615384615385
1526,Ladieswear || Top || Blouses || Black || All over pattern,Ladieswear,Top,Blouses,Black,All over pattern,0.90623322176486,5.314949584677771,4.153846153846154,50,false,true,true,1.5019995374452886,3.49065934065934
1527,Divided || Blazer || Outdoor || Black || Jacquard,Divided,Blazer,Outdoor,Black,Jacquard,,5.305036115657925,0.0,37,false,false,true,,
1528,Menswear || Shirt || Shirts || Black || Solid,Menswear,Shirt,Shirts,Black,Solid,0.9122878791132438,5.2961489631458,14.615384615384615,52,true,true,true,2.24857440410442,8.474219795587073
1529,Ladieswear || Skirt || Trousers || Beige || All over pattern,Ladieswear,Skirt,Trousers,Beige,All over pattern,1.1916581722173019,5.295728657618068,1.0769230769230769,46,false,true,true,1.6691571471357227,4.307692307692308
1530,Ladieswear || Sweater || Jersey Fancy || White || Front print,Ladieswear,Sweater,Jersey Fancy,White,Front print,0.4376642015275141,5.295083910716977,1.3076923076923077,52,false,false,true,1.4423838277709342,3.230769230769231
1531,Ladieswear || Bag || Accessories || Orange || Solid,Ladieswear,Bag,Accessories,Orange,Solid,1.4267771449843676,5.287616957255149,6.153846153846154,52,false,true,true,2.2437640178018743,8.428754578754582
1532,Divided || T-shirt || Jersey Fancy || Red || Solid,Divided,T-shirt,Jersey Fancy,Red,Solid,0.6986375238163713,5.287353919747653,1.9230769230769231,51,false,false,true,,
1533,Divided || Sweater || Jersey Fancy || Grey || Solid,Divided,Sweater,Jersey Fancy,Grey,Solid,1.3457290337814127,5.284961113936372,3.6153846153846154,52,false,true,true,1.4469189829363254,3.25
1534,Ladieswear || Hair/alice band || Accessories || Orange || All over pattern,Ladieswear,Hair/alice band,Accessories,Orange,All over pattern,1.0902116299537943,5.280814418082275,1.4615384615384615,46,false,true,true,2.2439776660405744,8.430769230769231
1535,Ladieswear || Trousers || Trousers || Turquoise || Solid,Ladieswear,Trousers,Trousers,Turquoise,Solid,0.8698999129540665,5.278908612718212,1.3076923076923077,48,false,true,true,2.9386191075591213,17.889743589743585
1536,Divided || Blouse || Blouses || Red || All over pattern,Divided,Blouse,Blouses,Red,All over pattern,1.0688130848007074,5.27870047204427,4.384615384615385,52,false,true,true,1.3639307650330323,2.911538461538462
1537,Menswear || Shirt || Shirts || Green || Solid,Menswear,Shirt,Shirts,Green,Solid,0.9700724558251401,5.278416695362566,4.076923076923077,51,false,true,true,2.197936574518309,8.006410256410254
1538,Ladieswear || Leggings/Tights || Trousers || Black || Solid,Ladieswear,Leggings/Tights,Trousers,Black,Solid,0.77782952464621,5.275899536003675,0.5384615384615384,42,false,false,true,2.0452083700375936,6.73076923076923
1539,Ladieswear || Sneakers || Shoes || Pink || Solid,Ladieswear,Sneakers,Shoes,Pink,Solid,1.07993929483473,5.26594801039904,7.461538461538462,52,false,true,true,1.801945784846878,5.061430236430236
1540,Divided || Dress || Dresses Ladies || Mole || Solid,Divided,Dress,Dresses Ladies,Mole,Solid,,5.2657752276489305,1.0769230769230769,44,false,false,true,2.827161888372861,15.897435897435898
1541,Divided || Blouse || Blouses || Pink || All over pattern,Divided,Blouse,Blouses,Pink,All over pattern,0.6508575337549697,5.262816987461613,6.0,52,false,false,true,2.4757377595623047,10.890476190476193
1542,Ladieswear || Dress || Jersey Fancy || Green || Lace,Ladieswear,Dress,Jersey Fancy,Green,Lace,1.1613357075336894,5.258121140306471,3.6153846153846154,52,false,true,true,2.374189934929649,9.742307692307694
1543,Divided || Jacket || Unknown || Khaki green || Solid,Divided,Jacket,Unknown,Khaki green,Solid,0.5188597073214071,5.255581198240533,2.0,50,false,false,true,1.1567199194753903,2.1794871794871793
1544,Ladieswear || Blouse || Blouses || Black || Jacquard,Ladieswear,Blouse,Blouses,Black,Jacquard,0.9656786407596136,5.255441312821048,2.3846153846153846,52,false,true,true,1.3437347467010947,2.8333333333333335
1545,Sport || Vest top || Jersey Fancy || Turquoise || Melange,Sport,Vest top,Jersey Fancy,Turquoise,Melange,0.606522940851299,5.250833989986971,0.5384615384615384,43,false,false,true,,
1546,Menswear || Jacket || Outdoor || Blue || Denim,Menswear,Jacket,Outdoor,Blue,Denim,0.9625190036253072,5.242496902046419,4.384615384615385,52,false,true,true,1.4748803524542657,3.370512820512821
1547,Menswear || Shirt || Shirts || Black || All over pattern,Menswear,Shirt,Shirts,Black,All over pattern,0.9833489874577643,5.241970878523751,9.692307692307692,52,false,true,true,1.9607127956039596,6.104389238212767
1548,Ladieswear || Skirt || Trousers || Black || Solid,Ladieswear,Skirt,Trousers,Black,Solid,0.8374967462403331,5.2404289274932,1.0,48,false,false,true,1.6397432619294294,4.153846153846154
1549,Ladieswear || Underwear Tights || Socks and Tights || Black || All over pattern,Ladieswear,Underwear Tights,Socks and Tights,Black,All over pattern,0.9553570247219565,5.233658724925121,2.8461538461538463,52,false,true,true,1.939479258725023,5.955128205128205
1550,"Menswear || Pyjama bottom || Under-, Nightwear || Blue || All over pattern",Menswear,Pyjama bottom,"Under-, Nightwear",Blue,All over pattern,0.5884879488169433,5.232155807630905,1.6923076923076923,45,false,false,true,1.9959205696299747,6.358974358974359
1551,"Ladieswear || Pyjama set || Under-, Nightwear || Black || Contrast",Ladieswear,Pyjama set,"Under-, Nightwear",Black,Contrast,,5.225349378264324,0.07692307692307693,28,false,false,true,3.0662624243598287,20.461538461538456
1552,Divided || Sweater || Knitwear || Blue || Stripe,Divided,Sweater,Knitwear,Blue,Stripe,0.6572139155593869,5.221055828486877,1.9230769230769231,51,false,false,true,1.9658564132376923,6.141025641025641
1553,Ladieswear || Jacket || Outdoor || Yellow || Solid,Ladieswear,Jacket,Outdoor,Yellow,Solid,1.4212938701701296,5.2195573673076145,3.6153846153846154,52,false,true,true,1.3258500115149827,2.7653846153846158
1554,Divided || Top || Blouses || Black || Solid,Divided,Top,Blouses,Black,Solid,1.2386596649162291,5.217783489760676,2.5384615384615383,49,false,true,true,2.7705835080126433,14.967948717948717
1555,Menswear || Shorts || Shorts || Grey || Solid,Menswear,Shorts,Shorts,Grey,Solid,1.308875161938379,5.217711134778542,2.8461538461538463,41,false,true,true,,
1556,Ladieswear || Skirt || Skirts || Blue || Check,Ladieswear,Skirt,Skirts,Blue,Check,1.0446164923266106,5.194337683138153,1.9230769230769231,52,false,true,true,0.6131044728864088,0.846153846153846
1557,Menswear || T-shirt || Jersey Fancy || Blue || Placement print,Menswear,T-shirt,Jersey Fancy,Blue,Placement print,0.7857755977927652,5.186924144371051,1.1538461538461537,45,false,false,true,2.4804093726931047,10.946153846153846
1558,Ladieswear || Sneakers || Shoes || Beige || Solid,Ladieswear,Sneakers,Shoes,Beige,Solid,0.7613907822027537,5.176583283677775,8.538461538461538,52,false,false,true,2.029147843923899,6.607600732600731
1559,Ladieswear || T-shirt || Knitwear || Black || Solid,Ladieswear,T-shirt,Knitwear,Black,Solid,,5.16355564127384,0.8461538461538461,43,false,false,true,4.83291850368905,124.57692307692314
1560,Menswear || Sunglasses || Accessories || Black || Solid,Menswear,Sunglasses,Accessories,Black,Solid,0.7889555852628047,5.162961556026748,7.384615384615385,52,false,false,true,1.609881131564383,4.002216586831971
1561,Menswear || Trousers || Jersey Basic || Blue || Solid,Menswear,Trousers,Jersey Basic,Blue,Solid,1.1722757215619695,5.161733028107724,1.8461538461538463,50,false,true,true,2.0551094410203055,6.807692307692309
1562,Divided || Bag || Accessories || Brown || Solid,Divided,Bag,Accessories,Brown,Solid,0.9843228819212809,5.15739710496854,1.0769230769230769,50,false,true,true,2.1668534794599204,7.730769230769228
1563,Menswear || Shirt || Shirts || Green || Stripe,Menswear,Shirt,Shirts,Green,Stripe,1.0461896287420929,5.156484718714296,1.3846153846153846,52,false,true,true,1.5939337258981352,3.9230769230769234
1564,Ladieswear || Earring || Accessories || Yellow || Solid,Ladieswear,Earring,Accessories,Yellow,Solid,0.9263968953573534,5.1546185169127465,3.3846153846153846,52,false,true,true,1.793645154592822,5.011324786324787
1565,Ladieswear || Other accessories || Accessories || Beige || All over pattern,Ladieswear,Other accessories,Accessories,Beige,All over pattern,1.2433125482794594,5.135399267046849,2.5384615384615383,45,false,true,true,1.8264086046412291,5.211538461538461
1566,Menswear || Shirt || Shirts || Blue || Chambray,Menswear,Shirt,Shirts,Blue,Chambray,1.1547354457747747,5.132440829606731,3.230769230769231,52,false,true,true,2.0390534807745477,6.683333333333333
1567,"Baby/Children || Kids Underwear top || Under-, Nightwear || Black || Solid",Baby/Children,Kids Underwear top,"Under-, Nightwear",Black,Solid,1.0206995125995169,5.13009376455647,2.769230769230769,52,false,true,true,1.5540878173509354,3.730769230769231
1568,"Ladieswear || Pyjama bottom || Under-, Nightwear || White || All over pattern",Ladieswear,Pyjama bottom,"Under-, Nightwear",White,All over pattern,1.0785778422174326,5.129891365459806,0.8461538461538461,16,false,true,false,,
1569,"Ladieswear || Bra || Under-, Nightwear || Pink || Melange",Ladieswear,Bra,"Under-, Nightwear",Pink,Melange,1.105525618127325,5.114895255217939,2.769230769230769,52,false,true,true,1.817077277212345,5.153846153846154
1570,Ladieswear || Blouse || Special Offers || White || Solid,Ladieswear,Blouse,Special Offers,White,Solid,2.5793607162491172,5.1147360064527785,2.4615384615384617,48,false,true,true,1.285907212729122,2.6179487179487184
1571,Menswear || Hat/brim || Accessories || Beige || Solid,Menswear,Hat/brim,Accessories,Beige,Solid,0.9008942006676237,5.1145207503828125,3.1538461538461537,45,false,true,true,1.9115348208985092,5.763461538461537
1572,Ladieswear || Belt || Accessories || Metal || Solid,Ladieswear,Belt,Accessories,Metal,Solid,1.461608566871725,5.107867957535817,0.23076923076923078,11,false,true,false,2.570849079588725,12.076923076923075
1573,Divided || Bag || Accessories || Pink || Solid,Divided,Bag,Accessories,Pink,Solid,1.1976759113162914,5.093693469132227,5.076923076923077,52,false,true,true,1.8298440096035866,5.232914307914308
1574,Ladieswear || Jacket || Outdoor || Beige || Check,Ladieswear,Jacket,Outdoor,Beige,Check,,5.084853753714289,0.0,34,false,false,true,2.5102244577722903,11.307692307692308
1575,Divided || Blouse || Blouses || Turquoise || Solid,Divided,Blouse,Blouses,Turquoise,Solid,0.8959581628226024,5.078928981588504,3.076923076923077,52,false,true,true,1.1647520911726548,2.2051282051282053
1576,Divided || Jacket || Outdoor || Green || Solid,Divided,Jacket,Outdoor,Green,Solid,0.5836057916861279,5.07747354593874,2.769230769230769,44,false,false,true,2.2684182541434432,8.664102564102564
1577,Divided || Hair/alice band || Accessories || Black || Solid,Divided,Hair/alice band,Accessories,Black,Solid,1.1288739042481457,5.072135111956293,2.769230769230769,47,false,true,true,1.32939447882223,2.778754578754579
1578,Ladieswear || Swimwear bottom || Swimwear || Red || Lace,Ladieswear,Swimwear bottom,Swimwear,Red,Lace,0.3151093439363817,5.06881669512438,1.4615384615384615,50,false,false,true,1.3958638121360414,3.0384615384615383
1579,Menswear || Trousers || Trousers || Grey || Denim,Menswear,Trousers,Trousers,Grey,Denim,1.0165885878896426,5.062259744328677,3.3076923076923075,52,false,true,true,1.5578746760824327,3.7487179487179496
1580,Ladieswear || Bag || Accessories || Grey || Solid,Ladieswear,Bag,Accessories,Grey,Solid,0.9750325219817251,5.052914029519438,1.0,36,false,true,true,2.932218867831665,17.769230769230766
1581,Ladieswear || Boots || Shoes || Beige || Solid,Ladieswear,Boots,Shoes,Beige,Solid,0.6327836712416088,5.04800073814935,8.615384615384615,52,false,false,true,1.8243760631648975,5.198926073926074
1582,Sport || Sweater || Jersey Fancy || Beige || Solid,Sport,Sweater,Jersey Fancy,Beige,Solid,0.78809383008082,5.047558578371603,1.3846153846153846,32,false,false,true,0.4795730802618863,0.6153846153846154
1583,Ladieswear || Other accessories || Accessories || White || Solid,Ladieswear,Other accessories,Accessories,White,Solid,0.8200016249639288,5.043902068364888,6.0,52,false,false,true,1.6278090288827618,4.092704517704518
1584,Ladieswear || Dress || Dresses Ladies || Green || Lace,Ladieswear,Dress,Dresses Ladies,Green,Lace,3.448730867040929,5.041882182790887,0.7692307692307693,45,false,true,true,,
1585,Divided || Vest top || Jersey Fancy || White || Placement print,Divided,Vest top,Jersey Fancy,White,Placement print,0.8674666547709327,5.038081662988559,1.3846153846153846,50,false,true,true,,
1586,"Divided || Underwear bottom || Under-, Nightwear || Pink || Melange",Divided,Underwear bottom,"Under-, Nightwear",Pink,Melange,0.3357431809989186,5.026584032829065,0.38461538461538464,42,false,false,true,,
1587,Divided || Jumpsuit/Playsuit || Dresses Ladies || Black || Glittering/Metallic,Divided,Jumpsuit/Playsuit,Dresses Ladies,Black,Glittering/Metallic,0.9163061876998307,5.022686532459649,1.0,51,false,true,true,2.1171818696626827,7.307692307692307
1588,Divided || Dress || Dresses Ladies || Blue || Dot,Divided,Dress,Dresses Ladies,Blue,Dot,1.5076422262063045,5.022118667764389,1.9230769230769231,52,false,true,true,,
1589,Divided || Skirt || Trousers || Red || All over pattern,Divided,Skirt,Trousers,Red,All over pattern,1.0991884096593934,5.020970323528842,1.0,38,false,true,true,2.5679035693589682,12.038461538461538
1590,Ladieswear || Hair/alice band || Accessories || Beige || All over pattern,Ladieswear,Hair/alice band,Accessories,Beige,All over pattern,1.1298518097640182,5.0192055787813725,2.6153846153846154,49,false,true,true,1.8051312061939442,5.0807692307692305
1591,Ladieswear || Sweater || Knitwear || Blue || Other structure,Ladieswear,Sweater,Knitwear,Blue,Other structure,0.7501266171891013,5.017613747127618,1.1538461538461537,48,false,false,true,0.9614111671546247,1.6153846153846154
1592,Menswear || Shirt || Shirts || Blue || Dot,Menswear,Shirt,Shirts,Blue,Dot,0.9528686898007992,5.016350526011079,2.230769230769231,52,false,true,true,1.8913340478188374,5.628205128205129
1593,Ladieswear || Hair/alice band || Accessories || Khaki green || Solid,Ladieswear,Hair/alice band,Accessories,Khaki green,Solid,0.11941438574156588,5.016126477463157,0.5384615384615384,46,false,false,true,1.274502955131774,2.576923076923077
1594,Ladieswear || Scarf || Accessories || Blue || All over pattern,Ladieswear,Scarf,Accessories,Blue,All over pattern,1.648938707369425,5.014139774163342,0.23076923076923078,36,false,true,true,1.791759469228055,5.0
1595,Ladieswear || Scarf || Accessories || White || Solid,Ladieswear,Scarf,Accessories,White,Solid,1.3285423206123685,5.004838223041613,3.230769230769231,52,false,true,true,2.256004025434472,8.544871794871797
1596,Ladieswear || Hair/alice band || Accessories || Pink || Solid,Ladieswear,Hair/alice band,Accessories,Pink,Solid,0.5880922012848739,5.002927365263712,7.0,52,false,false,true,1.8125309735688315,5.125932400932401
1597,Ladieswear || Skirt || Trousers || Beige || Solid,Ladieswear,Skirt,Trousers,Beige,Solid,0.9253121202077119,5.0022854681354625,2.1538461538461537,51,false,true,true,1.3733909562839828,2.948717948717949
1598,Ladieswear || Skirt || Jersey Fancy || Beige || All over pattern,Ladieswear,Skirt,Jersey Fancy,Beige,All over pattern,1.004337478888377,4.995410597468984,1.0769230769230769,48,false,true,true,1.414732296440424,3.115384615384615
1599,Ladieswear || Trousers || Special Offers || Black || Solid,Ladieswear,Trousers,Special Offers,Black,Solid,0.8360196458218042,4.993594228200519,1.0769230769230769,49,false,false,true,0.8850381883700507,1.423076923076923
1600,Sport || Hoodie || Unknown || Black || Solid,Sport,Hoodie,Unknown,Black,Solid,1.0805187787084574,4.992642485705461,0.38461538461538464,44,false,true,true,0.2076393647782445,0.23076923076923075
1601,Ladieswear || Sweater || Knitwear || Red || Solid,Ladieswear,Sweater,Knitwear,Red,Solid,0.7963870483076761,4.985381464134682,2.769230769230769,51,false,false,true,1.6372526006169774,4.1410256410256405
1602,Divided || Shorts || Trousers || White || All over pattern,Divided,Shorts,Trousers,White,All over pattern,0.7955368421052631,4.976015966260929,2.3076923076923075,50,false,false,true,0.7308875085427923,1.0769230769230766
1603,Ladieswear || Sweater || Jersey Fancy || Red || Solid,Ladieswear,Sweater,Jersey Fancy,Red,Solid,2.6621107510215576,4.971679893366247,0.3076923076923077,39,false,true,true,0.4554755286828257,0.5769230769230769
1604,Ladieswear || Cardigan || Knitwear || Green || Melange,Ladieswear,Cardigan,Knitwear,Green,Melange,0.3418040435458787,4.971464418597628,0.9230769230769231,42,false,false,true,0.6605710101253326,0.9358974358974359
1605,Sport || Sweater || Jersey Fancy || Grey || Melange,Sport,Sweater,Jersey Fancy,Grey,Melange,,4.971047876258258,0.0,29,false,false,true,2.32163328796474,9.19230769230769
1606,Ladieswear || Hair/alice band || Accessories || Yellow || Solid,Ladieswear,Hair/alice band,Accessories,Yellow,Solid,1.0605591755891723,4.961895622499383,1.8461538461538463,51,false,true,true,1.3964985312941323,3.041025641025641
1607,Ladieswear || Vest top || Jersey Fancy || Pink || Melange,Ladieswear,Vest top,Jersey Fancy,Pink,Melange,0.8744486754513328,4.959359909281045,2.0,51,false,true,true,2.3731152437998837,9.730769230769232
1608,"Ladieswear || Night gown || Under-, Nightwear || Pink || Solid",Ladieswear,Night gown,"Under-, Nightwear",Pink,Solid,0.8885385081867799,4.954024966903875,1.3846153846153846,27,false,true,true,1.7255100836868542,4.615384615384614
1609,Divided || Cap/peaked || Accessories || Pink || Solid,Divided,Cap/peaked,Accessories,Pink,Solid,1.0482548159450698,4.951689329436371,1.4615384615384615,45,false,true,true,1.4604023332736125,3.3076923076923075
1610,Menswear || Swimwear bottom || Swimwear || Yellow || Solid,Menswear,Swimwear bottom,Swimwear,Yellow,Solid,0.8652025515262655,4.943268388158082,1.0,20,false,true,false,2.844462056592087,16.192307692307697
1611,Divided || Jacket || Unknown || Black || Solid,Divided,Jacket,Unknown,Black,Solid,0.7850845326877781,4.938547242970579,6.153846153846154,52,false,false,true,1.6238031017282535,4.072344322344322
1612,Ladieswear || Sweater || Jersey Fancy || Grey || Embroidery,Ladieswear,Sweater,Jersey Fancy,Grey,Embroidery,1.1913090666221409,4.921252817716661,0.9230769230769231,50,false,true,true,,
1613,Divided || Sweater || Knitwear || Black || Melange,Divided,Sweater,Knitwear,Black,Melange,,4.9143114551806715,0.8461538461538461,46,false,false,true,1.9123874570166697,5.769230769230769
1614,Ladieswear || Skirt || Skirts || Black || Other structure,Ladieswear,Skirt,Skirts,Black,Other structure,0.8175868245727942,4.910898630915897,1.4615384615384615,45,false,false,true,3.3029341278750906,26.192307692307686
1615,"Ladieswear || Underwear bottom || Under-, Nightwear || White || Lace",Ladieswear,Underwear bottom,"Under-, Nightwear",White,Lace,0.7035260674070885,4.907640627569206,2.923076923076923,52,false,false,true,1.0638261725826943,1.8974358974358978
1616,Divided || Sweater || Knitwear || Blue || Solid,Divided,Sweater,Knitwear,Blue,Solid,0.9084327086882452,4.8834215963309875,2.5384615384615383,51,false,true,true,1.3027733890700293,2.6794871794871793
1617,Divided || Sweater || Jersey Fancy || Pink || Placement print,Divided,Sweater,Jersey Fancy,Pink,Placement print,1.0627362181781854,4.871062891351361,1.2307692307692308,51,false,true,true,2.2620301568276275,8.6025641025641
1618,Divided || Jacket || Outdoor || Red || Solid,Divided,Jacket,Outdoor,Red,Solid,0.8691344899241289,4.866279083815606,3.8461538461538463,52,false,true,true,1.9599141971393297,6.098717948717948
1619,Menswear || T-shirt || Knitwear || Grey || Melange,Menswear,T-shirt,Knitwear,Grey,Melange,0.9412097230073487,4.861768507597965,2.1538461538461537,52,false,true,true,1.7402412282643673,4.698717948717948
1620,Ladieswear || T-shirt || Jersey Fancy || Pink || Melange,Ladieswear,T-shirt,Jersey Fancy,Pink,Melange,0.8865286367303039,4.856158547485039,1.0769230769230769,49,false,true,true,0.6268977950187445,0.8717948717948716
1621,Divided || Blouse || Blouses || White || Lace,Divided,Blouse,Blouses,White,Lace,1.6555469356089993,4.855315777635371,1.1538461538461537,47,false,true,true,0.5485659517488376,0.7307692307692306
1622,Ladieswear || Necklace || Accessories || Turquoise || Solid,Ladieswear,Necklace,Accessories,Turquoise,Solid,1.5340996769036752,4.853638823708486,1.0,48,false,true,true,2.267356401110302,8.653846153846153
1623,Menswear || Sweater || Jersey Basic || Blue || Solid,Menswear,Sweater,Jersey Basic,Blue,Solid,1.3295102995548178,4.8476454513706955,1.0,46,false,true,true,3.005301724570142,19.192307692307697
1624,Menswear || T-shirt || Jersey Fancy || White || Embroidery,Menswear,T-shirt,Jersey Fancy,White,Embroidery,1.4778156996587033,4.839541699073296,0.8461538461538461,47,false,true,true,2.7233176732329984,14.23076923076923
1625,Menswear || Hoodie || Jersey Fancy || White || Placement print,Menswear,Hoodie,Jersey Fancy,White,Placement print,0.9344926644095619,4.8245270176585535,2.5384615384615383,51,false,true,true,2.044544800006609,6.725641025641026
1626,Ladieswear || Dress || Special Offers || White || Solid,Ladieswear,Dress,Special Offers,White,Solid,2.255610601261539,4.823961276350754,0.6923076923076923,26,false,true,true,0.9856254252752192,1.6794871794871793
1627,Ladieswear || Hoodie || Jersey Fancy || Grey || Melange,Ladieswear,Hoodie,Jersey Fancy,Grey,Melange,1.2003366528532207,4.823372687121886,1.0,45,false,true,true,1.405342556090585,3.0769230769230766
1628,Ladieswear || Hat/brim || Accessories || Brown || Solid,Ladieswear,Hat/brim,Accessories,Brown,Solid,1.212920453602854,4.820019746982807,0.6923076923076923,26,false,true,true,2.613551657643942,12.647435897435894
1629,Ladieswear || Dress || Dresses Ladies || Black || Embroidery,Ladieswear,Dress,Dresses Ladies,Black,Embroidery,0.7475344222320321,4.809966083390055,1.6153846153846154,44,false,false,true,3.996788272055856,53.42307692307693
1630,Ladieswear || Dress || Blouses || Red || All over pattern,Ladieswear,Dress,Blouses,Red,All over pattern,0.8510728399060774,4.803707779133186,5.0,52,false,true,true,1.8763564565116573,5.52967032967033
1631,Menswear || Trousers || Trousers || Black || Solid,Menswear,Trousers,Trousers,Black,Solid,0.9214018952355032,4.802861177029963,38.23076923076923,52,true,true,true,1.7432693363452396,4.716000436002885
1632,Divided || Dress || Dresses Ladies || Grey || Melange,Divided,Dress,Dresses Ladies,Grey,Melange,0.8998161764705884,4.798577642867281,0.9230769230769231,47,false,true,true,3.005301724570142,19.192307692307697
1633,Ladieswear || Blouse || Special Offers || Pink || Solid,Ladieswear,Blouse,Special Offers,Pink,Solid,1.7026580645161289,4.795222358798671,1.2307692307692308,49,false,true,true,1.3097178614228404,2.7051282051282053
1634,Ladieswear || Socks || Socks and Tights || Beige || Melange,Ladieswear,Socks,Socks and Tights,Beige,Melange,0.4341450777202073,4.792280049072392,1.0,49,false,false,true,0.6337237600891445,0.8846153846153846
1635,Divided || Hoodie || Jersey Basic || Yellow || Solid,Divided,Hoodie,Jersey Basic,Yellow,Solid,,4.7875674400087975,0.6153846153846154,39,false,false,true,,
1636,Ladieswear || Coat || Outdoor || Blue || Solid,Ladieswear,Coat,Outdoor,Blue,Solid,0.8953255573293952,4.784907740165268,2.0,52,false,true,true,0.8743997901649949,1.3974358974358974
1637,Ladieswear || Blouse || Blouses || White || Jacquard,Ladieswear,Blouse,Blouses,White,Jacquard,0.8935916779163028,4.784622131398738,1.9230769230769231,51,false,true,true,,
1638,Ladieswear || Trousers || Jersey Fancy || Pink || Solid,Ladieswear,Trousers,Jersey Fancy,Pink,Solid,0.869,4.778078099491039,0.8461538461538461,35,false,true,true,3.361976668508874,27.84615384615384
1639,Ladieswear || Coat || Outdoor || Beige || Melange,Ladieswear,Coat,Outdoor,Beige,Melange,,4.7737878924903985,1.0,46,false,false,true,1.5040773967762742,3.5
1640,Divided || Trousers || Trousers || Red || Solid,Divided,Trousers,Trousers,Red,Solid,1.1682328672931468,4.772598870279974,0.8461538461538461,47,false,true,true,,
1641,"Menswear || Underwear bottom || Under-, Nightwear || Blue || Solid",Menswear,Underwear bottom,"Under-, Nightwear",Blue,Solid,0.7005292651951109,4.764791417149434,4.153846153846154,52,false,false,true,1.918523893549035,5.810897435897437
1642,Ladieswear || Top || Blouses || Green || Solid,Ladieswear,Top,Blouses,Green,Solid,0.7642090255125187,4.764084429848068,2.6923076923076925,52,false,false,true,0.9490805546971459,1.5833333333333335
1643,Ladieswear || Bag || Accessories || Mole || Solid,Ladieswear,Bag,Accessories,Mole,Solid,1.0372493496328015,4.758486104043518,2.6153846153846154,37,false,true,true,3.0665610655446676,20.46794871794872
1644,Ladieswear || Wedge || Shoes || Yellow || Solid,Ladieswear,Wedge,Shoes,Yellow,Solid,1.8017190840747634,4.75465346436534,2.3846153846153846,32,false,true,true,3.1055061130785973,21.320512820512818
1645,Ladieswear || Coat || Outdoor || Beige || Solid,Ladieswear,Coat,Outdoor,Beige,Solid,0.564208839019922,4.753685651692588,3.6153846153846154,52,false,false,true,1.47164838254824,3.356410256410257
1646,"Ladieswear || Underwear bottom || Under-, Nightwear || Red || Lace",Ladieswear,Underwear bottom,"Under-, Nightwear",Red,Lace,0.888566830540347,4.7512038449472715,0.7692307692307693,46,false,true,true,0.37948962170490375,0.4615384615384615
1647,Ladieswear || Sweater || Knitwear || Turquoise || Melange,Ladieswear,Sweater,Knitwear,Turquoise,Melange,1.1970276490493839,4.749323208851655,0.7692307692307693,48,false,true,true,0.37948962170490375,0.4615384615384615
1648,Ladieswear || Sweater || Jersey Fancy || Black || Melange,Ladieswear,Sweater,Jersey Fancy,Black,Melange,,4.743132680315065,1.0,50,false,false,true,,
1649,Divided || Jacket || Outdoor || Grey || Solid,Divided,Jacket,Outdoor,Grey,Solid,1.023469040920792,4.739388257449611,1.5384615384615385,51,false,true,true,0.9059813622152939,1.4743589743589745
1650,Ladieswear || Dress || Special Offers || Blue || All over pattern,Ladieswear,Dress,Special Offers,Blue,All over pattern,2.1856548190842138,4.738605550354485,2.5384615384615383,47,false,true,true,1.2780807764796578,2.5897435897435894
1651,Ladieswear || Ring || Accessories || Turquoise || Solid,Ladieswear,Ring,Accessories,Turquoise,Solid,1.8655378794926663,4.732135515391684,1.3076923076923077,46,false,true,true,1.2816458426441542,2.602564102564103
1652,Ladieswear || Blouse || Blouses || Black || Dot,Ladieswear,Blouse,Blouses,Black,Dot,0.7471755721929151,4.730077304799682,3.3846153846153846,48,false,false,true,1.9255579202064148,5.858974358974359
1653,Divided || Blouse || Blouses || Black || Lace,Divided,Blouse,Blouses,Black,Lace,0.8710130082581992,4.72312085060863,2.0,44,false,true,true,1.6068705169288546,3.9871794871794872
1654,Divided || T-shirt || Jersey Fancy || Black || Application/3D,Divided,T-shirt,Jersey Fancy,Black,Application/3D,0.8011967587783086,4.721946974453845,1.1538461538461537,51,false,false,true,2.474165407956588,10.871794871794874
1655,Divided || Other accessories || Accessories || White || Solid,Divided,Other accessories,Accessories,White,Solid,0.8825101152759752,4.707488646605321,1.7692307692307692,48,false,true,true,1.5486530213649783,3.7051282051282035
1656,Ladieswear || Jacket || Dressed || Black || Solid,Ladieswear,Jacket,Dressed,Black,Solid,0.9449694274596999,4.703117547063556,0.07692307692307693,24,false,true,false,,
1657,Divided || Dress || Dresses Ladies || Grey || All over pattern,Divided,Dress,Dresses Ladies,Grey,All over pattern,0.7498017576704531,4.702653086610792,2.1538461538461537,52,false,false,true,2.5349170703626616,11.615384615384613
1658,Ladieswear || Blouse || Blouses || Brown || Solid,Ladieswear,Blouse,Blouses,Brown,Solid,0.7433413226209364,4.698415599742282,0.6923076923076923,45,false,false,true,1.3990333868973204,3.051282051282051
1659,Menswear || Trousers || Jersey Fancy || Black || Solid,Menswear,Trousers,Jersey Fancy,Black,Solid,0.6082939744692811,4.696853565021288,2.3846153846153846,52,false,false,true,2.243161672523245,8.423076923076922
1660,Divided || Skirt || Skirts || Beige || Check,Divided,Skirt,Skirts,Beige,Check,0.7644489386556863,4.6937640982795115,1.2307692307692308,46,false,false,true,3.12822145660007,21.83333333333334
1661,Divided || Sweater || Jersey Fancy || Grey || Placement print,Divided,Sweater,Jersey Fancy,Grey,Placement print,0.8952379787980065,4.690355430914886,2.0,52,false,true,true,,
1662,Menswear || Socks || Socks and Tights || White || Placement print,Menswear,Socks,Socks and Tights,White,Placement print,0.5657046202352334,4.682167196213758,0.6923076923076923,43,false,false,true,2.347705528274515,9.46153846153846
1663,Ladieswear || Belt || Accessories || Black || Application/3D,Ladieswear,Belt,Accessories,Black,Application/3D,0.9753503310821213,4.673871805125501,1.3076923076923077,49,false,true,true,3.4071624611306306,29.17948717948719
1664,Menswear || Shirt || Shirts || Blue || Melange,Menswear,Shirt,Shirts,Blue,Melange,0.9566304720941899,4.65505342416177,4.153846153846154,52,false,true,true,2.0254455429444,6.579487179487177
1665,Divided || Other accessories || Accessories || Pink || Solid,Divided,Other accessories,Accessories,Pink,Solid,1.1700548298794071,4.653778321996768,3.3076923076923075,52,false,true,true,1.6427238900675671,4.1692307692307695
1666,Divided || Bag || Accessories || Black || All over pattern,Divided,Bag,Accessories,Black,All over pattern,0.9158250746695992,4.652047304379953,1.0769230769230769,49,false,true,true,1.5540878173509354,3.730769230769231
1667,Divided || Shirt || Blouses || Black || Check,Divided,Shirt,Blouses,Black,Check,0.539577111456218,4.648661467874785,1.0,48,false,false,true,3.622630068572736,36.435897435897445
1668,Ladieswear || Ring || Accessories || Pink || Solid,Ladieswear,Ring,Accessories,Pink,Solid,0.9705991812430218,4.639941083474499,1.1538461538461537,48,false,true,true,1.8154092201116478,5.143589743589744
1669,Ladieswear || Skirt || Skirts || Beige || Check,Ladieswear,Skirt,Skirts,Beige,Check,0.6188092909110904,4.639399676878912,1.0769230769230769,49,false,false,true,2.353205083840554,9.519230769230772
1670,Ladieswear || Scarf || Accessories || Black || All over pattern,Ladieswear,Scarf,Accessories,Black,All over pattern,1.063404486251809,4.637887980696902,1.2307692307692308,49,false,true,true,2.652700106019045,13.19230769230769
1671,Ladieswear || Sweater || Knitwear || Turquoise || Solid,Ladieswear,Sweater,Knitwear,Turquoise,Solid,1.2766705875763176,4.625701602740465,2.5384615384615383,51,false,true,true,1.0504629447705272,1.8589743589743595
1672,Divided || Sweater || Jersey Fancy || Pink || Front print,Divided,Sweater,Jersey Fancy,Pink,Front print,0.6085162015277732,4.6243047532156805,2.1538461538461537,50,false,false,true,1.722079548590065,4.596153846153846
1673,Menswear || Belt || Accessories || Brown || Solid,Menswear,Belt,Accessories,Brown,Solid,0.9324589481554855,4.620974036940725,6.615384615384615,52,false,true,true,1.7009973359216342,4.47940947940948
1674,Ladieswear || Sunglasses || Accessories || Red || Solid,Ladieswear,Sunglasses,Accessories,Red,Solid,2.087406015037594,4.613160184740248,1.6923076923076923,43,false,true,true,1.4633741036627699,3.3205128205128203
1675,Ladieswear || Sweater || Knitwear || Beige || Stripe,Ladieswear,Sweater,Knitwear,Beige,Stripe,,4.610222548259905,0.38461538461538464,36,false,false,true,1.823307826962981,5.1923076923076925
1676,Ladieswear || Coat || Outdoor || Green || Solid,Ladieswear,Coat,Outdoor,Green,Solid,1.0615479304508386,4.607956356737822,1.3846153846153846,49,false,true,true,0.9614111671546247,1.6153846153846154
1677,Divided || Jacket || Outdoor || Black || All over pattern,Divided,Jacket,Outdoor,Black,All over pattern,0.9112546752805168,4.60501200384814,1.1538461538461537,47,false,true,true,1.881615798349916,5.564102564102564
1678,Ladieswear || Dress || Special Offers || Brown || All over pattern,Ladieswear,Dress,Special Offers,Brown,All over pattern,,4.600460502033224,2.6153846153846154,39,false,false,true,1.6508751022982735,4.211538461538462
1679,Divided || Blouse || Blouses || Blue || All over pattern,Divided,Blouse,Blouses,Blue,All over pattern,0.9005662697198669,4.599860947716286,5.461538461538462,50,false,true,true,0.625526992884966,0.8692307692307693
1680,Divided || Dress || Jersey Basic || Black || Stripe,Divided,Dress,Jersey Basic,Black,Stripe,0.43603635092624954,4.592134468389536,0.46153846153846156,37,false,false,true,,
1681,Divided || Boots || Shoes || Black || Solid,Divided,Boots,Shoes,Black,Solid,0.9130568439316139,4.582430606616443,9.461538461538462,52,false,true,true,1.752305887730204,4.7678874544259155
1682,Ladieswear || Shirt || Blouses || Blue || Check,Ladieswear,Shirt,Blouses,Blue,Check,0.7975947083583884,4.580217998928573,4.384615384615385,52,false,false,true,2.0963085635743672,7.136080586080585
1683,Menswear || Trousers || Trousers || Khaki green || Solid,Menswear,Trousers,Trousers,Khaki green,Solid,0.9704298171934252,4.573046619899867,19.53846153846154,52,true,true,true,1.7034294296575705,4.492752135599345
1684,Ladieswear || Top || Jersey Fancy || Grey || Solid,Ladieswear,Top,Jersey Fancy,Grey,Solid,1.1814314314314314,4.571030480830037,1.5384615384615385,46,false,true,true,1.65700632935321,4.243589743589744
1685,Ladieswear || Earring || Accessories || Pink || Solid,Ladieswear,Earring,Accessories,Pink,Solid,0.9289862301465338,4.569086954679773,8.384615384615385,52,false,true,true,1.9165343725112924,5.797360482654601
1686,Ladieswear || Blouse || Blouses || Pink || Stripe,Ladieswear,Blouse,Blouses,Pink,Stripe,1.0019478712549856,4.56883691114773,2.3076923076923075,50,false,true,true,,
1687,Menswear || Shirt || Shirts || Beige || Solid,Menswear,Shirt,Shirts,Beige,Solid,1.2259755742357634,4.565787015116639,4.846153846153846,52,false,true,true,1.8755146347597798,5.524175824175825
1688,Ladieswear || Bracelet || Accessories || Metal || Solid,Ladieswear,Bracelet,Accessories,Metal,Solid,0.9266015263644773,4.56039200347468,5.3076923076923075,51,false,true,true,1.9202165777974614,5.822435897435896
1689,Ladieswear || Jacket || Outdoor || Black || Check,Ladieswear,Jacket,Outdoor,Black,Check,1.0710227272727273,4.558296656971589,1.2307692307692308,52,false,true,true,1.252762968495368,2.5
1690,Ladieswear || Trousers || Jersey Fancy || Blue || All over pattern,Ladieswear,Trousers,Jersey Fancy,Blue,All over pattern,0.8513708513708514,4.551232835880888,0.38461538461538464,39,false,true,true,2.7556186180213196,14.730769230769228
1691,Menswear || Vest top || Jersey Fancy || White || Front print,Menswear,Vest top,Jersey Fancy,White,Front print,1.9875052613021227,4.54763190592219,0.9230769230769231,28,false,true,true,1.9019161571493741,5.698717948717947
1692,Sport || Hoodie || Jersey Fancy || Pink || Solid,Sport,Hoodie,Jersey Fancy,Pink,Solid,0.5972577044839205,4.546577945320511,0.8461538461538461,50,false,false,true,3.125410096862524,21.769230769230774
1693,Divided || Skirt || Trousers || Blue || Solid,Divided,Skirt,Trousers,Blue,Solid,1.2938814646131718,4.535174663000962,2.3076923076923075,51,false,true,true,1.6787726058351646,4.3589743589743595
1694,Divided || Cardigan || Knitwear || Black || Melange,Divided,Cardigan,Knitwear,Black,Melange,,4.532380405152922,0.23076923076923078,41,false,false,true,,
1695,Ladieswear || Ballerinas || Shoes || Pink || Solid,Ladieswear,Ballerinas,Shoes,Pink,Solid,1.1900152827305146,4.521293067404644,2.769230769230769,52,false,true,true,1.272709232677747,2.5705128205128203
1696,Ladieswear || Hair/alice band || Accessories || Orange || Solid,Ladieswear,Hair/alice band,Accessories,Orange,Solid,1.180906476919319,4.517972536188941,2.6923076923076925,52,false,true,true,1.6363259155879075,4.136263736263736
1697,Menswear || T-shirt || Jersey Fancy || White || Stripe,Menswear,T-shirt,Jersey Fancy,White,Stripe,0.9672384291139768,4.517554481554483,1.5384615384615385,36,false,true,true,1.9993988340062996,6.384615384615385
1698,Divided || Sweater || Jersey Fancy || Black || All over pattern,Divided,Sweater,Jersey Fancy,Black,All over pattern,0.708173501237757,4.513865696796049,3.0,52,false,false,true,1.4824782849728122,3.4038461538461533
1699,Ladieswear || Trousers || Knitwear || Grey || Melange,Ladieswear,Trousers,Knitwear,Grey,Melange,0.7449257732423239,4.5086338063506695,0.38461538461538464,38,false,false,true,2.069779630768099,6.923076923076923
1700,Divided || Trousers || Trousers || Red || All over pattern,Divided,Trousers,Trousers,Red,All over pattern,2.023506917107187,4.5074405301194345,0.07692307692307693,35,false,true,true,,
1701,Menswear || Trousers || Trousers || Mole || Solid,Menswear,Trousers,Trousers,Mole,Solid,0.9069288154283449,4.4944781820422754,4.6923076923076925,52,false,true,true,1.4259288376328472,3.161721611721612
1702,"Ladieswear || Underwear body || Under-, Nightwear || Beige || Solid",Ladieswear,Underwear body,"Under-, Nightwear",Beige,Solid,1.1788391049838614,4.4882005854046545,1.6153846153846154,51,false,true,true,,
1703,Menswear || Shirt || Shirts || Orange || All over pattern,Menswear,Shirt,Shirts,Orange,All over pattern,1.8142209011264079,4.474471977535944,0.15384615384615385,21,false,true,false,,
1704,Ladieswear || Dungarees || Trousers || Blue || Denim,Ladieswear,Dungarees,Trousers,Blue,Denim,0.9066824413041112,4.465966627870412,1.9230769230769231,50,false,true,true,0.77908961036067,1.1794871794871793
1705,Divided || Necklace || Accessories || Metal || Metallic,Divided,Necklace,Accessories,Metal,Metallic,,4.451663978980651,1.6153846153846154,12,false,false,false,2.6808458898273897,13.597435897435897
1706,Ladieswear || Scarf || Accessories || Yellow || Solid,Ladieswear,Scarf,Accessories,Yellow,Solid,0.7095169079984458,4.451270473733604,2.769230769230769,50,false,false,true,1.9600947840472698,6.1000000000000005
1707,Menswear || T-shirt || Jersey Basic || Pink || Melange,Menswear,T-shirt,Jersey Basic,Pink,Melange,1.068538950183885,4.450290195862128,0.3076923076923077,20,false,true,false,2.4322629163025784,10.384615384615385
1708,Ladieswear || Sneakers || Shoes || Metal || Solid,Ladieswear,Sneakers,Shoes,Metal,Solid,1.116982690159528,4.448884637705574,4.0,31,false,true,true,1.782313284776005,4.943589743589745
1709,Divided || Trousers || Unknown || Blue || Denim,Divided,Trousers,Unknown,Blue,Denim,0.9961757526444265,4.439262580566912,2.4615384615384617,51,false,true,true,1.9513896148199388,6.038461538461537
1710,Ladieswear || Sweater || Jersey Fancy || Grey || Front print,Ladieswear,Sweater,Jersey Fancy,Grey,Front print,0.751504833708275,4.433724351046515,1.0769230769230769,50,false,false,true,0.4795730802618863,0.6153846153846154
1711,Ladieswear || T-shirt || Jersey Fancy || Yellow || Front print,Ladieswear,T-shirt,Jersey Fancy,Yellow,Front print,0.6509520447624367,4.422935322987468,0.15384615384615385,38,false,false,true,2.78690877601453,15.230769230769234
1712,Ladieswear || Skirt || Skirts || Red || All over pattern,Ladieswear,Skirt,Skirts,Red,All over pattern,,4.420362684433684,0.07692307692307693,36,false,false,true,4.11778561019353,60.4230769230769
1713,Menswear || Trousers || Trousers || Mole || Check,Menswear,Trousers,Trousers,Mole,Check,0.956794173368816,4.419865270015553,0.9230769230769231,44,false,true,true,1.978345424808467,6.23076923076923
1714,Ladieswear || Vest top || Jersey Fancy || Green || Solid,Ladieswear,Vest top,Jersey Fancy,Green,Solid,0.622528473384975,4.41895235550159,1.6923076923076923,21,false,false,false,3.2036320210963676,23.62179487179487
1715,Ladieswear || Dress || Blouses || Grey || All over pattern,Ladieswear,Dress,Blouses,Grey,All over pattern,1.3722010481181517,4.41425107333592,1.0,41,false,true,true,1.353718190685278,2.8717948717948723
1716,Ladieswear || Blazer || Outdoor || Black || Solid,Ladieswear,Blazer,Outdoor,Black,Solid,0.45912995636897985,4.404497741261218,4.230769230769231,51,false,false,true,2.009761621041846,6.461538461538462
1717,Ladieswear || Shirt || Blouses || White || All over pattern,Ladieswear,Shirt,Blouses,White,All over pattern,0.5349435384078511,4.3980340483281015,0.6923076923076923,36,false,false,true,0.8690378470236095,1.3846153846153846
1718,Divided || T-shirt || Jersey Basic || Red || Solid,Divided,T-shirt,Jersey Basic,Red,Solid,0.6559811064953501,4.3964434732344655,0.7692307692307693,46,false,false,true,,
1719,Divided || Shorts || Trousers || Red || Solid,Divided,Shorts,Trousers,Red,Solid,1.0166833500166834,4.394127445615244,1.8461538461538463,51,false,true,true,,
1720,Menswear || Trousers || Trousers || Beige || Check,Menswear,Trousers,Trousers,Beige,Check,0.6141061704818188,4.383392422046476,2.1538461538461537,52,false,false,true,2.2154338460832146,8.165384615384617
1721,Ladieswear || Trousers || Trousers || Grey || All over pattern,Ladieswear,Trousers,Trousers,Grey,All over pattern,0.7200288299831825,4.3793012897858965,1.0769230769230769,49,false,false,true,,
1722,Menswear || T-shirt || Jersey Fancy || Black || Treatment,Menswear,T-shirt,Jersey Fancy,Black,Treatment,1.1780076576879157,4.370100289708306,1.3846153846153846,45,false,true,true,1.578185368929996,3.8461538461538467
1723,Divided || Bag || Accessories || Beige || Solid,Divided,Bag,Accessories,Beige,Solid,0.8683836949908741,4.367969075863807,4.3076923076923075,52,false,true,true,1.1429737992500204,2.136080586080586
1724,Menswear || Trousers || Trousers || Khaki green || All over pattern,Menswear,Trousers,Trousers,Khaki green,All over pattern,0.9763170580068771,4.363553822431927,3.923076923076923,52,false,true,true,1.744474581817302,4.722893772893773
1725,Ladieswear || Boots || Shoes || White || Solid,Ladieswear,Boots,Shoes,White,Solid,0.8958224575850056,4.360893661781191,2.3076923076923075,52,false,true,true,2.3198707292810714,9.174358974358976
1726,Ladieswear || Jacket || Outdoor || Green || Solid,Ladieswear,Jacket,Outdoor,Green,Solid,0.7225075413752654,4.3587470265428365,3.230769230769231,52,false,false,true,1.6691571471357227,4.307692307692308
1727,Sport || Bag || Accessories || Black || Solid,Sport,Bag,Accessories,Black,Solid,0.9564456927643549,4.348021390486057,2.230769230769231,52,false,true,true,2.0649134411169263,6.884615384615386
1728,Divided || Sweater || Jersey Fancy || Red || Placement print,Divided,Sweater,Jersey Fancy,Red,Placement print,1.1909059945504088,4.347938788263741,1.3846153846153846,51,false,true,true,0.7121953755306398,1.0384615384615383
1729,Sport || Swimsuit || Accessories || Black || Solid,Sport,Swimsuit,Accessories,Black,Solid,1.3111806726061481,4.326155071995892,1.0,46,false,true,true,1.252762968495368,2.5
1730,Ladieswear || Bag || Accessories || Beige || Colour blocking,Ladieswear,Bag,Accessories,Beige,Colour blocking,0.7508680639141544,4.324074306322296,2.8461538461538463,48,false,false,true,2.4288788183183376,10.346153846153845
1731,Ladieswear || Dress || Blouses || Blue || Stripe,Ladieswear,Dress,Blouses,Blue,Stripe,0.8232328622576992,4.323183921516058,0.9230769230769231,40,false,false,true,2.0402208285265546,6.6923076923076925
1732,Sport || Jacket || Unknown || Black || Solid,Sport,Jacket,Unknown,Black,Solid,0.9843152342440419,4.313656644931423,1.6153846153846154,52,false,true,true,3.3153508271688183,26.532051282051274
1733,Menswear || Polo shirt || Knitwear || White || Solid,Menswear,Polo shirt,Knitwear,White,Solid,1.103054489639294,4.309759979671622,2.1538461538461537,41,false,true,true,2.0402208285265546,6.6923076923076925
1734,Menswear || Trousers || Trousers || Blue || Check,Menswear,Trousers,Trousers,Blue,Check,0.7119040377148439,4.302265270872897,6.461538461538462,52,false,false,true,2.1027775441105385,7.188883338883338
1735,Sport || Socks || Accessories || Grey || Melange,Sport,Socks,Accessories,Grey,Melange,1.0002904443799012,4.2965213331514205,1.7692307692307692,49,false,true,true,1.6557830876104658,4.237179487179487
1736,Divided || Sweater || Jersey Fancy || Grey || Front print,Divided,Sweater,Jersey Fancy,Grey,Front print,0.9045065387148368,4.293924717489546,1.6153846153846154,51,false,true,true,1.4240346891027376,3.1538461538461533
1737,Ladieswear || Scarf || Accessories || Blue || Solid,Ladieswear,Scarf,Accessories,Blue,Solid,1.160330904704156,4.293735466416498,1.6923076923076923,52,false,true,true,1.611998733295774,4.012820512820512
1738,Ladieswear || Boots || Shoes || Black || Solid,Ladieswear,Boots,Shoes,Black,Solid,0.8669542012980669,4.288157609707616,49.84615384615385,52,true,true,true,2.0690598603095336,6.917376178226734
1739,Menswear || Trousers || Jersey Basic || Black || Melange,Menswear,Trousers,Jersey Basic,Black,Melange,1.055208818506443,4.2808714163273205,0.9230769230769231,35,false,true,true,1.5125880864441827,3.5384615384615383
1740,Ladieswear || Belt || Accessories || Metal || Glittering/Metallic,Ladieswear,Belt,Accessories,Metal,Glittering/Metallic,1.3962662289252945,4.276965962750317,2.1538461538461537,50,false,true,true,1.3894943638505615,3.0128205128205128
1741,Ladieswear || Dress || Dresses Ladies || Black || Check,Ladieswear,Dress,Dresses Ladies,Black,Check,0.7580369831242307,4.274059707107418,2.769230769230769,52,false,false,true,1.8317606141229053,5.244871794871795
1742,Divided || Sweater || Jersey Fancy || Blue || Colour blocking,Divided,Sweater,Jersey Fancy,Blue,Colour blocking,1.3597556027231632,4.271262271393783,1.5384615384615385,52,false,true,true,1.5513741114793391,3.717948717948718
1743,Divided || Sweater || Jersey Fancy || Red || Solid,Divided,Sweater,Jersey Fancy,Red,Solid,1.563239035115753,4.269153648835191,2.1538461538461537,51,false,true,true,2.153549513833558,7.615384615384615
1744,Ladieswear || Other accessories || Accessories || Green || Solid,Ladieswear,Other accessories,Accessories,Green,Solid,0.8218086842964415,4.261372791145981,0.5384615384615384,38,false,false,true,1.3470736479666094,2.8461538461538467
1745,Ladieswear || Hair string || Accessories || White || Solid,Ladieswear,Hair string,Accessories,White,Solid,1.0626481249685231,4.259094118451235,1.2307692307692308,23,false,true,false,1.9150354631034092,5.787179487179488
1746,Ladieswear || Sneakers || Shoes || Blue || Solid,Ladieswear,Sneakers,Shoes,Blue,Solid,1.2112763320941757,4.257628680653647,2.769230769230769,51,false,true,true,0.9315582040049436,1.5384615384615388
1747,Ladieswear || Dress || Knitwear || Blue || Solid,Ladieswear,Dress,Knitwear,Blue,Solid,0.9336403420954779,4.256914446977105,3.3846153846153846,52,false,true,true,2.5787588908590813,12.180769230769233
1748,Ladieswear || Coat || Outdoor || Grey || Melange,Ladieswear,Coat,Outdoor,Grey,Melange,0.6265190533864462,4.256328797162736,1.8461538461538463,52,false,false,true,1.0231885268508678,1.782051282051282
1749,Divided || Hoodie || Outdoor || Blue || Solid,Divided,Hoodie,Outdoor,Blue,Solid,0.9698910954516335,4.256095078828059,0.8461538461538461,50,false,true,true,0.9614111671546247,1.6153846153846154
1750,Ladieswear || Leggings/Tights || Jersey Fancy || Grey || Melange,Ladieswear,Leggings/Tights,Jersey Fancy,Grey,Melange,0.8139938080495357,4.248579363339979,2.230769230769231,52,false,false,true,1.7657839828247943,4.846153846153846
1751,Ladieswear || Leggings/Tights || Jersey Fancy || Black || All over pattern,Ladieswear,Leggings/Tights,Jersey Fancy,Black,All over pattern,0.7673501105864068,4.242433373848983,2.230769230769231,51,false,false,true,1.9836504770381602,6.269230769230768
1752,Menswear || T-shirt || Jersey Fancy || Blue || Treatment,Menswear,T-shirt,Jersey Fancy,Blue,Treatment,0.8656792645556689,4.240737376458869,1.0769230769230769,38,false,true,true,,
1753,Ladieswear || Pumps || Shoes || Beige || Solid,Ladieswear,Pumps,Shoes,Beige,Solid,0.9976454719737982,4.235257436718817,2.769230769230769,52,false,true,true,2.273182688778103,8.710256410256411
1754,Ladieswear || Scarf || Accessories || Beige || Solid,Ladieswear,Scarf,Accessories,Beige,Solid,1.2437986389357492,4.232736878990785,4.6923076923076925,47,false,true,true,1.4141535798395906,3.1130036630036626
1755,Divided || Hat/beanie || Accessories || Black || Solid,Divided,Hat/beanie,Accessories,Black,Solid,1.0813383005891983,4.228035559324591,2.4615384615384617,50,false,true,true,2.031432322493475,6.624999999999999
1756,Menswear || Trousers || Trousers || Grey || Melange,Menswear,Trousers,Trousers,Grey,Melange,0.8334803710977456,4.224275186704505,5.6923076923076925,52,false,false,true,2.089423537286108,7.0802558552558565
1757,Menswear || Shirt || Shirts || Brown || Solid,Menswear,Shirt,Shirts,Brown,Solid,1.069495274358311,4.206774222919651,3.076923076923077,52,false,true,true,2.2633643798407643,8.615384615384615
1758,Ladieswear || Ring || Accessories || Green || Solid,Ladieswear,Ring,Accessories,Green,Solid,1.7084276981661488,4.196373445330161,1.8461538461538463,51,false,true,true,2.3513752571634776,9.5
1759,Ladieswear || Sneakers || Shoes || Orange || Solid,Ladieswear,Sneakers,Shoes,Orange,Solid,0.918151175794232,4.194995397529013,2.0,50,false,true,true,1.2709122870010454,2.5641025641025643
1760,Menswear || T-shirt || Jersey Fancy || Red || Solid,Menswear,T-shirt,Jersey Fancy,Red,Solid,1.0720974495622382,4.190848355182195,1.1538461538461537,51,false,true,true,1.6094379124341003,3.999999999999999
1761,Ladieswear || T-shirt || Jersey Fancy || Blue || All over pattern,Ladieswear,T-shirt,Jersey Fancy,Blue,All over pattern,1.0700561129059685,4.18821578254502,0.23076923076923078,37,false,true,true,,
1762,Ladieswear || Pumps || Shoes || Orange || Solid,Ladieswear,Pumps,Shoes,Orange,Solid,1.5539621128877168,4.1824401579841375,2.769230769230769,52,false,true,true,1.9941768900251478,6.346153846153846
1763,Divided || Sweater || Knitwear || Black || Lace,Divided,Sweater,Knitwear,Black,Lace,0.8297639639711067,4.177662357111817,2.230769230769231,52,false,false,true,3.6141697230303516,36.12051282051282
1764,Ladieswear || Other accessories || Accessories || White || All over pattern,Ladieswear,Other accessories,Accessories,White,All over pattern,0.8178376659448946,4.171359660295631,3.5384615384615383,47,false,false,true,1.7422333116712014,4.7100815850815865
1765,Ladieswear || Earring || Accessories || Turquoise || Solid,Ladieswear,Earring,Accessories,Turquoise,Solid,0.8974433864906439,4.169918661206365,1.3846153846153846,46,false,true,true,1.65455834771457,4.230769230769231
1766,Menswear || T-shirt || Knitwear || Blue || Solid,Menswear,T-shirt,Knitwear,Blue,Solid,1.0300192101698817,4.16626326012002,3.923076923076923,50,false,true,true,1.8017521111095989,5.06025641025641
1767,Ladieswear || Earring || Accessories || Orange || Solid,Ladieswear,Earring,Accessories,Orange,Solid,0.838385583419364,4.159452112157531,2.3076923076923075,52,false,false,true,1.5472896946371144,3.698717948717949
1768,Ladieswear || Leggings/Tights || Jersey Fancy || Grey || All over pattern,Ladieswear,Leggings/Tights,Jersey Fancy,Grey,All over pattern,0.6768882121737898,4.158299066539675,0.38461538461538464,40,false,false,true,,
1769,"Ladieswear || Pyjama set || Under-, Nightwear || White || Solid",Ladieswear,Pyjama set,"Under-, Nightwear",White,Solid,0.9999999999999999,4.158039332045166,2.0,35,false,true,true,,
1770,Ladieswear || Dress || Knitwear || Brown || Solid,Ladieswear,Dress,Knitwear,Brown,Solid,0.7396781236113527,4.144058843721497,1.6923076923076923,52,false,false,true,1.4839328306838064,3.4102564102564097
1771,Ladieswear || Dress || Special Offers || White || All over pattern,Ladieswear,Dress,Special Offers,White,All over pattern,1.62734020161737,4.135934835477136,1.9230769230769231,31,false,true,true,1.2636920390275583,2.5384615384615388
1772,Ladieswear || Trousers || Knitwear || Black || Solid,Ladieswear,Trousers,Knitwear,Black,Solid,0.31867135467289415,4.134997773900693,0.9230769230769231,48,false,false,true,1.929289267819273,5.884615384615385
1773,Menswear || Hoodie || Jersey Fancy || Beige || Placement print,Menswear,Hoodie,Jersey Fancy,Beige,Placement print,1.0447474518686297,4.1245588752578115,2.3076923076923075,42,false,true,true,1.709399263414156,4.525641025641025
1774,Ladieswear || Other accessories || Accessories || Yellow || Solid,Ladieswear,Other accessories,Accessories,Yellow,Solid,0.9054916985951469,4.116423083139175,2.4615384615384617,52,false,true,true,2.02595285672885,6.583333333333334
1775,Baby/Children || Shorts || Jersey Basic || Black || Solid,Baby/Children,Shorts,Jersey Basic,Black,Solid,0.9497034901867184,4.111571097863354,3.6153846153846154,47,false,true,true,1.6949096432381374,4.446153846153846
1776,Ladieswear || Dress || Special Offers || White || Embroidery,Ladieswear,Dress,Special Offers,White,Embroidery,1.5336486227391832,4.109861371285919,1.9230769230769231,35,false,true,true,1.436304781694552,3.2051282051282053
1777,Ladieswear || Trousers || Trousers Denim || Grey || Denim,Ladieswear,Trousers,Trousers Denim,Grey,Denim,0.9247340425531916,4.107912623517633,2.1538461538461537,40,false,true,true,2.0402208285265546,6.6923076923076925
1778,Menswear || Trousers || Trousers || Blue || Other structure,Menswear,Trousers,Trousers,Blue,Other structure,0.9414040438269512,4.105930102516753,1.7692307692307692,49,false,true,true,1.4271163556401456,3.166666666666666
1779,Ladieswear || Top || Knitwear || Red || Solid,Ladieswear,Top,Knitwear,Red,Solid,0.7160772157249543,4.102726789560135,1.8461538461538463,44,false,false,true,1.1884686177899706,2.2820512820512815
1780,Divided || Trousers || Unknown || Black || Denim,Divided,Trousers,Unknown,Black,Denim,0.7474433925395395,4.101537724913268,1.9230769230769231,52,false,false,true,2.682951523172484,13.628205128205131
1781,Ladieswear || Dress || Jersey Fancy || Grey || Melange,Ladieswear,Dress,Jersey Fancy,Grey,Melange,0.5940531632196037,4.0946711668858,2.076923076923077,52,false,false,true,2.0164402998611513,6.5115384615384615
1782,Divided || Hair/alice band || Accessories || Pink || Solid,Divided,Hair/alice band,Accessories,Pink,Solid,0.7898945622556568,4.091659372172582,1.4615384615384615,33,false,false,true,1.960455860057692,6.102564102564102
1783,Ladieswear || Shirt || Blouses || Red || Check,Ladieswear,Shirt,Blouses,Red,Check,0.8677626876340242,4.09138510123055,2.076923076923077,50,false,true,true,1.7232243684059985,4.602564102564103
1784,Ladieswear || Underwear Tights || Socks and Tights || Black || Dot,Ladieswear,Underwear Tights,Socks and Tights,Black,Dot,0.8092647716141549,4.083077753546574,2.3076923076923075,50,false,false,true,2.0583881324820035,6.833333333333332
1785,Divided || Shirt || Blouses || Yellow || Check,Divided,Shirt,Blouses,Yellow,Check,0.3799493065067145,4.080773320935411,0.38461538461538464,34,false,false,true,,
1786,Menswear || Sweater || Jersey Fancy || Yellow || Front print,Menswear,Sweater,Jersey Fancy,Yellow,Front print,1.0405150510826426,4.069587322696437,0.6153846153846154,41,false,true,true,1.5125880864441827,3.5384615384615383
1787,Divided || Sweater || Jersey Fancy || Blue || Placement print,Divided,Sweater,Jersey Fancy,Blue,Placement print,1.4403464147286824,4.066029160702784,1.4615384615384615,51,false,true,true,1.0726368022648491,1.9230769230769234
1788,Menswear || Top || Jersey Basic || Black || Solid,Menswear,Top,Jersey Basic,Black,Solid,1.0218751019786578,4.064153789618133,1.0,52,false,true,true,1.451433663290852,3.269230769230769
1789,Ladieswear || Top || Blouses || Blue || Stripe,Ladieswear,Top,Blouses,Blue,Stripe,0.7867305194805193,4.061972479048841,2.923076923076923,51,false,false,true,2.11316145292827,7.274358974358975
1790,Ladieswear || Scarf || Accessories || Pink || Solid,Ladieswear,Scarf,Accessories,Pink,Solid,1.3409787668899735,4.058042472910901,3.4615384615384617,52,false,true,true,2.0505482688402115,6.772161172161172
1791,Divided || T-shirt || Jersey Basic || Blue || Solid,Divided,T-shirt,Jersey Basic,Blue,Solid,0.7298599954096856,4.040303158467946,0.3076923076923077,32,false,false,true,3.288688872739042,25.80769230769231
1792,Sport || Leggings/Tights || Jersey Fancy || Grey || Colour blocking,Sport,Leggings/Tights,Jersey Fancy,Grey,Colour blocking,0.388116170826642,4.036874678964154,0.3076923076923077,43,false,false,true,0.570544858467613,0.7692307692307694
1793,Menswear || T-shirt || Knitwear || White || Solid,Menswear,T-shirt,Knitwear,White,Solid,0.9342229579575185,4.033904223549961,3.769230769230769,52,false,true,true,1.4692912806908587,3.3461538461538467
1794,Divided || Shorts || Unknown || Black || Denim,Divided,Shorts,Unknown,Black,Denim,0.8655430823431063,4.031385585014708,0.6923076923076923,42,false,true,true,1.6906633523566863,4.423076923076923
1795,Ladieswear || Swimsuit || Jersey Fancy || White || All over pattern,Ladieswear,Swimsuit,Jersey Fancy,White,All over pattern,0.2913038758006731,4.014087743382242,1.3076923076923077,50,false,false,true,,
1796,Ladieswear || Dress || Jersey Fancy || Blue || Melange,Ladieswear,Dress,Jersey Fancy,Blue,Melange,0.8823581077520334,4.010114593109575,0.6923076923076923,35,false,true,true,2.907321316209938,17.307692307692307
1797,Ladieswear || Other shoe || Shoes || Beige || Solid,Ladieswear,Other shoe,Shoes,Beige,Solid,1.3110144538856265,4.0048613884560424,2.6153846153846154,50,false,true,true,0.8955646013570381,1.4487179487179485
1798,Menswear || Shirt || Shirts || Grey || Chambray,Menswear,Shirt,Shirts,Grey,Chambray,0.9799770170978862,4.00346506548247,1.9230769230769231,52,false,true,true,2.1210324712629682,7.339743589743589
1799,Ladieswear || Slippers || Socks and Tights || Pink || Solid,Ladieswear,Slippers,Socks and Tights,Pink,Solid,0.973779120772005,3.99707468722291,1.0769230769230769,37,false,true,true,0.4307829160924542,0.5384615384615383
1800,Sport || Bag || Accessories || Pink || Solid,Sport,Bag,Accessories,Pink,Solid,1.8005220920158682,3.9951326346804255,1.8461538461538463,49,false,true,true,1.8658674413817768,5.461538461538462
1801,Menswear || Trousers || Trousers || White || Check,Menswear,Trousers,Trousers,White,Check,0.9536033301534993,3.992652387060865,2.6153846153846154,44,false,true,true,2.112696516848604,7.270512820512819
1802,Ladieswear || Shorts || Trousers || Blue || All over pattern,Ladieswear,Shorts,Trousers,Blue,All over pattern,1.827027027027027,3.986666208692081,1.8461538461538463,34,false,true,true,2.5825451193519164,12.230769230769232
1803,Menswear || Shirt || Shirts || White || Dot,Menswear,Shirt,Shirts,White,Dot,0.6066141806380198,3.973077816245822,3.4615384615384617,52,false,false,true,1.720179528363088,4.585531135531136
1804,Menswear || Top || Jersey Basic || White || Solid,Menswear,Top,Jersey Basic,White,Solid,0.9925691583284284,3.9710848105401455,0.8461538461538461,42,false,true,true,1.5210269550900473,3.5769230769230766
1805,Divided || Skirt || Skirts || Beige || All over pattern,Divided,Skirt,Skirts,Beige,All over pattern,,3.9655948197360615,0.5384615384615384,45,false,false,true,,
1806,Divided || Trousers || Trousers || Black || Application/3D,Divided,Trousers,Trousers,Black,Application/3D,0.9039718451483157,3.963097778826026,0.6153846153846154,40,false,true,true,0.4307829160924542,0.5384615384615383
1807,Ladieswear || Jacket || Outdoor || Pink || Solid,Ladieswear,Jacket,Outdoor,Pink,Solid,0.9318252384120645,3.9596009576853604,2.0,36,false,true,true,1.6107191425901488,4.0064102564102555
1808,Divided || Skirt || Trousers || Black || All over pattern,Divided,Skirt,Trousers,Black,All over pattern,1.0674232309746328,3.957051569245319,1.0769230769230769,46,false,true,true,1.8417698898027164,5.3076923076923075
1809,Ladieswear || Top || Jersey Fancy || Black || Application/3D,Ladieswear,Top,Jersey Fancy,Black,Application/3D,0.5420726306465898,3.944110732812188,1.3846153846153846,35,false,false,true,0.6200249157309826,0.8589743589743588
1810,Ladieswear || Sweater || Knitwear || White || Application/3D,Ladieswear,Sweater,Knitwear,White,Application/3D,1.043820780931161,3.9437150563692125,1.2307692307692308,48,false,true,true,0.6737290947028437,0.9615384615384615
1811,Ladieswear || Top || Blouses || Blue || All over pattern,Ladieswear,Top,Blouses,Blue,All over pattern,2.633679933070395,3.933048306318053,2.3846153846153846,44,false,true,true,1.6372526006169774,4.1410256410256405
1812,Ladieswear || Other shoe || Shoes || Brown || Solid,Ladieswear,Other shoe,Shoes,Brown,Solid,0.513990329530323,3.9292395114577356,3.076923076923077,49,false,false,true,2.4539847394494143,10.634615384615387
1813,Menswear || Trousers || Trousers || Grey || Solid,Menswear,Trousers,Trousers,Grey,Solid,0.9409203846121272,3.922385978792292,11.076923076923077,52,true,true,true,1.7049743749028383,4.5012446954754655
1814,Divided || Sweater || Jersey Fancy || Grey || Melange,Divided,Sweater,Jersey Fancy,Grey,Melange,1.1378522112616516,3.9195739067456206,2.5384615384615383,52,false,true,true,1.661884387806643,4.269230769230769
1815,"Menswear || Underwear bottom || Under-, Nightwear || Blue || All over pattern",Menswear,Underwear bottom,"Under-, Nightwear",Blue,All over pattern,0.9111142710073029,3.91809062097282,13.153846153846153,52,true,true,true,1.9034313212500031,5.708875298756948
1816,Divided || Coat || Outdoor || Black || Solid,Divided,Coat,Outdoor,Black,Solid,0.6846345801331447,3.917930922014251,1.5384615384615385,52,false,false,true,2.1799827709017134,7.846153846153847
1817,Ladieswear || Coat || Outdoor || Mole || Solid,Ladieswear,Coat,Outdoor,Mole,Solid,0.8124154242953471,3.91629096868573,2.1538461538461537,52,false,false,true,1.160744069775116,2.1923076923076925
1818,Menswear || Trousers || Trousers || Blue || Denim,Menswear,Trousers,Trousers,Blue,Denim,1.0294378526364707,3.9138236114130294,11.615384615384615,52,true,true,true,1.430215636875365,3.17960037072028
1819,Divided || Dress || Unknown || Yellow || All over pattern,Divided,Dress,Unknown,Yellow,All over pattern,1.0345006037605657,3.9111461197264408,1.0769230769230769,43,false,true,true,,
1820,"Ladieswear || Pyjama set || Under-, Nightwear || Black || Solid",Ladieswear,Pyjama set,"Under-, Nightwear",Black,Solid,0.4168855874626325,3.905668927558817,1.4615384615384615,51,false,false,true,1.570217199280819,3.8076923076923066
1821,Ladieswear || Swimsuit || Swimwear || Yellow || Solid,Ladieswear,Swimsuit,Swimwear,Yellow,Solid,,3.9012757484356246,0.23076923076923078,31,false,false,true,,
1822,Ladieswear || Coat || Outdoor || Brown || Solid,Ladieswear,Coat,Outdoor,Brown,Solid,0.603960396039604,3.8966293742217655,1.8461538461538463,49,false,false,true,0.8743997901649949,1.3974358974358974
1823,Ladieswear || Flat shoe || Shoes || Yellow || Solid,Ladieswear,Flat shoe,Shoes,Yellow,Solid,0.6133811369630303,3.896042198746753,3.0,21,false,false,false,2.1609624462226833,7.679487179487181
1824,Ladieswear || Hair/alice band || Accessories || Black || Dot,Ladieswear,Hair/alice band,Accessories,Black,Dot,1.1345583114587239,3.8949999068073744,1.9230769230769231,34,false,true,true,1.8698278425978738,5.487179487179487
1825,Menswear || Shirt || Shirts || Black || Stripe,Menswear,Shirt,Shirts,Black,Stripe,0.8383346432703093,3.8902766743367634,1.6153846153846154,51,false,false,true,1.745849767923977,4.730769230769231
1826,Divided || Skirt || Trousers || Red || Solid,Divided,Skirt,Trousers,Red,Solid,0.7536450477626948,3.8881994582484074,0.7692307692307693,49,false,false,true,0.3528213746227424,0.423076923076923
1827,Ladieswear || Ballerinas || Shoes || Yellow || Solid,Ladieswear,Ballerinas,Shoes,Yellow,Solid,1.0098661515109701,3.8804812997513105,1.0769230769230769,33,false,true,true,2.0551094410203055,6.807692307692309
1828,Ladieswear || Sweater || Knitwear || Blue || Stripe,Ladieswear,Sweater,Knitwear,Blue,Stripe,,3.8737573022421143,0.5384615384615384,44,false,false,true,1.829499797210902,5.23076923076923
1829,Ladieswear || Ring || Accessories || Orange || Solid,Ladieswear,Ring,Accessories,Orange,Solid,0.9922620783513173,3.8732013422517335,1.1538461538461537,42,false,true,true,1.619642082608342,4.051282051282051
1830,Ladieswear || Ring || Accessories || White || Solid,Ladieswear,Ring,Accessories,White,Solid,,3.870297430097624,1.6153846153846154,41,false,false,true,1.6521043587530033,4.217948717948718
1831,Ladieswear || Blouse || Special Offers || White || All over pattern,Ladieswear,Blouse,Special Offers,White,All over pattern,1.1060900365630713,3.867566925978272,1.6923076923076923,32,false,true,true,1.2957803535790589,2.653846153846154
1832,Menswear || Sweater || Jersey Fancy || Beige || Embroidery,Menswear,Sweater,Jersey Fancy,Beige,Embroidery,0.9585684484651705,3.857457721785548,1.4615384615384615,40,false,true,true,1.509759230243705,3.5256410256410255
1833,Menswear || Shirt || Shirts || Pink || Melange,Menswear,Shirt,Shirts,Pink,Melange,0.6242544731610338,3.8513527647707306,1.2307692307692308,24,false,false,false,2.2127725937247043,8.141025641025642
1834,"Ladieswear || Night gown || Under-, Nightwear || Pink || All over pattern",Ladieswear,Night gown,"Under-, Nightwear",Pink,All over pattern,0.7465406473931308,3.8419866353190892,0.6923076923076923,43,false,false,true,,
1835,Ladieswear || Dress || Dresses Ladies || Turquoise || All over pattern,Ladieswear,Dress,Dresses Ladies,Turquoise,All over pattern,1.1437833714721586,3.8412811085756147,0.46153846153846156,35,false,true,true,,
1836,Ladieswear || Skirt || Trousers || Yellow || Solid,Ladieswear,Skirt,Trousers,Yellow,Solid,0.32779950910004035,3.8378976706524623,1.2307692307692308,49,false,false,true,1.1028766874545672,2.0128205128205128
1837,Ladieswear || Hat/beanie || Accessories || White || Solid,Ladieswear,Hat/beanie,Accessories,White,Solid,2.8337999999999997,3.831120711732738,0.3076923076923077,28,false,true,true,3.4139364074395853,29.384615384615387
1838,Ladieswear || Blouse || Blouses || White || Lace,Ladieswear,Blouse,Blouses,White,Lace,1.1248890504276534,3.8301712647426607,2.6923076923076925,52,false,true,true,2.201488976122677,8.038461538461537
1839,Ladieswear || Dress || Dresses Ladies || Blue || Lace,Ladieswear,Dress,Dresses Ladies,Blue,Lace,1.6122808082033862,3.829967077986951,1.0,46,false,true,true,1.5379694517306985,3.6551282051282064
1840,Ladieswear || Skirt || Trousers || Green || Solid,Ladieswear,Skirt,Trousers,Green,Solid,0.5418331129514928,3.829662452765626,1.3076923076923077,51,false,false,true,1.3062516534463542,2.6923076923076925
1841,Ladieswear || Blazer || Outdoor || White || Solid,Ladieswear,Blazer,Outdoor,White,Solid,1.3751339764201502,3.823191694627396,1.0769230769230769,45,false,true,true,,
1842,Menswear || Trousers || Trousers || Blue || Solid,Menswear,Trousers,Trousers,Blue,Solid,0.9089384019066069,3.8219355877357906,24.384615384615383,52,true,true,true,1.6551346747482107,4.233784733358023
1843,Ladieswear || Dress || Dresses Ladies || White || Lace,Ladieswear,Dress,Dresses Ladies,White,Lace,1.1951376191241996,3.8125336139369708,1.8461538461538463,50,false,true,true,1.6380004505832795,4.144871794871796
1844,Ladieswear || Top || Blouses || White || All over pattern,Ladieswear,Top,Blouses,White,All over pattern,0.5006733657930177,3.809189299823978,2.1538461538461537,51,false,false,true,1.4484261422268967,3.2564102564102555
1845,Divided || Bodysuit || Jersey Fancy || Black || Solid,Divided,Bodysuit,Jersey Fancy,Black,Solid,,3.8026229818828208,0.6923076923076923,46,false,false,true,0.9760099665757773,1.6538461538461537
1846,Sport || Socks || Accessories || Pink || Solid,Sport,Socks,Accessories,Pink,Solid,0.6100674155211613,3.7994473818090206,0.6153846153846154,46,false,false,true,1.3062516534463542,2.6923076923076925
1847,"Ladieswear || Bra || Under-, Nightwear || Pink || All over pattern",Ladieswear,Bra,"Under-, Nightwear",Pink,All over pattern,0.8224543080939946,3.7960700342123914,1.0,50,false,false,true,1.7657839828247943,4.846153846153846
1848,Ladieswear || Sweater || Knitwear || Black || Jacquard,Ladieswear,Sweater,Knitwear,Black,Jacquard,0.7584500146557048,3.790213664123696,4.6923076923076925,42,false,false,true,2.1045361104623947,7.203296703296701
1849,Ladieswear || Hair/alice band || Accessories || White || Solid,Ladieswear,Hair/alice band,Accessories,White,Solid,0.7475528004920454,3.79013919140756,5.769230769230769,52,false,false,true,1.591860646012476,3.912881562881563
1850,Ladieswear || Bodysuit || Jersey Fancy || Black || Lace,Ladieswear,Bodysuit,Jersey Fancy,Black,Lace,,3.7859728430025346,1.3076923076923077,48,false,false,true,1.211635677071505,2.358974358974359
1851,Ladieswear || Hair/alice band || Accessories || White || All over pattern,Ladieswear,Hair/alice band,Accessories,White,All over pattern,1.0451992049088237,3.7724510455302784,2.076923076923077,49,false,true,true,2.2511279139616374,8.498443223443221
1852,Ladieswear || Top || Jersey Fancy || Pink || Lace,Ladieswear,Top,Jersey Fancy,Pink,Lace,1.01984014511649,3.772395170587628,1.5384615384615385,50,false,true,true,3.0524276172305362,20.166666666666664
1853,"Menswear || Underwear bottom || Under-, Nightwear || Blue || Stripe",Menswear,Underwear bottom,"Under-, Nightwear",Blue,Stripe,0.7872568842104116,3.768387868809696,3.076923076923077,52,false,false,true,1.1627500885019815,2.1987179487179485
1854,Ladieswear || Sweater || Knitwear || White || Jacquard,Ladieswear,Sweater,Knitwear,White,Jacquard,0.40060022462819644,3.7660574447500013,2.6923076923076925,50,false,false,true,1.916168179856576,5.794871794871796
1855,Ladieswear || Trousers || Trousers || Black || Jacquard,Ladieswear,Trousers,Trousers,Black,Jacquard,0.8149392009264622,3.76246441220796,1.7692307692307692,52,false,false,true,1.1363526166509568,2.1153846153846154
1856,Ladieswear || Scarf || Accessories || Orange || Solid,Ladieswear,Scarf,Accessories,Orange,Solid,0.6624839415926322,3.7616339862626322,3.923076923076923,52,false,false,true,1.6109751917529869,4.007692307692308
1857,Ladieswear || Blouse || Blouses || Blue || Embroidery,Ladieswear,Blouse,Blouses,Blue,Embroidery,1.2777410832232496,3.759423185743964,2.4615384615384617,49,false,true,true,1.6350056891735976,4.129487179487179
1858,Ladieswear || Skirt || Trousers || White || All over pattern,Ladieswear,Skirt,Trousers,White,All over pattern,0.6997465521213916,3.747648160381444,3.0,52,false,false,true,1.662857150529265,4.274358974358974
1859,Sport || Vest top || Jersey Fancy || Blue || Melange,Sport,Vest top,Jersey Fancy,Blue,Melange,0.8514341532723559,3.747144796809792,1.1538461538461537,42,false,true,true,,
1860,Ladieswear || Other accessories || Accessories || Red || Solid,Ladieswear,Other accessories,Accessories,Red,Solid,0.8007090079400767,3.7461745277962795,1.4615384615384615,52,false,false,true,1.889397938791971,5.615384615384616
1861,Divided || Bag || Accessories || Yellow || Solid,Divided,Bag,Accessories,Yellow,Solid,0.8711045468931321,3.742485607779086,1.3076923076923077,24,false,true,false,1.6459429098089546,4.185897435897436
1862,Ladieswear || Blouse || Jersey Fancy || Blue || All over pattern,Ladieswear,Blouse,Jersey Fancy,Blue,All over pattern,1.105105105105105,3.740199566710981,0.8461538461538461,43,false,true,true,0.7849547298130681,1.1923076923076925
1863,Ladieswear || Blouse || Special Offers || Red || Solid,Ladieswear,Blouse,Special Offers,Red,Solid,0.9661218312523648,3.7389031895546294,2.8461538461538463,52,false,true,true,1.3470736479666094,2.8461538461538467
1864,Menswear || Socks || Socks and Tights || Orange || All over pattern,Menswear,Socks,Socks and Tights,Orange,All over pattern,0.733674825490626,3.7341185837390887,1.2307692307692308,42,false,false,true,2.315956829959935,9.134615384615383
1865,Ladieswear || Blouse || Blouses || Unknown || Solid,Ladieswear,Blouse,Blouses,Unknown,Solid,0.9283741838809806,3.72048461098817,1.0769230769230769,50,false,true,true,0.9315582040049436,1.5384615384615388
1866,Divided || Dress || Jersey Fancy || Black || Front print,Divided,Dress,Jersey Fancy,Black,Front print,0.6530889869211185,3.7190323039436146,0.7692307692307693,45,false,false,true,3.272781089704403,25.384615384615383
1867,Menswear || Shirt || Shirts || Grey || Melange,Menswear,Shirt,Shirts,Grey,Melange,0.6953021965528219,3.717598346056799,1.4615384615384615,47,false,false,true,1.6533321059913257,4.2243589743589745
1868,Ladieswear || Earring || Accessories || Beige || Solid,Ladieswear,Earring,Accessories,Beige,Solid,0.8850050658561297,3.7173781043640988,0.3076923076923077,43,false,true,true,1.0726368022648491,1.9230769230769234
1869,Divided || Shorts || Shorts || White || All over pattern,Divided,Shorts,Shorts,White,All over pattern,0.3377633434468612,3.7107507401110604,1.1538461538461537,48,false,false,true,,
1870,Sport || Sweater || Jersey Fancy || Grey || Solid,Sport,Sweater,Jersey Fancy,Grey,Solid,,3.7098213582705846,0.7692307692307693,17,false,false,false,0.2076393647782445,0.23076923076923075
1871,Menswear || Shirt || Shirts || Beige || Check,Menswear,Shirt,Shirts,Beige,Check,0.8354368686208342,3.701866793619949,4.769230769230769,51,false,false,true,2.213994047406267,8.152197802197804
1872,Sport || Leggings/Tights || Jersey Fancy || Lilac Purple || Colour blocking,Sport,Leggings/Tights,Jersey Fancy,Lilac Purple,Colour blocking,1.279513959442435,3.7015208165735514,0.6153846153846154,46,false,true,true,1.5125880864441827,3.5384615384615383
1873,Menswear || Shirt || Shirts || Red || Solid,Menswear,Shirt,Shirts,Red,Solid,0.9713790441230025,3.700291171855862,1.1538461538461537,49,false,true,true,2.03688192726104,6.666666666666668
1874,Divided || Earring || Accessories || Metal || Solid,Divided,Earring,Accessories,Metal,Solid,1.0889672261750267,3.6952841928757287,2.3846153846153846,46,false,true,true,1.250929787413707,2.4935897435897436
1875,Ladieswear || Pumps || Shoes || Brown || Solid,Ladieswear,Pumps,Shoes,Brown,Solid,0.9743201263003565,3.695280900877573,3.5384615384615383,52,false,true,true,2.114554965579258,7.285897435897436
1876,Menswear || Jacket || Outdoor || Black || Solid,Menswear,Jacket,Outdoor,Black,Solid,0.7860420395475308,3.6855604684822465,13.615384615384615,52,true,false,true,1.5842154105266153,3.8754646392655445
1877,"Menswear || Underwear bottom || Under-, Nightwear || Pink || All over pattern",Menswear,Underwear bottom,"Under-, Nightwear",Pink,All over pattern,1.0018737557090995,3.685103845872119,0.9230769230769231,43,false,true,true,1.978345424808467,6.23076923076923
1878,Ladieswear || Coat || Outdoor || Grey || Solid,Ladieswear,Coat,Outdoor,Grey,Solid,0.6634297868130781,3.6820546064644537,2.076923076923077,48,false,false,true,1.4271163556401456,3.166666666666666
1879,Ladieswear || Top || Blouses || Blue || Solid,Ladieswear,Top,Blouses,Blue,Solid,1.2417798871940358,3.6810981057886965,1.0769230769230769,42,false,true,true,1.4663370687934272,3.333333333333334
1880,Divided || Blouse || Unknown || Black || Solid,Divided,Blouse,Unknown,Black,Solid,2.012235817575083,3.6711769996506174,0.7692307692307693,30,false,true,true,1.1962507582320256,2.3076923076923075
1881,Ladieswear || Skirt || Trousers || Blue || All over pattern,Ladieswear,Skirt,Trousers,Blue,All over pattern,0.9175773717950613,3.6711467441888814,2.0,51,false,true,true,2.043548618619229,6.717948717948716
1882,Ladieswear || Sneakers || Shoes || Beige || All over pattern,Ladieswear,Sneakers,Shoes,Beige,All over pattern,1.0227365789530398,3.6617662090064593,2.769230769230769,52,false,true,true,1.4810216204763482,3.397435897435898
1883,Ladieswear || Top || Knitwear || Grey || Melange,Ladieswear,Top,Knitwear,Grey,Melange,0.5462665237584852,3.655077233317108,0.6153846153846154,45,false,false,true,1.4240346891027376,3.1538461538461533
1884,Ladieswear || Dress || Dresses Ladies || Red || Lace,Ladieswear,Dress,Dresses Ladies,Red,Lace,1.0511065125554864,3.650349071297546,1.9230769230769231,51,false,true,true,1.1526795099383855,2.166666666666667
1885,Ladieswear || Blouse || Blouses || Turquoise || All over pattern,Ladieswear,Blouse,Blouses,Turquoise,All over pattern,0.541981251583481,3.650293225742188,0.7692307692307693,39,false,false,true,,
1886,Ladieswear || Skirt || Skirts || Grey || Check,Ladieswear,Skirt,Skirts,Grey,Check,0.687471926046664,3.6485430191880592,3.8461538461538463,44,false,false,true,2.0121642307440295,6.479487179487181
1887,Menswear || Shirt || Shirts || Blue || Denim,Menswear,Shirt,Shirts,Blue,Denim,1.008730537560335,3.648456896416107,8.692307692307692,52,false,true,true,1.636094110089513,4.13507326007326
1888,Menswear || Socks || Socks and Tights || Yellow || All over pattern,Menswear,Socks,Socks and Tights,Yellow,All over pattern,0.7453926058304479,3.643705399125901,0.15384615384615385,15,false,false,false,2.676797657598106,13.538461538461542
1889,Menswear || Bag || Accessories || Black || Solid,Menswear,Bag,Accessories,Black,Solid,0.8806333103234525,3.6413101526017613,5.0,52,false,true,true,1.3056066041769587,2.68992673992674
1890,Ladieswear || Top || Jersey Fancy || Brown || Solid,Ladieswear,Top,Jersey Fancy,Brown,Solid,0.6517821385662794,3.64066037147858,1.2307692307692308,51,false,false,true,3.1915309802691847,23.325641025641026
1891,Divided || Scarf || Accessories || Yellow || Solid,Divided,Scarf,Accessories,Yellow,Solid,1.1112347052280311,3.63728192098198,0.7692307692307693,37,false,true,true,0.7308875085427923,1.0769230769230766
1892,Menswear || Trousers || Trousers || Green || Solid,Menswear,Trousers,Trousers,Green,Solid,0.5782334429177555,3.6236596446511644,0.6153846153846154,46,false,false,true,1.3470736479666094,2.8461538461538467
1893,Menswear || T-shirt || Jersey Fancy || Pink || Solid,Menswear,T-shirt,Jersey Fancy,Pink,Solid,0.7693150005681642,3.6215036921439383,2.3846153846153846,45,false,false,true,1.578185368929996,3.8461538461538467
1894,Ladieswear || Dress || Jersey Fancy || Turquoise || Lace,Ladieswear,Dress,Jersey Fancy,Turquoise,Lace,1.2263569073067206,3.620914290700724,1.6923076923076923,51,false,true,true,1.5182219041624387,3.564102564102564
1895,Ladieswear || Trousers || Trousers || Red || All over pattern,Ladieswear,Trousers,Trousers,Red,All over pattern,0.4750174408814261,3.6170605019483766,2.230769230769231,52,false,false,true,0.6995369786587163,1.0128205128205128
1896,Ladieswear || Earring || Accessories || Red || Solid,Ladieswear,Earring,Accessories,Red,Solid,0.9692602015130257,3.604167114563152,2.4615384615384617,50,false,true,true,1.5847773506121487,3.8782051282051277
1897,Ladieswear || Hat/brim || Accessories || White || Solid,Ladieswear,Hat/brim,Accessories,White,Solid,0.5401134812899518,3.601592720459168,0.38461538461538464,28,false,false,true,0.5920510636885765,0.8076923076923077
1898,Ladieswear || Sweater || Knitwear || Red || Melange,Ladieswear,Sweater,Knitwear,Red,Melange,0.5056685872168291,3.5962168569518793,1.3076923076923077,50,false,false,true,0.8690378470236095,1.3846153846153846
1899,Ladieswear || Sweater || Knitwear || Pink || Stripe,Ladieswear,Sweater,Knitwear,Pink,Stripe,0.39906064189470536,3.594143331397154,1.2307692307692308,50,false,false,true,1.0986122886681098,2.0000000000000004
1900,Menswear || Shirt || Shirts || Pink || Solid,Menswear,Shirt,Shirts,Pink,Solid,1.122651511659302,3.5927073615112013,1.3076923076923077,32,false,true,true,2.147579346847054,7.564102564102566
1901,Divided || Top || Jersey Fancy || Black || Lace,Divided,Top,Jersey Fancy,Black,Lace,1.123901724698991,3.5879124085535317,0.9230769230769231,48,false,true,true,3.0626717562291,20.38461538461538
1902,Ladieswear || Jacket || Outdoor || Black || All over pattern,Ladieswear,Jacket,Outdoor,Black,All over pattern,1.2377108001435233,3.5850841860113674,2.1538461538461537,45,false,true,true,3.063271096972243,20.39743589743589
1903,"Ladieswear || Pyjama set || Under-, Nightwear || Pink || Melange",Ladieswear,Pyjama set,"Under-, Nightwear",Pink,Melange,1.0465565188941601,3.5791671253354655,1.5384615384615385,39,false,true,true,1.9993988340062996,6.384615384615385
1904,Menswear || Hoodie || Jersey Basic || Red || Solid,Menswear,Hoodie,Jersey Basic,Red,Solid,0.5154013340949124,3.5760647281469273,0.7692307692307693,48,false,false,true,1.8417698898027164,5.3076923076923075
1905,Ladieswear || Necklace || Accessories || Black || Solid,Ladieswear,Necklace,Accessories,Black,Solid,1.350831255195345,3.5744858996510827,1.8461538461538463,51,false,true,true,1.1134587967851042,2.0448717948717947
1906,Divided || Outdoor Waistcoat || Outdoor || Black || Solid,Divided,Outdoor Waistcoat,Outdoor,Black,Solid,0.6731208257093815,3.5734625092561387,1.0,20,false,false,false,2.223930310595357,8.243589743589743
1907,Divided || T-shirt || Unknown || Pink || Solid,Divided,T-shirt,Unknown,Pink,Solid,1.050723252405531,3.5733221802247845,1.0769230769230769,51,false,true,true,1.3570239788197773,2.884615384615384
1908,Menswear || Trousers || Trousers || Brown || Solid,Menswear,Trousers,Trousers,Brown,Solid,0.9783304016038832,3.5713246587578977,9.846153846153847,52,false,true,true,1.5268327243509818,3.603572922803692
1909,"Ladieswear || Bra || Under-, Nightwear || Blue || Lace",Ladieswear,Bra,"Under-, Nightwear",Blue,Lace,1.001537637661991,3.5697263443139446,3.076923076923077,52,false,true,true,1.274502955131774,2.576923076923077
1910,Ladieswear || Skirt || Trousers Denim || Blue || Denim,Ladieswear,Skirt,Trousers Denim,Blue,Denim,,3.565148842891759,0.23076923076923078,32,false,false,true,,
1911,"Ladieswear || Bra || Under-, Nightwear || Red || Contrast",Ladieswear,Bra,"Under-, Nightwear",Red,Contrast,1.0022704646215774,3.5595655090144014,2.5384615384615383,52,false,true,true,0.9007865453381898,1.4615384615384617
1912,Menswear || Swimwear bottom || Swimwear || Blue || Colour blocking,Menswear,Swimwear bottom,Swimwear,Blue,Colour blocking,2.0646796110354435,3.5525754753790943,1.0,46,false,true,true,2.8080115520822657,15.576923076923077
1913,Ladieswear || Skirt || Skirts || Grey || Solid,Ladieswear,Skirt,Skirts,Grey,Solid,,3.5521429363907373,1.8461538461538463,48,false,false,true,1.2192402764567245,2.384615384615385
1914,Divided || Skirt || Skirts || Black || Sequin,Divided,Skirt,Skirts,Black,Sequin,1.0667378537106247,3.5499901710400943,1.8461538461538463,51,false,true,true,1.200119235009946,2.3205128205128207
1915,Ladieswear || Hair clip || Accessories || Metal || Metallic,Ladieswear,Hair clip,Accessories,Metal,Metallic,0.9769348491473543,3.5456245230905656,1.4615384615384615,22,false,true,false,1.6841919343561234,4.388095238095238
1916,Ladieswear || Blouse || Special Offers || Black || Solid,Ladieswear,Blouse,Special Offers,Black,Solid,0.8609230769230771,3.5441350769049382,0.6923076923076923,47,false,true,true,1.241713132308783,2.4615384615384617
1917,Ladieswear || Dress || Blouses || Turquoise || All over pattern,Ladieswear,Dress,Blouses,Turquoise,All over pattern,1.1181569087960632,3.5350755277356862,0.8461538461538461,37,false,true,true,,
1918,Ladieswear || Top || Jersey Fancy || Pink || Melange,Ladieswear,Top,Jersey Fancy,Pink,Melange,0.656449341396736,3.5256496766645498,0.9230769230769231,36,false,false,true,2.4254832293171997,10.30769230769231
1919,Ladieswear || Watch || Accessories || Metal || Solid,Ladieswear,Watch,Accessories,Metal,Solid,1.0144867850480874,3.516392297687614,1.1538461538461537,43,false,true,true,1.2192402764567245,2.384615384615385
1920,Ladieswear || Dress || Dresses Ladies || Red || Jacquard,Ladieswear,Dress,Dresses Ladies,Red,Jacquard,0.9443967104455626,3.509994363266217,0.7692307692307693,49,false,true,true,,
1921,Ladieswear || Hair clip || Accessories || Metal || Glittering/Metallic,Ladieswear,Hair clip,Accessories,Metal,Glittering/Metallic,,3.5055724045857737,2.0,46,false,false,true,1.2299778760903621,2.4211538461538464
1922,Ladieswear || Dress || Jersey Fancy || Lilac Purple || Solid,Ladieswear,Dress,Jersey Fancy,Lilac Purple,Solid,1.046159864389099,3.5052097491709278,0.8461538461538461,39,false,true,true,2.2458790654997447,8.448717948717947
1923,Divided || Shirt || Blouses || Red || All over pattern,Divided,Shirt,Blouses,Red,All over pattern,0.6071938470040991,3.5038948254334707,1.3076923076923077,51,false,false,true,,
1924,Ladieswear || Skirt || Trousers || Blue || Solid,Ladieswear,Skirt,Trousers,Blue,Solid,0.7862513572204124,3.4859782572288625,0.9230769230769231,47,false,false,true,,
1925,Divided || Sweater || Jersey Fancy || Orange || Placement print,Divided,Sweater,Jersey Fancy,Orange,Placement print,0.799435269958073,3.482718311246365,0.7692307692307693,44,false,false,true,2.325399770760217,9.23076923076923
1926,Divided || Shorts || Shorts || White || Solid,Divided,Shorts,Shorts,White,Solid,0.3449018841439582,3.4793154985089227,0.7692307692307693,38,false,false,true,3.2610507499189136,25.07692307692308
1927,Ladieswear || Jacket || Outdoor || Beige || All over pattern,Ladieswear,Jacket,Outdoor,Beige,All over pattern,0.8512754555198285,3.474938152346482,1.3846153846153846,52,false,true,true,2.958509563063383,18.26923076923077
1928,Ladieswear || Trousers || Jersey Fancy || Blue || Solid,Ladieswear,Trousers,Jersey Fancy,Blue,Solid,0.46523212652644036,3.4743915983179514,2.0,51,false,false,true,1.7277905863855796,4.628205128205128
1929,Divided || Blouse || Unknown || White || Solid,Divided,Blouse,Unknown,White,Solid,0.9383278940295642,3.47340148785557,0.6153846153846154,21,false,true,false,1.6247053845648887,4.076923076923076
1930,Ladieswear || Earring || Accessories || Green || Solid,Ladieswear,Earring,Accessories,Green,Solid,1.4968508127199462,3.464620700717769,1.3076923076923077,46,false,true,true,1.4848045436548862,3.4141025641025635
1931,Menswear || Trousers || Trousers || Black || Melange,Menswear,Trousers,Trousers,Black,Melange,0.8599322733062056,3.4643518223158756,1.8461538461538463,49,false,true,true,2.1008454503429896,7.173076923076925
1932,Divided || Hat/brim || Accessories || Pink || Solid,Divided,Hat/brim,Accessories,Pink,Solid,0.7343177106016447,3.463199074767057,1.3076923076923077,50,false,false,true,1.6094379124341003,3.999999999999999
1933,"Ladieswear || Underwear body || Under-, Nightwear || Black || Lace",Ladieswear,Underwear body,"Under-, Nightwear",Black,Lace,,3.456108938879485,0.38461538461538464,43,false,false,true,3.4364655204996133,30.076923076923077
1934,Ladieswear || Hat/beanie || Accessories || Beige || Solid,Ladieswear,Hat/beanie,Accessories,Beige,Solid,0.8731935294096154,3.4548102548050927,2.769230769230769,46,false,true,true,1.9180531945523471,5.8076923076923075
1935,Baby/Children || Trousers || Trousers Denim || Black || Solid,Baby/Children,Trousers,Trousers Denim,Black,Solid,1.01811654501795,3.45453813892379,1.7692307692307692,52,false,true,true,2.605534637576615,12.538461538461538
1936,Menswear || Trousers || Trousers Denim || Turquoise || Denim,Menswear,Trousers,Trousers Denim,Turquoise,Denim,0.880121239919468,3.4432148196334307,4.461538461538462,47,false,true,true,1.2241524344541022,2.401282051282051
1937,Ladieswear || Bag || Accessories || Red || Solid,Ladieswear,Bag,Accessories,Red,Solid,0.8535438753587645,3.431418233635104,2.1538461538461537,52,false,true,true,2.8118710705744436,15.641025641025642
1938,Baby/Children || Shorts || Jersey Basic || Grey || Solid,Baby/Children,Shorts,Jersey Basic,Grey,Solid,0.7266089619030796,3.4254487896234256,2.8461538461538463,48,false,false,true,,
1939,Menswear || Shirt || Shirts || Beige || All over pattern,Menswear,Shirt,Shirts,Beige,All over pattern,1.0776554616781349,3.4254041841725638,0.9230769230769231,44,false,true,true,2.632626439284968,12.910256410256409
1940,Menswear || Socks || Socks and Tights || Red || All over pattern,Menswear,Socks,Socks and Tights,Red,All over pattern,0.7228317292853333,3.4148904115789973,0.9230769230769231,44,false,false,true,0.9111493323737363,1.4871794871794868
1941,Menswear || Jacket || Outdoor || Khaki green || Solid,Menswear,Jacket,Outdoor,Khaki green,Solid,1.009605139284601,3.411849137403773,9.076923076923077,52,false,true,true,1.3526927518259482,2.8678266178266174
1942,Baby/Children || Vest top || Jersey Basic || Grey || Melange,Baby/Children,Vest top,Jersey Basic,Grey,Melange,0.9852503666457155,3.402656934283062,1.1538461538461537,51,false,true,true,1.414732296440424,3.115384615384615
1943,Ladieswear || Blouse || Blouses || Lilac Purple || Solid,Ladieswear,Blouse,Blouses,Lilac Purple,Solid,1.0639256989186916,3.3938366606480113,1.0,50,false,true,true,0.8023464725249373,1.2307692307692308
1944,Menswear || Trousers || Jersey Fancy || Grey || Melange,Menswear,Trousers,Jersey Fancy,Grey,Melange,0.7525529400636171,3.390142551980788,2.076923076923077,52,false,false,true,1.7480844057253935,4.743589743589744
1945,Ladieswear || Scarf || Accessories || Beige || Check,Ladieswear,Scarf,Accessories,Beige,Check,1.2615911961031931,3.3879089008274024,1.8461538461538463,52,false,true,true,1.077013176864648,1.9358974358974361
1946,Sport || Hoodie || Outdoor || Black || Solid,Sport,Hoodie,Outdoor,Black,Solid,0.9701502016449144,3.38714085922671,2.230769230769231,52,false,true,true,1.5742092205503564,3.8269230769230766
1947,Menswear || T-shirt || Jersey Fancy || Blue || Front print,Menswear,T-shirt,Jersey Fancy,Blue,Front print,1.1433290208924,3.3863732116177117,0.5384615384615384,36,false,true,true,1.7186372043990923,4.576923076923077
1948,Menswear || Trousers || Trousers || Grey || Check,Menswear,Trousers,Trousers,Grey,Check,0.80911274570918,3.379562868537568,1.0769230769230769,49,false,false,true,1.4469189829363254,3.25
1949,Menswear || T-shirt || Jersey Basic || Black || Stripe,Menswear,T-shirt,Jersey Basic,Black,Stripe,0.5632521279718227,3.3749886259151074,1.3076923076923077,52,false,false,true,2.267356401110302,8.653846153846153
1950,Ladieswear || Hat/beanie || Accessories || Black || Solid,Ladieswear,Hat/beanie,Accessories,Black,Solid,1.015538159951257,3.3728209981618695,2.4615384615384617,47,false,true,true,2.1302138670532593,7.416666666666668
1951,Ladieswear || Boots || Shoes || Mole || Solid,Ladieswear,Boots,Shoes,Mole,Solid,1.002311976192894,3.372000366700904,3.5384615384615383,51,false,true,true,2.065888575275132,6.89230769230769
1952,Ladieswear || Top || Jersey Fancy || Black || Stripe,Ladieswear,Top,Jersey Fancy,Black,Stripe,,3.369851253989868,0.0,19,false,false,false,,
1953,Ladieswear || Earring || Accessories || Lilac Purple || Solid,Ladieswear,Earring,Accessories,Lilac Purple,Solid,,3.3682462139781375,1.5384615384615385,37,false,false,true,1.6949096432381374,4.446153846153846
1954,Menswear || Shirt || Shirts || Blue || All over pattern,Menswear,Shirt,Shirts,Blue,All over pattern,0.8119851538049854,3.3566884356670856,11.538461538461538,52,true,false,true,1.87475345876769,5.5192116677083325
1955,Menswear || Hoodie || Jersey Fancy || Black || Placement print,Menswear,Hoodie,Jersey Fancy,Black,Placement print,0.8771128473235554,3.3527650961663786,1.6153846153846154,46,false,true,true,2.1568179761103687,7.643589743589745
1956,Menswear || Trousers || Trousers || Brown || Check,Menswear,Trousers,Trousers,Brown,Check,0.8777633015840892,3.3503438979738487,1.0769230769230769,39,false,true,true,2.1031956276879433,7.192307692307695
1957,Divided || Sweater || Knitwear || White || Embroidery,Divided,Sweater,Knitwear,White,Embroidery,0.6187838723125485,3.331677712165841,0.7692307692307693,27,false,false,true,3.1564547185444836,22.487179487179482
1958,Divided || Vest top || Jersey Fancy || Black || All over pattern,Divided,Vest top,Jersey Fancy,Black,All over pattern,0.6409444284480276,3.331049182459175,1.7692307692307692,52,false,false,true,,
1959,Ladieswear || Hair/alice band || Accessories || Green || Solid,Ladieswear,Hair/alice band,Accessories,Green,Solid,,3.32779159563502,0.15384615384615385,26,false,false,true,1.1727202608218317,2.2307692307692313
1960,Ladieswear || Skirt || Knitwear || Black || Solid,Ladieswear,Skirt,Knitwear,Black,Solid,0.9166319406056794,3.3190808367670668,1.7692307692307692,27,false,true,true,1.7745176627935488,4.897435897435897
1961,Menswear || Vest top || Jersey Fancy || Black || Placement print,Menswear,Vest top,Jersey Fancy,Black,Placement print,1.0103259769184045,3.3125711707823395,1.0769230769230769,42,false,true,true,2.171249090932959,7.769230769230772
1962,Ladieswear || Skirt || Trousers || Blue || Denim,Ladieswear,Skirt,Trousers,Blue,Denim,0.7681102179266762,3.312026589291035,2.6153846153846154,51,false,false,true,0.9687372072466975,1.6346153846153846
1963,Ladieswear || Jacket || Outdoor || Red || Solid,Ladieswear,Jacket,Outdoor,Red,Solid,0.7888673125061565,3.304424315406961,3.230769230769231,52,false,false,true,1.2199975653986332,2.387179487179487
1964,Sport || Jacket || Outdoor || Black || Solid,Sport,Jacket,Outdoor,Black,Solid,0.9981297549892048,3.3011734322152,6.6923076923076925,52,false,true,true,1.1121948404339785,2.041025641025641
1965,Ladieswear || Scarf || Accessories || Pink || All over pattern,Ladieswear,Scarf,Accessories,Pink,All over pattern,0.6329662443763628,3.298725870357071,1.4615384615384615,51,false,false,true,1.9330067442194054,5.910256410256411
1966,Sport || Bra || Jersey Fancy || Black || All over pattern,Sport,Bra,Jersey Fancy,Black,All over pattern,0.4460847084974268,3.2980501007952787,0.46153846153846156,43,false,false,true,,
1967,Ladieswear || Bag || Accessories || Turquoise || Solid,Ladieswear,Bag,Accessories,Turquoise,Solid,1.1353746720419786,3.2946664135617842,1.8461538461538463,51,false,true,true,2.2183670139100284,8.19230769230769
1968,Ladieswear || Boots || Shoes || Brown || Solid,Ladieswear,Boots,Shoes,Brown,Solid,1.662675132763613,3.290573144505159,6.076923076923077,52,false,true,true,1.2892091025214694,2.62991452991453
1969,Ladieswear || Scarf || Accessories || White || Check,Ladieswear,Scarf,Accessories,White,Check,1.0066416257784534,3.2842177865337705,0.5384615384615384,45,false,true,true,1.241713132308783,2.4615384615384617
1970,Ladieswear || Underwear Tights || Socks and Tights || Red || Solid,Ladieswear,Underwear Tights,Socks and Tights,Red,Solid,1.1469820577915966,3.2811725045278326,2.923076923076923,52,false,true,true,1.852886729909056,5.3782051282051295
1971,Ladieswear || Scarf || Accessories || Grey || Melange,Ladieswear,Scarf,Accessories,Grey,Melange,0.8618080446037434,3.2804643197201697,1.6923076923076923,52,false,true,true,1.3570239788197773,2.884615384615384
1972,Sport || Trousers || Outdoor || Black || Solid,Sport,Trousers,Outdoor,Black,Solid,0.940174776300901,3.279304478423752,2.3076923076923075,52,false,true,true,2.0831206628417753,7.0294871794871785
1973,Sport || T-shirt || Jersey Fancy || Turquoise || Melange,Sport,T-shirt,Jersey Fancy,Turquoise,Melange,0.6393379900465245,3.276015571383205,0.3076923076923077,42,false,false,true,1.4692912806908587,3.3461538461538467
1974,Menswear || Top || Jersey Basic || Blue || Melange,Menswear,Top,Jersey Basic,Blue,Melange,1.0111874700335624,3.273801924013286,0.6923076923076923,45,false,true,true,1.1239300966523995,2.0769230769230766
1975,Divided || Jacket || Outdoor || Orange || Solid,Divided,Jacket,Outdoor,Orange,Solid,0.4060276422158477,3.2680989356262558,1.5384615384615385,47,false,false,true,1.7209334166594425,4.589743589743589
1976,Ladieswear || Blouse || Blouses || Blue || Jacquard,Ladieswear,Blouse,Blouses,Blue,Jacquard,0.5305813834678655,3.2655710542184346,1.6923076923076923,49,false,false,true,1.3830840854896425,2.9871794871794872
1977,Ladieswear || Skirt || Skirts || Red || Check,Ladieswear,Skirt,Skirts,Red,Check,0.5657482157776592,3.260951073017086,1.8461538461538463,49,false,false,true,0.8527773261518292,1.3461538461538463
1978,Menswear || Shirt || Shirts || White || Melange,Menswear,Shirt,Shirts,White,Melange,0.5237653069345957,3.2595208853274897,2.230769230769231,36,false,false,true,2.069779630768099,6.923076923076923
1979,Menswear || Vest top || Jersey Fancy || Black || Front print,Menswear,Vest top,Jersey Fancy,Black,Front print,1.1936290120240094,3.2550817560301875,1.0,23,false,true,false,,
1980,Ladieswear || Blouse || Blouses || Red || Stripe,Ladieswear,Blouse,Blouses,Red,Stripe,,3.243341099094291,0.9230769230769231,43,false,false,true,0.7849547298130681,1.1923076923076925
1981,Ladieswear || Dress || Dresses Ladies || Black || Lace,Ladieswear,Dress,Dresses Ladies,Black,Lace,0.6849838780647907,3.2426539524598432,3.769230769230769,52,false,false,true,1.483642090748629,3.4089743589743593
1982,Divided || Sweater || Knitwear || Blue || Melange,Divided,Sweater,Knitwear,Blue,Melange,,3.2391732170590686,0.15384615384615385,40,false,false,true,0.2076393647782445,0.23076923076923075
1983,Ladieswear || Dress || Dresses Ladies || Black || Application/3D,Ladieswear,Dress,Dresses Ladies,Black,Application/3D,0.5586134605895079,3.236651335757431,2.3076923076923075,48,false,false,true,0.9638591487932647,1.6217948717948718
1984,Menswear || Sandals || Shoes || Black || Solid,Menswear,Sandals,Shoes,Black,Solid,0.7257853030043897,3.234976264638293,3.4615384615384617,45,false,false,true,1.913901461847885,5.77948717948718
1985,Baby/Children || Vest top || Jersey Basic || White || Solid,Baby/Children,Vest top,Jersey Basic,White,Solid,0.754869891483458,3.2315205798336253,7.615384615384615,52,false,false,true,1.6157615324807983,4.031718281718282
1986,Ladieswear || Necklace || Accessories || Pink || Solid,Ladieswear,Necklace,Accessories,Pink,Solid,0.5561855264194031,3.2305959889674787,1.6923076923076923,51,false,false,true,2.7333680090865,14.384615384615385
1987,Ladieswear || Top || Dresses Ladies || Blue || Solid,Ladieswear,Top,Dresses Ladies,Blue,Solid,0.9687304565353347,3.224063493168816,0.6153846153846154,29,false,true,true,,
1988,Divided || Bag || Accessories || White || Solid,Divided,Bag,Accessories,White,Solid,1.0358611899658192,3.2232484211865895,0.6153846153846154,18,false,true,false,1.8044984950054848,5.076923076923077
1989,Menswear || Shorts || Jersey Fancy || Black || Solid,Menswear,Shorts,Jersey Fancy,Black,Solid,1.1101101101101103,3.2231747792941006,1.6153846153846154,45,false,true,true,,
1990,Menswear || Sweater || Jersey Fancy || Grey || Front print,Menswear,Sweater,Jersey Fancy,Grey,Front print,1.0282309679521493,3.212837554315044,2.076923076923077,52,false,true,true,1.7714695437342125,4.879487179487181
1991,Menswear || Sweater || Jersey Fancy || White || Front print,Menswear,Sweater,Jersey Fancy,White,Front print,0.8160084212231017,3.2063512364337914,2.3076923076923075,52,false,false,true,1.3285701764020497,2.7756410256410255
1992,Menswear || Cap/peaked || Accessories || Black || Solid,Menswear,Cap/peaked,Accessories,Black,Solid,0.8879704268486016,3.1980969082161943,1.3846153846153846,46,false,true,true,1.447522119263415,3.2525641025641026
1993,Menswear || Sweater || Jersey Fancy || Blue || Front print,Menswear,Sweater,Jersey Fancy,Blue,Front print,0.9967344572725955,3.195131326916133,2.6153846153846154,52,false,true,true,1.1575260460809151,2.1820512820512823
1994,Divided || Sweater || Jersey Fancy || Green || Placement print,Divided,Sweater,Jersey Fancy,Green,Placement print,,3.191414559369872,0.0,21,false,false,false,3.111804444806745,21.46153846153846
1995,Ladieswear || Sweater || Knitwear || Red || Jacquard,Ladieswear,Sweater,Knitwear,Red,Jacquard,1.008819538670285,3.188791549257709,0.5384615384615384,34,false,true,true,0.4307829160924542,0.5384615384615383
1996,Divided || Shirt || Blouses || Blue || Check,Divided,Shirt,Blouses,Blue,Check,1.2697321181993924,3.1794858784386113,1.1538461538461537,49,false,true,true,,
1997,Divided || Sweater || Jersey Fancy || Black || Glittering/Metallic,Divided,Sweater,Jersey Fancy,Black,Glittering/Metallic,1.2284556145660297,3.174887120402314,2.5384615384615383,51,false,true,true,1.2305398317106577,2.423076923076923
1998,Ladieswear || Sweater || Knitwear || Grey || Jacquard,Ladieswear,Sweater,Knitwear,Grey,Jacquard,1.1563477173233272,3.161926442449407,2.923076923076923,51,false,true,true,0.9188515527358287,1.5064102564102564
1999,Ladieswear || Bracelet || Accessories || White || Solid,Ladieswear,Bracelet,Accessories,White,Solid,0.703333016356029,3.158347141112019,1.6923076923076923,47,false,false,true,1.5125880864441827,3.5384615384615383
2000,Ladieswear || Trousers || Unknown || Black || Solid,Ladieswear,Trousers,Unknown,Black,Solid,1.1798248488808614,3.158148668069389,7.230769230769231,52,false,true,true,1.327834195391106,2.7728632478632482
2001,Divided || Sweater || Jersey Fancy || White || Embroidery,Divided,Sweater,Jersey Fancy,White,Embroidery,,3.1435812162204675,0.7692307692307693,39,false,false,true,1.32687094064909,2.7692307692307696
2002,Menswear || Top || Jersey Basic || Grey || Melange,Menswear,Top,Jersey Basic,Grey,Melange,0.6944379133741553,3.140269758637979,1.9230769230769231,52,false,false,true,1.6958508197782012,4.4512820512820515
2003,Ladieswear || Pumps || Shoes || Pink || Solid,Ladieswear,Pumps,Shoes,Pink,Solid,1.2006978342467445,3.1200422440905253,2.3076923076923075,50,false,true,true,2.0778376920978614,6.987179487179487
2004,Divided || Sweater || Jersey Fancy || White || Placement print,Divided,Sweater,Jersey Fancy,White,Placement print,0.5301135899321728,3.119458161781039,1.3846153846153846,51,false,false,true,3.1377213883419737,22.051282051282048
2005,Menswear || Swimwear bottom || Swimwear || Black || All over pattern,Menswear,Swimwear bottom,Swimwear,Black,All over pattern,1.6183398766124508,3.1155964433730547,1.0769230769230769,47,false,true,true,2.72415907000119,14.243589743589741
2006,Baby/Children || Bodysuit || Jersey Fancy || White || Solid,Baby/Children,Bodysuit,Jersey Fancy,White,Solid,1.1243124312431243,3.1121941594401026,3.5384615384615383,52,false,true,true,1.6214171559792097,4.06025641025641
2007,Menswear || Jacket || Outdoor || Black || Colour blocking,Menswear,Jacket,Outdoor,Black,Colour blocking,1.0300857443714586,3.1118997670105335,1.0769230769230769,47,false,true,true,1.4692912806908587,3.3461538461538467
2008,Divided || Dress || Unknown || Black || All over pattern,Divided,Dress,Unknown,Black,All over pattern,0.5109796186719264,3.1022473236826,1.8461538461538463,51,false,false,true,2.91638376930993,17.47435897435897
2009,Ladieswear || Trousers || Unknown || Blue || Denim,Ladieswear,Trousers,Unknown,Blue,Denim,1.0647512172423983,3.091814222279454,4.615384615384615,52,false,true,true,2.0056540309933655,6.430952380952381
2010,Divided || Dress || Jersey Fancy || Black || Solid,Divided,Dress,Jersey Fancy,Black,Solid,0.6777887742117913,3.077977733779898,0.5384615384615384,44,false,false,true,,
2011,Ladieswear || Hair/alice band || Accessories || Grey || Solid,Ladieswear,Hair/alice band,Accessories,Grey,Solid,0.7695390781563127,3.070005916166778,0.6153846153846154,45,false,false,true,0.8023464725249373,1.2307692307692308
2012,Ladieswear || Jacket || Outdoor || Black || Other structure,Ladieswear,Jacket,Outdoor,Black,Other structure,0.45205479452054786,3.0636493687275843,0.46153846153846156,39,false,false,true,2.5102244577722903,11.307692307692308
2013,Ladieswear || Sweater || Jersey Fancy || Grey || Application/3D,Ladieswear,Sweater,Jersey Fancy,Grey,Application/3D,1.4505525779063697,3.061079158829152,0.38461538461538464,36,false,true,true,1.7525387560747736,4.769230769230768
2014,Baby/Children || Garment Set || Jersey Fancy || White || Front print,Baby/Children,Garment Set,Jersey Fancy,White,Front print,1.012379331715669,3.0568178045982757,2.230769230769231,50,false,true,true,1.6533321059913257,4.2243589743589745
2015,Ladieswear || Dress || Dresses Ladies || Blue || Embroidery,Ladieswear,Dress,Dresses Ladies,Blue,Embroidery,0.5834878769146232,3.053219345129717,1.3846153846153846,49,false,false,true,1.9199346626520524,5.8205128205128185
2016,Menswear || T-shirt || Jersey Fancy || Red || Treatment,Menswear,T-shirt,Jersey Fancy,Red,Treatment,0.6609637867122898,3.0531691325213854,1.0769230769230769,49,false,false,true,,
2017,Divided || Sneakers || Shoes || Black || Solid,Divided,Sneakers,Shoes,Black,Solid,0.34933515513046964,3.0506302486900525,0.3076923076923077,40,false,false,true,1.1239300966523995,2.0769230769230766
2018,Sport || Hoodie || Outdoor || Grey || Melange,Sport,Hoodie,Outdoor,Grey,Melange,1.009529598193935,3.0493085443188495,1.4615384615384615,51,false,true,true,1.1687441124421922,2.217948717948718
2019,Divided || Vest top || Blouses || Red || Solid,Divided,Vest top,Blouses,Red,Solid,0.5275526742301457,3.0483578387725077,0.23076923076923078,36,false,false,true,,
2020,"Ladieswear || Pyjama set || Under-, Nightwear || Red || Check",Ladieswear,Pyjama set,"Under-, Nightwear",Red,Check,0.4848710092641274,3.0447014787289133,0.46153846153846156,31,false,false,true,0.4795730802618863,0.6153846153846154
2021,Ladieswear || Coat || Outdoor || Beige || Check,Ladieswear,Coat,Outdoor,Beige,Check,,3.0423467303468312,1.0769230769230769,48,false,false,true,0.4307829160924542,0.5384615384615383
2022,Ladieswear || Dress || Dresses Ladies || Pink || Lace,Ladieswear,Dress,Dresses Ladies,Pink,Lace,1.2960939980946333,3.038409917560063,2.3076923076923075,51,false,true,true,1.2943758589661603,2.6487179487179486
2023,"Ladieswear || Bra || Under-, Nightwear || Black || All over pattern",Ladieswear,Bra,"Under-, Nightwear",Black,All over pattern,0.5065780761490005,3.037611776724712,1.0,46,false,false,true,0.5920510636885765,0.8076923076923077
2024,Divided || Jacket || Unknown || Red || Solid,Divided,Jacket,Unknown,Red,Solid,1.5191450567260945,3.0271555750734223,0.38461538461538464,37,false,true,true,0.4307829160924542,0.5384615384615383
2025,Menswear || Hoodie || Jersey Fancy || Pink || Placement print,Menswear,Hoodie,Jersey Fancy,Pink,Placement print,1.0011719752290207,3.017396196436313,0.5384615384615384,25,false,true,false,2.1324961046357256,7.435897435897436
2026,Menswear || Shirt || Shirts || Red || Check,Menswear,Shirt,Shirts,Red,Check,0.5129714504261691,3.0145367181295644,4.230769230769231,52,false,false,true,1.7642947792733266,4.837454212454213
2027,Ladieswear || Blouse || Unknown || Black || Solid,Ladieswear,Blouse,Unknown,Black,Solid,1.8007827324714443,3.0112039648075273,3.230769230769231,52,false,true,true,1.4173989646873395,3.126373626373627
2028,Sport || Trousers || Outdoor || Grey || Melange,Sport,Trousers,Outdoor,Grey,Melange,0.6685779816513762,3.006222869598746,2.230769230769231,51,false,false,true,1.5635282111300224,3.7756410256410255
2029,Ladieswear || Earring || Accessories || Brown || Solid,Ladieswear,Earring,Accessories,Brown,Solid,0.7332116788321169,3.004938161814902,2.076923076923077,49,false,false,true,0.9856254252752192,1.6794871794871793
2030,Divided || Sweater || Knitwear || White || All over pattern,Divided,Sweater,Knitwear,White,All over pattern,,3.0008989980026417,0.07692307692307693,31,false,false,true,,
2031,Menswear || Sneakers || Shoes || Mole || Solid,Menswear,Sneakers,Shoes,Mole,Solid,2.0008340283569637,2.998068403561774,1.4615384615384615,49,false,true,true,1.6068705169288546,3.9871794871794872
2032,Menswear || Sweater || Jersey Fancy || White || Stripe,Menswear,Sweater,Jersey Fancy,White,Stripe,1.4085131731227447,2.9938424668401207,1.8461538461538463,52,false,true,true,1.7723413833709536,4.884615384615386
2033,Divided || Jacket || Blouses || Beige || Solid,Divided,Jacket,Blouses,Beige,Solid,0.7170041473530128,2.9891433344527543,1.2307692307692308,52,false,false,true,1.285198244248522,2.6153846153846154
2034,Menswear || Blazer || Dressed || Blue || Solid,Menswear,Blazer,Dressed,Blue,Solid,0.8829436711792357,2.9784160456305795,2.923076923076923,51,false,true,true,1.6896440330722835,4.417551892551893
2035,"Menswear || Underwear bottom || Under-, Nightwear || Blue || Check",Menswear,Underwear bottom,"Under-, Nightwear",Blue,Check,0.7830108935055659,2.9726392851060246,4.384615384615385,51,false,false,true,1.3282305601651296,2.774358974358975
2036,Menswear || Jacket || Outdoor || Blue || Solid,Menswear,Jacket,Outdoor,Blue,Solid,0.8285067097148591,2.9725918889996183,5.461538461538462,52,false,false,true,1.4465310602573804,3.2483516483516484
2037,Divided || Hoodie || Outdoor || Yellow || Solid,Divided,Hoodie,Outdoor,Yellow,Solid,,2.9620880012472472,1.2307692307692308,48,false,false,true,0.7121953755306398,1.0384615384615383
2038,Ladieswear || Sweater || Jersey Fancy || Unknown || Solid,Ladieswear,Sweater,Jersey Fancy,Unknown,Solid,,2.9581136511667534,0.0,20,false,false,false,1.9993988340062996,6.384615384615385
2039,"Menswear || Underwear bottom || Under-, Nightwear || Blue || Mixed solid/pattern",Menswear,Underwear bottom,"Under-, Nightwear",Blue,Mixed solid/pattern,0.8050085866599841,2.9541458963292695,4.0,52,false,false,true,1.7209497992251166,4.589835164835165
2040,Divided || Hat/brim || Accessories || Black || Solid,Divided,Hat/brim,Accessories,Black,Solid,0.6918995869354068,2.944263653265424,4.230769230769231,52,false,false,true,2.1313447690680496,7.426190476190477
2041,Divided || Shirt || Blouses || Blue || All over pattern,Divided,Shirt,Blouses,Blue,All over pattern,1.0243175040146824,2.943144394316529,1.3846153846153846,21,false,true,false,2.5318636328757713,11.576923076923077
2042,Divided || Dungarees || Dresses Ladies || Black || All over pattern,Divided,Dungarees,Dresses Ladies,Black,All over pattern,1.2305847747546121,2.9402002664985134,1.0769230769230769,36,false,true,true,0.7308875085427923,1.0769230769230766
2043,Menswear || Sweater || Jersey Fancy || Grey || Melange,Menswear,Sweater,Jersey Fancy,Grey,Melange,0.7307519871723869,2.934063148874429,2.076923076923077,52,false,false,true,0.8929433678771639,1.442307692307692
2044,Ladieswear || Sneakers || Shoes || Green || Solid,Ladieswear,Sneakers,Shoes,Green,Solid,0.5930424591124608,2.9329005147271707,1.4615384615384615,49,false,false,true,1.0185695809945732,1.7692307692307692
2045,Divided || Sweater || Jersey Fancy || Mole || Solid,Divided,Sweater,Jersey Fancy,Mole,Solid,0.2492062665903295,2.9263186952061204,0.9230769230769231,47,false,false,true,,
2046,Ladieswear || Hair/alice band || Accessories || Brown || Solid,Ladieswear,Hair/alice band,Accessories,Brown,Solid,0.12163698370594923,2.909544025347399,1.4615384615384615,51,false,false,true,2.0501711593797225,6.769230769230767
2047,Divided || Top || Jersey Basic || Red || Stripe,Divided,Top,Jersey Basic,Red,Stripe,,2.9018539049361114,1.1538461538461537,49,false,false,true,,
2048,Ladieswear || Sweater || Jersey Fancy || Orange || Solid,Ladieswear,Sweater,Jersey Fancy,Orange,Solid,0.5443877400302245,2.895954361319825,1.9230769230769231,47,false,false,true,0.570544858467613,0.7692307692307694
2049,Divided || Blouse || Blouses || Black || Stripe,Divided,Blouse,Blouses,Black,Stripe,,2.8858476961291344,0.6923076923076923,42,false,false,true,,
2050,Ladieswear || Vest top || Jersey Fancy || Red || Solid,Ladieswear,Vest top,Jersey Fancy,Red,Solid,,2.882670625179328,1.1538461538461537,48,false,false,true,3.5435572100781094,33.58974358974359
2051,Menswear || Sweater || Jersey Fancy || Black || Front print,Menswear,Sweater,Jersey Fancy,Black,Front print,1.021981710636136,2.876798921199351,2.3076923076923075,52,false,true,true,1.254592795172444,2.506410256410256
2052,Menswear || T-shirt || Knitwear || Black || Solid,Menswear,T-shirt,Knitwear,Black,Solid,0.925517640558815,2.8742035728096593,2.5384615384615383,50,false,true,true,1.7591832987934422,4.807692307692307
2053,Ladieswear || Dress || Special Offers || Black || Jacquard,Ladieswear,Dress,Special Offers,Black,Jacquard,1.9279344420342253,2.870543608422652,1.2307692307692308,49,false,true,true,1.1587340188470916,2.1858974358974357
2054,Divided || Bag || Accessories || Mole || Solid,Divided,Bag,Accessories,Mole,Solid,1.2695590327169275,2.8694641561300114,1.5384615384615385,49,false,true,true,1.9357858103896712,5.92948717948718
2055,Menswear || Sweater || Knitwear || Black || Solid,Menswear,Sweater,Knitwear,Black,Solid,0.7308219670612786,2.8662382341204813,6.3076923076923075,52,false,false,true,1.527418282461779,3.606269371653987
2056,Divided || Sweater || Jersey Fancy || Black || Front print,Divided,Sweater,Jersey Fancy,Black,Front print,,2.857452640281162,1.2307692307692308,49,false,false,true,,
2057,Sport || Hoodie || Jersey Fancy || Black || Solid,Sport,Hoodie,Jersey Fancy,Black,Solid,,2.8551097616027157,1.5384615384615385,47,false,false,true,2.443461241612608,10.512820512820513
2058,Menswear || Polo shirt || Knitwear || Red || Solid,Menswear,Polo shirt,Knitwear,Red,Solid,1.0511521580102414,2.8540770192689036,1.0,46,false,true,true,1.0726368022648491,1.9230769230769234
2059,Divided || Skirt || Trousers || Blue || All over pattern,Divided,Skirt,Trousers,Blue,All over pattern,0.8243473217488191,2.8517680276189745,1.7692307692307692,49,false,false,true,2.321004159287179,9.185897435897434
2060,Ladieswear || Blouse || Blouses || Red || Jacquard,Ladieswear,Blouse,Blouses,Red,Jacquard,,2.8469537280927915,0.3076923076923077,36,false,false,true,,
2061,Baby/Children || Shorts || Trousers Denim || Blue || Denim,Baby/Children,Shorts,Trousers Denim,Blue,Denim,1.1350824993237758,2.8435208246346986,23.76923076923077,49,true,true,true,1.3341960231127543,2.796942065296138
2062,Baby/Children || Polo shirt || Jersey Fancy || Blue || Solid,Baby/Children,Polo shirt,Jersey Fancy,Blue,Solid,0.9997321906802358,2.841106618428354,2.076923076923077,47,false,true,true,1.6763773951092096,4.346153846153846
2063,Menswear || Blazer || Dressed || Black || Solid,Menswear,Blazer,Dressed,Black,Solid,0.8675295525267468,2.839011583010098,4.076923076923077,52,false,true,true,1.4741467305300855,3.3673076923076923
2064,Menswear || Sweater || Knitwear || White || Solid,Menswear,Sweater,Knitwear,White,Solid,0.42514016819984324,2.8366032859220893,3.230769230769231,52,false,false,true,1.1547017553191532,2.173076923076923
2065,Baby/Children || Hoodie || Jersey Basic || Grey || Melange,Baby/Children,Hoodie,Jersey Basic,Grey,Melange,1.008566691346161,2.835268117196129,4.153846153846154,52,false,true,true,1.254592795172444,2.506410256410256
2066,Baby/Children || Vest top || Jersey Basic || Black || Solid,Baby/Children,Vest top,Jersey Basic,Black,Solid,0.7231815843423913,2.834692864151166,2.230769230769231,51,false,false,true,1.3570239788197773,2.884615384615384
2067,Menswear || Blazer || Dressed || Blue || Melange,Menswear,Blazer,Dressed,Blue,Melange,0.8857086543468923,2.828257983251916,6.076923076923077,52,false,true,true,1.6209278708742134,4.057781107781108
2068,"Menswear || Pyjama bottom || Under-, Nightwear || Grey || Melange",Menswear,Pyjama bottom,"Under-, Nightwear",Grey,Melange,0.36815634101152084,2.825127731677137,1.9230769230769231,50,false,false,true,1.949566460258424,6.025641025641026
2069,Menswear || Sweater || Knitwear || Green || Solid,Menswear,Sweater,Knitwear,Green,Solid,0.3532617945945521,2.825100458705608,0.6923076923076923,44,false,false,true,1.0527025873640319,1.8653846153846159
2070,"Ladieswear || Underwear bottom || Under-, Nightwear || Pink || All over pattern",Ladieswear,Underwear bottom,"Under-, Nightwear",Pink,All over pattern,0.18092019959922995,2.82504711224763,0.46153846153846156,44,false,false,true,0.29725152346793166,0.3461538461538462
2071,Divided || Sneakers || Shoes || White || Solid,Divided,Sneakers,Shoes,White,Solid,0.37931400658383774,2.823324825781252,1.0769230769230769,39,false,false,true,2.4423470353692043,10.499999999999998
2072,Menswear || Vest top || Jersey Fancy || Black || Solid,Menswear,Vest top,Jersey Fancy,Black,Solid,0.9025748817656333,2.812938899334258,0.5384615384615384,39,false,true,true,2.576714199041123,12.153846153846153
2073,Ladieswear || Shirt || Trousers Denim || Blue || Denim,Ladieswear,Shirt,Trousers Denim,Blue,Denim,1.1110836677987033,2.812210218847097,1.7692307692307692,29,false,true,true,1.5125880864441827,3.5384615384615383
2074,Menswear || Sweater || Jersey Fancy || Grey || Placement print,Menswear,Sweater,Jersey Fancy,Grey,Placement print,1.3561869466749021,2.810800653903255,0.8461538461538461,47,false,true,true,0.7308875085427923,1.0769230769230766
2075,Ladieswear || Sweater || Jersey Basic || Grey || Melange,Ladieswear,Sweater,Jersey Basic,Grey,Melange,0.5565351777254187,2.8096933656065644,0.9230769230769231,47,false,false,true,1.889397938791971,5.615384615384616
2076,Ladieswear || Blouse || Unknown || White || Solid,Ladieswear,Blouse,Unknown,White,Solid,1.303343801160244,2.8096343509351107,5.0,52,false,true,true,1.4719005999609855,3.357509157509157
2077,Ladieswear || Dress || Unknown || Pink || Solid,Ladieswear,Dress,Unknown,Pink,Solid,1.7053320112328476,2.8077609387273315,1.6923076923076923,46,false,true,true,0.9137233363689092,1.4935897435897436
2078,"Menswear || Underwear bottom || Under-, Nightwear || Black || Mixed solid/pattern",Menswear,Underwear bottom,"Under-, Nightwear",Black,Mixed solid/pattern,1.1866033957813316,2.8060439566663975,1.8461538461538463,52,false,true,true,1.1280881068010633,2.08974358974359
2079,Menswear || Shirt || Shirts || Red || All over pattern,Menswear,Shirt,Shirts,Red,All over pattern,0.6503063671726477,2.803232748893981,2.8461538461538463,51,false,false,true,1.4396528292597026,3.2192307692307693
2080,Divided || Hoodie || Jersey Fancy || Blue || Placement print,Divided,Hoodie,Jersey Fancy,Blue,Placement print,0.5715708916361001,2.8018423323830484,0.6153846153846154,39,false,false,true,,
2081,"Menswear || Underwear bottom || Under-, Nightwear || Red || Check",Menswear,Underwear bottom,"Under-, Nightwear",Red,Check,1.3683660011824095,2.801634679407991,1.6153846153846154,49,false,true,true,1.5635282111300224,3.7756410256410255
2082,Ladieswear || Earring || Accessories || Blue || Solid,Ladieswear,Earring,Accessories,Blue,Solid,0.5309714782589309,2.8003671827147487,1.1538461538461537,35,false,false,true,0.8929433678771639,1.442307692307692
2083,Ladieswear || Top || Blouses || White || Stripe,Ladieswear,Top,Blouses,White,Stripe,,2.7919189143663776,0.3076923076923077,34,false,false,true,2.144580843850797,7.5384615384615365
2084,Ladieswear || Belt || Accessories || Orange || Solid,Ladieswear,Belt,Accessories,Orange,Solid,,2.783363573682275,0.15384615384615385,38,false,false,true,0.2076393647782445,0.23076923076923075
2085,Ladieswear || T-shirt || Jersey Fancy || Blue || Melange,Ladieswear,T-shirt,Jersey Fancy,Blue,Melange,,2.781324359351947,0.23076923076923078,40,false,false,true,0.14310084364067333,0.15384615384615385
2086,"Ladieswear || Bra || Under-, Nightwear || Khaki green || Solid",Ladieswear,Bra,"Under-, Nightwear",Khaki green,Solid,0.6150885296381831,2.7806513001807076,0.38461538461538464,27,false,false,true,3.3481030962430025,27.44871794871796
2087,Ladieswear || Pumps || Shoes || Yellow || Solid,Ladieswear,Pumps,Shoes,Yellow,Solid,,2.7761718061408107,0.7692307692307693,45,false,false,true,1.6835458845878224,4.384615384615385
2088,Baby/Children || Shorts || Jersey Basic || Blue || Solid,Baby/Children,Shorts,Jersey Basic,Blue,Solid,1.011500353857042,2.7707331454803916,2.3846153846153846,36,false,true,true,1.5069223489085053,3.5128205128205128
2089,Divided || Hair/alice band || Accessories || Yellow || All over pattern,Divided,Hair/alice band,Accessories,Yellow,All over pattern,1.1398667935299716,2.7692871657726705,0.8461538461538461,43,false,true,true,1.5621850275835547,3.7692307692307683
2090,"Menswear || Pyjama bottom || Under-, Nightwear || Black || Check",Menswear,Pyjama bottom,"Under-, Nightwear",Black,Check,0.42644822681120326,2.7688829462136986,1.3846153846153846,48,false,false,true,0.946596081369484,1.576923076923077
2091,Menswear || Sweater || Jersey Fancy || Yellow || Solid,Menswear,Sweater,Jersey Fancy,Yellow,Solid,1.0343021733438074,2.768322417237057,0.5384615384615384,43,false,true,true,0.9760099665757773,1.6538461538461537
2092,Baby/Children || Shorts || Trousers Denim || Grey || Denim,Baby/Children,Shorts,Trousers Denim,Grey,Denim,1.2986990810683445,2.7659576613882777,4.076923076923077,27,false,true,true,1.2494608190996088,2.488461538461538
2093,Ladieswear || Dress || Special Offers || Pink || All over pattern,Ladieswear,Dress,Special Offers,Pink,All over pattern,0.6395427415901904,2.7654707869092574,1.0769230769230769,42,false,false,true,2.920538899941892,17.55128205128205
2094,Ladieswear || Scarf || Accessories || Brown || Solid,Ladieswear,Scarf,Accessories,Brown,Solid,1.213388000484296,2.7592529120559526,3.4615384615384617,52,false,true,true,2.5262413333735743,11.506410256410257
2095,Menswear || Sweater || Knitwear || White || Stripe,Menswear,Sweater,Knitwear,White,Stripe,0.35052049253464995,2.7561105239184998,0.5384615384615384,40,false,false,true,,
2096,Ladieswear || Hair/alice band || Accessories || Beige || Solid,Ladieswear,Hair/alice band,Accessories,Beige,Solid,0.5254833040421792,2.751171028622366,0.6153846153846154,44,false,false,true,1.6471782404169475,4.1923076923076925
2097,Divided || Sunglasses || Accessories || Brown || Solid,Divided,Sunglasses,Accessories,Brown,Solid,0.4491567678545241,2.7510046593282755,0.9230769230769231,27,false,false,true,,
2098,Divided || Shirt || Blouses || Red || Check,Divided,Shirt,Blouses,Red,Check,0.4953304030085326,2.7508231111679775,1.8461538461538463,52,false,false,true,0.6737290947028437,0.9615384615384615
2099,Ladieswear || Underwear Tights || Socks and Tights || Black || Lace,Ladieswear,Underwear Tights,Socks and Tights,Black,Lace,0.6517821385662796,2.7501816744546153,1.2307692307692308,51,false,false,true,1.958649174832743,6.089743589743589
2100,"Menswear || Pyjama bottom || Under-, Nightwear || Blue || Check",Menswear,Pyjama bottom,"Under-, Nightwear",Blue,Check,0.3725121032813341,2.7500323118207883,0.6923076923076923,45,false,false,true,0.9214058325409256,1.5128205128205128
2101,Baby/Children || Shorts || Trousers Denim || Black || Denim,Baby/Children,Shorts,Trousers Denim,Black,Denim,1.0423849385702462,2.7494369837534305,4.3076923076923075,31,false,true,true,,
2102,Divided || Sweater || Knitwear || Red || Stripe,Divided,Sweater,Knitwear,Red,Stripe,,2.7458133001858345,0.38461538461538464,42,false,false,true,,
2103,Divided || Jacket || Outdoor || Brown || Solid,Divided,Jacket,Outdoor,Brown,Solid,,2.7422177803465297,1.0,48,false,false,true,0.325422400434628,0.38461538461538464
2104,Baby/Children || Dress || Jersey Fancy || White || Lace,Baby/Children,Dress,Jersey Fancy,White,Lace,0.994377592919117,2.741770788922285,1.5384615384615385,36,false,true,true,1.0857088838322018,1.9615384615384612
2105,Ladieswear || Skirt || Unknown || Blue || Solid,Ladieswear,Skirt,Unknown,Blue,Solid,0.9603350715632973,2.7392895471620555,0.38461538461538464,31,false,true,true,,
2106,Ladieswear || Trousers || Unknown || Beige || Solid,Ladieswear,Trousers,Unknown,Beige,Solid,0.9296539526100677,2.7324774422158598,5.153846153846154,45,false,true,true,1.3938663536909073,3.0304029304029303
2107,Ladieswear || Blouse || Blouses || Black || Lace,Ladieswear,Blouse,Blouses,Black,Lace,1.2445412582334943,2.7296490292243214,1.0,51,false,true,true,2.4720032449520923,10.846153846153845
2108,Divided || Skirt || Skirts || Black || Glittering/Metallic,Divided,Skirt,Skirts,Black,Glittering/Metallic,1.0633870468421374,2.7271116768155745,2.923076923076923,48,false,true,true,1.1687441124421922,2.217948717948718
2109,Menswear || Sunglasses || Accessories || Brown || Other pattern,Menswear,Sunglasses,Accessories,Brown,Other pattern,0.8980651083962996,2.7267096565070568,3.6923076923076925,52,false,true,true,1.1954752638154953,2.3051282051282054
2110,Ladieswear || Watch || Accessories || Black || Solid,Ladieswear,Watch,Accessories,Black,Solid,0.9078063396940548,2.723062363001188,0.7692307692307693,46,false,true,true,0.07410797215372189,0.07692307692307696
2111,Ladieswear || Other accessories || Accessories || Orange || All over pattern,Ladieswear,Other accessories,Accessories,Orange,All over pattern,0.3749534335030424,2.7216269493636864,1.4615384615384615,50,false,false,true,1.1766806620379284,2.243589743589743
2112,Divided || Cap/peaked || Accessories || Black || Solid,Divided,Cap/peaked,Accessories,Black,Solid,,2.71837934469258,0.38461538461538464,43,false,false,true,0.6131044728864088,0.846153846153846
2113,Ladieswear || Shirt || Unknown || White || Solid,Ladieswear,Shirt,Unknown,White,Solid,1.1753068089548777,2.697647029801185,2.6923076923076925,50,false,true,true,1.6315004276977174,4.11153846153846
2114,Divided || Skirt || Skirts || Red || Check,Divided,Skirt,Skirts,Red,Check,,2.6964040188753837,0.38461538461538464,38,false,false,true,0.325422400434628,0.38461538461538464
2115,Baby/Children || Hoodie || Jersey Basic || Black || Solid,Baby/Children,Hoodie,Jersey Basic,Black,Solid,1.0851923427663976,2.6944133340173013,2.769230769230769,52,false,true,true,2.034370414848379,6.647435897435899
2116,Ladieswear || Scarf || Accessories || Red || Solid,Ladieswear,Scarf,Accessories,Red,Solid,1.5441836365485984,2.6924875232252656,1.3076923076923077,39,false,true,true,1.9513896148199388,6.038461538461537
2117,Menswear || Shirt || Shirts || Green || Check,Menswear,Shirt,Shirts,Green,Check,0.7473866971984292,2.6918311638730845,1.3846153846153846,46,false,false,true,1.2957803535790589,2.653846153846154
2118,Ladieswear || Trousers || Trousers || Black || Other structure,Ladieswear,Trousers,Trousers,Black,Other structure,,2.689396421383024,0.0,14,false,false,false,2.3766930651477676,9.76923076923077
2119,Ladieswear || Vest top || Jersey Fancy || Blue || All over pattern,Ladieswear,Vest top,Jersey Fancy,Blue,All over pattern,0.754289636238847,2.6845544717294683,0.5384615384615384,25,false,false,false,1.0593915755148284,1.8846153846153846
2120,Menswear || Sweater || Jersey Fancy || White || Solid,Menswear,Sweater,Jersey Fancy,White,Solid,0.5927048495726192,2.6818272977437543,1.1538461538461537,52,false,false,true,2.984126727433683,18.769230769230766
2121,Ladieswear || Hair/alice band || Accessories || Blue || All over pattern,Ladieswear,Hair/alice band,Accessories,Blue,All over pattern,0.7905267456104532,2.6753320156251545,0.6153846153846154,43,false,false,true,1.7536492503588008,4.7756410256410255
2122,Divided || Hair/alice band || Accessories || Red || Solid,Divided,Hair/alice band,Accessories,Red,Solid,0.6633722314836866,2.6720880472352566,0.7692307692307693,24,false,false,false,1.700075186539033,4.4743589743589745
2123,Menswear || Jacket || Outdoor || Black || Denim,Menswear,Jacket,Outdoor,Black,Denim,1.024100017452284,2.6708698625359726,1.3846153846153846,50,false,true,true,1.9622592870568427,6.115384615384615
2124,Menswear || Sweater || Knitwear || Beige || Melange,Menswear,Sweater,Knitwear,Beige,Melange,0.3846111734265375,2.669358469048985,2.8461538461538463,52,false,false,true,1.6894806201076367,4.416666666666666
2125,Ladieswear || Dress || Blouses || Blue || Lace,Ladieswear,Dress,Blouses,Blue,Lace,1.740643494206885,2.662629253737913,1.0769230769230769,38,false,true,true,1.2472533126843983,2.4807692307692304
2126,Menswear || Sweater || Jersey Fancy || Black || Treatment,Menswear,Sweater,Jersey Fancy,Black,Treatment,1.0411639872128398,2.6595196431839914,1.0769230769230769,46,false,true,true,0.6131044728864088,0.846153846153846
2127,Divided || Sweater || Jersey Fancy || Black || Placement print,Divided,Sweater,Jersey Fancy,Black,Placement print,,2.6581883397816317,0.9230769230769231,49,false,false,true,3.0141513398471242,19.371794871794872
2128,Baby/Children || Socks || Socks and Tights || White || Solid,Baby/Children,Socks,Socks and Tights,White,Solid,1.097215059308922,2.6500319883135637,5.769230769230769,51,false,true,true,1.3172769602897112,2.7332417582417587
2129,Ladieswear || Sweater || Knitwear || Grey || Dot,Ladieswear,Sweater,Knitwear,Grey,Dot,,2.644419984618219,0.07692307692307693,40,false,false,true,0.2076393647782445,0.23076923076923075
2130,Menswear || Bracelet || Accessories || Brown || Mixed solid/pattern,Menswear,Bracelet,Accessories,Brown,Mixed solid/pattern,1.1297943793083134,2.6439527130777636,2.4615384615384617,50,false,true,true,1.5978323663137926,3.9423076923076925
2131,Ladieswear || Dress || Dresses Ladies || Black || Glittering/Metallic,Ladieswear,Dress,Dresses Ladies,Black,Glittering/Metallic,1.0068493150684932,2.641771933055638,0.5384615384615384,32,false,true,true,1.9622592870568427,6.115384615384615
2132,Menswear || Sweater || Knitwear || Grey || Melange,Menswear,Sweater,Knitwear,Grey,Melange,0.713366465100105,2.641574408136532,7.230769230769231,52,false,false,true,1.0739921037478095,1.9270412593942
2133,"Ladieswear || Underwear body || Under-, Nightwear || Red || Lace",Ladieswear,Underwear body,"Under-, Nightwear",Red,Lace,0.5541080562659847,2.640676978799909,0.07692307692307693,29,false,false,true,,
2134,Menswear || Sweater || Jersey Fancy || Black || Solid,Menswear,Sweater,Jersey Fancy,Black,Solid,0.47768332460157853,2.6323757448400986,1.0,47,false,false,true,1.0185695809945732,1.7692307692307692
2135,Baby/Children || T-shirt || Jersey Fancy || White || Solid,Baby/Children,T-shirt,Jersey Fancy,White,Solid,1.1375520128340102,2.627244116995358,4.230769230769231,49,false,true,true,1.6279828361309616,4.093589743589744
2136,Sport || Vest top || Jersey Fancy || Black || Placement print,Sport,Vest top,Jersey Fancy,Black,Placement print,0.4616366697172038,2.619057204956713,0.5384615384615384,36,false,false,true,,
2137,"Menswear || Underwear bottom || Under-, Nightwear || Red || All over pattern",Menswear,Underwear bottom,"Under-, Nightwear",Red,All over pattern,1.1894361488745264,2.618753000747569,1.6153846153846154,51,false,true,true,1.8336065791635554,5.256410256410256
2138,Divided || Scarf || Accessories || Black || Solid,Divided,Scarf,Accessories,Black,Solid,1.016059682756553,2.617734075906128,0.7692307692307693,44,false,true,true,1.4006144148946391,3.0576923076923075
2139,Menswear || Sweater || Knitwear || Black || Stripe,Menswear,Sweater,Knitwear,Black,Stripe,1.1111883252258512,2.6170695104243267,0.8461538461538461,47,false,true,true,0.9903987040278769,1.692307692307692
2140,Menswear || Sneakers || Shoes || White || Solid,Menswear,Sneakers,Shoes,White,Solid,0.8482220357292879,2.6170042474898287,10.076923076923077,52,true,false,true,1.3020832246411627,2.676948604437292
2141,Divided || Dress || Dresses Ladies || Black || Glittering/Metallic,Divided,Dress,Dresses Ladies,Black,Glittering/Metallic,0.9805197997324115,2.614803986694021,11.461538461538462,52,true,true,true,1.6606338827384968,4.262645687645689
2142,Divided || Hat/beanie || Accessories || Yellow || Solid,Divided,Hat/beanie,Accessories,Yellow,Solid,0.4938062993104305,2.614173340240007,2.0,49,false,false,true,1.041453874828161,1.833333333333333
2143,Ladieswear || Dress || Dresses Ladies || Grey || Solid,Ladieswear,Dress,Dresses Ladies,Grey,Solid,,2.6115485243776244,0.07692307692307693,31,false,false,true,1.714028901312898,4.55128205128205
2144,Ladieswear || Swimwear bottom || Swimwear || Khaki green || Solid,Ladieswear,Swimwear bottom,Swimwear,Khaki green,Solid,,2.6091088610708506,0.3076923076923077,37,false,false,true,,
2145,"Ladieswear || Pyjama bottom || Under-, Nightwear || Red || All over pattern",Ladieswear,Pyjama bottom,"Under-, Nightwear",Red,All over pattern,0.814810296449921,2.6063399675474495,1.0,50,false,false,true,1.0726368022648491,1.9230769230769234
2146,Menswear || Sweater || Jersey Fancy || White || Placement print,Menswear,Sweater,Jersey Fancy,White,Placement print,0.476007163539592,2.6030531635989838,1.0,46,false,false,true,1.2078115806331018,2.3461538461538467
2147,Ladieswear || Hair/alice band || Accessories || Pink || Glittering/Metallic,Ladieswear,Hair/alice band,Accessories,Pink,Glittering/Metallic,0.9955673069445525,2.601261117635108,1.7692307692307692,44,false,true,true,1.695380342234825,4.448717948717948
2148,Menswear || Sweater || Jersey Fancy || Black || Placement print,Menswear,Sweater,Jersey Fancy,Black,Placement print,0.5964500643527884,2.5993614516139782,4.076923076923077,51,false,false,true,1.2707838100945925,2.563644688644689
2149,Divided || Hoodie || Outdoor || Red || Solid,Divided,Hoodie,Outdoor,Red,Solid,0.6199333086328269,2.596948782014831,1.9230769230769231,51,false,false,true,0.8023464725249373,1.2307692307692308
2150,Ladieswear || Trousers || Unknown || Pink || Solid,Ladieswear,Trousers,Unknown,Pink,Solid,1.1150445123571617,2.591141088575904,2.3846153846153846,33,false,true,true,1.4544321662871087,3.282051282051282
2151,Menswear || Sweater || Knitwear || Brown || Solid,Menswear,Sweater,Knitwear,Brown,Solid,0.6876259423496482,2.590645801504684,2.3846153846153846,49,false,false,true,1.066477521904314,1.905128205128205
2152,Ladieswear || Dress || Unknown || Black || All over pattern,Ladieswear,Dress,Unknown,Black,All over pattern,1.2050494777688574,2.589850356725181,4.0,46,false,true,true,1.5223865746060867,3.583150183150182
2153,Menswear || Sneakers || Shoes || Blue || Solid,Menswear,Sneakers,Shoes,Blue,Solid,1.0697777922514953,2.588764438933636,3.6153846153846154,50,false,true,true,0.8647274955224873,1.3743589743589744
2154,Baby/Children || Shorts || Jersey Basic || White || Stripe,Baby/Children,Shorts,Jersey Basic,White,Stripe,1.4655388471177944,2.587829882561773,0.8461538461538461,34,false,true,true,1.0593915755148284,1.8846153846153846
2155,Menswear || Sweater || Knitwear || Blue || Solid,Menswear,Sweater,Knitwear,Blue,Solid,0.7670895261777904,2.5871611897692204,3.3846153846153846,52,false,false,true,1.3427787236837285,2.82967032967033
2156,Menswear || Trousers || Trousers || Unknown || Check,Menswear,Trousers,Trousers,Unknown,Check,0.5131710570190064,2.5871474507994976,1.5384615384615385,35,false,false,true,1.5554419136986648,3.7371794871794872
2157,Divided || Blouse || Blouses || Black || Check,Divided,Blouse,Blouses,Black,Check,0.4277539341917024,2.5865395920253054,1.3846153846153846,51,false,false,true,1.366876275262789,2.923076923076923
2158,Baby/Children || Bodysuit || Jersey Basic || White || Solid,Baby/Children,Bodysuit,Jersey Basic,White,Solid,1.2140736788826416,2.5853517710156395,4.384615384615385,52,false,true,true,1.2696267745473728,2.5595238095238098
2159,Ladieswear || Jacket || Unknown || Khaki green || Solid,Ladieswear,Jacket,Unknown,Khaki green,Solid,1.2011294313797618,2.5846621867965243,1.3846153846153846,50,false,true,true,1.1845547184688343,2.2692307692307687
2160,Menswear || Cardigan || Jersey Fancy || Black || Solid,Menswear,Cardigan,Jersey Fancy,Black,Solid,1.0240318383590998,2.5845964140599893,0.9230769230769231,42,false,true,true,1.4423838277709342,3.230769230769231
2161,Menswear || Sweater || Jersey Fancy || Black || Melange,Menswear,Sweater,Jersey Fancy,Black,Melange,1.0116735358720599,2.581099664288409,0.5384615384615384,43,false,true,true,0.5031035776720805,0.653846153846154
2162,Ladieswear || Skirt || Unknown || Black || Solid,Ladieswear,Skirt,Unknown,Black,Solid,0.5396322693936577,2.5785629849735416,2.1538461538461537,50,false,false,true,1.2215104249912636,2.3923076923076922
2163,Menswear || Shirt || Shirts || Grey || Solid,Menswear,Shirt,Shirts,Grey,Solid,1.1682831935996494,2.5782085226149927,1.1538461538461537,47,false,true,true,1.6206567960388887,4.056410256410257
2164,Menswear || Hoodie || Jersey Fancy || Black || Colour blocking,Menswear,Hoodie,Jersey Fancy,Black,Colour blocking,1.06155257313894,2.5736260855270765,0.5384615384615384,45,false,true,true,1.3862943611198906,3.0
2165,Baby/Children || Dress || Jersey Fancy || Beige || All over pattern,Baby/Children,Dress,Jersey Fancy,Beige,All over pattern,0.9790775208043474,2.572619699452407,1.2307692307692308,46,false,true,true,1.7209334166594428,4.589743589743591
2166,Baby/Children || Shorts || Woven/Jersey/Knitted mix Baby || Blue || Denim,Baby/Children,Shorts,Woven/Jersey/Knitted mix Baby,Blue,Denim,0.7876045291642861,2.571371587919084,3.3846153846153846,44,false,false,true,1.2633296545336485,2.5371794871794866
2167,Menswear || Shirt || Shirts || Blue || Check,Menswear,Shirt,Shirts,Blue,Check,0.6368513052034497,2.5694817511428587,5.923076923076923,52,false,false,true,1.5823214244588577,3.866239316239315
2168,Baby/Children || Shorts || Trousers || Black || Solid,Baby/Children,Shorts,Trousers,Black,Solid,0.9746413079746413,2.5687426831545626,1.6923076923076923,39,false,true,true,,
2169,Menswear || Hoodie || Outdoor || Khaki green || Solid,Menswear,Hoodie,Outdoor,Khaki green,Solid,0.9545330544694007,2.566417600029436,1.4615384615384615,48,false,true,true,1.241713132308783,2.4615384615384617
2170,Ladieswear || Sweater || Unknown || White || Solid,Ladieswear,Sweater,Unknown,White,Solid,0.8474611745991879,2.558095240642429,3.1538461538461537,52,false,false,true,1.486835590341768,3.4230769230769234
2171,Menswear || Sneakers || Shoes || Beige || Solid,Menswear,Sneakers,Shoes,Beige,Solid,0.6524902566179077,2.557506385858557,2.4615384615384617,51,false,false,true,1.0589470322756782,1.8833333333333333
2172,Baby/Children || Skirt || Trousers Denim || Blue || Denim,Baby/Children,Skirt,Trousers Denim,Blue,Denim,1.0555586881490033,2.554132072645587,3.0,44,false,true,true,0.8390219510833439,1.3141025641025643
2173,Ladieswear || Sweater || Knitwear || Red || Application/3D,Ladieswear,Sweater,Knitwear,Red,Application/3D,1.1053089643167973,2.5494935250092854,0.46153846153846156,32,false,true,true,0.325422400434628,0.38461538461538464
2174,Baby/Children || Dress || Jersey Fancy || Pink || All over pattern,Baby/Children,Dress,Jersey Fancy,Pink,All over pattern,0.815535241682768,2.549103392553014,7.6923076923076925,52,false,false,true,1.6258875094899143,4.082928182928184
2175,Menswear || Shorts || Shorts || Red || Solid,Menswear,Shorts,Shorts,Red,Solid,0.7907675960249708,2.5465334382632703,0.6153846153846154,40,false,false,true,,
2176,Menswear || Tie || Accessories || Black || Solid,Menswear,Tie,Accessories,Black,Solid,0.6165425334588934,2.5336017200808447,1.7692307692307692,51,false,false,true,1.1627500885019815,2.1987179487179485
2177,"Baby/Children || Kids Underwear top || Under-, Nightwear || White || Solid",Baby/Children,Kids Underwear top,"Under-, Nightwear",White,Solid,1.0424770258333462,2.5155411345596366,4.538461538461538,52,false,true,true,1.3827624903751163,2.9858974358974355
2178,Ladieswear || Sunglasses || Accessories || Grey || Solid,Ladieswear,Sunglasses,Accessories,Grey,Solid,1.069095816464238,2.5130607223872095,0.15384615384615385,22,false,true,false,0.26826398659467937,0.3076923076923077
2179,Ladieswear || Dress || Dresses Ladies || Black || Sequin,Ladieswear,Dress,Dresses Ladies,Black,Sequin,0.35272380406922,2.511603779448232,1.6923076923076923,47,false,false,true,1.2230209992966306,2.397435897435898
2180,Baby/Children || T-shirt || Jersey Fancy || White || Front print,Baby/Children,T-shirt,Jersey Fancy,White,Front print,1.0054521970875834,2.508207286218364,24.384615384615383,52,true,true,true,1.2218214061955186,2.393362800289922
2181,Ladieswear || Trousers || Unknown || Blue || All over pattern,Ladieswear,Trousers,Unknown,Blue,All over pattern,1.5115966386554625,2.5065993550679377,1.6153846153846154,52,false,true,true,1.3370233121131079,2.8076923076923075
2182,Menswear || Blazer || Dressed || Grey || Melange,Menswear,Blazer,Dressed,Grey,Melange,1.1522201927586249,2.493520625554176,2.923076923076923,52,false,true,true,1.682127645802378,4.3769841269841265
2183,Divided || Skirt || Skirts || White || All over pattern,Divided,Skirt,Skirts,White,All over pattern,,2.4906756045264977,0.5384615384615384,43,false,false,true,,
2184,Divided || T-shirt || Jersey Basic || Red || Stripe,Divided,T-shirt,Jersey Basic,Red,Stripe,,2.489444228678107,0.5384615384615384,43,false,false,true,0.2076393647782445,0.23076923076923075
2185,Divided || Top || Jersey Fancy || Black || Glittering/Metallic,Divided,Top,Jersey Fancy,Black,Glittering/Metallic,1.0071962836177157,2.481830388928218,3.8461538461538463,35,false,true,true,1.1176604836388042,2.057692307692308
2186,Menswear || Other shoe || Shoes || Blue || Solid,Menswear,Other shoe,Shoes,Blue,Solid,0.8379442748843161,2.472293252238132,2.0,52,false,false,true,1.0682411907918108,1.9102564102564097
2187,Divided || Trousers || Dresses Ladies || Black || Treatment,Divided,Trousers,Dresses Ladies,Black,Treatment,0.7727075058707564,2.466450309910423,1.3076923076923077,48,false,false,true,,
2188,Divided || Sweater || Knitwear || Grey || Solid,Divided,Sweater,Knitwear,Grey,Solid,,2.4635854006877222,0.5384615384615384,44,false,false,true,2.1171818696626827,7.307692307692307
2189,"Divided || Underwear bottom || Under-, Nightwear || Black || Lace",Divided,Underwear bottom,"Under-, Nightwear",Black,Lace,,2.4567671422359383,0.6923076923076923,21,false,false,false,1.0459685551826878,1.8461538461538467
2190,Divided || Sweater || Unknown || Black || Solid,Divided,Sweater,Unknown,Black,Solid,,2.4539068130384476,0.9230769230769231,23,false,false,false,2.4227584319910145,10.276923076923078
2191,"Baby/Children || Underwear bottom || Under-, Nightwear || Pink || Solid",Baby/Children,Underwear bottom,"Under-, Nightwear",Pink,Solid,0.8443960922454675,2.451855285889516,5.846153846153846,52,false,false,true,1.2798648982731593,2.5961538461538463
2192,Divided || Gloves || Accessories || Black || Solid,Divided,Gloves,Accessories,Black,Solid,0.9949874686716792,2.451432075379192,1.6153846153846154,38,false,true,true,1.350401438059284,2.8589743589743586
2193,Ladieswear || Blazer || Unknown || Beige || Solid,Ladieswear,Blazer,Unknown,Beige,Solid,2.010598503740648,2.4495049610805353,1.8461538461538463,35,false,true,true,1.1845547184688343,2.2692307692307687
2194,Menswear || Sweater || Knitwear || White || Other structure,Menswear,Sweater,Knitwear,White,Other structure,,2.4449762211915282,0.15384615384615385,30,false,false,true,,
2195,Baby/Children || T-shirt || Jersey Fancy || Black || Front print,Baby/Children,T-shirt,Jersey Fancy,Black,Front print,1.0134572426497102,2.443292764429388,6.6923076923076925,52,false,true,true,1.2177781691375271,2.379670329670329
2196,Baby/Children || Garment Set || Jersey Fancy || Brown || All over pattern,Baby/Children,Garment Set,Jersey Fancy,Brown,All over pattern,1.0358527131782944,2.4425439324648934,0.7692307692307693,40,false,true,true,2.2183670139100284,8.19230769230769
2197,Ladieswear || Bag || Accessories || Brown || Other structure,Ladieswear,Bag,Accessories,Brown,Other structure,,2.4406051308120644,0.15384615384615385,41,false,false,true,,
2198,Ladieswear || Swimsuit || Swimwear || Blue || Solid,Ladieswear,Swimsuit,Swimwear,Blue,Solid,,2.4399605382804017,0.46153846153846156,41,false,false,true,0.7672551527136672,1.1538461538461537
2199,Divided || Sweater || Jersey Basic || Red || Solid,Divided,Sweater,Jersey Basic,Red,Solid,,2.4283127347886166,1.0,50,false,false,true,,
2200,Ladieswear || Hat/beanie || Accessories || Red || Solid,Ladieswear,Hat/beanie,Accessories,Red,Solid,1.3927515353703845,2.4281240183057644,0.23076923076923078,28,false,true,true,1.7525387560747736,4.769230769230768
2201,Ladieswear || Trousers || Knitwear || Beige || Melange,Ladieswear,Trousers,Knitwear,Beige,Melange,,2.4260697142664687,0.0,23,false,false,false,1.5125880864441827,3.5384615384615383
2202,Divided || Sweater || Jersey Fancy || Red || All over pattern,Divided,Sweater,Jersey Fancy,Red,All over pattern,1.0214458173554894,2.4251207987871815,0.9230769230769231,42,false,true,true,,
2203,Ladieswear || Necklace || Accessories || Red || Solid,Ladieswear,Necklace,Accessories,Red,Solid,0.1779812054439404,2.410741109727993,0.15384615384615385,39,false,false,true,,
2204,Ladieswear || Hair/alice band || Accessories || Metal || Glittering/Metallic,Ladieswear,Hair/alice band,Accessories,Metal,Glittering/Metallic,1.1416606388243804,2.4100978248162606,1.3846153846153846,39,false,true,true,1.7532052006179342,4.773076923076923
2205,Divided || Hoodie || Jersey Basic || Lilac Purple || Solid,Divided,Hoodie,Jersey Basic,Lilac Purple,Solid,1.0,2.4098748613089493,1.0769230769230769,20,false,true,false,3.6830935170468924,38.76923076923077
2206,Menswear || Trousers || Jersey Fancy || Black || Colour blocking,Menswear,Trousers,Jersey Fancy,Black,Colour blocking,1.1526827872370868,2.402100250196158,1.3846153846153846,50,false,true,true,0.7672551527136672,1.1538461538461537
2207,Divided || Cardigan || Knitwear || Lilac Purple || Solid,Divided,Cardigan,Knitwear,Lilac Purple,Solid,,2.3991707605028716,0.7692307692307693,23,false,false,false,2.68906775018992,13.717948717948719
2208,Baby/Children || Trousers || Jersey Basic || Black || Solid,Baby/Children,Trousers,Jersey Basic,Black,Solid,0.995798253860257,2.3978919273376302,3.769230769230769,52,false,true,true,1.2793554739116584,2.594322344322344
2209,Ladieswear || Shirt || Blouses || Pink || Check,Ladieswear,Shirt,Blouses,Pink,Check,,2.3943456963152197,1.8461538461538463,51,false,false,true,1.9730120788331047,6.192307692307693
2210,Baby/Children || T-shirt || Jersey Basic || White || Solid,Baby/Children,T-shirt,Jersey Basic,White,Solid,0.7467636792958053,2.3907965179980786,11.923076923076923,52,true,false,true,1.3279010669048554,2.773115553375735
2211,Ladieswear || Earring || Accessories || Black || Solid,Ladieswear,Earring,Accessories,Black,Solid,0.5706409372846313,2.3884985587345122,0.6153846153846154,45,false,false,true,1.2922654114716143,2.641025641025641
2212,Menswear || Sweater || Knitwear || Green || Melange,Menswear,Sweater,Knitwear,Green,Melange,0.38451885231874966,2.387415009507432,1.6153846153846154,52,false,false,true,1.2490932396064056,2.4871794871794872
2213,Divided || Blouse || Unknown || Black || All over pattern,Divided,Blouse,Unknown,Black,All over pattern,1.2910113567155088,2.3855940996576344,0.5384615384615384,26,false,true,true,1.7591832987934422,4.807692307692307
2214,Baby/Children || Trousers || Trousers Denim || Black || Denim,Baby/Children,Trousers,Trousers Denim,Black,Denim,1.17010450993742,2.3852107295633345,15.153846153846153,52,true,true,true,1.4224018364651898,3.1470690696935044
2215,Baby/Children || Garment Set || Jersey Fancy || Beige || All over pattern,Baby/Children,Garment Set,Jersey Fancy,Beige,All over pattern,1.0,2.384566798299442,0.8461538461538461,42,false,true,true,1.8438003473530984,5.32051282051282
2216,Menswear || Shirt || Shirts || White || Stripe,Menswear,Shirt,Shirts,White,Stripe,0.9181563906116988,2.3819892904246154,0.15384615384615385,25,false,true,false,,
2217,Menswear || Blazer || Dressed || Blue || Check,Menswear,Blazer,Dressed,Blue,Check,0.37723918973304116,2.3812472530181124,2.076923076923077,49,false,false,true,1.119754725241919,2.0641025641025648
2218,Baby/Children || Shorts || Trousers || White || Solid,Baby/Children,Shorts,Trousers,White,Solid,1.0533658658658658,2.3762503442227434,2.769230769230769,41,false,true,true,,
2219,Menswear || Other shoe || Shoes || Black || Solid,Menswear,Other shoe,Shoes,Black,Solid,0.8931370979858282,2.3746771039161705,6.538461538461538,52,false,true,true,1.1922906133630515,2.29461926961927
2220,Ladieswear || Sneakers || Shoes || Mole || Solid,Ladieswear,Sneakers,Shoes,Mole,Solid,,2.372434981231402,0.5384615384615384,43,false,false,true,2.2553322081435003,8.53846153846154
2221,Baby/Children || Socks || Socks and Tights || Grey || Solid,Baby/Children,Socks,Socks and Tights,Grey,Solid,1.198581578177194,2.368254080706019,3.230769230769231,52,false,true,true,1.2751172057653377,2.579120879120879
2222,Menswear || Sneakers || Shoes || Black || Solid,Menswear,Sneakers,Shoes,Black,Solid,0.8790399602965067,2.362210241774887,8.23076923076923,52,false,true,true,1.1464893685235729,2.1471250971250972
2223,Menswear || Sweater || Jersey Fancy || Grey || Colour blocking,Menswear,Sweater,Jersey Fancy,Grey,Colour blocking,0.9814841364536322,2.354117072813197,0.9230769230769231,48,false,true,true,0.9111493323737363,1.4871794871794868
2224,Ladieswear || Trousers || Unknown || Blue || Solid,Ladieswear,Trousers,Unknown,Blue,Solid,1.1126073474434648,2.3523645410341483,1.8461538461538463,51,false,true,true,1.0069280059790875,1.7371794871794872
2225,Menswear || Sweater || Knitwear || Black || Melange,Menswear,Sweater,Knitwear,Black,Melange,0.8444438979413152,2.348707284059506,1.5384615384615385,52,false,false,true,1.20934297450053,2.351282051282052
2226,Divided || Vest top || Jersey Fancy || Beige || All over pattern,Divided,Vest top,Jersey Fancy,Beige,All over pattern,,2.345414148799003,0.6153846153846154,44,false,false,true,2.283167007136944,8.807692307692308
2227,Ladieswear || Bikini top || Swimwear || Lilac Purple || All over pattern,Ladieswear,Bikini top,Swimwear,Lilac Purple,All over pattern,0.25630676084762866,2.3401492069148744,0.6923076923076923,35,false,false,true,2.2029064108036502,8.051282051282051
2228,Menswear || Shirt || Shirts || Brown || Check,Menswear,Shirt,Shirts,Brown,Check,0.6196619071065157,2.337829588392112,4.0,49,false,false,true,1.6575301181037274,4.246336996336996
2229,Divided || Boots || Shoes || Brown || Solid,Divided,Boots,Shoes,Brown,Solid,,2.334601844635002,0.0,21,false,false,false,,
2230,Menswear || Shirt || Shirts || Yellow || Check,Menswear,Shirt,Shirts,Yellow,Check,0.8967877830437072,2.329216325222297,1.5384615384615385,50,false,true,true,1.7657839828247943,4.846153846153846
2231,Ladieswear || Trousers || Unknown || Mole || Solid,Ladieswear,Trousers,Unknown,Mole,Solid,0.7254690144395233,2.329162440368129,2.6923076923076925,46,false,false,true,1.56754697072494,3.7948717948717947
2232,Baby/Children || T-shirt || Jersey Fancy || Black || Solid,Baby/Children,T-shirt,Jersey Fancy,Black,Solid,0.9232368153534207,2.3220806593935097,4.846153846153846,48,false,true,true,1.2376307365852273,2.4474358974358976
2233,Sport || Cap/peaked || Accessories || Black || Solid,Sport,Cap/peaked,Accessories,Black,Solid,1.2882112309408704,2.3218893093789883,1.3076923076923077,50,false,true,true,1.9274253343812102,5.871794871794871
2234,Ladieswear || Sunglasses || Accessories || White || Solid,Ladieswear,Sunglasses,Accessories,White,Solid,1.0540321272107738,2.317403507966715,0.6923076923076923,21,false,true,false,1.2780807764796578,2.5897435897435894
2235,Divided || Sweater || Knitwear || Black || Application/3D,Divided,Sweater,Knitwear,Black,Application/3D,0.610700702893212,2.3165779950577217,0.7692307692307693,48,false,false,true,1.2078115806331018,2.3461538461538467
2236,Menswear || T-shirt || Jersey Fancy || Black || Colour blocking,Menswear,T-shirt,Jersey Fancy,Black,Colour blocking,,2.314253061553339,0.8461538461538461,44,false,false,true,1.529395204760564,3.615384615384615
2237,Baby/Children || T-shirt || Jersey Fancy || Orange || Front print,Baby/Children,T-shirt,Jersey Fancy,Orange,Front print,0.9905565601768134,2.314233614122906,3.923076923076923,43,false,true,true,0.9975161717967409,1.7115384615384617
2238,Menswear || Sweater || Knitwear || Blue || Melange,Menswear,Sweater,Knitwear,Blue,Melange,0.7069015942167884,2.3068835913553802,4.076923076923077,52,false,false,true,1.3836810593094058,2.9895604395604396
2239,Menswear || Shirt || Shirts || Yellow || All over pattern,Menswear,Shirt,Shirts,Yellow,All over pattern,1.173268047617314,2.3063059654527573,0.3076923076923077,15,false,true,false,,
2240,"Menswear || Underwear bottom || Under-, Nightwear || Black || All over pattern",Menswear,Underwear bottom,"Under-, Nightwear",Black,All over pattern,0.37320928700806855,2.304850822572365,0.9230769230769231,45,false,false,true,1.681162093232546,4.371794871794871
2241,Menswear || Shirt || Shirts || Khaki green || Check,Menswear,Shirt,Shirts,Khaki green,Check,1.0016906964730194,2.3030237837839427,1.8461538461538463,51,false,true,true,1.4997947349842733,3.480769230769231
2242,Ladieswear || Bag || Accessories || Metal || Metallic,Ladieswear,Bag,Accessories,Metal,Metallic,0.8508845829823084,2.301002208907366,0.38461538461538464,6,false,true,false,,
2243,Divided || Shirt || Unknown || Black || Solid,Divided,Shirt,Unknown,Black,Solid,1.0699505280182664,2.3005404368461275,0.8461538461538461,26,false,true,true,0.9007865453381898,1.4615384615384617
2244,Baby/Children || Dress || Dresses/Skirts girls || Blue || Stripe,Baby/Children,Dress,Dresses/Skirts girls,Blue,Stripe,0.5769783801321378,2.298501764650351,3.6923076923076925,43,false,false,true,1.359002218831883,2.8923076923076922
2245,Menswear || Sweater || Jersey Fancy || Black || Stripe,Menswear,Sweater,Jersey Fancy,Black,Stripe,,2.2981170907313255,0.0,30,false,false,true,1.2192402764567245,2.384615384615385
2246,Baby/Children || Skirt || Jersey Basic || Black || Solid,Baby/Children,Skirt,Jersey Basic,Black,Solid,1.0,2.288942599151537,0.6923076923076923,43,false,true,true,0.4307829160924542,0.5384615384615383
2247,Divided || Other accessories || Accessories || Pink || All over pattern,Divided,Other accessories,Accessories,Pink,All over pattern,0.6497223408799658,2.2884825146813874,0.3076923076923077,37,false,false,true,0.4795730802618863,0.6153846153846154
2248,Baby/Children || Shorts || Shorts || Blue || Solid,Baby/Children,Shorts,Shorts,Blue,Solid,1.3575022664869063,2.2861912229158374,11.076923076923077,51,true,true,true,1.2236407533010814,2.3995421245421245
2249,Ladieswear || Dress || Dresses Ladies || Mole || Solid,Ladieswear,Dress,Dresses Ladies,Mole,Solid,,2.2856497924376784,1.3846153846153846,49,false,false,true,1.536867219599265,3.6500000000000004
2250,Ladieswear || Dress || Blouses || Black || Lace,Ladieswear,Dress,Blouses,Black,Lace,,2.2842737803291175,0.23076923076923078,35,false,false,true,1.2957803535790589,2.653846153846154
2251,Ladieswear || Hair/alice band || Accessories || Red || All over pattern,Ladieswear,Hair/alice band,Accessories,Red,All over pattern,0.4973109517601043,2.278435412337612,1.7692307692307692,47,false,false,true,1.537418487529433,3.652564102564103
2252,Baby/Children || Dress || Jersey Fancy || Blue || All over pattern,Baby/Children,Dress,Jersey Fancy,Blue,All over pattern,0.7918234491212021,2.276103910291223,9.76923076923077,52,false,false,true,1.5280523121417642,3.6091908091908085
2253,Divided || Other accessories || Accessories || Black || Solid,Divided,Other accessories,Accessories,Black,Solid,0.3497500116816971,2.2758538328843354,1.3846153846153846,47,false,false,true,1.9396635735352397,5.956410256410257
2254,"Ladieswear || Pyjama set || Under-, Nightwear || Red || All over pattern",Ladieswear,Pyjama set,"Under-, Nightwear",Red,All over pattern,,2.2720642904007686,0.07692307692307693,31,false,false,true,0.2076393647782445,0.23076923076923075
2255,Baby/Children || T-shirt || Jersey Fancy || Khaki green || Front print,Baby/Children,T-shirt,Jersey Fancy,Khaki green,Front print,0.9277135231316724,2.270627396993668,3.0,43,false,true,true,1.103302128856432,2.0141025641025636
2256,Ladieswear || Other accessories || Accessories || Red || All over pattern,Ladieswear,Other accessories,Accessories,Red,All over pattern,0.5388967468175389,2.268061256555385,0.7692307692307693,45,false,false,true,1.509759230243705,3.5256410256410255
2257,Menswear || Hoodie || Outdoor || Blue || Solid,Menswear,Hoodie,Outdoor,Blue,Solid,1.0873905925844902,2.2674624943671935,1.4615384615384615,52,false,true,true,0.9903987040278769,1.692307692307692
2258,Baby/Children || Socks || Socks and Tights || Black || Solid,Baby/Children,Socks,Socks and Tights,Black,Solid,1.190032414910859,2.265081659933576,3.076923076923077,51,false,true,true,1.1159819268032254,2.052564102564103
2259,Sport || Vest top || Jersey Fancy || Black || All over pattern,Sport,Vest top,Jersey Fancy,Black,All over pattern,0.7631981117953611,2.2619712729944643,0.23076923076923078,38,false,false,true,0.570544858467613,0.7692307692307694
2260,Menswear || Hoodie || Jersey Fancy || Black || Embroidery,Menswear,Hoodie,Jersey Fancy,Black,Embroidery,0.47972251867662763,2.2597715061816683,0.46153846153846156,36,false,false,true,2.7845362956608994,15.192307692307693
2261,Menswear || Ring || Accessories || Metal || Solid,Menswear,Ring,Accessories,Metal,Solid,1.0066640709236852,2.2591379214372322,2.4615384615384617,52,false,true,true,1.1794436399156445,2.2525641025641026
2262,Ladieswear || Dress || Jersey Fancy || Black || Glittering/Metallic,Ladieswear,Dress,Jersey Fancy,Black,Glittering/Metallic,0.475071476048461,2.2570727262504735,1.5384615384615385,50,false,false,true,1.3370233121131079,2.8076923076923075
2263,Baby/Children || Socks || Socks and Tights || Pink || Solid,Baby/Children,Socks,Socks and Tights,Pink,Solid,1.0086397209124855,2.255719373630827,2.5384615384615383,50,false,true,true,1.2793809512941137,2.59441391941392
2264,Baby/Children || Bodysuit || Jersey Fancy || Pink || All over pattern,Baby/Children,Bodysuit,Jersey Fancy,Pink,All over pattern,0.9848375451263538,2.2544805461290824,3.6153846153846154,52,false,true,true,1.60171586634019,3.9615384615384617
2265,Baby/Children || T-shirt || Jersey Basic || Black || Solid,Baby/Children,T-shirt,Jersey Basic,Black,Solid,0.8705596532422633,2.2541007504205273,6.230769230769231,52,false,true,true,1.1536622541860484,2.1697802197802196
2266,Ladieswear || Dress || Special Offers || Red || Solid,Ladieswear,Dress,Special Offers,Red,Solid,0.5599130455756023,2.2534062966844055,1.3846153846153846,44,false,false,true,1.8478489358790986,5.346153846153847
2267,"Menswear || Underwear bottom || Under-, Nightwear || Turquoise || All over pattern",Menswear,Underwear bottom,"Under-, Nightwear",Turquoise,All over pattern,,2.247674777859402,0.3076923076923077,34,false,false,true,3.076957713476577,20.692307692307697
2268,Baby/Children || Trousers || Jersey Fancy || Black || Solid,Baby/Children,Trousers,Jersey Fancy,Black,Solid,1.1559159601916698,2.247372540240356,3.8461538461538463,50,false,true,true,1.2478056463079403,2.4826923076923078
2269,Baby/Children || Garment Set || Jersey Fancy || Pink || Solid,Baby/Children,Garment Set,Jersey Fancy,Pink,Solid,0.835155516520791,2.2436649903803367,1.6153846153846154,50,false,false,true,0.9290297576515849,1.5320512820512824
2270,Baby/Children || Jumpsuit/Playsuit || Jersey Fancy || White || Solid,Baby/Children,Jumpsuit/Playsuit,Jersey Fancy,White,Solid,0.8613111325928704,2.2384146793046042,0.23076923076923078,38,false,true,true,1.6691571471357227,4.307692307692308
2271,Menswear || Vest top || Jersey Fancy || White || Solid,Menswear,Vest top,Jersey Fancy,White,Solid,0.5731462925851704,2.23740285299851,0.6923076923076923,42,false,false,true,,
2272,Sport || Trousers || Unknown || Black || All over pattern,Sport,Trousers,Unknown,Black,All over pattern,1.3619330010724875,2.234014825370093,1.6923076923076923,48,false,true,true,0.6131044728864088,0.846153846153846
2273,Divided || Dress || Dresses Ladies || Orange || All over pattern,Divided,Dress,Dresses Ladies,Orange,All over pattern,,2.2223551790898775,0.07692307692307693,1,false,false,false,3.6506582412937387,37.50000000000001
2274,Baby/Children || T-shirt || Jersey Fancy || Green || Placement print,Baby/Children,T-shirt,Jersey Fancy,Green,Placement print,0.9004193484045788,2.2205064738725806,1.5384615384615385,38,false,true,true,1.1599405341754327,2.18974358974359
2275,Sport || Sweater || Jersey Fancy || Orange || Solid,Sport,Sweater,Jersey Fancy,Orange,Solid,,2.219018932476625,0.07692307692307693,34,false,false,true,,
2276,Menswear || T-shirt || Jersey Basic || Lilac Purple || Solid,Menswear,T-shirt,Jersey Basic,Lilac Purple,Solid,0.6244131455399062,2.2189241496808214,0.5384615384615384,31,false,false,true,1.1727202608218317,2.2307692307692313
2277,Baby/Children || T-shirt || Jersey Basic || White || Stripe,Baby/Children,T-shirt,Jersey Basic,White,Stripe,0.807992193584102,2.2186630182597837,4.0,52,false,false,true,0.8609406367909902,1.3653846153846154
2278,Divided || Hair/alice band || Accessories || White || Solid,Divided,Hair/alice band,Accessories,White,Solid,,2.218520006647735,0.38461538461538464,34,false,false,true,1.978345424808467,6.23076923076923
2279,Baby/Children || Trousers || Trousers Denim || White || Denim,Baby/Children,Trousers,Trousers Denim,White,Denim,0.8599420487472302,2.2158918323047363,2.8461538461538463,44,false,true,true,1.630245564940504,4.105128205128205
2280,Baby/Children || Garment Set || Jersey Fancy || Pink || All over pattern,Baby/Children,Garment Set,Jersey Fancy,Pink,All over pattern,1.822025300935585,2.212707096223768,2.076923076923077,52,false,true,true,1.479917304154634,3.3925824175824175
2281,Ladieswear || Jacket || Outdoor || Grey || Melange,Ladieswear,Jacket,Outdoor,Grey,Melange,,2.208080044515791,1.0,46,false,false,true,0.653926467406664,0.9230769230769231
2282,Ladieswear || Sweater || Knitwear || Black || Application/3D,Ladieswear,Sweater,Knitwear,Black,Application/3D,,2.205105692094685,0.15384615384615385,32,false,false,true,,
2283,Ladieswear || Dress || Unknown || Khaki green || Solid,Ladieswear,Dress,Unknown,Khaki green,Solid,1.3117637087888805,2.1990792952122686,1.0769230769230769,46,false,true,true,,
2284,"Baby/Children || Kids Underwear top || Under-, Nightwear || Grey || Solid",Baby/Children,Kids Underwear top,"Under-, Nightwear",Grey,Solid,0.8212975762772843,2.195900913576747,2.5384615384615383,52,false,false,true,1.4615921014092015,3.3128205128205135
2285,Divided || T-shirt || Jersey Fancy || Red || All over pattern,Divided,T-shirt,Jersey Fancy,Red,All over pattern,0.34079451502319014,2.1934130874945756,0.6153846153846154,47,false,false,true,,
2286,Ladieswear || Blouse || Blouses || Blue || Check,Ladieswear,Blouse,Blouses,Blue,Check,0.7719330513150636,2.19284631765786,0.38461538461538464,41,false,false,true,0.7308875085427923,1.0769230769230766
2287,Baby/Children || Garment Set || Jersey Fancy || Blue || Stripe,Baby/Children,Garment Set,Jersey Fancy,Blue,Stripe,0.8355300397423394,2.189770984143338,2.3846153846153846,52,false,false,true,1.4701758451005926,3.3499999999999996
2288,Baby/Children || Jumpsuit/Playsuit || Jersey Fancy || Blue || Stripe,Baby/Children,Jumpsuit/Playsuit,Jersey Fancy,Blue,Stripe,1.197475098447996,2.1890177497070575,2.769230769230769,49,false,true,true,,
2289,Ladieswear || Dress || Knitwear || Black || Glittering/Metallic,Ladieswear,Dress,Knitwear,Black,Glittering/Metallic,1.4177471636953,2.1860614427664093,0.9230769230769231,39,false,true,true,0.8023464725249373,1.2307692307692308
2290,Menswear || Sweater || Knitwear || Beige || Solid,Menswear,Sweater,Knitwear,Beige,Solid,0.6705056685261833,2.1843551789966322,2.0,49,false,false,true,1.1280881068010633,2.08974358974359
2291,Baby/Children || Shirt || Shirts || White || Solid,Baby/Children,Shirt,Shirts,White,Solid,1.1253169082553678,2.184291150020972,7.461538461538462,52,false,true,true,1.282880713617397,2.6070155523209824
2292,Sport || Shorts || Jersey Fancy || Black || All over pattern,Sport,Shorts,Jersey Fancy,Black,All over pattern,,2.184000107676542,0.0,29,false,false,true,1.1239300966523995,2.0769230769230766
2293,Ladieswear || Sweater || Jersey Basic || Grey || Solid,Ladieswear,Sweater,Jersey Basic,Grey,Solid,,2.180398248559751,0.23076923076923078,42,false,false,true,3.5549816940187466,33.98717948717948
2294,Ladieswear || Trousers || Unknown || Black || All over pattern,Ladieswear,Trousers,Unknown,Black,All over pattern,0.6398648047674109,2.1765966323283754,0.7692307692307693,36,false,false,true,1.4781019103730135,3.384615384615385
2295,Divided || Dress || Dresses Ladies || Black || Sequin,Divided,Dress,Dresses Ladies,Black,Sequin,0.8058832312975961,2.1733775324105036,1.4615384615384615,52,false,false,true,2.983478008630524,18.75641025641026
2296,Ladieswear || Wedge || Shoes || Red || Solid,Ladieswear,Wedge,Shoes,Red,Solid,0.9723868511995191,2.164698242920614,0.6153846153846154,40,false,true,true,0.6337237600891445,0.8846153846153846
2297,Divided || Dress || Dresses Ladies || Black || Lace,Divided,Dress,Dresses Ladies,Black,Lace,0.7936166947982202,2.1639639373927864,1.7692307692307692,40,false,false,true,1.0726368022648491,1.9230769230769234
2298,Ladieswear || T-shirt || Jersey Fancy || Beige || All over pattern,Ladieswear,T-shirt,Jersey Fancy,Beige,All over pattern,,2.163862885045306,0.15384615384615385,26,false,false,true,,
2299,Ladieswear || Shirt || Unknown || Beige || Solid,Ladieswear,Shirt,Unknown,Beige,Solid,0.9620501271946288,2.1623097783049023,2.923076923076923,47,false,true,true,1.2039728043259361,2.333333333333334
2300,Baby/Children || Garment Set || Jersey Fancy || White || All over pattern,Baby/Children,Garment Set,Jersey Fancy,White,All over pattern,1.1176416397973283,2.155997164179472,2.923076923076923,51,false,true,true,1.2487255249488332,2.4858974358974355
2301,Ladieswear || Sneakers || Shoes || Grey || Solid,Ladieswear,Sneakers,Shoes,Grey,Solid,0.6052149876897966,2.154438980273245,1.0769230769230769,48,false,false,true,1.739115735742633,4.6923076923076925
2302,Ladieswear || Pumps || Shoes || White || Solid,Ladieswear,Pumps,Shoes,White,Solid,,2.1542806110003,0.3076923076923077,18,false,false,false,,
2303,Ladieswear || Top || Unknown || Beige || Solid,Ladieswear,Top,Unknown,Beige,Solid,2.2004889975550124,2.1523075007090844,0.23076923076923078,31,false,true,true,0.9614111671546247,1.6153846153846154
2304,Baby/Children || Socks || Socks and Tights || Grey || All over pattern,Baby/Children,Socks,Socks and Tights,Grey,All over pattern,0.9158770155327632,2.151717234765042,2.769230769230769,52,false,true,true,1.3936391171139302,3.0294871794871794
2305,Baby/Children || Dress || Jersey Fancy || Green || All over pattern,Baby/Children,Dress,Jersey Fancy,Green,All over pattern,0.9896936730604066,2.1473435374764143,1.7692307692307692,27,false,true,true,1.7300659002227152,4.641025641025641
2306,Ladieswear || Watch || Accessories || Grey || Solid,Ladieswear,Watch,Accessories,Grey,Solid,,2.144978976291809,0.0,36,false,false,true,,
2307,Baby/Children || Trousers || Trousers || Black || Solid,Baby/Children,Trousers,Trousers,Black,Solid,1.031892466412559,2.1429983847738017,11.0,52,true,true,true,1.0672095313513206,1.907255564947873
2308,Menswear || Shirt || Shirts || Grey || Check,Menswear,Shirt,Shirts,Grey,Check,0.848936170212766,2.1409491845376087,1.0769230769230769,47,false,false,true,1.570217199280819,3.8076923076923066
2309,Baby/Children || T-shirt || Jersey Fancy || Pink || All over pattern,Baby/Children,T-shirt,Jersey Fancy,Pink,All over pattern,0.8444026140076714,2.138253353109835,4.0,49,false,false,true,1.4926571216152733,3.448901098901099
2310,Ladieswear || Belt || Accessories || Red || Solid,Ladieswear,Belt,Accessories,Red,Solid,0.35997464967255827,2.1274942429639716,0.5384615384615384,45,false,false,true,,
2311,Baby/Children || Jacket || Trousers Denim || Blue || Denim,Baby/Children,Jacket,Trousers Denim,Blue,Denim,0.8806854925630525,2.1262373309061813,7.384615384615385,51,false,true,true,1.1237812760553543,2.076465201465201
2312,Menswear || Shirt || Shirts || Black || Check,Menswear,Shirt,Shirts,Black,Check,1.160101237612025,2.124635810184187,1.3076923076923077,51,false,true,true,1.2154452054881728,2.371794871794872
2313,Ladieswear || Blouse || Blouses || Black || Check,Ladieswear,Blouse,Blouses,Black,Check,0.5082351659477274,2.1188574531470343,0.38461538461538464,44,false,false,true,2.084237713943329,7.0384615384615365
2314,Menswear || Jacket || Outdoor || Brown || Solid,Menswear,Jacket,Outdoor,Brown,Solid,0.6009693053311793,2.1156523347204854,4.384615384615385,51,false,false,true,1.0642685525943323,1.8987179487179482
2315,Baby/Children || Polo shirt || Jersey Fancy || White || Solid,Baby/Children,Polo shirt,Jersey Fancy,White,Solid,1.3743143373296105,2.1086621701915376,1.7692307692307692,39,false,true,true,1.316614440481901,2.7307692307692313
2316,Baby/Children || Garment Set || Jersey Fancy || Blue || All over pattern,Baby/Children,Garment Set,Jersey Fancy,Blue,All over pattern,1.1963601532567048,2.0958178956225804,2.8461538461538463,44,false,true,true,0.9711673420999893,1.641025641025641
2317,Baby/Children || Leggings/Tights || Jersey Fancy || Black || Solid,Baby/Children,Leggings/Tights,Jersey Fancy,Black,Solid,0.9298220316303962,2.095167737260609,4.461538461538462,52,false,true,true,1.050186277301216,1.8581834831834834
2318,Baby/Children || T-shirt || Jersey Fancy || Black || All over pattern,Baby/Children,T-shirt,Jersey Fancy,Black,All over pattern,1.011062935971218,2.0932774853183296,3.1538461538461537,25,false,true,false,1.07175922432349,1.9205128205128204
2319,Baby/Children || Shorts || Woven/Jersey/Knitted mix Baby || Blue || Solid,Baby/Children,Shorts,Woven/Jersey/Knitted mix Baby,Blue,Solid,1.2155557668536656,2.0920315196335224,4.230769230769231,33,false,true,true,,
2320,Baby/Children || T-shirt || Jersey Fancy || Blue || All over pattern,Baby/Children,T-shirt,Jersey Fancy,Blue,All over pattern,0.6710901318133239,2.0886666060824615,8.692307692307692,49,false,false,true,1.413481005202315,3.1102382911206448
2321,Ladieswear || Shirt || Blouses || Blue || All over pattern,Ladieswear,Shirt,Blouses,Blue,All over pattern,,2.0861779071831172,0.07692307692307693,37,false,false,true,,
2322,Baby/Children || T-shirt || Jersey Basic || Blue || Solid,Baby/Children,T-shirt,Jersey Basic,Blue,Solid,0.9630014118428701,2.081588368996567,6.153846153846154,52,false,true,true,0.9923695497505923,1.6976190476190478
2323,Ladieswear || Heeled sandals || Shoes || Red || Solid,Ladieswear,Heeled sandals,Shoes,Red,Solid,0.30191196087149846,2.081234498780909,0.07692307692307693,29,false,false,true,0.4795730802618863,0.6153846153846154
2324,Menswear || Hoodie || Jersey Basic || Blue || Melange,Menswear,Hoodie,Jersey Basic,Blue,Melange,0.6184363866413612,2.0807179450791535,0.7692307692307693,49,false,false,true,1.8777018990287797,5.538461538461538
2325,Menswear || Necklace || Accessories || Metal || Solid,Menswear,Necklace,Accessories,Metal,Solid,0.95832292331751,2.0792672104499608,11.076923076923077,52,true,true,true,1.3320989656421014,2.7889880025507554
2326,Baby/Children || Shorts || Jersey Basic || Black || Melange,Baby/Children,Shorts,Jersey Basic,Black,Melange,1.293741882926283,2.0779428909540756,1.0,26,false,true,true,1.5040773967762742,3.5
2327,Ladieswear || Skirt || Skirts || Blue || Jacquard,Ladieswear,Skirt,Skirts,Blue,Jacquard,,2.077235844859931,0.6923076923076923,47,false,false,true,0.6131044728864088,0.846153846153846
2328,Baby/Children || T-shirt || Jersey Fancy || White || All over pattern,Baby/Children,T-shirt,Jersey Fancy,White,All over pattern,0.8229790343165032,2.0766270506651274,11.307692307692308,52,true,false,true,1.247787135902763,2.482627842243227
2329,Ladieswear || Gloves || Accessories || Black || Solid,Ladieswear,Gloves,Accessories,Black,Solid,,2.075823645233078,0.5384615384615384,33,false,false,true,0.2384110234449982,0.2692307692307692
2330,Baby/Children || T-shirt || Jersey Fancy || Grey || Placement print,Baby/Children,T-shirt,Jersey Fancy,Grey,Placement print,1.8888481627416844,2.0683326256099583,1.1538461538461537,46,false,true,true,1.2078115806331018,2.3461538461538467
2331,Menswear || Coat || Outdoor || Beige || Solid,Menswear,Coat,Outdoor,Beige,Solid,0.8544740202337687,2.0670031763968804,1.3846153846153846,45,false,true,true,0.5849335959197126,0.7948717948717949
2332,Baby/Children || Jacket || Outdoor || Black || Solid,Baby/Children,Jacket,Outdoor,Black,Solid,1.1014822136444442,2.0667034802883526,13.153846153846153,52,true,true,true,1.2255257702024924,2.4059563624781015
2333,Ladieswear || Jacket || Trousers Denim || Black || Denim,Ladieswear,Jacket,Trousers Denim,Black,Denim,,2.0639295511103057,0.6153846153846154,39,false,false,true,1.900958761193047,5.6923076923076925
2334,Ladieswear || Dress || Knitwear || Grey || Melange,Ladieswear,Dress,Knitwear,Grey,Melange,,2.062851840432891,0.0,25,false,false,false,0.0,0.0
2335,Baby/Children || T-shirt || Jersey Fancy || Blue || Melange,Baby/Children,T-shirt,Jersey Fancy,Blue,Melange,1.0011188185276347,2.058812846689655,1.0,32,false,true,true,1.7525387560747736,4.769230769230768
2336,Divided || Cardigan || Knitwear || Black || Jacquard,Divided,Cardigan,Knitwear,Black,Jacquard,,2.0552820480214766,0.07692307692307693,39,false,false,true,,
2337,Baby/Children || Swimwear set || Swimwear || Pink || All over pattern,Baby/Children,Swimwear set,Swimwear,Pink,All over pattern,0.9222741993522848,2.0509238344031897,3.5384615384615383,40,false,true,true,0.9214058325409256,1.5128205128205128
2338,Ladieswear || Sweater || Unknown || Beige || Solid,Ladieswear,Sweater,Unknown,Beige,Solid,0.4741452624211115,2.0495658796140006,1.5384615384615385,45,false,false,true,0.9614111671546247,1.6153846153846154
2339,Ladieswear || Underwear Tights || Socks and Tights || Black || Glittering/Metallic,Ladieswear,Underwear Tights,Socks and Tights,Black,Glittering/Metallic,0.8846404518792093,2.0491320518065756,0.15384615384615385,36,false,true,true,1.0726368022648491,1.9230769230769234
2340,Baby/Children || Trousers || Trousers Denim || Blue || Denim,Baby/Children,Trousers,Trousers Denim,Blue,Denim,1.1130455342731478,2.048763287533893,64.6923076923077,52,true,true,true,1.2444835117209603,2.471141532359651
2341,Sport || Other accessories || Accessories || Black || Solid,Sport,Other accessories,Accessories,Black,Solid,0.5660805445263755,2.044000600883657,0.7692307692307693,45,false,false,true,0.9903987040278769,1.692307692307692
2342,Ladieswear || Dress || Dresses Ladies || Blue || Check,Ladieswear,Dress,Dresses Ladies,Blue,Check,0.4997220678154531,2.040033003633206,0.23076923076923078,30,false,false,true,0.37948962170490375,0.4615384615384615
2343,Ladieswear || Socks || Socks and Tights || Red || All over pattern,Ladieswear,Socks,Socks and Tights,Red,All over pattern,,2.0385804848420124,0.15384615384615385,29,false,false,true,0.2076393647782445,0.23076923076923075
2344,Ladieswear || Dress || Blouses || White || Lace,Ladieswear,Dress,Blouses,White,Lace,0.5676246963435025,2.0354570654555846,0.3076923076923077,24,false,false,false,0.14310084364067333,0.15384615384615385
2345,Baby/Children || T-shirt || Jersey Basic || Khaki green || Solid,Baby/Children,T-shirt,Jersey Basic,Khaki green,Solid,0.8803191489361704,2.0343738426894267,2.076923076923077,50,false,true,true,1.0504629447705272,1.8589743589743595
2346,Divided || T-shirt || Jersey Fancy || Turquoise || Solid,Divided,T-shirt,Jersey Fancy,Turquoise,Solid,,2.0342568240358045,0.07692307692307693,33,false,false,true,3.36906261489836,28.051282051282048
2347,Baby/Children || T-shirt || Jersey Fancy || Green || Front print,Baby/Children,T-shirt,Jersey Fancy,Green,Front print,1.194791075817735,2.028987181106316,4.384615384615385,52,false,true,true,1.3238537599087072,2.7578754578754574
2348,Baby/Children || Trousers || Trousers Denim || Grey || Denim,Baby/Children,Trousers,Trousers Denim,Grey,Denim,0.6990269628607856,2.028787772372185,7.153846153846154,52,false,false,true,1.5287997894408003,3.612637362637363
2349,Baby/Children || T-shirt || Jersey Fancy || White || Stripe,Baby/Children,T-shirt,Jersey Fancy,White,Stripe,0.8930399181166837,2.02604829151038,3.3846153846153846,51,false,true,true,1.5382841521778101,3.656593406593407
2350,"Baby/Children || Underwear bottom || Under-, Nightwear || Blue || Stripe",Baby/Children,Underwear bottom,"Under-, Nightwear",Blue,Stripe,1.0606772362497554,2.025258510406,0.8461538461538461,42,false,true,true,,
2351,Menswear || Cardigan || Knitwear || Blue || Melange,Menswear,Cardigan,Knitwear,Blue,Melange,0.9206683115364319,2.0163880113580173,0.38461538461538464,38,false,true,true,0.5260930958967791,0.6923076923076923
2352,Divided || Blouse || Blouses || Turquoise || All over pattern,Divided,Blouse,Blouses,Turquoise,All over pattern,,2.0147323440338725,0.3076923076923077,41,false,false,true,,
2353,Sport || Trousers || Unknown || Grey || Melange,Sport,Trousers,Unknown,Grey,Melange,0.6378244746600742,2.0147198945048785,0.5384615384615384,44,false,false,true,0.5108256237659907,0.6666666666666667
2354,Baby/Children || Socks || Socks and Tights || White || Other pattern,Baby/Children,Socks,Socks and Tights,White,Other pattern,1.0567325077610616,2.014122875061959,3.5384615384615383,52,false,true,true,0.8505891414712764,1.3410256410256411
2355,Ladieswear || Dress || Unknown || Beige || All over pattern,Ladieswear,Dress,Unknown,Beige,All over pattern,2.047616741639062,2.0099711329096968,0.9230769230769231,50,false,true,true,,
2356,Sport || T-shirt || Jersey Fancy || Red || Solid,Sport,T-shirt,Jersey Fancy,Red,Solid,,2.0088957178412037,0.38461538461538464,41,false,false,true,0.9614111671546247,1.6153846153846154
2357,Sport || Hoodie || Jersey Fancy || Blue || Melange,Sport,Hoodie,Jersey Fancy,Blue,Melange,0.4648421052631579,2.005457222338908,0.3076923076923077,35,false,false,true,0.2076393647782445,0.23076923076923075
2358,Baby/Children || Leggings/Tights || Jersey Fancy || Blue || Treatment,Baby/Children,Leggings/Tights,Jersey Fancy,Blue,Treatment,1.0131919940262668,2.0036873547385765,4.076923076923077,52,false,true,true,1.1028766874545672,2.0128205128205128
2359,Baby/Children || Leggings/Tights || Jersey Basic || Black || Solid,Baby/Children,Leggings/Tights,Jersey Basic,Black,Solid,1.108320235187907,2.001810309039415,5.076923076923077,52,false,true,true,1.24282362659281,2.465384615384615
2360,Baby/Children || Garment Set || Woven/Jersey/Knitted mix Baby || Pink || All over pattern,Baby/Children,Garment Set,Woven/Jersey/Knitted mix Baby,Pink,All over pattern,0.9713623572256249,1.9946007728544854,2.8461538461538463,36,false,true,true,1.3255094700507688,2.764102564102564
2361,"Baby/Children || Pyjama jumpsuit/playsuit || Under-, Nightwear || White || All over pattern",Baby/Children,Pyjama jumpsuit/playsuit,"Under-, Nightwear",White,All over pattern,0.9272752652149637,1.99197317507838,4.923076923076923,52,false,true,true,1.0473189942805592,1.85
2362,Ladieswear || Dress || Unknown || Black || Solid,Ladieswear,Dress,Unknown,Black,Solid,2.624778125480942,1.9898742521958028,2.0,52,false,true,true,1.413173449671133,3.1089743589743595
2363,"Baby/Children || Pyjama jumpsuit/playsuit || Under-, Nightwear || Pink || All over pattern",Baby/Children,Pyjama jumpsuit/playsuit,"Under-, Nightwear",Pink,All over pattern,1.1885531667635096,1.9809848788824027,4.3076923076923075,51,false,true,true,0.9995067593397828,1.716941391941392
2364,Baby/Children || Shorts || Trousers || Khaki green || Solid,Baby/Children,Shorts,Trousers,Khaki green,Solid,0.9261336873206868,1.9795559338241526,2.3076923076923075,31,false,true,true,1.1218445901613783,2.0705128205128207
2365,Baby/Children || Jacket || Outdoor || Khaki green || Solid,Baby/Children,Jacket,Outdoor,Khaki green,Solid,1.0346487708804437,1.9746549599925034,5.0,52,false,true,true,0.9326398698756845,1.541208791208791
2366,Baby/Children || Swimwear set || Swimwear || Blue || Stripe,Baby/Children,Swimwear set,Swimwear,Blue,Stripe,1.130330748789077,1.971597863614451,3.1538461538461537,42,false,true,true,,
2367,Menswear || Shorts || Shorts || Yellow || Solid,Menswear,Shorts,Shorts,Yellow,Solid,0.6725237254373223,1.9707440125362403,1.0769230769230769,30,false,false,true,1.9448106437218964,5.992307692307692
2368,Divided || Bag || Accessories || Grey || Solid,Divided,Bag,Accessories,Grey,Solid,0.5236054939334482,1.9646615193597596,1.4615384615384615,49,false,false,true,1.7131046868293667,4.546153846153846
2369,Menswear || T-shirt || Jersey Fancy || Yellow || Placement print,Menswear,T-shirt,Jersey Fancy,Yellow,Placement print,,1.9641553524535915,1.0,42,false,false,true,2.459479258767055,10.698717948717949
2370,Baby/Children || Trousers || Trousers || Khaki green || Solid,Baby/Children,Trousers,Trousers,Khaki green,Solid,1.1016274156036592,1.9586512370727496,9.307692307692308,52,false,true,true,1.0113950357361732,1.7494338994338996
2371,Menswear || Top || Jersey Basic || Blue || Solid,Menswear,Top,Jersey Basic,Blue,Solid,,1.9552890655040263,0.0,28,false,false,true,,
2372,Baby/Children || Bodysuit || Jersey Fancy || White || All over pattern,Baby/Children,Bodysuit,Jersey Fancy,White,All over pattern,0.7438689101506654,1.9544490141425932,0.9230769230769231,45,false,false,true,1.6380004505832795,4.144871794871796
2373,Baby/Children || Bodysuit || Jersey Fancy || White || Front print,Baby/Children,Bodysuit,Jersey Fancy,White,Front print,0.6517211455018801,1.9536209517458207,0.38461538461538464,42,false,false,true,1.1113513144455394,2.0384615384615383
2374,Baby/Children || Blouse || Dresses/Skirts girls || White || Solid,Baby/Children,Blouse,Dresses/Skirts girls,White,Solid,0.9077693737329924,1.9497006242172095,4.153846153846154,52,false,true,true,1.2168836055841945,2.376648351648352
2375,Ladieswear || Hair/alice band || Accessories || Red || Solid,Ladieswear,Hair/alice band,Accessories,Red,Solid,0.4318185187930907,1.9476529156957767,1.3076923076923077,43,false,false,true,1.4037689916431546,3.0705128205128203
2376,Baby/Children || T-shirt || Jersey Fancy || White || Placement print,Baby/Children,T-shirt,Jersey Fancy,White,Placement print,1.6031257309696925,1.9470016950799653,4.846153846153846,52,false,true,true,1.1424480522390494,2.1344322344322344
2377,Baby/Children || Socks || Socks and Tights || Blue || Solid,Baby/Children,Socks,Socks and Tights,Blue,Solid,0.7345575959933224,1.9469471305607127,3.4615384615384617,51,false,false,true,1.113007567176786,2.043498168498168
2378,Baby/Children || T-shirt || Jersey Fancy || Pink || Front print,Baby/Children,T-shirt,Jersey Fancy,Pink,Front print,1.3122518946228798,1.9466777481966773,3.1538461538461537,51,false,true,true,1.0593915755148284,1.8846153846153846
2379,Baby/Children || T-shirt || Jersey Fancy || Yellow || Front print,Baby/Children,T-shirt,Jersey Fancy,Yellow,Front print,0.6775932736767928,1.9405193018322806,3.1538461538461537,50,false,false,true,0.8882077631313297,1.4307692307692306
2380,Baby/Children || Garment Set || Jersey Fancy || White || Placement print,Baby/Children,Garment Set,Jersey Fancy,White,Placement print,1.4308568329718006,1.9403709599711938,1.3846153846153846,46,false,true,true,0.5920510636885765,0.8076923076923077
2381,Baby/Children || T-shirt || Jersey Basic || Blue || All over pattern,Baby/Children,T-shirt,Jersey Basic,Blue,All over pattern,1.0413092906508183,1.9391209398638853,2.230769230769231,46,false,true,true,0.8390219510833439,1.3141025641025643
2382,Divided || Hat/beanie || Accessories || Beige || Solid,Divided,Hat/beanie,Accessories,Beige,Solid,0.337150054388275,1.9364121323145254,1.0,47,false,false,true,1.829499797210902,5.23076923076923
2383,Divided || Hat/beanie || Accessories || Pink || Solid,Divided,Hat/beanie,Accessories,Pink,Solid,1.50482617907871,1.935912369589984,3.1538461538461537,51,false,true,true,1.2582424342599936,2.519230769230769
2384,Menswear || Hoodie || Jersey Basic || Green || Solid,Menswear,Hoodie,Jersey Basic,Green,Solid,,1.9358607935636787,0.23076923076923078,31,false,false,true,3.416464853792944,29.461538461538463
2385,Baby/Children || Sunglasses || Accessories || Pink || Solid,Baby/Children,Sunglasses,Accessories,Pink,Solid,0.8663709923147238,1.9353419652417214,5.6923076923076925,44,false,true,true,1.0100457014116735,1.7457264957264957
2386,Baby/Children || Vest top || Jersey Basic || Blue || Stripe,Baby/Children,Vest top,Jersey Basic,Blue,Stripe,1.0756600294605423,1.9346814230507627,1.6923076923076923,50,false,true,true,1.0504629447705272,1.8589743589743595
2387,Baby/Children || Shorts || Shorts || Beige || Solid,Baby/Children,Shorts,Shorts,Beige,Solid,1.1531531531531531,1.932106204619116,7.0,34,false,true,true,1.3646682562941235,2.9144242509627127
2388,Baby/Children || Dress || Woven/Jersey/Knitted mix Baby || Blue || All over pattern,Baby/Children,Dress,Woven/Jersey/Knitted mix Baby,Blue,All over pattern,1.1206973227786179,1.9316064846962515,2.076923076923077,46,false,true,true,2.1125414901061808,7.26923076923077
2389,Baby/Children || Jumpsuit/Playsuit || Jersey Fancy || White || All over pattern,Baby/Children,Jumpsuit/Playsuit,Jersey Fancy,White,All over pattern,0.7901293154585359,1.9299789787123962,3.0,52,false,false,true,1.402823663071101,3.0666666666666664
2390,"Baby/Children || Pyjama jumpsuit/playsuit || Under-, Nightwear || Blue || All over pattern",Baby/Children,Pyjama jumpsuit/playsuit,"Under-, Nightwear",Blue,All over pattern,0.7587098975138947,1.9267981571981156,3.769230769230769,52,false,false,true,0.9490805546971459,1.5833333333333335
2391,Baby/Children || Trousers || Woven/Jersey/Knitted mix Baby || Beige || Solid,Baby/Children,Trousers,Woven/Jersey/Knitted mix Baby,Beige,Solid,1.1236830338428863,1.9255859369817463,6.461538461538462,47,false,true,true,1.2980584584808799,2.6621794871794875
2392,Menswear || Hoodie || Outdoor || Black || Solid,Menswear,Hoodie,Outdoor,Black,Solid,0.2885914211524796,1.9236119110312284,0.6923076923076923,46,false,false,true,1.0638261725826943,1.8974358974358978
2393,Ladieswear || Hat/brim || Accessories || Black || Solid,Ladieswear,Hat/brim,Accessories,Black,Solid,,1.9235083828535982,1.3076923076923077,49,false,false,true,0.6268977950187445,0.8717948717948716
2394,"Menswear || Pyjama set || Under-, Nightwear || Blue || Check",Menswear,Pyjama set,"Under-, Nightwear",Blue,Check,0.8075442648190915,1.9221108226829822,0.38461538461538464,30,false,false,true,,
2395,Baby/Children || Hoodie || Jersey Basic || Blue || Solid,Baby/Children,Hoodie,Jersey Basic,Blue,Solid,0.9232289569234012,1.9211348402722503,3.6153846153846154,52,false,true,true,1.0544906969151173,1.87051282051282
2396,Baby/Children || T-shirt || Jersey Basic || Green || Solid,Baby/Children,T-shirt,Jersey Basic,Green,Solid,0.9011070110701109,1.9186815892051508,3.0,37,false,true,true,1.0369187196627696,1.8205128205128198
2397,Ladieswear || Blazer || Dressed || Grey || Melange,Ladieswear,Blazer,Dressed,Grey,Melange,,1.9183404634972847,0.0,27,false,false,true,3.8151731794382284,44.38461538461539
2398,Menswear || Sweater || Jersey Fancy || Blue || Placement print,Menswear,Sweater,Jersey Fancy,Blue,Placement print,,1.9166525657712996,0.0,30,false,false,true,1.1845547184688343,2.2692307692307687
2399,Ladieswear || Top || Unknown || White || Solid,Ladieswear,Top,Unknown,White,Solid,0.7193546430521016,1.9165727541352897,1.3076923076923077,50,false,false,true,1.2192402764567245,2.384615384615385
2400,Baby/Children || T-shirt || Jersey Basic || Blue || Stripe,Baby/Children,T-shirt,Jersey Basic,Blue,Stripe,1.1494514125971007,1.9143759452652844,3.923076923076923,52,false,true,true,0.8126381585614849,1.2538461538461538
2401,Baby/Children || Socks || Socks and Tights || Pink || All over pattern,Baby/Children,Socks,Socks and Tights,Pink,All over pattern,1.019719573160276,1.9139734393589336,2.4615384615384617,52,false,true,true,0.9903987040278769,1.692307692307692
2402,Baby/Children || T-shirt || Jersey Fancy || Blue || Front print,Baby/Children,T-shirt,Jersey Fancy,Blue,Front print,0.902848914116212,1.9135990424225748,10.461538461538462,52,true,true,true,1.2894949777640978,2.6309523809523805
2403,Divided || Cardigan || Knitwear || Mole || Solid,Divided,Cardigan,Knitwear,Mole,Solid,,1.9134698779865489,0.6153846153846154,27,false,false,true,,
2404,Ladieswear || Coat || Outdoor || Red || Solid,Ladieswear,Coat,Outdoor,Red,Solid,,1.9086932062385422,0.38461538461538464,40,false,false,true,0.325422400434628,0.38461538461538464
2405,Baby/Children || Trousers || Trousers || Blue || Solid,Baby/Children,Trousers,Trousers,Blue,Solid,0.9780957765307821,1.9084943181395566,12.461538461538462,52,true,true,true,1.0507346287313752,1.859751201975282
2406,Ladieswear || T-shirt || Jersey Fancy || Grey || Solid,Ladieswear,T-shirt,Jersey Fancy,Grey,Solid,,1.906490896645578,0.07692307692307693,18,false,false,false,2.810329050222628,15.615384615384613
2407,Baby/Children || Dress || Jersey Fancy || Grey || All over pattern,Baby/Children,Dress,Jersey Fancy,Grey,All over pattern,0.8619439613526568,1.9040502892055415,3.3076923076923075,50,false,true,true,1.4897299483681326,3.435897435897436
2408,Ladieswear || Other accessories || Accessories || Metal || Glittering/Metallic,Ladieswear,Other accessories,Accessories,Metal,Glittering/Metallic,1.485572693683655,1.903349543203546,1.6923076923076923,22,false,true,false,1.9018341305453665,5.698168498168498
2409,Ladieswear || Hoodie || Jersey Fancy || Grey || Front print,Ladieswear,Hoodie,Jersey Fancy,Grey,Front print,,1.9030806726062681,0.5384615384615384,23,false,false,false,0.8023464725249373,1.2307692307692308
2410,Baby/Children || Socks || Socks and Tights || Blue || All over pattern,Baby/Children,Socks,Socks and Tights,Blue,All over pattern,1.1946783667114853,1.9020212238873722,2.076923076923077,51,false,true,true,0.9822476605154372,1.6704517704517703
2411,Ladieswear || Ballerinas || Shoes || Red || Solid,Ladieswear,Ballerinas,Shoes,Red,Solid,0.39962476547842396,1.900318310817001,0.8461538461538461,45,false,false,true,1.4363047816945518,3.2051282051282044
2412,Menswear || Bracelet || Accessories || Metal || Solid,Menswear,Bracelet,Accessories,Metal,Solid,1.0054782975136958,1.8991321127130623,2.5384615384615383,49,false,true,true,1.2660028747371925,2.5466477966477967
2413,Baby/Children || Shorts || Shorts || Black || Solid,Baby/Children,Shorts,Shorts,Black,Solid,1.1947745469869364,1.8969919522551288,3.3846153846153846,47,false,true,true,,
2414,Baby/Children || Dress || Dresses/Skirts girls || Pink || All over pattern,Baby/Children,Dress,Dresses/Skirts girls,Pink,All over pattern,0.78348661072725,1.8941392632512946,4.6923076923076925,51,false,false,true,1.2294156044983768,2.419230769230769
2415,Ladieswear || Bra || Unknown || Black || Solid,Ladieswear,Bra,Unknown,Black,Solid,0.7759779174082011,1.8883350254593112,1.2307692307692308,45,false,false,true,,
2416,Baby/Children || Jumpsuit/Playsuit || Dresses/Skirts girls || Blue || All over pattern,Baby/Children,Jumpsuit/Playsuit,Dresses/Skirts girls,Blue,All over pattern,0.8199531016840758,1.8871215106621264,2.1538461538461537,44,false,false,true,0.9490805546971459,1.5833333333333335
2417,Baby/Children || Trousers || Woven/Jersey/Knitted mix Baby || Blue || Denim,Baby/Children,Trousers,Woven/Jersey/Knitted mix Baby,Blue,Denim,1.0418747445257373,1.8865950128746212,9.076923076923077,52,false,true,true,1.0406015356120506,1.830919401111709
2418,Menswear || Hoodie || Jersey Fancy || Blue || Colour blocking,Menswear,Hoodie,Jersey Fancy,Blue,Colour blocking,0.7599039615846338,1.8846292803684448,0.9230769230769231,49,false,false,true,0.9614111671546247,1.6153846153846154
2419,Baby/Children || Garment Set || Woven/Jersey/Knitted mix Baby || White || Solid,Baby/Children,Garment Set,Woven/Jersey/Knitted mix Baby,White,Solid,1.2360578706566092,1.8840891988984465,1.8461538461538463,48,false,true,true,1.3926841592186616,3.0256410256410255
2420,Ladieswear || Coat || Outdoor || Pink || Solid,Ladieswear,Coat,Outdoor,Pink,Solid,,1.8828154223255877,0.3076923076923077,36,false,false,true,0.4307829160924542,0.5384615384615383
2421,Baby/Children || Hoodie || Jersey Fancy || White || Placement print,Baby/Children,Hoodie,Jersey Fancy,White,Placement print,1.1225176939462653,1.8822740844613621,1.5384615384615385,46,false,true,true,1.4448051364599446,3.241025641025641
2422,Baby/Children || Shorts || Jersey Fancy || Blue || Placement print,Baby/Children,Shorts,Jersey Fancy,Blue,Placement print,1.6208852820434847,1.8811129843875949,1.9230769230769231,27,false,true,true,1.3862943611198906,3.0
2423,Menswear || Scarf || Accessories || Grey || Melange,Menswear,Scarf,Accessories,Grey,Melange,5.559324047479427,1.8791451731290088,0.46153846153846156,40,false,true,true,0.325422400434628,0.38461538461538464
2424,Baby/Children || Skirt || Dresses/Skirts girls || Pink || Solid,Baby/Children,Skirt,Dresses/Skirts girls,Pink,Solid,1.0658198614318706,1.8785333363929109,1.0769230769230769,44,false,true,true,0.9903987040278769,1.692307692307692
2425,Ladieswear || Flat shoe || Shoes || Red || Solid,Ladieswear,Flat shoe,Shoes,Red,Solid,,1.8780122330983904,0.0,32,false,false,true,0.07410797215372189,0.07692307692307696
2426,Baby/Children || T-shirt || Jersey Fancy || White || Application/3D,Baby/Children,T-shirt,Jersey Fancy,White,Application/3D,1.2825112964135255,1.8778190141645625,4.0,46,false,true,true,1.077013176864648,1.9358974358974361
2427,Baby/Children || Trousers || Jersey Basic || Blue || Solid,Baby/Children,Trousers,Jersey Basic,Blue,Solid,1.0989945928399973,1.8770838793496085,7.538461538461538,52,false,true,true,1.0117008067886974,1.7502747252747257
2428,Baby/Children || Garment Set || Jersey Fancy || White || Solid,Baby/Children,Garment Set,Jersey Fancy,White,Solid,0.5474740236474381,1.8767108122232785,0.07692307692307693,36,false,false,true,2.1799827709017134,7.846153846153847
2429,Baby/Children || Garment Set || Woven/Jersey/Knitted mix Baby || Blue || Solid,Baby/Children,Garment Set,Woven/Jersey/Knitted mix Baby,Blue,Solid,1.0238716536194066,1.8766190955822117,2.3846153846153846,49,false,true,true,1.1384081158330528,2.121794871794872
2430,"Baby/Children || Underwear bottom || Under-, Nightwear || Blue || Solid",Baby/Children,Underwear bottom,"Under-, Nightwear",Blue,Solid,1.1643245189097546,1.8760234895822951,2.6153846153846154,52,false,true,true,1.280577656678245,2.5987179487179484
2431,Menswear || Hat/brim || Accessories || Black || Solid,Menswear,Hat/brim,Accessories,Black,Solid,1.9514678195383865,1.8747892161385296,0.8461538461538461,45,false,true,true,1.4069136483226266,3.083333333333334
2432,Baby/Children || Dress || Jersey Fancy || Pink || Solid,Baby/Children,Dress,Jersey Fancy,Pink,Solid,0.6843373493975904,1.8746530024633925,3.6153846153846154,49,false,false,true,1.1239300966523995,2.0769230769230766
2433,Baby/Children || Shirt || Shirts || Blue || Solid,Baby/Children,Shirt,Shirts,Blue,Solid,1.215614928078388,1.8729983306909168,4.615384615384615,52,false,true,true,1.251042573459492,2.4939837939837934
2434,Baby/Children || Trousers || Woven/Jersey/Knitted mix Baby || Blue || Solid,Baby/Children,Trousers,Woven/Jersey/Knitted mix Baby,Blue,Solid,1.1278342147188352,1.871926278817543,6.076923076923077,52,false,true,true,1.2151373543770247,2.3707570207570208
2435,Divided || Hoodie || Jersey Fancy || Black || Solid,Divided,Hoodie,Jersey Fancy,Black,Solid,,1.8707557394516532,0.6153846153846154,27,false,false,true,0.8023464725249373,1.2307692307692308
2436,Baby/Children || Sweater || Jersey Basic || Black || Solid,Baby/Children,Sweater,Jersey Basic,Black,Solid,,1.8698948104842428,0.7692307692307693,40,false,false,true,1.148622709242771,2.1538461538461537
2437,Baby/Children || Shorts || Jersey Fancy || Black || All over pattern,Baby/Children,Shorts,Jersey Fancy,Black,All over pattern,0.7951444483118691,1.8666311727534532,2.769230769230769,27,false,false,true,1.467815265662738,3.3397435897435894
2438,Ladieswear || Blouse || Unknown || White || All over pattern,Ladieswear,Blouse,Unknown,White,All over pattern,1.556173526140156,1.8651985498658625,0.6923076923076923,41,false,true,true,1.1727202608218317,2.2307692307692313
2439,Menswear || Sweater || Knitwear || Mole || Solid,Menswear,Sweater,Knitwear,Mole,Solid,,1.863681035462755,0.07692307692307693,28,false,false,true,,
2440,Menswear || Blazer || Dressed || Black || Check,Menswear,Blazer,Dressed,Black,Check,0.8958431714434474,1.8592613484838405,1.6923076923076923,50,false,true,true,1.2454099941901091,2.474358974358974
2441,Menswear || Shirt || Shirts || Orange || Check,Menswear,Shirt,Shirts,Orange,Check,1.0104080199220997,1.8585222358926363,1.7692307692307692,42,false,true,true,1.0835420357471115,1.9551282051282053
2442,Menswear || T-shirt || Jersey Fancy || Blue || Solid,Menswear,T-shirt,Jersey Fancy,Blue,Solid,,1.857690524661551,0.5384615384615384,44,false,false,true,1.6691571471357227,4.307692307692308
2443,Baby/Children || T-shirt || Jersey Fancy || White || Sequin,Baby/Children,T-shirt,Jersey Fancy,White,Sequin,1.089724169797296,1.8565781824040553,6.3076923076923075,52,false,true,true,1.0455441146962166,1.8449460795614643
2444,Baby/Children || Shorts || Jersey Fancy || Grey || Placement print,Baby/Children,Shorts,Jersey Fancy,Grey,Placement print,0.785142339153519,1.8532766839140287,4.076923076923077,33,false,false,true,1.5326043357015124,3.6302197802197806
2445,Baby/Children || Socks || Socks and Tights || Black || Other pattern,Baby/Children,Socks,Socks and Tights,Black,Other pattern,1.0923447347921535,1.8530391649652538,2.3846153846153846,52,false,true,true,1.3520611894776484,2.8653846153846154
2446,Baby/Children || Shorts || Shorts || Grey || Solid,Baby/Children,Shorts,Shorts,Grey,Solid,1.1864860046354075,1.8520127601844734,1.8461538461538463,36,false,true,true,,
2447,Baby/Children || T-shirt || Jersey Fancy || Green || All over pattern,Baby/Children,T-shirt,Jersey Fancy,Green,All over pattern,1.1952218430034132,1.8475113072008762,3.0,43,false,true,true,1.0986122886681098,2.0000000000000004
2448,Baby/Children || Sweater || Jersey Basic || Blue || Solid,Baby/Children,Sweater,Jersey Basic,Blue,Solid,0.9721308172721778,1.8473140097494203,1.7692307692307692,52,false,true,true,1.022727591143237,1.7807692307692307
2449,Baby/Children || T-shirt || Jersey Fancy || Grey || Front print,Baby/Children,T-shirt,Jersey Fancy,Grey,Front print,1.1433470507544583,1.8444421291787454,4.6923076923076925,51,false,true,true,1.197799945218855,2.3128205128205126
2450,Baby/Children || Dress || Jersey Fancy || White || All over pattern,Baby/Children,Dress,Jersey Fancy,White,All over pattern,1.1444614790514076,1.8428626188805484,9.153846153846153,50,false,true,true,1.7994127035587577,5.046095571095571
2451,Menswear || Sweater || Knitwear || White || Melange,Menswear,Sweater,Knitwear,White,Melange,1.267931392931393,1.838724240585079,2.1538461538461537,50,false,true,true,1.4888625202379873,3.4320512820512823
2452,Ladieswear || Top || Jersey Fancy || Black || Embroidery,Ladieswear,Top,Jersey Fancy,Black,Embroidery,,1.8385943684275379,0.38461538461538464,32,false,false,true,,
2453,Divided || Wallet || Accessories || Black || Solid,Divided,Wallet,Accessories,Black,Solid,0.895142022829838,1.8380889964558138,1.0,24,false,true,false,1.2755776462615394,2.580769230769231
2454,Ladieswear || Watch || Accessories || Orange || Solid,Ladieswear,Watch,Accessories,Orange,Solid,0.3010402111473374,1.8371783159096258,0.9230769230769231,49,false,false,true,1.6691571471357227,4.307692307692308
2455,Baby/Children || Bodysuit || Jersey Basic || White || All over pattern,Baby/Children,Bodysuit,Jersey Basic,White,All over pattern,0.9671500529837855,1.8341359070924645,2.076923076923077,48,false,true,true,1.1536044724277335,2.16959706959707
2456,Menswear || Sweater || Jersey Fancy || Black || Colour blocking,Menswear,Sweater,Jersey Fancy,Black,Colour blocking,0.4573848597141345,1.833702333299689,0.6153846153846154,45,false,false,true,1.1727202608218317,2.2307692307692313
2457,Baby/Children || Jacket || Outdoor || Blue || Solid,Baby/Children,Jacket,Outdoor,Blue,Solid,1.2106488813137586,1.8313427608255197,10.538461538461538,52,true,true,true,0.981309906709997,1.6679487179487178
2458,Divided || Sweater || Knitwear || Blue || Colour blocking,Divided,Sweater,Knitwear,Blue,Colour blocking,,1.8296258446969773,0.3076923076923077,43,false,false,true,0.14310084364067333,0.15384615384615385
2459,Baby/Children || Dress || Jersey Basic || White || Stripe,Baby/Children,Dress,Jersey Basic,White,Stripe,0.8465504712530233,1.8293537550224368,1.6923076923076923,42,false,false,true,,
2460,Baby/Children || Dress || Jersey Fancy || Pink || Lace,Baby/Children,Dress,Jersey Fancy,Pink,Lace,1.130082524557764,1.827915467433478,0.6923076923076923,34,false,true,true,,
2461,Baby/Children || T-shirt || Jersey Fancy || Blue || Placement print,Baby/Children,T-shirt,Jersey Fancy,Blue,Placement print,1.2472597501911804,1.8259304881395653,3.3846153846153846,49,false,true,true,1.15893520585109,2.1865384615384618
2462,Baby/Children || Dress || Jersey Fancy || Yellow || All over pattern,Baby/Children,Dress,Jersey Fancy,Yellow,All over pattern,1.0959131352737146,1.8249943786189604,3.0,44,false,true,true,1.2975332024064732,2.66025641025641
2463,Ladieswear || Trousers || Jersey Fancy || White || Solid,Ladieswear,Trousers,Jersey Fancy,White,Solid,,1.8230252126110833,0.46153846153846156,32,false,false,true,0.0,0.0
2464,Ladieswear || T-shirt || Jersey Fancy || Black || Stripe,Ladieswear,T-shirt,Jersey Fancy,Black,Stripe,,1.8187075236502737,0.15384615384615385,41,false,false,true,,
2465,Baby/Children || Shorts || Trousers || Blue || Solid,Baby/Children,Shorts,Trousers,Blue,Solid,1.053598166539343,1.8181678987998664,4.6923076923076925,37,false,true,true,0.9724610033412096,1.6444444444444444
2466,Baby/Children || T-shirt || Jersey Fancy || Blue || Sequin,Baby/Children,T-shirt,Jersey Fancy,Blue,Sequin,1.226803384678206,1.816777228957696,4.3076923076923075,50,false,true,true,0.9288127359123889,1.5315018315018314
2467,Divided || Top || Jersey Basic || Red || Solid,Divided,Top,Jersey Basic,Red,Solid,,1.8151935663561933,0.3076923076923077,36,false,false,true,0.325422400434628,0.38461538461538464
2468,Baby/Children || Garment Set || Jersey Fancy || Pink || Front print,Baby/Children,Garment Set,Jersey Fancy,Pink,Front print,0.9644204633047995,1.8139813376950458,1.2307692307692308,44,false,true,true,0.6931471805599453,1.0
2469,Baby/Children || T-shirt || Jersey Fancy || Blue || Stripe,Baby/Children,T-shirt,Jersey Fancy,Blue,Stripe,1.466837559309467,1.812213020802445,4.384615384615385,52,false,true,true,0.9726225933876144,1.6448717948717948
2470,Baby/Children || T-shirt || Jersey Fancy || Red || Front print,Baby/Children,T-shirt,Jersey Fancy,Red,Front print,1.0187293426367976,1.8088496895548065,1.8461538461538463,49,false,true,true,1.0986122886681098,2.0000000000000004
2471,Ladieswear || Dress || Unknown || Blue || All over pattern,Ladieswear,Dress,Unknown,Blue,All over pattern,1.0784736867918976,1.8071653567733477,1.6923076923076923,51,false,true,true,0.9391054096403264,1.5576923076923075
2472,"Baby/Children || Pyjama set || Under-, Nightwear || Blue || Front print",Baby/Children,Pyjama set,"Under-, Nightwear",Blue,Front print,0.9624319660161954,1.8064104372497374,1.6153846153846154,49,false,true,true,1.60171586634019,3.9615384615384617
2473,Baby/Children || Trousers || Jersey Fancy || Grey || Treatment,Baby/Children,Trousers,Jersey Fancy,Grey,Treatment,1.1404682621189015,1.803715103157038,2.5384615384615383,45,false,true,true,1.5567941789486783,3.7435897435897436
2474,Baby/Children || Polo shirt || Jersey Fancy || Blue || Stripe,Baby/Children,Polo shirt,Jersey Fancy,Blue,Stripe,1.3131175468483813,1.802339620617519,0.46153846153846156,21,false,true,false,0.8362480242006186,1.3076923076923075
2475,Baby/Children || Belt || Accessories || Black || Solid,Baby/Children,Belt,Accessories,Black,Solid,1.2224941595283123,1.8015333101999529,1.3846153846153846,44,false,true,true,1.286969723896904,2.6217948717948723
2476,Baby/Children || Shorts || Trousers || Pink || Solid,Baby/Children,Shorts,Trousers,Pink,Solid,1.0350438047559452,1.8014998425413014,3.230769230769231,35,false,true,true,,
2477,Ladieswear || Hat/beanie || Accessories || Orange || Solid,Ladieswear,Hat/beanie,Accessories,Orange,Solid,0.9639402882468299,1.7984853287024407,1.1538461538461537,39,false,true,true,0.4795730802618863,0.6153846153846154
2478,Baby/Children || T-shirt || Jersey Fancy || Grey || All over pattern,Baby/Children,T-shirt,Jersey Fancy,Grey,All over pattern,0.7005854474491219,1.7945924618911206,2.923076923076923,52,false,false,true,1.4283463680953457,3.171794871794872
2479,Baby/Children || Vest top || Jersey Fancy || White || Front print,Baby/Children,Vest top,Jersey Fancy,White,Front print,1.071697222672901,1.7921108983706997,3.230769230769231,28,false,true,true,1.4543252315706512,3.281593406593407
2480,Baby/Children || Leggings/Tights || Jersey Fancy || Blue || Solid,Baby/Children,Leggings/Tights,Jersey Fancy,Blue,Solid,1.109511317186261,1.791415550113498,1.4615384615384615,48,false,true,true,0.7642745245755295,1.1474358974358978
2481,Ladieswear || Sweater || Jersey Fancy || Blue || Solid,Ladieswear,Sweater,Jersey Fancy,Blue,Solid,,1.7905327247556886,0.5384615384615384,43,false,false,true,2.527777825353191,11.525641025641026
2482,Divided || Vest top || Jersey Fancy || Turquoise || Solid,Divided,Vest top,Jersey Fancy,Turquoise,Solid,0.20143473285802307,1.7839572634916028,0.5384615384615384,37,false,false,true,,
2483,Baby/Children || Cap/peaked || Accessories || Blue || Solid,Baby/Children,Cap/peaked,Accessories,Blue,Solid,1.3644062513914241,1.783910786776087,2.076923076923077,46,false,true,true,1.054937225165448,1.8717948717948718
2484,Baby/Children || Jacket || Outdoor || Pink || Solid,Baby/Children,Jacket,Outdoor,Pink,Solid,0.8666334629349954,1.7807821869256246,3.3076923076923075,52,false,true,true,0.9300419034869795,1.5346153846153845
2485,Baby/Children || Trousers || Trousers || Beige || Solid,Baby/Children,Trousers,Trousers,Beige,Solid,1.1279513524847975,1.778470322255775,6.0,52,false,true,true,1.1451255802352105,2.1428360101437027
2486,Baby/Children || Socks || Socks and Tights || Blue || Stripe,Baby/Children,Socks,Socks and Tights,Blue,Stripe,0.7038461538461539,1.778197902076247,1.6153846153846154,50,false,false,true,0.653926467406664,0.9230769230769231
2487,Baby/Children || T-shirt || Jersey Fancy || Yellow || Placement print,Baby/Children,T-shirt,Jersey Fancy,Yellow,Placement print,1.146948003014318,1.7773493677265977,1.6923076923076923,44,false,true,true,1.0964732504193602,1.9935897435897432
2488,Menswear || Tie || Accessories || Blue || Solid,Menswear,Tie,Accessories,Blue,Solid,0.8043366029943212,1.776599361092177,1.8461538461538463,51,false,false,true,1.308332819650179,2.7000000000000006
2489,Menswear || Sweater || Jersey Fancy || Blue || Colour blocking,Menswear,Sweater,Jersey Fancy,Blue,Colour blocking,0.4745210579384162,1.7751418859556494,0.7692307692307693,47,false,false,true,,
2490,"Menswear || Underwear bottom || Under-, Nightwear || Red || Solid",Menswear,Underwear bottom,"Under-, Nightwear",Red,Solid,0.40127388535031855,1.7728133157427242,1.3846153846153846,50,false,false,true,1.958649174832743,6.089743589743589
2491,Baby/Children || Bodysuit || Jersey Basic || Blue || All over pattern,Baby/Children,Bodysuit,Jersey Basic,Blue,All over pattern,0.8883849668189548,1.7697089776063866,2.3846153846153846,50,false,true,true,0.9932517730102833,1.6999999999999997
2492,Ladieswear || Dress || Unknown || Pink || All over pattern,Ladieswear,Dress,Unknown,Pink,All over pattern,1.0,1.7668327206799836,1.1538461538461537,26,false,true,true,1.4240346891027376,3.1538461538461533
2493,Menswear || Cardigan || Knitwear || Black || Solid,Menswear,Cardigan,Knitwear,Black,Solid,0.9630521701430703,1.7641917636272324,1.3846153846153846,51,false,true,true,0.9564971523521956,1.6025641025641026
2494,Baby/Children || Dress || Dresses/Skirts girls || Blue || All over pattern,Baby/Children,Dress,Dresses/Skirts girls,Blue,All over pattern,0.8061693773891249,1.7637111017874925,7.3076923076923075,52,false,false,true,1.097685933807979,1.9972222222222222
2495,Baby/Children || Shorts || Jersey Fancy || Grey || All over pattern,Baby/Children,Shorts,Jersey Fancy,Grey,All over pattern,1.0341144730094314,1.763642289791275,3.1538461538461537,50,false,true,true,1.1322288994670946,2.102564102564102
2496,"Baby/Children || Underwear bottom || Under-, Nightwear || Green || Solid",Baby/Children,Underwear bottom,"Under-, Nightwear",Green,Solid,0.8914499605988969,1.7620059796241176,2.769230769230769,51,false,true,true,1.0504629447705272,1.8589743589743595
2497,Baby/Children || Dungarees || Woven/Jersey/Knitted mix Baby || Blue || Denim,Baby/Children,Dungarees,Woven/Jersey/Knitted mix Baby,Blue,Denim,0.551721648740345,1.7598466849985894,1.5384615384615385,49,false,false,true,1.2709122870010454,2.5641025641025643
2498,"Ladieswear || Pyjama bottom || Under-, Nightwear || Grey || Melange",Ladieswear,Pyjama bottom,"Under-, Nightwear",Grey,Melange,,1.757063949678721,0.0,32,false,false,true,3.4160438897791496,29.448717948717942
2499,Divided || Shorts || Trousers || Black || All over pattern,Divided,Shorts,Trousers,Black,All over pattern,,1.7517179385223218,1.2307692307692308,48,false,false,true,2.201488976122677,8.038461538461537
2500,Ladieswear || Hoodie || Jersey Basic || Blue || Solid,Ladieswear,Hoodie,Jersey Basic,Blue,Solid,,1.7513758816903957,0.0,25,false,false,false,1.241713132308783,2.4615384615384617
2501,"Baby/Children || Underwear bottom || Under-, Nightwear || Black || Solid",Baby/Children,Underwear bottom,"Under-, Nightwear",Black,Solid,0.659318990223978,1.7512194873188593,5.3076923076923075,52,false,false,true,1.43595628892225,3.203663003663003
2502,Baby/Children || Cap/peaked || Jersey Fancy || White || Solid,Baby/Children,Cap/peaked,Jersey Fancy,White,Solid,0.853157726254173,1.74658771317787,0.9230769230769231,48,false,true,true,0.8527773261518292,1.3461538461538463
2503,Ladieswear || Trousers || Unknown || Unknown || Unknown,Ladieswear,Trousers,Unknown,Unknown,Unknown,0.5740780989639934,1.7461858867219986,0.6923076923076923,44,false,false,true,,
2504,Ladieswear || Shirt || Blouses || Black || Check,Ladieswear,Shirt,Blouses,Black,Check,,1.7394290707474922,0.0,21,false,false,false,2.3790711875527353,9.794871794871797
2505,Baby/Children || Sweater || Jersey Fancy || White || Stripe,Baby/Children,Sweater,Jersey Fancy,White,Stripe,1.155693950177936,1.738629005578082,1.0769230769230769,37,false,true,true,1.2192402764567245,2.384615384615385
2506,Baby/Children || T-shirt || Jersey Fancy || Beige || All over pattern,Baby/Children,T-shirt,Jersey Fancy,Beige,All over pattern,0.44429882044560953,1.73814341483031,1.6923076923076923,29,false,false,true,1.8718021769015913,5.499999999999999
2507,Divided || Top || Unknown || Black || All over pattern,Divided,Top,Unknown,Black,All over pattern,,1.7380877859020645,0.6153846153846154,41,false,false,true,,
2508,Baby/Children || Dress || Woven/Jersey/Knitted mix Baby || Pink || Solid,Baby/Children,Dress,Woven/Jersey/Knitted mix Baby,Pink,Solid,1.1357178682768994,1.7367210505519983,1.6923076923076923,50,false,true,true,0.9914185919286224,1.6950549450549448
2509,Baby/Children || Leggings/Tights || Trousers Denim || Blue || Denim,Baby/Children,Leggings/Tights,Trousers Denim,Blue,Denim,1.2572360375050955,1.7350984566947796,3.3076923076923075,48,false,true,true,1.0640674950308748,1.898135198135198
2510,Baby/Children || Shorts || Shorts || Blue || All over pattern,Baby/Children,Shorts,Shorts,Blue,All over pattern,0.9106888567900584,1.7325986430774165,2.6153846153846154,38,false,true,true,1.1747024220258229,2.2371794871794877
2511,Ladieswear || Boots || Shoes || Pink || Solid,Ladieswear,Boots,Shoes,Pink,Solid,,1.7300076295629516,0.9230769230769231,46,false,false,true,0.7849547298130681,1.1923076923076925
2512,Baby/Children || Bodysuit || Jersey Basic || Pink || All over pattern,Baby/Children,Bodysuit,Jersey Basic,Pink,All over pattern,0.7841080443191504,1.7289868246221007,2.3076923076923075,49,false,false,true,0.9798672519755353,1.664102564102564
2513,Divided || Vest top || Jersey Fancy || Blue || Solid,Divided,Vest top,Jersey Fancy,Blue,Solid,,1.726471190444009,0.8461538461538461,48,false,false,true,,
2514,Baby/Children || Dress || Dresses/Skirts girls || Blue || Chambray,Baby/Children,Dress,Dresses/Skirts girls,Blue,Chambray,0.8855021532461201,1.7249054117808766,2.769230769230769,51,false,true,true,1.0022331616748799,1.7243589743589745
2515,Menswear || Sweater || Knitwear || Black || Jacquard,Menswear,Sweater,Knitwear,Black,Jacquard,,1.7247965306528314,0.0,22,false,false,false,0.07410797215372189,0.07692307692307696
2516,Baby/Children || Dress || Dresses/Skirts girls || White || All over pattern,Baby/Children,Dress,Dresses/Skirts girls,White,All over pattern,0.8878103925466809,1.7233556449222962,7.6923076923076925,39,false,true,true,1.0665205053571243,1.9052530802530803
2517,"Baby/Children || Vest top || Under-, Nightwear || White || Solid",Baby/Children,Vest top,"Under-, Nightwear",White,Solid,1.0249157262201376,1.7221214252686448,2.0,50,false,true,true,0.653926467406664,0.9230769230769231
2518,Baby/Children || Hair clip || Accessories || Pink || Solid,Baby/Children,Hair clip,Accessories,Pink,Solid,1.1727807336880427,1.7177900906526449,3.3846153846153846,52,false,true,true,0.9719991735634542,1.6432234432234432
2519,Baby/Children || Blouse || Dresses/Skirts girls || White || All over pattern,Baby/Children,Blouse,Dresses/Skirts girls,White,All over pattern,0.6151855047454702,1.7173897993070177,5.153846153846154,50,false,false,true,0.9677634973352962,1.632051282051282
2520,Ladieswear || Dress || Unknown || Red || Solid,Ladieswear,Dress,Unknown,Red,Solid,0.8477598956067857,1.7172239182663773,2.3076923076923075,42,false,false,true,1.6042965129336817,3.9743589743589745
2521,Baby/Children || Swimwear set || Swimwear || Turquoise || Lace,Baby/Children,Swimwear set,Swimwear,Turquoise,Lace,0.9535127127513968,1.7161041194067028,0.7692307692307693,30,false,true,true,1.5540878173509354,3.730769230769231
2522,Baby/Children || Vest top || Jersey Fancy || White || All over pattern,Baby/Children,Vest top,Jersey Fancy,White,All over pattern,1.121645796064401,1.708855167530483,1.0,23,false,true,false,0.946596081369484,1.576923076923077
2523,Baby/Children || Jumpsuit/Playsuit || Jersey Fancy || Grey || Melange,Baby/Children,Jumpsuit/Playsuit,Jersey Fancy,Grey,Melange,0.5777634961439589,1.7073482217608098,0.46153846153846156,43,false,false,true,1.2922654114716143,2.641025641025641
2524,Baby/Children || Skirt || Dresses/Skirts girls || Black || Solid,Baby/Children,Skirt,Dresses/Skirts girls,Black,Solid,,1.6960164885774627,0.15384615384615385,40,false,false,true,0.9007865453381898,1.4615384615384617
2525,Baby/Children || Swimwear set || Swimwear || Blue || All over pattern,Baby/Children,Swimwear set,Swimwear,Blue,All over pattern,0.7929944127218027,1.695177409581854,4.3076923076923075,31,false,false,true,1.095785193374358,1.9915306915306914
2526,Ladieswear || Dress || Unknown || Blue || Solid,Ladieswear,Dress,Unknown,Blue,Solid,0.3947461780032439,1.6948144965842795,3.230769230769231,52,false,false,true,1.3437347467010947,2.8333333333333335
2527,Baby/Children || Hair/alice band || Accessories || Pink || Solid,Baby/Children,Hair/alice band,Accessories,Pink,Solid,0.9253836177148199,1.694329306568651,5.3076923076923075,52,false,true,true,0.9574350187749852,1.6050061050061046
2528,Baby/Children || Trousers || Jersey Fancy || Blue || Stripe,Baby/Children,Trousers,Jersey Fancy,Blue,Stripe,1.1939924906132668,1.6937981461313751,1.2307692307692308,41,false,true,true,0.7215851158804788,1.0576923076923075
2529,Ladieswear || Blouse || Unknown || Pink || Solid,Ladieswear,Blouse,Unknown,Pink,Solid,1.3484085596115807,1.6907280554319462,0.9230769230769231,30,false,true,true,0.570544858467613,0.7692307692307694
2530,Ladieswear || Flat shoe || Shoes || Brown || Solid,Ladieswear,Flat shoe,Shoes,Brown,Solid,,1.6884138232660697,1.2307692307692308,49,false,false,true,1.6347557204183902,4.128205128205128
2531,Baby/Children || Dungarees || Trousers Denim || Blue || Denim,Baby/Children,Dungarees,Trousers Denim,Blue,Denim,1.0568983957219251,1.68533678989236,4.6923076923076925,49,false,true,true,0.9010164972522002,1.4621045621045625
2532,Baby/Children || Blouse || Dresses/Skirts girls || Blue || Stripe,Baby/Children,Blouse,Dresses/Skirts girls,Blue,Stripe,0.690564624767053,1.684918338793869,4.076923076923077,38,false,false,true,1.32004497557869,2.7435897435897436
2533,Baby/Children || Trousers || Woven/Jersey/Knitted mix Baby || Grey || Melange,Baby/Children,Trousers,Woven/Jersey/Knitted mix Baby,Grey,Melange,1.0117024867784403,1.6840752628053113,0.8461538461538461,48,false,true,true,1.6859240069927897,4.397435897435897
2534,Baby/Children || Dress || Jersey Fancy || Black || Solid,Baby/Children,Dress,Jersey Fancy,Black,Solid,0.8873729266987693,1.6775110957331756,1.6923076923076923,36,false,true,true,1.1239300966523995,2.0769230769230766
2535,Menswear || Sweater || Knitwear || Brown || Melange,Menswear,Sweater,Knitwear,Brown,Melange,,1.6765775095855746,0.46153846153846156,40,false,false,true,1.7543149554760296,4.779487179487179
2536,Ladieswear || Trousers || Trousers || Turquoise || Denim,Ladieswear,Trousers,Trousers,Turquoise,Denim,,1.6759484791009576,0.6153846153846154,39,false,false,true,0.4795730802618863,0.6153846153846154
2537,Ladieswear || Dress || Jersey Fancy || Black || Dot,Ladieswear,Dress,Jersey Fancy,Black,Dot,,1.6741063342196414,0.6153846153846154,45,false,false,true,,
2538,Baby/Children || Shorts || Jersey Fancy || Blue || Melange,Baby/Children,Shorts,Jersey Fancy,Blue,Melange,0.8939845234596926,1.6733014829364476,1.8461538461538463,28,false,true,true,2.0028650419827856,6.410256410256409
2539,Baby/Children || Shorts || Shorts || Blue || Other structure,Baby/Children,Shorts,Shorts,Blue,Other structure,1.1675874769797423,1.672409909646229,3.230769230769231,38,false,true,true,1.180625440328945,2.2564102564102564
2540,Baby/Children || Socks || Socks and Tights || Blue || Colour blocking,Baby/Children,Socks,Socks and Tights,Blue,Colour blocking,0.8568376321069705,1.6721600732043513,1.3076923076923077,48,false,true,true,0.9564971523521956,1.6025641025641026
2541,Baby/Children || Garment Set || Woven/Jersey/Knitted mix Baby || Blue || All over pattern,Baby/Children,Garment Set,Woven/Jersey/Knitted mix Baby,Blue,All over pattern,0.9826208034655252,1.6716883182513569,1.4615384615384615,36,false,true,true,1.274502955131774,2.576923076923077
2542,Baby/Children || Trousers || Trousers Denim || Blue || Solid,Baby/Children,Trousers,Trousers Denim,Blue,Solid,0.7063450049156772,1.6710140193597356,1.0769230769230769,48,false,false,true,2.1430782139662625,7.525641025641027
2543,Baby/Children || Bodysuit || Jersey Fancy || Blue || Stripe,Baby/Children,Bodysuit,Jersey Fancy,Blue,Stripe,1.0558127830900854,1.6682469727716915,1.8461538461538463,50,false,true,true,1.1062751614136788,2.023076923076923
2544,Menswear || Sweater || Jersey Fancy || Blue || Solid,Menswear,Sweater,Jersey Fancy,Blue,Solid,0.4280989710926018,1.6679748747476832,0.8461538461538461,48,false,false,true,0.07410797215372189,0.07692307692307696
2545,Menswear || Shirt || Shirts || Black || Denim,Menswear,Shirt,Shirts,Black,Denim,,1.666718772554281,0.07692307692307693,37,false,false,true,,
2546,Baby/Children || Skirt || Dresses/Skirts girls || Blue || Solid,Baby/Children,Skirt,Dresses/Skirts girls,Blue,Solid,1.1539645881447265,1.666422790086913,1.1538461538461537,47,false,true,true,0.4795730802618863,0.6153846153846154
2547,Baby/Children || Cardigan || Knitwear || White || Solid,Baby/Children,Cardigan,Knitwear,White,Solid,1.220779614742909,1.6655604571565052,4.769230769230769,52,false,true,true,1.2350774078933848,2.438644688644689
2548,Menswear || Hoodie || Jersey Basic || Lilac Purple || Melange,Menswear,Hoodie,Jersey Basic,Lilac Purple,Melange,0.5301871140197253,1.6641908039445807,0.5384615384615384,45,false,false,true,,
2549,Ladieswear || Jacket || Unknown || Black || Solid,Ladieswear,Jacket,Unknown,Black,Solid,,1.6624443112455172,1.0,46,false,false,true,0.26826398659467937,0.3076923076923077
2550,Baby/Children || Sweater || Jersey Fancy || White || All over pattern,Baby/Children,Sweater,Jersey Fancy,White,All over pattern,1.0084262027724926,1.6608746664961358,0.6153846153846154,44,false,true,true,1.7449545127164658,4.725641025641026
2551,Baby/Children || Shirt || Woven/Jersey/Knitted mix Baby || White || Solid,Baby/Children,Shirt,Woven/Jersey/Knitted mix Baby,White,Solid,0.9827827827827827,1.6572412875968574,2.6923076923076925,52,false,true,true,1.0414538748281612,1.8333333333333335
2552,Menswear || Hat/beanie || Accessories || Grey || Melange,Menswear,Hat/beanie,Accessories,Grey,Melange,0.58249832999332,1.6570323731723011,2.0,47,false,false,true,1.0208817207529528,1.7756410256410255
2553,Baby/Children || Bodysuit || Jersey Basic || Pink || Solid,Baby/Children,Bodysuit,Jersey Basic,Pink,Solid,0.7258129265355278,1.6565183837540176,2.4615384615384617,49,false,false,true,1.148622709242771,2.1538461538461537
2554,Menswear || Bracelet || Accessories || Black || Solid,Menswear,Bracelet,Accessories,Black,Solid,0.8140861174633276,1.6557637214057035,1.0,44,false,false,true,1.2305398317106577,2.423076923076923
2555,Baby/Children || Dress || Woven/Jersey/Knitted mix Baby || Red || Solid,Baby/Children,Dress,Woven/Jersey/Knitted mix Baby,Red,Solid,0.9695133867500487,1.655143701816156,1.0769230769230769,40,false,true,true,1.032362903126909,1.8076923076923075
2556,Ladieswear || Top || Unknown || Yellow || Solid,Ladieswear,Top,Unknown,Yellow,Solid,0.6069556931872321,1.6540860138574516,0.23076923076923078,31,false,false,true,,
2557,Baby/Children || Dress || Dresses/Skirts girls || Pink || Solid,Baby/Children,Dress,Dresses/Skirts girls,Pink,Solid,1.4893738682931477,1.6539012520630325,2.3846153846153846,43,false,true,true,1.0908902425741993,1.9769230769230766
2558,Baby/Children || Shorts || Jersey Fancy || Blue || All over pattern,Baby/Children,Shorts,Jersey Fancy,Blue,All over pattern,1.6185087230519302,1.6538411624902012,2.8461538461538463,48,false,true,true,1.0050527124149797,1.7320512820512821
2559,Sport || Trousers || Outdoor || Blue || Solid,Sport,Trousers,Outdoor,Blue,Solid,,1.6511471339809805,0.38461538461538464,41,false,false,true,1.5621850275835547,3.7692307692307683
2560,Baby/Children || Socks || Socks and Tights || Grey || Melange,Baby/Children,Socks,Socks and Tights,Grey,Melange,1.2960259529602596,1.6502173530084083,1.1538461538461537,51,false,true,true,1.451433663290852,3.269230769230769
2561,Sport || Gloves || Accessories || Black || Solid,Sport,Gloves,Accessories,Black,Solid,,1.6496564780797494,0.0,35,false,false,true,0.2076393647782445,0.23076923076923075
2562,Baby/Children || Bodysuit || Jersey Basic || Grey || All over pattern,Baby/Children,Bodysuit,Jersey Basic,Grey,All over pattern,1.0096870981568795,1.6492253598042943,1.6923076923076923,47,false,true,true,1.0264747605016864,1.7912087912087906
2563,Baby/Children || Socks || Socks and Tights || Grey || Other pattern,Baby/Children,Socks,Socks and Tights,Grey,Other pattern,1.595761142888723,1.6473857986462548,1.6923076923076923,51,false,true,true,0.5485659517488376,0.7307692307692306
2564,Ladieswear || Trousers || Jersey Fancy || Beige || Melange,Ladieswear,Trousers,Jersey Fancy,Beige,Melange,,1.6462079094252,1.3846153846153846,41,false,false,true,0.4795730802618863,0.6153846153846154
2565,Baby/Children || Sandals || Shoes || White || Solid,Baby/Children,Sandals,Shoes,White,Solid,1.204853200911255,1.6454314101886895,3.6153846153846154,36,false,true,true,1.0865743101086307,1.9641025641025642
2566,Baby/Children || Trousers || Trousers || Grey || Solid,Baby/Children,Trousers,Trousers,Grey,Solid,1.0334495464086555,1.6424989010459483,2.1538461538461537,50,false,true,true,0.9376722313226387,1.5540293040293043
2567,Menswear || Sweater || Knitwear || Blue || Stripe,Menswear,Sweater,Knitwear,Blue,Stripe,0.5973167868522555,1.6416301393406076,0.6923076923076923,47,false,false,true,0.7308875085427923,1.0769230769230766
2568,Divided || Vest top || Blouses || Blue || Solid,Divided,Vest top,Blouses,Blue,Solid,,1.641268638677821,0.46153846153846156,34,false,false,true,,
2569,Menswear || Cardigan || Knitwear || Grey || Melange,Menswear,Cardigan,Knitwear,Grey,Melange,0.8546308771202543,1.6405133301111583,1.0769230769230769,51,false,true,true,0.9033873270382471,1.4679487179487176
2570,Baby/Children || Blazer || Shirts || Black || Solid,Baby/Children,Blazer,Shirts,Black,Solid,1.094925155166119,1.6344673188411782,0.7692307692307693,48,false,true,true,1.366876275262789,2.923076923076923
2571,Menswear || Top || Jersey Basic || Black || Melange,Menswear,Top,Jersey Basic,Black,Melange,,1.6344104021256007,0.15384615384615385,39,false,false,true,1.0726368022648491,1.9230769230769234
2572,Divided || Sweater || Knitwear || Black || Jacquard,Divided,Sweater,Knitwear,Black,Jacquard,,1.6313994288495026,1.1538461538461537,49,false,false,true,0.9162907318741551,1.5
2573,Baby/Children || Hat/brim || Accessories || Beige || Solid,Baby/Children,Hat/brim,Accessories,Beige,Solid,0.6206304708507351,1.6305132741060602,2.6153846153846154,36,false,false,true,,
2574,Baby/Children || Sweater || Jersey Fancy || White || Front print,Baby/Children,Sweater,Jersey Fancy,White,Front print,0.718856519037692,1.6269918883821863,3.4615384615384617,52,false,false,true,1.0732631724701074,1.9249084249084247
2575,Baby/Children || Jacket || Outdoor || Yellow || Solid,Baby/Children,Jacket,Outdoor,Yellow,Solid,0.8423558346875137,1.625637669591987,3.076923076923077,52,false,false,true,0.9285233003097895,1.5307692307692307
2576,Baby/Children || Trousers || Trousers || White || Solid,Baby/Children,Trousers,Trousers,White,Solid,1.2347417840375587,1.6256039787252279,2.3076923076923075,47,false,true,true,1.0571668804927172,1.8782051282051282
2577,Divided || Vest top || Jersey Fancy || Grey || Treatment,Divided,Vest top,Jersey Fancy,Grey,Treatment,,1.624416433503166,0.23076923076923078,41,false,false,true,,
2578,"Baby/Children || Underwear bottom || Under-, Nightwear || White || Solid",Baby/Children,Underwear bottom,"Under-, Nightwear",White,Solid,1.698262839879154,1.6216161585039446,1.4615384615384615,49,false,true,true,1.2192402764567245,2.384615384615385
2579,"Baby/Children || Underwear bottom || Under-, Nightwear || Pink || Mixed solid/pattern",Baby/Children,Underwear bottom,"Under-, Nightwear",Pink,Mixed solid/pattern,1.2502406159769008,1.6206245839134081,0.6923076923076923,43,false,true,true,1.0491167475737302,1.8551282051282052
2580,Baby/Children || Blazer || Shirts || Blue || Other structure,Baby/Children,Blazer,Shirts,Blue,Other structure,1.4704522771445083,1.615491313721873,0.7692307692307693,47,false,true,true,1.0682411907918108,1.9102564102564097
2581,Baby/Children || Jacket || Outdoor || Blue || All over pattern,Baby/Children,Jacket,Outdoor,Blue,All over pattern,0.989711375920863,1.6134850198214168,2.5384615384615383,52,false,true,true,0.8621014030269525,1.3681318681318682
2582,Menswear || Cap/peaked || Accessories || Grey || Application/3D,Menswear,Cap/peaked,Accessories,Grey,Application/3D,1.1286708792292666,1.6114006245621222,1.3076923076923077,50,false,true,true,1.0459685551826878,1.8461538461538467
2583,Baby/Children || T-shirt || Jersey Basic || Pink || Solid,Baby/Children,T-shirt,Jersey Basic,Pink,Solid,0.566975034849829,1.6061606526470649,3.923076923076923,51,false,false,true,0.9619012431262074,1.6166666666666667
2584,Baby/Children || Trousers || Jersey Fancy || Grey || All over pattern,Baby/Children,Trousers,Jersey Fancy,Grey,All over pattern,0.9448132780082986,1.6052402716304837,2.5384615384615383,51,false,true,true,0.822825003868478,1.2769230769230768
2585,Baby/Children || Hair string || Accessories || Pink || Solid,Baby/Children,Hair string,Accessories,Pink,Solid,1.1263698630136987,1.6046768861510485,3.769230769230769,51,false,true,true,1.024570060572792,1.7858974358974358
2586,Baby/Children || Socks || Socks and Tights || Pink || Other pattern,Baby/Children,Socks,Socks and Tights,Pink,Other pattern,0.9262719956349746,1.6046600931137553,1.3076923076923077,48,false,true,true,0.7684449208492559,1.1564102564102563
2587,Menswear || Hoodie || Jersey Fancy || Black || Solid,Menswear,Hoodie,Jersey Fancy,Black,Solid,0.5303899995400948,1.6040338892465456,1.6153846153846154,50,false,false,true,1.1962507582320256,2.3076923076923075
2588,Baby/Children || Trousers || Jersey Basic || Black || Melange,Baby/Children,Trousers,Jersey Basic,Black,Melange,1.0524759793052476,1.603580318092924,1.0769230769230769,46,false,true,true,0.9193629309111253,1.507692307692308
2589,Baby/Children || Sneakers || Shoes || Black || Solid,Baby/Children,Sneakers,Shoes,Black,Solid,0.9528034736643382,1.6018887914758766,4.461538461538462,51,false,true,true,0.9619076061696511,1.6166833166833166
2590,Baby/Children || Trousers || Jersey Basic || Grey || Melange,Baby/Children,Trousers,Jersey Basic,Grey,Melange,0.6426983919466597,1.6014779372947023,3.076923076923077,51,false,false,true,1.381152961619472,2.9794871794871796
2591,Baby/Children || Shirt || Shirts || White || All over pattern,Baby/Children,Shirt,Shirts,White,All over pattern,0.961142032570604,1.6008187488482086,2.4615384615384617,42,false,true,true,1.0459685551826878,1.8461538461538467
2592,Baby/Children || Trousers || Trousers || Blue || Other structure,Baby/Children,Trousers,Trousers,Blue,Other structure,1.0678612908578065,1.6006529784515795,2.0,48,false,true,true,0.9535371107237188,1.594871794871795
2593,Menswear || Shirt || Shirts || White || Check,Menswear,Shirt,Shirts,White,Check,0.37893907563025214,1.6000293409082644,1.3846153846153846,49,false,false,true,2.5349170703626616,11.615384615384613
2594,Ladieswear || Blouse || Unknown || Grey || Solid,Ladieswear,Blouse,Unknown,Grey,Solid,0.7677094244587049,1.5955470280903175,0.6923076923076923,46,false,false,true,1.5210269550900473,3.5769230769230766
2595,Divided || Scarf || Accessories || Beige || Solid,Divided,Scarf,Accessories,Beige,Solid,,1.5915803975752474,0.23076923076923078,35,false,false,true,0.8690378470236095,1.3846153846153846
2596,Baby/Children || Ballerinas || Shoes || White || Solid,Baby/Children,Ballerinas,Shoes,White,Solid,1.173736353580532,1.5913847734437652,2.769230769230769,44,false,true,true,1.32687094064909,2.7692307692307696
2597,Baby/Children || Trousers || Woven/Jersey/Knitted mix Baby || Black || Denim,Baby/Children,Trousers,Woven/Jersey/Knitted mix Baby,Black,Denim,0.9820683903252713,1.5867994877568754,0.9230769230769231,49,false,true,true,0.8876801978328894,1.4294871794871797
2598,Baby/Children || Cardigan || Knitwear || Pink || Solid,Baby/Children,Cardigan,Knitwear,Pink,Solid,0.8690264651769848,1.5834402516007673,5.3076923076923075,52,false,true,true,1.0894788716172294,1.9727244977244975
2599,Menswear || Coat || Outdoor || Black || Solid,Menswear,Coat,Outdoor,Black,Solid,0.3465108711729034,1.5817994385157323,1.9230769230769231,46,false,false,true,1.3010297094652026,2.6730769230769234
2600,Baby/Children || Sweater || Jersey Fancy || Beige || All over pattern,Baby/Children,Sweater,Jersey Fancy,Beige,All over pattern,0.976356050069541,1.5808927166512756,0.46153846153846156,30,false,true,true,1.0921813983378192,1.9807692307692308
2601,Divided || Dress || Dresses Ladies || Black || Front print,Divided,Dress,Dresses Ladies,Black,Front print,,1.5784941533346282,0.07692307692307693,34,false,false,true,1.5939337258981352,3.9230769230769234
2602,Baby/Children || Sneakers || Shoes || Blue || Solid,Baby/Children,Sneakers,Shoes,Blue,Solid,0.9554296285652706,1.5776635492494093,4.0,51,false,true,true,0.982853302142671,1.672069597069597
2603,Divided || Earring || Accessories || Pink || Solid,Divided,Earring,Accessories,Pink,Solid,,1.574399814520727,0.07692307692307693,27,false,false,true,,
2604,Baby/Children || Sweater || Jersey Fancy || Grey || All over pattern,Baby/Children,Sweater,Jersey Fancy,Grey,All over pattern,1.195580362228044,1.5743182285899016,2.3846153846153846,51,false,true,true,0.9865819055011761,1.6820512820512818
2605,Menswear || Sweater || Knitwear || Red || Solid,Menswear,Sweater,Knitwear,Red,Solid,0.36432579083106503,1.572616273161866,1.0769230769230769,40,false,false,true,0.7672551527136672,1.1538461538461537
2606,Baby/Children || Blazer || Shirts || Blue || Solid,Baby/Children,Blazer,Shirts,Blue,Solid,,1.5713094816262614,0.6153846153846154,47,false,false,true,0.8929433678771639,1.442307692307692
2607,Baby/Children || Sandals || Shoes || Blue || Solid,Baby/Children,Sandals,Shoes,Blue,Solid,1.3879330147086064,1.570072875231705,3.6153846153846154,41,false,true,true,1.2256052582991919,2.406227106227106
2608,Ladieswear || Sweater || Jersey Fancy || Grey || All over pattern,Ladieswear,Sweater,Jersey Fancy,Grey,All over pattern,,1.5688944933403044,0.15384615384615385,30,false,false,true,1.1239300966523995,2.0769230769230766
2609,Baby/Children || Sneakers || Shoes || White || Solid,Baby/Children,Sneakers,Shoes,White,Solid,1.104101114188935,1.5661617854712038,14.0,52,true,true,true,0.9842499784480089,1.6758042207851687
2610,"Baby/Children || Pyjama set || Under-, Nightwear || White || All over pattern",Baby/Children,Pyjama set,"Under-, Nightwear",White,All over pattern,0.5033853400058875,1.5606235520404281,1.6153846153846154,47,false,false,true,0.9315582040049436,1.5384615384615388
2611,Baby/Children || T-shirt || Jersey Fancy || Pink || Solid,Baby/Children,T-shirt,Jersey Fancy,Pink,Solid,1.7541989703027603,1.5605307347108983,1.6923076923076923,50,false,true,true,1.0765764002689293,1.9346153846153848
2612,Divided || T-shirt || Jersey Fancy || Black || Front print,Divided,T-shirt,Jersey Fancy,Black,Front print,,1.5599856504782164,1.5384615384615385,51,false,false,true,1.4423838277709342,3.230769230769231
2613,Menswear || T-shirt || Jersey Fancy || Pink || Front print,Menswear,T-shirt,Jersey Fancy,Pink,Front print,,1.559517730793643,0.7692307692307693,48,false,false,true,,
2614,Baby/Children || Top || Jersey Fancy || White || All over pattern,Baby/Children,Top,Jersey Fancy,White,All over pattern,1.3455106948487534,1.5582685672358925,2.076923076923077,50,false,true,true,1.0346434058256342,1.8141025641025639
2615,Ladieswear || Other accessories || Accessories || Brown || All over pattern,Ladieswear,Other accessories,Accessories,Brown,All over pattern,,1.557232751200433,0.15384615384615385,32,false,false,true,0.14310084364067333,0.15384615384615385
2616,Baby/Children || Sweater || Jersey Fancy || Blue || Front print,Baby/Children,Sweater,Jersey Fancy,Blue,Front print,1.2635329561583755,1.553274395495781,2.3076923076923075,50,false,true,true,1.0045833390198333,1.7307692307692308
2617,Divided || Sweater || Knitwear || Black || Glittering/Metallic,Divided,Sweater,Knitwear,Black,Glittering/Metallic,,1.5532421229943858,0.07692307692307693,40,false,false,true,,
2618,"Baby/Children || Pyjama set || Under-, Nightwear || Blue || Mixed solid/pattern",Baby/Children,Pyjama set,"Under-, Nightwear",Blue,Mixed solid/pattern,0.8027581783194356,1.5520043627371232,4.230769230769231,44,false,false,true,0.8194409058842373,1.2692307692307692
2619,Baby/Children || Shirt || Shirts || Blue || Melange,Baby/Children,Shirt,Shirts,Blue,Melange,1.2002002002002004,1.5504065311233708,1.3846153846153846,45,false,true,true,1.274502955131774,2.576923076923077
2620,Baby/Children || Dress || Dresses/Skirts girls || Black || All over pattern,Baby/Children,Dress,Dresses/Skirts girls,Black,All over pattern,0.6898841514391497,1.5478141094749946,0.38461538461538464,34,false,false,true,1.1575260460809151,2.1820512820512823
2621,Baby/Children || Dress || Jersey Basic || Blue || All over pattern,Baby/Children,Dress,Jersey Basic,Blue,All over pattern,1.1369815266643428,1.5472128673493843,2.0,41,false,true,true,1.180625440328945,2.2564102564102564
2622,Menswear || Swimwear bottom || Swimwear || Green || Colour blocking,Menswear,Swimwear bottom,Swimwear,Green,Colour blocking,0.6217412690605018,1.5427666986479025,0.46153846153846156,38,false,false,true,,
2623,Baby/Children || Garment Set || Jersey Fancy || Brown || Stripe,Baby/Children,Garment Set,Jersey Fancy,Brown,Stripe,,1.5399954860494867,0.07692307692307693,32,false,false,true,0.9614111671546247,1.6153846153846154
2624,Ladieswear || Top || Unknown || Grey || Solid,Ladieswear,Top,Unknown,Grey,Solid,0.5298578619420361,1.5395452149640367,0.23076923076923078,32,false,false,true,,
2625,Baby/Children || Top || Jersey Fancy || Pink || Front print,Baby/Children,Top,Jersey Fancy,Pink,Front print,1.077140482128013,1.538124528972633,0.6153846153846154,39,false,true,true,0.8306769791511632,1.2948717948717947
2626,Baby/Children || Blouse || Dresses/Skirts girls || Blue || All over pattern,Baby/Children,Blouse,Dresses/Skirts girls,Blue,All over pattern,0.5270716827656329,1.5339369026624605,3.5384615384615383,51,false,false,true,,
2627,"Divided || Underwear bottom || Under-, Nightwear || Black || All over pattern",Divided,Underwear bottom,"Under-, Nightwear",Black,All over pattern,,1.531001596867211,0.0,36,false,false,true,,
2628,Baby/Children || Top || Jersey Fancy || Pink || Solid,Baby/Children,Top,Jersey Fancy,Pink,Solid,1.2609400324149107,1.5302820501828993,2.076923076923077,49,false,true,true,,
2629,Baby/Children || Trousers || Trousers || Blue || All over pattern,Baby/Children,Trousers,Trousers,Blue,All over pattern,0.9695317511225144,1.5292494250658346,2.1538461538461537,47,false,true,true,0.7277963159731194,1.0705128205128203
2630,Baby/Children || Sweater || Jersey Fancy || Blue || All over pattern,Baby/Children,Sweater,Jersey Fancy,Blue,All over pattern,1.0261544748671843,1.5261796017412097,1.3846153846153846,49,false,true,true,0.7401041636477164,1.0961538461538463
2631,Baby/Children || Swimwear set || Swimwear || Turquoise || All over pattern,Baby/Children,Swimwear set,Swimwear,Turquoise,All over pattern,0.8864962406015038,1.5249142087235943,2.3846153846153846,42,false,true,true,0.696985956867111,1.0076923076923077
2632,Divided || Dress || Dresses Ladies || Black || Colour blocking,Divided,Dress,Dresses Ladies,Black,Colour blocking,,1.523435595669894,0.7692307692307693,48,false,false,true,,
2633,Menswear || Boots || Shoes || Black || Solid,Menswear,Boots,Shoes,Black,Solid,1.0760701952897263,1.5216518059254196,2.3846153846153846,50,false,true,true,0.9111493323737363,1.4871794871794868
2634,"Ladieswear || Underwear bottom || Under-, Nightwear || Blue || Lace",Ladieswear,Underwear bottom,"Under-, Nightwear",Blue,Lace,,1.5157307237216382,1.3076923076923077,51,false,false,true,,
2635,Baby/Children || Blouse || Dresses/Skirts girls || Khaki green || Solid,Baby/Children,Blouse,Dresses/Skirts girls,Khaki green,Solid,0.6245306633291614,1.514146735095308,0.38461538461538464,27,false,false,true,0.37948962170490375,0.4615384615384615
2636,Ladieswear || Sweater || Unknown || Grey || Melange,Ladieswear,Sweater,Unknown,Grey,Melange,,1.5114348394136345,0.0,25,false,false,false,0.0,0.0
2637,Baby/Children || Sweater || Jersey Basic || Grey || Melange,Baby/Children,Sweater,Jersey Basic,Grey,Melange,,1.511237594455567,0.6923076923076923,46,false,false,true,0.29725152346793166,0.3461538461538462
2638,Divided || Sweater || Knitwear || Lilac Purple || Solid,Divided,Sweater,Knitwear,Lilac Purple,Solid,0.9206097891975029,1.5111896798926852,1.1538461538461537,16,false,true,false,2.8264028750536894,15.884615384615387
2639,Ladieswear || Scarf || Accessories || Brown || Check,Ladieswear,Scarf,Accessories,Brown,Check,,1.5084207245317565,0.23076923076923078,26,false,false,true,0.07410797215372189,0.07692307692307696
2640,Baby/Children || Top || Jersey Fancy || White || Placement print,Baby/Children,Top,Jersey Fancy,White,Placement print,0.834051724137931,1.5070787196409268,1.3076923076923077,50,false,false,true,0.8362480242006186,1.3076923076923075
2641,Ladieswear || Pumps || Shoes || Red || Solid,Ladieswear,Pumps,Shoes,Red,Solid,,1.5070149750822375,0.6923076923076923,43,false,false,true,1.8538912503350613,5.384615384615385
2642,Divided || Dress || Dresses Ladies || Black || Placement print,Divided,Dress,Dresses Ladies,Black,Placement print,,1.5065044878958247,0.46153846153846156,42,false,false,true,0.5485659517488376,0.7307692307692306
2643,Baby/Children || Cardigan || Knitwear || Grey || Melange,Baby/Children,Cardigan,Knitwear,Grey,Melange,0.7710979395992097,1.5050507217073368,2.6153846153846154,50,false,false,true,1.1071229783360184,2.0256410256410255
2644,Ladieswear || Skirt || Dresses Ladies || Black || Solid,Ladieswear,Skirt,Dresses Ladies,Black,Solid,,1.5029005403389317,0.0,27,false,false,true,,
2645,Baby/Children || Leggings/Tights || Jersey Fancy || Black || Check,Baby/Children,Leggings/Tights,Jersey Fancy,Black,Check,,1.4990841526603735,0.15384615384615385,34,false,false,true,1.316614440481901,2.7307692307692313
2646,Baby/Children || Trousers || Jersey Basic || Blue || All over pattern,Baby/Children,Trousers,Jersey Basic,Blue,All over pattern,0.9251343283582092,1.497858182517867,1.6923076923076923,46,false,true,true,,
2647,Baby/Children || Garment Set || Jersey Fancy || Grey || All over pattern,Baby/Children,Garment Set,Jersey Fancy,Grey,All over pattern,1.1655268354849067,1.4914530770148446,2.6923076923076925,52,false,true,true,1.32004497557869,2.7435897435897436
2648,Ladieswear || Boots || Shoes || Grey || Solid,Ladieswear,Boots,Shoes,Grey,Solid,,1.486837763768356,0.9230769230769231,44,false,false,true,1.6977305195797787,4.461538461538462
2649,Baby/Children || Garment Set || Woven/Jersey/Knitted mix Baby || Blue || Denim,Baby/Children,Garment Set,Woven/Jersey/Knitted mix Baby,Blue,Denim,,1.486826444763952,0.8461538461538461,40,false,false,true,0.5108256237659907,0.6666666666666667
2650,Menswear || Trousers || Trousers || Red || Solid,Menswear,Trousers,Trousers,Red,Solid,0.6094665935941284,1.4867914402539557,0.7692307692307693,46,false,false,true,0.7308875085427923,1.0769230769230766
2651,Baby/Children || Leggings/Tights || Jersey Fancy || Grey || Solid,Baby/Children,Leggings/Tights,Jersey Fancy,Grey,Solid,,1.4859730591977742,0.46153846153846156,40,false,false,true,,
2652,Menswear || Other shoe || Shoes || Brown || Solid,Menswear,Other shoe,Shoes,Brown,Solid,0.6583173843119846,1.4859344890096193,1.3076923076923077,50,false,false,true,0.609626208510084,0.8397435897435896
2653,Baby/Children || Cardigan || Knitwear || Yellow || Solid,Baby/Children,Cardigan,Knitwear,Yellow,Solid,,1.485392794495274,0.6923076923076923,37,false,false,true,0.7582864827309068,1.1346153846153846
2654,Baby/Children || Hoodie || Jersey Basic || Khaki green || Solid,Baby/Children,Hoodie,Jersey Basic,Khaki green,Solid,0.9963337372869658,1.4820936698883203,0.46153846153846156,40,false,true,true,0.8823891801984737,1.4166666666666665
2655,Baby/Children || T-shirt || Jersey Fancy || Blue || Solid,Baby/Children,T-shirt,Jersey Fancy,Blue,Solid,,1.4778188192621848,1.4615384615384615,38,false,false,true,0.5559460590464604,0.7435897435897438
2656,Baby/Children || Garment Set || Jersey Fancy || Turquoise || All over pattern,Baby/Children,Garment Set,Jersey Fancy,Turquoise,All over pattern,,1.4773674392077183,0.5384615384615384,42,false,false,true,1.0986122886681098,2.0000000000000004
2657,Baby/Children || Swimwear set || Swimwear || Black || All over pattern,Baby/Children,Swimwear set,Swimwear,Black,All over pattern,0.8092276230364621,1.4770695342967617,4.153846153846154,41,false,false,true,0.9480875059561541,1.580769230769231
2658,Baby/Children || Trousers || Jersey Basic || Khaki green || Solid,Baby/Children,Trousers,Jersey Basic,Khaki green,Solid,0.46933872803135673,1.4756729645030977,1.7692307692307692,47,false,false,true,1.1837700970084166,2.266666666666667
2659,Divided || Sweater || Jersey Fancy || Pink || Colour blocking,Divided,Sweater,Jersey Fancy,Pink,Colour blocking,,1.4752933576953517,0.38461538461538464,40,false,false,true,2.226700395469173,8.26923076923077
2660,Baby/Children || Leggings/Tights || Jersey Fancy || Grey || Treatment,Baby/Children,Leggings/Tights,Jersey Fancy,Grey,Treatment,1.010239090811622,1.4732137797098517,1.1538461538461537,41,false,true,true,0.9614111671546247,1.6153846153846154
2661,Menswear || T-shirt || Jersey Fancy || Blue || Colour blocking,Menswear,T-shirt,Jersey Fancy,Blue,Colour blocking,,1.469698548687417,0.07692307692307693,28,false,false,true,,
2662,Baby/Children || Shirt || Woven/Jersey/Knitted mix Baby || Blue || Solid,Baby/Children,Shirt,Woven/Jersey/Knitted mix Baby,Blue,Solid,1.0495305215697435,1.4689938859680494,1.0769230769230769,46,false,true,true,1.3958638121360414,3.0384615384615383
2663,Baby/Children || Dress || Jersey Basic || Pink || All over pattern,Baby/Children,Dress,Jersey Basic,Pink,All over pattern,1.143061516452074,1.468493121040415,2.4615384615384617,49,false,true,true,1.032362903126909,1.8076923076923075
2664,Baby/Children || Sweater || Knitwear || Yellow || Stripe,Baby/Children,Sweater,Knitwear,Yellow,Stripe,,1.4673186762339365,0.5384615384615384,42,false,false,true,1.3894943638505615,3.0128205128205128
2665,Menswear || Tailored Waistcoat || Dressed || Blue || Solid,Menswear,Tailored Waistcoat,Dressed,Blue,Solid,1.0,1.466239048374859,0.23076923076923078,39,false,true,true,0.26826398659467937,0.3076923076923077
2666,Baby/Children || Vest top || Jersey Fancy || Black || Front print,Baby/Children,Vest top,Jersey Fancy,Black,Front print,1.1055,1.465630333064825,0.9230769230769231,26,false,true,true,,
2667,Baby/Children || Garment Set || Jersey Fancy || Grey || Melange,Baby/Children,Garment Set,Jersey Fancy,Grey,Melange,0.484854257953896,1.460584689092872,1.1538461538461537,46,false,false,true,1.3097178614228404,2.7051282051282053
2668,Divided || Hoodie || Jersey Fancy || Pink || Placement print,Divided,Hoodie,Jersey Fancy,Pink,Placement print,,1.460206744880601,0.0,16,false,false,false,3.441403802140196,30.230769230769226
2669,Baby/Children || Sneakers || Shoes || Blue || Chambray,Baby/Children,Sneakers,Shoes,Blue,Chambray,1.0242512159740593,1.4535376356824918,3.1538461538461537,40,false,true,true,1.07201003947404,1.9212454212454215
2670,"Baby/Children || Underwear bottom || Under-, Nightwear || Grey || Mixed solid/pattern",Baby/Children,Underwear bottom,"Under-, Nightwear",Grey,Mixed solid/pattern,0.911994419725425,1.4518595664619491,1.8461538461538463,50,false,true,true,1.1445493838551353,2.141025641025641
2671,Baby/Children || Sweater || Jersey Fancy || Blue || Stripe,Baby/Children,Sweater,Jersey Fancy,Blue,Stripe,0.75630185067007,1.44607873490936,1.3846153846153846,43,false,false,true,0.325422400434628,0.38461538461538464
2672,Baby/Children || Hoodie || Jersey Fancy || Black || Colour blocking,Baby/Children,Hoodie,Jersey Fancy,Black,Colour blocking,0.7448298865910608,1.4452289450394211,0.38461538461538464,25,false,false,false,0.6931471805599453,1.0
2673,Baby/Children || Sweater || Knitwear || Pink || Solid,Baby/Children,Sweater,Knitwear,Pink,Solid,0.981981981981982,1.4450706983664277,1.4615384615384615,47,false,true,true,0.9760099665757773,1.6538461538461537
2674,Menswear || Hat/beanie || Accessories || Black || Solid,Menswear,Hat/beanie,Accessories,Black,Solid,2.312594840667678,1.442868773858347,1.6153846153846154,47,false,true,true,0.7936884097818226,1.2115384615384612
2675,Baby/Children || Top || Jersey Basic || White || Solid,Baby/Children,Top,Jersey Basic,White,Solid,1.354237288135593,1.4409762210887824,1.1538461538461537,48,false,true,true,0.705886206337375,1.0256410256410255
2676,"Baby/Children || Underwear bottom || Under-, Nightwear || Black || Mixed solid/pattern",Baby/Children,Underwear bottom,"Under-, Nightwear",Black,Mixed solid/pattern,1.1821503131524012,1.4354421537511572,0.6153846153846154,17,false,true,false,0.9162907318741551,1.5
2677,"Baby/Children || Pyjama jumpsuit/playsuit || Under-, Nightwear || Grey || All over pattern",Baby/Children,Pyjama jumpsuit/playsuit,"Under-, Nightwear",Grey,All over pattern,0.720198302411177,1.431421703102279,1.3846153846153846,48,false,false,true,1.1798377285906956,2.253846153846154
2678,Menswear || Sweater || Knitwear || Khaki green || Solid,Menswear,Sweater,Knitwear,Khaki green,Solid,,1.4307078988877389,0.15384615384615385,31,false,false,true,0.7184649885442352,1.0512820512820515
2679,Baby/Children || Jacket || Outdoor || Pink || All over pattern,Baby/Children,Jacket,Outdoor,Pink,All over pattern,1.7556596409055427,1.429900236220436,2.3076923076923075,40,false,true,true,0.6671716941566846,0.9487179487179487
2680,Baby/Children || Hoodie || Jersey Fancy || Blue || Colour blocking,Baby/Children,Hoodie,Jersey Fancy,Blue,Colour blocking,,1.4261255502619767,0.38461538461538464,36,false,false,true,1.2039728043259361,2.333333333333334
2681,Menswear || Coat || Outdoor || Blue || Solid,Menswear,Coat,Outdoor,Blue,Solid,,1.4254756927556378,0.9230769230769231,39,false,false,true,1.2636920390275583,2.5384615384615388
2682,Baby/Children || Leggings/Tights || Jersey Basic || Blue || Solid,Baby/Children,Leggings/Tights,Jersey Basic,Blue,Solid,0.9388440860215053,1.4253692194451286,1.4615384615384615,47,false,true,true,0.9951493067864746,1.7051282051282048
2683,Baby/Children || Leggings/Tights || Jersey Fancy || Pink || All over pattern,Baby/Children,Leggings/Tights,Jersey Fancy,Pink,All over pattern,0.9556868537666173,1.4180977264213226,2.0,52,false,true,true,1.0162520828542108,1.7628205128205128
2684,Baby/Children || Garment Set || Jersey Fancy || Grey || Placement print,Baby/Children,Garment Set,Jersey Fancy,Grey,Placement print,,1.4164207450300728,0.3076923076923077,33,false,false,true,0.8362480242006186,1.3076923076923075
2685,Baby/Children || Hair/alice band || Accessories || Blue || Solid,Baby/Children,Hair/alice band,Accessories,Blue,Solid,0.9557707203718047,1.4136147658398843,1.6153846153846154,48,false,true,true,0.44731221804366483,0.5641025641025641
2686,Baby/Children || Jumpsuit/Playsuit || Jersey Fancy || Grey || All over pattern,Baby/Children,Jumpsuit/Playsuit,Jersey Fancy,Grey,All over pattern,0.4342599549211119,1.41292598124299,1.6923076923076923,44,false,false,true,0.570544858467613,0.7692307692307694
2687,Baby/Children || Top || Jersey Fancy || Blue || Solid,Baby/Children,Top,Jersey Fancy,Blue,Solid,1.4291845493562232,1.4110904389584666,1.3076923076923077,38,false,true,true,1.1239300966523995,2.0769230769230766
2688,Baby/Children || Sweater || Knitwear || White || Stripe,Baby/Children,Sweater,Knitwear,White,Stripe,,1.4096908107225992,0.38461538461538464,42,false,false,true,1.032362903126909,1.8076923076923075
2689,Ladieswear || Trousers || Unknown || Red || Solid,Ladieswear,Trousers,Unknown,Red,Solid,2.1951713596434685,1.4093186289320694,0.6923076923076923,39,false,true,true,0.7492366472109889,1.1153846153846154
2690,Divided || Trousers || Trousers || Blue || All over pattern,Divided,Trousers,Trousers,Blue,All over pattern,,1.4086658714758897,0.6923076923076923,46,false,false,true,0.0,0.0
2691,Baby/Children || Underwear Tights || Socks and Tights || White || Solid,Baby/Children,Underwear Tights,Socks and Tights,White,Solid,0.8786711101853781,1.4079897455002102,2.3846153846153846,51,false,true,true,0.9264949020483967,1.5256410256410255
2692,Baby/Children || Fine cosmetics || Accessories || Pink || Solid,Baby/Children,Fine cosmetics,Accessories,Pink,Solid,1.2022792022792024,1.4036023412172107,1.3846153846153846,47,false,true,true,0.8955646013570381,1.4487179487179485
2693,Baby/Children || Vest top || Jersey Fancy || Blue || Front print,Baby/Children,Vest top,Jersey Fancy,Blue,Front print,1.0070635721493442,1.4001693026081696,1.1538461538461537,29,false,true,true,,
2694,Baby/Children || Jacket || Outdoor || Grey || Melange,Baby/Children,Jacket,Outdoor,Grey,Melange,0.7354497354497355,1.3950460198122276,1.0769230769230769,49,false,false,true,0.9277631330363918,1.5288461538461537
2695,Menswear || Shorts || Shorts || Pink || Solid,Menswear,Shorts,Shorts,Pink,Solid,,1.392937527091341,1.5384615384615385,36,false,false,true,2.72078922687964,14.192307692307693
2696,Baby/Children || Trousers || Jersey Fancy || Pink || All over pattern,Baby/Children,Trousers,Jersey Fancy,Pink,All over pattern,1.1112347052280311,1.3903501941263805,1.0,47,false,true,true,0.653926467406664,0.9230769230769231
2697,Baby/Children || Top || Jersey Fancy || Grey || Front print,Baby/Children,Top,Jersey Fancy,Grey,Front print,0.9804005112910098,1.3888471080999119,0.6923076923076923,30,false,true,true,0.4554755286828257,0.5769230769230769
2698,Baby/Children || Underwear Tights || Socks and Tights || Pink || Solid,Baby/Children,Underwear Tights,Socks and Tights,Pink,Solid,0.6068980583849913,1.3878851596570176,1.6153846153846154,50,false,false,true,0.9856254252752192,1.6794871794871793
2699,Baby/Children || Trousers || Jersey Fancy || Grey || Melange,Baby/Children,Trousers,Jersey Fancy,Grey,Melange,1.5198019801980198,1.3852172059279293,0.8461538461538461,41,false,true,true,0.37948962170490375,0.4615384615384615
2700,Baby/Children || Sweater || Jersey Fancy || Blue || Colour blocking,Baby/Children,Sweater,Jersey Fancy,Blue,Colour blocking,1.0213037920749894,1.3802004787968607,0.5384615384615384,43,false,true,true,0.7401041636477164,1.0961538461538463
2701,Baby/Children || Sweater || Jersey Fancy || Yellow || Front print,Baby/Children,Sweater,Jersey Fancy,Yellow,Front print,0.5149020461588495,1.3787409764419043,1.2307692307692308,49,false,false,true,1.0204197202827348,1.7743589743589743
2702,Ladieswear || Sweater || Knitwear || Grey || Application/3D,Ladieswear,Sweater,Knitwear,Grey,Application/3D,,1.3735293697951456,0.15384615384615385,34,false,false,true,0.07410797215372189,0.07692307692307696
2703,Baby/Children || Leggings/Tights || Jersey Fancy || Grey || All over pattern,Baby/Children,Leggings/Tights,Jersey Fancy,Grey,All over pattern,1.5161195162038013,1.3701295087091503,1.1538461538461537,36,false,true,true,1.330266529650228,2.782051282051282
2704,"Menswear || Pyjama set || Under-, Nightwear || Grey || Melange",Menswear,Pyjama set,"Under-, Nightwear",Grey,Melange,0.28349082823790994,1.36926697012946,0.23076923076923078,36,false,false,true,,
2705,Baby/Children || Trousers || Trousers || Pink || Solid,Baby/Children,Trousers,Trousers,Pink,Solid,1.3735491753207085,1.3683485986546904,1.7692307692307692,50,false,true,true,0.7552789616669515,1.1282051282051282
2706,Ladieswear || Sweater || Unknown || Red || Solid,Ladieswear,Sweater,Unknown,Red,Solid,0.8999599839935976,1.3643931345159257,2.3846153846153846,51,false,true,true,1.1113513144455394,2.0384615384615383
2707,Ladieswear || Blouse || Dresses Ladies || Black || Solid,Ladieswear,Blouse,Dresses Ladies,Black,Solid,,1.3643327334414725,0.46153846153846156,43,false,false,true,0.0,0.0
2708,Ladieswear || Top || Dresses Ladies || Black || Solid,Ladieswear,Top,Dresses Ladies,Black,Solid,,1.361645995440882,0.7692307692307693,39,false,false,true,0.325422400434628,0.38461538461538464
2709,Baby/Children || Dress || Dresses/Skirts girls || Red || All over pattern,Baby/Children,Dress,Dresses/Skirts girls,Red,All over pattern,1.0243243243243243,1.358987460502243,2.3076923076923075,47,false,true,true,0.81377516834856,1.2564102564102564
2710,Menswear || Sweater || Knitwear || Mole || Melange,Menswear,Sweater,Knitwear,Mole,Melange,,1.3567924907370474,0.3076923076923077,41,false,false,true,0.37948962170490375,0.4615384615384615
2711,Baby/Children || Sweater || Jersey Fancy || Black || Front print,Baby/Children,Sweater,Jersey Fancy,Black,Front print,0.47711681040228887,1.3557028329192469,2.1538461538461537,50,false,false,true,0.9699530128675873,1.6378205128205123
2712,Divided || Sweater || Jersey Fancy || Yellow || Colour blocking,Divided,Sweater,Jersey Fancy,Yellow,Colour blocking,,1.3556517809622224,0.0,11,false,false,false,2.1886408336448278,7.923076923076922
2713,Baby/Children || Jacket || Outdoor || Beige || Solid,Baby/Children,Jacket,Outdoor,Beige,Solid,1.1855512180659187,1.3544964892952458,1.5384615384615385,42,false,true,true,0.9784225129811612,1.6602564102564101
2714,Baby/Children || Blouse || Dresses/Skirts girls || Blue || Solid,Baby/Children,Blouse,Dresses/Skirts girls,Blue,Solid,1.3933401409678465,1.3476902507677635,1.0,46,false,true,true,0.8362480242006186,1.3076923076923075
2715,Baby/Children || Ballerinas || Shoes || Black || Solid,Baby/Children,Ballerinas,Shoes,Black,Solid,1.0,1.3471894446393384,1.3846153846153846,46,false,true,true,0.8770700187208738,1.4038461538461537
2716,Baby/Children || Sweater || Jersey Fancy || White || Placement print,Baby/Children,Sweater,Jersey Fancy,White,Placement print,,1.3459170941671905,1.1538461538461537,43,false,false,true,1.0655945196394363,1.902564102564103
2717,Baby/Children || Leggings/Tights || Jersey Basic || White || Solid,Baby/Children,Leggings/Tights,Jersey Basic,White,Solid,1.7888146911519198,1.3426103313252238,1.3846153846153846,34,false,true,true,0.7849547298130681,1.1923076923076925
2718,Baby/Children || Blouse || Dresses/Skirts girls || Pink || Solid,Baby/Children,Blouse,Dresses/Skirts girls,Pink,Solid,1.338715218138097,1.33882105397405,1.3076923076923077,49,false,true,true,,
2719,Ladieswear || Hat/beanie || Accessories || Brown || Solid,Ladieswear,Hat/beanie,Accessories,Brown,Solid,,1.3376885377050987,0.23076923076923078,33,false,false,true,0.5260930958967791,0.6923076923076923
2720,Baby/Children || Jacket || Outdoor || Blue || Colour blocking,Baby/Children,Jacket,Outdoor,Blue,Colour blocking,1.0328410294759145,1.3348769836803318,2.1538461538461537,41,false,true,true,0.941608539858445,1.5641025641025643
2721,Baby/Children || Trousers || Jersey Fancy || Blue || Treatment,Baby/Children,Trousers,Jersey Fancy,Blue,Treatment,1.52937576499388,1.3292165279384411,1.8461538461538463,38,false,true,true,0.8194409058842373,1.2692307692307692
2722,Baby/Children || Other accessories || Accessories || Pink || Solid,Baby/Children,Other accessories,Accessories,Pink,Solid,0.7563380281690141,1.3284444500814057,0.9230769230769231,47,false,false,true,0.8390219510833439,1.3141025641025643
2723,Baby/Children || Sweater || Jersey Fancy || Pink || Front print,Baby/Children,Sweater,Jersey Fancy,Pink,Front print,,1.3277963327709554,2.3846153846153846,49,false,false,true,0.7184649885442352,1.0512820512820515
2724,Ladieswear || Bag || Accessories || Blue || Solid,Ladieswear,Bag,Accessories,Blue,Solid,,1.326269175356876,0.0,29,false,false,true,1.900958761193047,5.6923076923076925
2725,Baby/Children || Shirt || Shirts || Blue || All over pattern,Baby/Children,Shirt,Shirts,Blue,All over pattern,1.3709508881922674,1.3176904326006342,2.3846153846153846,49,false,true,true,0.9486905460056453,1.5823260073260075
2726,Baby/Children || Sweater || Knitwear || Black || Stripe,Baby/Children,Sweater,Knitwear,Black,Stripe,0.9921135646687699,1.3153624914540756,1.0769230769230769,41,false,true,true,,
2727,Baby/Children || Shirt || Woven/Jersey/Knitted mix Baby || Blue || Denim,Baby/Children,Shirt,Woven/Jersey/Knitted mix Baby,Blue,Denim,,1.313720541268614,0.3076923076923077,25,false,false,false,0.8023464725249373,1.2307692307692308
2728,Baby/Children || Trousers || Jersey Fancy || Blue || Solid,Baby/Children,Trousers,Jersey Fancy,Blue,Solid,1.1366906474820144,1.3111140953174818,0.9230769230769231,45,false,true,true,0.9137233363689092,1.4935897435897436
2729,Baby/Children || Trousers || Jersey Fancy || Blue || All over pattern,Baby/Children,Trousers,Jersey Fancy,Blue,All over pattern,1.1171719681908547,1.3072057428823496,2.3846153846153846,52,false,true,true,0.6131044728864088,0.846153846153846
2730,Baby/Children || Hoodie || Jersey Fancy || Grey || Placement print,Baby/Children,Hoodie,Jersey Fancy,Grey,Placement print,1.6006006006006006,1.307117008753505,0.9230769230769231,39,false,true,true,0.8472978603872036,1.333333333333333
2731,Baby/Children || Hoodie || Jersey Fancy || White || Front print,Baby/Children,Hoodie,Jersey Fancy,White,Front print,0.7456464067479133,1.304989719937629,0.9230769230769231,46,false,false,true,1.0092671883322597,1.7435897435897436
2732,Baby/Children || Sweater || Knitwear || Blue || Stripe,Baby/Children,Sweater,Knitwear,Blue,Stripe,0.6366502262673513,1.3049372467855611,3.076923076923077,49,false,false,true,0.7936884097818226,1.2115384615384612
2733,Menswear || Scarf || Accessories || Black || Solid,Menswear,Scarf,Accessories,Black,Solid,,1.3034665735577677,0.07692307692307693,31,false,false,true,0.14310084364067333,0.15384615384615385
2734,Baby/Children || Dress || Dresses/Skirts girls || Blue || Solid,Baby/Children,Dress,Dresses/Skirts girls,Blue,Solid,1.0,1.3020171156707105,1.2307692307692308,38,false,true,true,0.5849335959197126,0.7948717948717949
2735,Baby/Children || Hoodie || Jersey Fancy || Black || Placement print,Baby/Children,Hoodie,Jersey Fancy,Black,Placement print,,1.3002645509029067,0.23076923076923078,37,false,false,true,0.898178981931109,1.4551282051282053
2736,Baby/Children || Shirt || Dresses/Skirts girls || Blue || Check,Baby/Children,Shirt,Dresses/Skirts girls,Blue,Check,0.8775193798449613,1.2979356164816123,0.07692307692307693,26,false,true,true,,
2737,Baby/Children || Trousers || Jersey Basic || Grey || All over pattern,Baby/Children,Trousers,Jersey Basic,Grey,All over pattern,0.7717284781504966,1.2967474048509384,1.0,42,false,false,true,0.6995369786587163,1.0128205128205128
2738,Baby/Children || T-shirt || Jersey Basic || Yellow || Solid,Baby/Children,T-shirt,Jersey Basic,Yellow,Solid,,1.2937917322569779,2.1538461538461537,46,false,false,true,1.165951371748137,2.208974358974359
2739,Baby/Children || Trousers || Woven/Jersey/Knitted mix Baby || Brown || Solid,Baby/Children,Trousers,Woven/Jersey/Knitted mix Baby,Brown,Solid,,1.2899445827456049,1.3846153846153846,48,false,false,true,1.1526795099383855,2.166666666666667
2740,Baby/Children || Blouse || Dresses/Skirts girls || Black || Solid,Baby/Children,Blouse,Dresses/Skirts girls,Black,Solid,1.5450875987633115,1.2870526672410474,0.7692307692307693,34,false,true,true,0.8690378470236095,1.3846153846153846
2741,Divided || Vest top || Jersey Fancy || Black || Placement print,Divided,Vest top,Jersey Fancy,Black,Placement print,,1.2841787295170937,0.6923076923076923,44,false,false,true,,
2742,Baby/Children || Trousers || Jersey Basic || Black || Colour blocking,Baby/Children,Trousers,Jersey Basic,Black,Colour blocking,0.9147854382753712,1.2835179026230494,1.2307692307692308,47,false,true,true,0.8743997901649949,1.3974358974358974
2743,Ladieswear || Scarf || Accessories || Black || Colour blocking,Ladieswear,Scarf,Accessories,Black,Colour blocking,,1.2798306662280248,0.0,27,false,false,true,0.0,0.0
2744,"Baby/Children || Pyjama set || Under-, Nightwear || Grey || All over pattern",Baby/Children,Pyjama set,"Under-, Nightwear",Grey,All over pattern,1.2016032064128255,1.2783393946808097,1.7692307692307692,48,false,true,true,0.9614111671546247,1.6153846153846154
2745,Baby/Children || Sneakers || Shoes || Khaki green || Solid,Baby/Children,Sneakers,Shoes,Khaki green,Solid,,1.2772529698539494,0.3076923076923077,40,false,false,true,0.2076393647782445,0.23076923076923075
2746,Baby/Children || T-shirt || Jersey Basic || Red || Solid,Baby/Children,T-shirt,Jersey Basic,Red,Solid,0.634574841883345,1.2741065105551947,2.076923076923077,50,false,false,true,0.5031035776720805,0.653846153846154
2747,Menswear || Boots || Shoes || Brown || Solid,Menswear,Boots,Shoes,Brown,Solid,1.2500625156289074,1.2733557367608128,1.5384615384615385,51,false,true,true,0.7997157574266887,1.224908424908425
2748,Baby/Children || Cardigan || Knitwear || Grey || Solid,Baby/Children,Cardigan,Knitwear,Grey,Solid,1.0758654961073382,1.2728814514953681,0.15384615384615385,29,false,true,true,1.1445493838551353,2.141025641025641
2749,Baby/Children || Other accessories || Accessories || Black || Solid,Baby/Children,Other accessories,Accessories,Black,Solid,,1.2722036565025965,0.38461538461538464,38,false,false,true,0.5031035776720805,0.653846153846154
2750,Ladieswear || Top || Unknown || Black || Solid,Ladieswear,Top,Unknown,Black,Solid,,1.2715741231779454,1.3846153846153846,51,false,false,true,0.44731221804366483,0.5641025641025641
2751,Baby/Children || Top || Jersey Fancy || Grey || All over pattern,Baby/Children,Top,Jersey Fancy,Grey,All over pattern,,1.2673772286441198,0.38461538461538464,35,false,false,true,0.4054651081081644,0.5
2752,Baby/Children || Bag || Accessories || Pink || Solid,Baby/Children,Bag,Accessories,Pink,Solid,0.5345345345345346,1.2664350202890131,1.2307692307692308,41,false,false,true,0.9638591487932647,1.6217948717948718
2753,Baby/Children || Leggings/Tights || Jersey Fancy || Black || Placement print,Baby/Children,Leggings/Tights,Jersey Fancy,Black,Placement print,1.0204342273307792,1.2639890068641058,0.46153846153846156,24,false,true,false,0.5260930958967791,0.6923076923076923
2754,Menswear || Sweater || Knitwear || Red || Melange,Menswear,Sweater,Knitwear,Red,Melange,,1.262763034730519,0.5384615384615384,42,false,false,true,1.1384081158330528,2.121794871794872
2755,Baby/Children || Top || Jersey Basic || Black || Solid,Baby/Children,Top,Jersey Basic,Black,Solid,,1.2606469055368899,0.23076923076923078,26,false,false,true,,
2756,Ladieswear || Dress || Unknown || Beige || Solid,Ladieswear,Dress,Unknown,Beige,Solid,,1.2560646780044697,0.6153846153846154,37,false,false,true,,
2757,Divided || Hair string || Accessories || Black || Solid,Divided,Hair string,Accessories,Black,Solid,,1.2505927657437885,0.0,17,false,false,false,,
2758,Baby/Children || Sweater || Knitwear || Black || Solid,Baby/Children,Sweater,Knitwear,Black,Solid,,1.2502112446885878,0.9230769230769231,43,false,false,true,0.6268977950187447,0.8717948717948718
2759,Baby/Children || Shirt || Shirts || Black || Solid,Baby/Children,Shirt,Shirts,Black,Solid,,1.2469711763831137,1.0,37,false,false,true,0.5260930958967791,0.6923076923076923
2760,Baby/Children || Hoodie || Jersey Basic || Yellow || Solid,Baby/Children,Hoodie,Jersey Basic,Yellow,Solid,1.1653353545954561,1.2457485952083172,0.7692307692307693,30,false,true,true,0.7522623681275259,1.1217948717948718
2761,Baby/Children || Leggings/Tights || Jersey Basic || Black || Colour blocking,Baby/Children,Leggings/Tights,Jersey Basic,Black,Colour blocking,,1.2450468624957676,0.6923076923076923,44,false,false,true,0.9162907318741551,1.5
2762,Baby/Children || Shirt || Shirts || Blue || Stripe,Baby/Children,Shirt,Shirts,Blue,Stripe,0.9768726268553676,1.2429385253638374,1.1538461538461537,48,false,true,true,,
2763,Baby/Children || Jacket || Outdoor || Black || Colour blocking,Baby/Children,Jacket,Outdoor,Black,Colour blocking,,1.2394483244198087,0.6153846153846154,47,false,false,true,0.5991182309116689,0.8205128205128205
2764,Menswear || Sweater || Jersey Fancy || Red || Colour blocking,Menswear,Sweater,Jersey Fancy,Red,Colour blocking,0.434127369956247,1.2388659989934103,0.15384615384615385,38,false,false,true,,
2765,Baby/Children || Trousers || Jersey Fancy || Blue || Colour blocking,Baby/Children,Trousers,Jersey Fancy,Blue,Colour blocking,0.8264984227129338,1.2378482909576856,1.0,45,false,false,true,0.7878744399164028,1.1987179487179485
2766,Ladieswear || T-shirt || Jersey Fancy || Black || All over pattern,Ladieswear,T-shirt,Jersey Fancy,Black,All over pattern,,1.2365712198275958,0.0,17,false,false,false,,
2767,Baby/Children || Swimwear bottom || Swimwear || Blue || All over pattern,Baby/Children,Swimwear bottom,Swimwear,Blue,All over pattern,0.5911723411723412,1.2363412570266674,2.4615384615384617,44,false,false,true,,
2768,Menswear || Sweater || Knitwear || Grey || Solid,Menswear,Sweater,Knitwear,Grey,Solid,,1.235413094715863,0.3076923076923077,43,false,false,true,1.1113513144455394,2.0384615384615383
2769,Baby/Children || Sweater || Knitwear || Beige || Melange,Baby/Children,Sweater,Knitwear,Beige,Melange,,1.2347393459627716,0.46153846153846156,34,false,false,true,1.0045833390198333,1.7307692307692308
2770,Menswear || Hoodie || Outdoor || Brown || Solid,Menswear,Hoodie,Outdoor,Brown,Solid,,1.2314553248068933,0.3076923076923077,34,false,false,true,0.653926467406664,0.9230769230769231
2771,"Menswear || Underwear bottom || Under-, Nightwear || Red || Mixed solid/pattern",Menswear,Underwear bottom,"Under-, Nightwear",Red,Mixed solid/pattern,0.5244468724392244,1.2311830291819308,1.1538461538461537,47,false,false,true,1.2957803535790589,2.653846153846154
2772,Baby/Children || Dress || Jersey Basic || Black || Solid,Baby/Children,Dress,Jersey Basic,Black,Solid,,1.2306685137221143,1.1538461538461537,46,false,false,true,0.7308875085427923,1.0769230769230766
2773,Baby/Children || Cardigan || Knitwear || Black || Solid,Baby/Children,Cardigan,Knitwear,Black,Solid,,1.2250933844981873,0.7692307692307693,39,false,false,true,0.6579184886762015,0.9307692307692308
2774,Ladieswear || Sweater || Knitwear || Lilac Purple || Solid,Ladieswear,Sweater,Knitwear,Lilac Purple,Solid,,1.2248820775453888,1.2307692307692308,50,false,false,true,2.576714199041123,12.153846153846153
2775,Baby/Children || Jacket || Outdoor || Blue || Melange,Baby/Children,Jacket,Outdoor,Blue,Melange,0.8552864809359069,1.224059092429186,0.23076923076923078,38,false,true,true,0.37948962170490375,0.4615384615384615
2776,Baby/Children || Jacket || Outdoor || Black || Melange,Baby/Children,Jacket,Outdoor,Black,Melange,1.2230016313213703,1.219785886268903,0.9230769230769231,43,false,true,true,0.81377516834856,1.2564102564102564
2777,Ladieswear || Boots || Shoes || Red || Solid,Ladieswear,Boots,Shoes,Red,Solid,,1.2174459651045932,0.38461538461538464,40,false,false,true,0.7672551527136672,1.1538461538461537
2778,Baby/Children || Jacket || Outdoor || White || Solid,Baby/Children,Jacket,Outdoor,White,Solid,0.8432790837854128,1.2169979288819417,0.8461538461538461,45,false,false,true,0.6472374792558675,0.9102564102564104
2779,Menswear || Hoodie || Jersey Fancy || Blue || Front print,Menswear,Hoodie,Jersey Fancy,Blue,Front print,,1.216902609611139,0.0,14,false,false,false,2.745790529085057,14.576923076923077
2780,Baby/Children || Swimsuit || Swimwear || Pink || All over pattern,Baby/Children,Swimsuit,Swimwear,Pink,All over pattern,0.7225806451612903,1.2166191234766748,2.3076923076923075,42,false,false,true,,
2781,Baby/Children || T-shirt || Jersey Fancy || Grey || Sequin,Baby/Children,T-shirt,Jersey Fancy,Grey,Sequin,1.7580290365156184,1.2130402411715755,0.6923076923076923,42,false,true,true,0.6061358035703155,0.8333333333333333
2782,Menswear || Hoodie || Jersey Fancy || Grey || Placement print,Menswear,Hoodie,Jersey Fancy,Grey,Placement print,,1.210598969132303,0.0,32,false,false,true,1.7745176627935488,4.897435897435897
2783,Baby/Children || Hoodie || Jersey Fancy || Blue || Application/3D,Baby/Children,Hoodie,Jersey Fancy,Blue,Application/3D,,1.2105544484259791,0.07692307692307693,34,false,false,true,0.07410797215372189,0.07692307692307696
2784,Divided || Dress || Unknown || White || All over pattern,Divided,Dress,Unknown,White,All over pattern,,1.2076096648357262,0.15384615384615385,28,false,false,true,,
2785,Baby/Children || Sweater || Jersey Fancy || Black || Placement print,Baby/Children,Sweater,Jersey Fancy,Black,Placement print,,1.1978082837536062,0.6923076923076923,44,false,false,true,0.7849547298130681,1.1923076923076925
2786,Baby/Children || Ballerinas || Shoes || Pink || Solid,Baby/Children,Ballerinas,Shoes,Pink,Solid,3.9924561792766804,1.197742395817544,0.8461538461538461,31,false,true,true,0.5849335959197126,0.7948717948717949
2787,Baby/Children || Sweater || Knitwear || Grey || Melange,Baby/Children,Sweater,Knitwear,Grey,Melange,0.6227609559797811,1.1972498239447806,0.7692307692307693,47,false,false,true,0.9162907318741551,1.5
2788,Menswear || Hoodie || Jersey Basic || Lilac Purple || Solid,Menswear,Hoodie,Jersey Basic,Lilac Purple,Solid,,1.1971244480825947,0.0,22,false,false,false,2.9031107836735943,17.23076923076923
2789,Ladieswear || Sweater || Unknown || Blue || Solid,Ladieswear,Sweater,Unknown,Blue,Solid,,1.1961301676886555,0.8461538461538461,48,false,false,true,0.653926467406664,0.9230769230769231
2790,Divided || T-shirt || Jersey Fancy || Blue || Solid,Divided,T-shirt,Jersey Fancy,Blue,Solid,,1.1956026120335026,1.0,38,false,false,true,0.9903987040278769,1.692307692307692
2791,Baby/Children || Blouse || Dresses/Skirts girls || Blue || Chambray,Baby/Children,Blouse,Dresses/Skirts girls,Blue,Chambray,,1.195177064955352,1.5384615384615385,46,false,false,true,0.37948962170490375,0.4615384615384615
2792,Baby/Children || Dress || Jersey Fancy || Red || All over pattern,Baby/Children,Dress,Jersey Fancy,Red,All over pattern,,1.194376963840147,0.5384615384615384,40,false,false,true,0.5260930958967791,0.6923076923076923
2793,Baby/Children || Sweater || Knitwear || Blue || Front print,Baby/Children,Sweater,Knitwear,Blue,Front print,1.1773625778499863,1.1943222426004434,0.8461538461538461,40,false,true,true,0.47160491061270937,0.6025641025641026
2794,Baby/Children || Trousers || Jersey Fancy || Black || Treatment,Baby/Children,Trousers,Jersey Fancy,Black,Treatment,,1.1939446936646148,0.23076923076923078,38,false,false,true,1.148622709242771,2.1538461538461537
2795,Divided || Other accessories || Accessories || Grey || Solid,Divided,Other accessories,Accessories,Grey,Solid,,1.1926555977317674,0.0,19,false,false,false,2.089010992695987,7.076923076923078
2796,Ladieswear || Vest top || Unknown || Black || Solid,Ladieswear,Vest top,Unknown,Black,Solid,,1.1917845145073689,0.46153846153846156,40,false,false,true,1.211635677071505,2.358974358974359
2797,Baby/Children || Hoodie || Jersey Fancy || Blue || Front print,Baby/Children,Hoodie,Jersey Fancy,Blue,Front print,,1.1898280047359435,0.3076923076923077,41,false,false,true,0.3528213746227424,0.423076923076923
2798,Baby/Children || Sweater || Jersey Fancy || White || Application/3D,Baby/Children,Sweater,Jersey Fancy,White,Application/3D,1.2163916689207463,1.1894497057141726,0.6153846153846154,43,false,true,true,0.5920510636885765,0.8076923076923077
2799,Baby/Children || Cardigan || Knitwear || Blue || Solid,Baby/Children,Cardigan,Knitwear,Blue,Solid,1.0,1.1879907606322395,2.3076923076923075,52,false,true,true,0.7849547298130681,1.1923076923076925
2800,Divided || Sweater || Jersey Fancy || Turquoise || Solid,Divided,Sweater,Jersey Fancy,Turquoise,Solid,,1.1865343331971303,0.0,29,false,false,true,3.6304759215438813,36.73076923076924
2801,Menswear || Sweater || Unknown || Blue || Jacquard,Menswear,Sweater,Unknown,Blue,Jacquard,,1.1847075404192737,0.07692307692307693,17,false,false,false,,
2802,Baby/Children || Underwear Tights || Socks and Tights || Black || Solid,Baby/Children,Underwear Tights,Socks and Tights,Black,Solid,,1.1832190530466402,0.8461538461538461,44,false,false,true,1.0975433414792046,1.9967948717948718
2803,Baby/Children || Sweater || Jersey Basic || Pink || Solid,Baby/Children,Sweater,Jersey Basic,Pink,Solid,0.38033937975424226,1.1826091262786123,1.1538461538461537,40,false,false,true,1.0527025873640319,1.8653846153846159
2804,Baby/Children || Bodysuit || Jersey Basic || Blue || Solid,Baby/Children,Bodysuit,Jersey Basic,Blue,Solid,,1.1801535831860015,1.3076923076923077,44,false,false,true,0.9315582040049436,1.5384615384615388
2805,"Baby/Children || Pyjama set || Under-, Nightwear || Blue || All over pattern",Baby/Children,Pyjama set,"Under-, Nightwear",Blue,All over pattern,,1.17670903564736,3.3076923076923075,51,false,false,true,0.8668849936625085,1.3794871794871795
2806,Ladieswear || Shirt || Unknown || Blue || Solid,Ladieswear,Shirt,Unknown,Blue,Solid,,1.1732187159629284,0.6153846153846154,45,false,false,true,0.5260930958967791,0.6923076923076923
2807,Baby/Children || T-shirt || Jersey Fancy || Black || Placement print,Baby/Children,T-shirt,Jersey Fancy,Black,Placement print,,1.1711224024760973,0.15384615384615385,37,false,false,true,0.6737290947028437,0.9615384615384615
2808,Baby/Children || Trousers || Jersey Basic || Pink || Solid,Baby/Children,Trousers,Jersey Basic,Pink,Solid,0.6049712119084397,1.1691755930484629,0.46153846153846156,40,false,false,true,0.8472978603872036,1.333333333333333
2809,Baby/Children || Hoodie || Jersey Fancy || Grey || Front print,Baby/Children,Hoodie,Jersey Fancy,Grey,Front print,,1.1680752336362534,0.8461538461538461,48,false,false,true,0.4054651081081644,0.5
2810,Baby/Children || Sweater || Knitwear || Blue || All over pattern,Baby/Children,Sweater,Knitwear,Blue,All over pattern,0.8141486810551558,1.1673174160065054,0.5384615384615384,41,false,false,true,0.7308875085427923,1.0769230769230766
2811,Baby/Children || Sweater || Jersey Fancy || Black || All over pattern,Baby/Children,Sweater,Jersey Fancy,Black,All over pattern,,1.164729640994382,0.38461538461538464,42,false,false,true,0.325422400434628,0.38461538461538464
2812,Baby/Children || Sweater || Knitwear || Blue || Solid,Baby/Children,Sweater,Knitwear,Blue,Solid,,1.164190688878771,0.9230769230769231,44,false,false,true,0.9614111671546247,1.6153846153846154
2813,Divided || Hoodie || Jersey Fancy || Red || Placement print,Divided,Hoodie,Jersey Fancy,Red,Placement print,,1.1604595884179054,0.0,22,false,false,false,0.0,0.0
2814,Baby/Children || Sweater || Knitwear || White || Solid,Baby/Children,Sweater,Knitwear,White,Solid,,1.1602548197218407,0.0,31,false,false,true,0.5260930958967791,0.6923076923076923
2815,Baby/Children || Sneakers || Shoes || Blue || All over pattern,Baby/Children,Sneakers,Shoes,Blue,All over pattern,1.6386990981142389,1.1597978239200581,0.38461538461538464,40,false,true,true,0.653926467406664,0.9230769230769231
2816,Baby/Children || Garment Set || Jersey Fancy || Red || All over pattern,Baby/Children,Garment Set,Jersey Fancy,Red,All over pattern,,1.1563035959866599,0.7692307692307693,44,false,false,true,0.325422400434628,0.38461538461538464
2817,Baby/Children || Hoodie || Jersey Fancy || Grey || All over pattern,Baby/Children,Hoodie,Jersey Fancy,Grey,All over pattern,,1.1559800025228295,0.0,33,false,false,true,,
2818,Baby/Children || Sneakers || Shoes || Brown || Solid,Baby/Children,Sneakers,Shoes,Brown,Solid,,1.1538643174278445,0.46153846153846156,39,false,false,true,0.4054651081081644,0.5
2819,"Baby/Children || Pyjama set || Under-, Nightwear || Blue || Stripe",Baby/Children,Pyjama set,"Under-, Nightwear",Blue,Stripe,,1.1494511514711871,0.07692307692307693,36,false,false,true,,
2820,Baby/Children || Blouse || Dresses/Skirts girls || Pink || All over pattern,Baby/Children,Blouse,Dresses/Skirts girls,Pink,All over pattern,,1.1367206395960299,0.8461538461538461,35,false,false,true,1.1845547184688343,2.2692307692307687
2821,Baby/Children || Sweater || Jersey Basic || Pink || All over pattern,Baby/Children,Sweater,Jersey Basic,Pink,All over pattern,,1.1366875554039662,0.07692307692307693,37,false,false,true,0.07410797215372189,0.07692307692307696
2822,Baby/Children || Sweater || Jersey Fancy || Grey || Front print,Baby/Children,Sweater,Jersey Fancy,Grey,Front print,0.31074374388368525,1.1366703068057942,2.076923076923077,52,false,false,true,0.7321213149917208,1.0794871794871796
2823,Baby/Children || Trousers || Trousers || Black || Treatment,Baby/Children,Trousers,Trousers,Black,Treatment,0.7286234081261371,1.1341411526839154,0.15384615384615385,29,false,false,true,0.26826398659467937,0.3076923076923077
2824,"Baby/Children || Vest top || Under-, Nightwear || Pink || Solid",Baby/Children,Vest top,"Under-, Nightwear",Pink,Solid,,1.133247670724721,1.0769230769230769,45,false,false,true,0.6995369786587163,1.0128205128205128
2825,Baby/Children || T-shirt || Jersey Fancy || Red || Placement print,Baby/Children,T-shirt,Jersey Fancy,Red,Placement print,,1.1311653265966646,0.46153846153846156,29,false,false,true,0.2076393647782445,0.23076923076923075
2826,"Ladieswear || Underwear bottom || Under-, Nightwear || Khaki green || Solid",Ladieswear,Underwear bottom,"Under-, Nightwear",Khaki green,Solid,,1.1308713508781172,0.07692307692307693,35,false,false,true,2.931877279442349,17.762820512820515
2827,"Baby/Children || Pyjama set || Under-, Nightwear || White || Front print",Baby/Children,Pyjama set,"Under-, Nightwear",White,Front print,,1.1307445956778523,1.3076923076923077,45,false,false,true,0.5260930958967791,0.6923076923076923
2828,Baby/Children || T-shirt || Jersey Fancy || Black || Sequin,Baby/Children,T-shirt,Jersey Fancy,Black,Sequin,,1.129928758499072,0.6923076923076923,30,false,false,true,0.4307829160924542,0.5384615384615383
2829,Baby/Children || Trousers || Jersey Fancy || Grey || Placement print,Baby/Children,Trousers,Jersey Fancy,Grey,Placement print,,1.1286746773147485,1.0,43,false,false,true,0.570544858467613,0.7692307692307694
2830,Baby/Children || Dress || Dresses/Skirts girls || Pink || Application/3D,Baby/Children,Dress,Dresses/Skirts girls,Pink,Application/3D,0.8700745473908411,1.1259186062159805,1.2307692307692308,32,false,true,true,1.050462944770527,1.8589743589743586
2831,Baby/Children || Dress || Accessories || Pink || Solid,Baby/Children,Dress,Accessories,Pink,Solid,,1.123778985538979,1.2307692307692308,48,false,false,true,1.274502955131774,2.576923076923077
2832,Baby/Children || Leggings/Tights || Jersey Basic || Grey || All over pattern,Baby/Children,Leggings/Tights,Jersey Basic,Grey,All over pattern,2.153336096145877,1.122832740360857,1.2307692307692308,50,false,true,true,0.5777651064411001,0.7820512820512822
2833,Ladieswear || Dress || Unknown || Green || Solid,Ladieswear,Dress,Unknown,Green,Solid,,1.1206687901279948,0.0,20,false,false,false,1.285198244248522,2.6153846153846154
2834,Menswear || Hoodie || Jersey Fancy || Black || Front print,Menswear,Hoodie,Jersey Fancy,Black,Front print,,1.1187661696690734,0.0,12,false,false,false,2.1171818696626827,7.307692307692307
2835,Baby/Children || Top || Jersey Fancy || Blue || Front print,Baby/Children,Top,Jersey Fancy,Blue,Front print,,1.1177671224180274,0.46153846153846156,41,false,false,true,0.653926467406664,0.9230769230769231
2836,Baby/Children || T-shirt || Jersey Basic || White || All over pattern,Baby/Children,T-shirt,Jersey Basic,White,All over pattern,,1.1170217301993555,0.5384615384615384,38,false,false,true,0.570544858467613,0.7692307692307694
2837,Ladieswear || Sweater || Knitwear || Lilac Purple || Melange,Ladieswear,Sweater,Knitwear,Lilac Purple,Melange,,1.1115031386460723,0.07692307692307693,34,false,false,true,0.0,0.0
2838,Baby/Children || Sweater || Knitwear || Blue || Jacquard,Baby/Children,Sweater,Knitwear,Blue,Jacquard,0.9674227178501718,1.1062979433454512,0.3076923076923077,37,false,true,true,0.37948962170490375,0.4615384615384615
2839,Menswear || Gloves || Accessories || Black || Solid,Menswear,Gloves,Accessories,Black,Solid,0.1991960591133005,1.10551875529638,1.6153846153846154,43,false,false,true,0.4554755286828257,0.5769230769230769
2840,Ladieswear || Scarf || Accessories || Grey || Solid,Ladieswear,Scarf,Accessories,Grey,Solid,,1.1052336628434003,0.15384615384615385,41,false,false,true,0.14310084364067333,0.15384615384615385
2841,Baby/Children || Leggings/Tights || Jersey Basic || Pink || Solid,Baby/Children,Leggings/Tights,Jersey Basic,Pink,Solid,0.6979627989371124,1.1033076985523547,1.8461538461538463,40,false,false,true,0.9007865453381898,1.4615384615384617
2842,Baby/Children || Sweater || Jersey Fancy || Khaki green || Placement print,Baby/Children,Sweater,Jersey Fancy,Khaki green,Placement print,,1.1030600538542847,0.38461538461538464,36,false,false,true,,
2843,"Baby/Children || Underwear bottom || Under-, Nightwear || White || Mixed solid/pattern",Baby/Children,Underwear bottom,"Under-, Nightwear",White,Mixed solid/pattern,0.36987253765932787,1.1004066353102462,2.5384615384615383,50,false,false,true,0.653926467406664,0.9230769230769231
2844,Baby/Children || Dress || Jersey Fancy || White || Glittering/Metallic,Baby/Children,Dress,Jersey Fancy,White,Glittering/Metallic,,1.1001516311544788,0.7692307692307693,30,false,false,true,,
2845,Baby/Children || Shorts || Shorts || Blue || Stripe,Baby/Children,Shorts,Shorts,Blue,Stripe,,1.0998119888457785,1.1538461538461537,29,false,false,true,,
2846,Baby/Children || Leggings/Tights || Jersey Fancy || Black || All over pattern,Baby/Children,Leggings/Tights,Jersey Fancy,Black,All over pattern,,1.0989988794324614,0.07692307692307693,36,false,false,true,0.4554755286828257,0.5769230769230769
2847,Baby/Children || Ballerinas || Shoes || Metal || Solid,Baby/Children,Ballerinas,Shoes,Metal,Solid,1.3366027641551494,1.0944187154065035,0.6153846153846154,37,false,true,true,0.8695753369586133,1.3858974358974359
2848,Baby/Children || T-shirt || Jersey Fancy || Red || Solid,Baby/Children,T-shirt,Jersey Fancy,Red,Solid,0.6425339366515836,1.093451078568683,1.3846153846153846,40,false,false,true,,
2849,Baby/Children || Trousers || Jersey Fancy || Black || Placement print,Baby/Children,Trousers,Jersey Fancy,Black,Placement print,,1.093046178203466,0.9230769230769231,47,false,false,true,0.6931471805599453,1.0
2850,Baby/Children || Trousers || Jersey Fancy || Black || All over pattern,Baby/Children,Trousers,Jersey Fancy,Black,All over pattern,0.7114989733059548,1.0926195321014558,1.6153846153846154,41,false,false,true,0.7370413741171706,1.0897435897435899
2851,Baby/Children || Sweater || Jersey Fancy || Grey || Placement print,Baby/Children,Sweater,Jersey Fancy,Grey,Placement print,0.8187176281478834,1.084258008720428,0.9230769230769231,44,false,false,true,0.7612849857271633,1.141025641025641
2852,Baby/Children || Trousers || Jersey Fancy || Blue || Placement print,Baby/Children,Trousers,Jersey Fancy,Blue,Placement print,,1.081019302497169,0.7692307692307693,16,false,false,false,0.325422400434628,0.38461538461538464
2853,Baby/Children || Shirt || Shirts || Blue || Other structure,Baby/Children,Shirt,Shirts,Blue,Other structure,1.1288135593220339,1.0769123229002293,0.3076923076923077,33,false,true,true,1.0813704822336037,1.948717948717949
2854,Ladieswear || T-shirt || Jersey Fancy || Unknown || Front print,Ladieswear,T-shirt,Jersey Fancy,Unknown,Front print,,1.0762512051753372,0.0,5,false,false,false,0.0,0.0
2855,Baby/Children || Sweater || Knitwear || Grey || Front print,Baby/Children,Sweater,Knitwear,Grey,Front print,0.7138769670958511,1.0708787312592056,0.5384615384615384,36,false,false,true,0.07410797215372189,0.07692307692307696
2856,Baby/Children || Sweater || Jersey Fancy || Pink || All over pattern,Baby/Children,Sweater,Jersey Fancy,Pink,All over pattern,,1.0692708012384005,0.3076923076923077,30,false,false,true,0.14310084364067333,0.15384615384615385
2857,Baby/Children || Hat/beanie || Accessories || Grey || Solid,Baby/Children,Hat/beanie,Accessories,Grey,Solid,1.3104587869362363,1.067196677434068,0.6923076923076923,45,false,true,true,0.9687372072466975,1.6346153846153846
2858,Baby/Children || Sweater || Jersey Fancy || Blue || Placement print,Baby/Children,Sweater,Jersey Fancy,Blue,Placement print,,1.0669129076478456,0.07692307692307693,32,false,false,true,0.0,0.0
2859,Divided || Scarf || Accessories || Pink || Solid,Divided,Scarf,Accessories,Pink,Solid,,1.0655922589451188,0.46153846153846156,44,false,false,true,0.570544858467613,0.7692307692307694
2860,Baby/Children || Sweater || Jersey Fancy || Khaki green || Front print,Baby/Children,Sweater,Jersey Fancy,Khaki green,Front print,,1.0626192598108974,0.38461538461538464,41,false,false,true,0.07410797215372189,0.07692307692307696
2861,Menswear || Beanie || Accessories || Black || Solid,Menswear,Beanie,Accessories,Black,Solid,,1.0624871082936043,0.3076923076923077,31,false,false,true,0.3437715391028245,0.41025641025641024
2862,"Baby/Children || Underwear bottom || Under-, Nightwear || Blue || Mixed solid/pattern",Baby/Children,Underwear bottom,"Under-, Nightwear",Blue,Mixed solid/pattern,,1.062411827100655,3.230769230769231,50,false,false,true,0.8882077631313297,1.4307692307692306
2863,"Baby/Children || Underwear bottom || Under-, Nightwear || Pink || All over pattern",Baby/Children,Underwear bottom,"Under-, Nightwear",Pink,All over pattern,,1.0582868912933936,0.0,26,false,false,true,,
2864,Divided || Scarf || Accessories || Grey || Solid,Divided,Scarf,Accessories,Grey,Solid,,1.0581900647671718,0.9230769230769231,48,false,false,true,0.07410797215372189,0.07692307692307696
2865,Baby/Children || Sweater || Jersey Fancy || Grey || Melange,Baby/Children,Sweater,Jersey Fancy,Grey,Melange,,1.0573335361077847,0.6923076923076923,36,false,false,true,0.2076393647782445,0.23076923076923075
2866,Baby/Children || Dress || Woven/Jersey/Knitted mix Baby || Blue || Denim,Baby/Children,Dress,Woven/Jersey/Knitted mix Baby,Blue,Denim,,1.0569939352151776,0.15384615384615385,33,false,false,true,,
2867,Baby/Children || Trousers || Jersey Basic || Blue || Melange,Baby/Children,Trousers,Jersey Basic,Blue,Melange,,1.049955527250924,0.15384615384615385,37,false,false,true,0.6931471805599453,1.0
2868,Baby/Children || Hoodie || Jersey Basic || Grey || All over pattern,Baby/Children,Hoodie,Jersey Basic,Grey,All over pattern,,1.0498859185537301,0.8461538461538461,44,false,false,true,0.4307829160924542,0.5384615384615383
2869,"Baby/Children || Underwear bottom || Under-, Nightwear || Blue || All over pattern",Baby/Children,Underwear bottom,"Under-, Nightwear",Blue,All over pattern,0.4767267267267267,1.046993628449091,1.1538461538461537,44,false,false,true,0.653926467406664,0.9230769230769231
2870,Baby/Children || Dress || Jersey Fancy || Red || Solid,Baby/Children,Dress,Jersey Fancy,Red,Solid,,1.045694706720122,0.07692307692307693,30,false,false,true,0.9315582040049436,1.5384615384615388
2871,Divided || Necklace || Accessories || Black || Solid,Divided,Necklace,Accessories,Black,Solid,,1.0450745030454303,0.0,29,false,false,true,,
2872,Baby/Children || Sweater || Knitwear || Grey || Stripe,Baby/Children,Sweater,Knitwear,Grey,Stripe,0.4994994994994995,1.0444215072380132,0.7692307692307693,42,false,false,true,0.7723442222211384,1.1648351648351647
2873,Baby/Children || Hair/alice band || Accessories || Metal || Solid,Baby/Children,Hair/alice band,Accessories,Metal,Solid,0.7379511483776887,1.0433946148081366,1.0,45,false,false,true,0.8362480242006186,1.3076923076923075
2874,Baby/Children || Sweater || Jersey Basic || Grey || All over pattern,Baby/Children,Sweater,Jersey Basic,Grey,All over pattern,,1.0396041172788033,0.15384615384615385,37,false,false,true,0.14310084364067333,0.15384615384615385
2875,Divided || Bag || Accessories || Pink || All over pattern,Divided,Bag,Accessories,Pink,All over pattern,,1.0383868813801662,0.0,24,false,false,false,1.2192402764567245,2.384615384615385
2876,Baby/Children || Boots || Shoes || Black || Solid,Baby/Children,Boots,Shoes,Black,Solid,,1.0380977538856215,0.6153846153846154,43,false,false,true,0.7595492863223203,1.1373126873126873
2877,Baby/Children || Hoodie || Jersey Fancy || Blue || All over pattern,Baby/Children,Hoodie,Jersey Fancy,Blue,All over pattern,0.4244244244244244,1.0364511521124151,0.9230769230769231,49,false,false,true,1.0986122886681098,2.0000000000000004
2878,Baby/Children || Shirt || Shirts || Red || Check,Baby/Children,Shirt,Shirts,Red,Check,1.3279030778477208,1.0333655997100752,0.7692307692307693,47,false,true,true,0.9059813622152939,1.4743589743589745
2879,Baby/Children || Sweater || Knitwear || Grey || All over pattern,Baby/Children,Sweater,Knitwear,Grey,All over pattern,1.2093224307481718,1.0327514736730206,0.5384615384615384,41,false,true,true,0.6131044728864088,0.846153846153846
2880,Baby/Children || Sweater || Knitwear || Grey || Solid,Baby/Children,Sweater,Knitwear,Grey,Solid,,1.0264672926240603,0.38461538461538464,28,false,false,true,0.570544858467613,0.7692307692307694
2881,"Menswear || Pyjama set || Under-, Nightwear || Blue || Solid",Menswear,Pyjama set,"Under-, Nightwear",Blue,Solid,,1.0258265871691243,0.0,16,false,false,false,,
2882,Menswear || Sweater || Knitwear || Blue || Jacquard,Menswear,Sweater,Knitwear,Blue,Jacquard,,1.025447730504184,0.3076923076923077,29,false,false,true,0.26826398659467937,0.3076923076923077
2883,Ladieswear || Slippers || Shoes || Black || Solid,Ladieswear,Slippers,Shoes,Black,Solid,,1.0202477851271645,0.0,22,false,false,false,,
2884,Baby/Children || Sneakers || Shoes || Pink || Solid,Baby/Children,Sneakers,Shoes,Pink,Solid,,1.0168069437680405,1.9230769230769231,46,false,false,true,0.8356923142668957,1.3064102564102567
2885,Baby/Children || Sweater || Knitwear || Blue || Melange,Baby/Children,Sweater,Knitwear,Blue,Melange,,1.0119537983184332,0.23076923076923078,40,false,false,true,1.0045833390198333,1.7307692307692308
2886,Baby/Children || Sweater || Jersey Fancy || Grey || Application/3D,Baby/Children,Sweater,Jersey Fancy,Grey,Application/3D,,1.0042365340843107,0.3076923076923077,40,false,false,true,0.6131044728864088,0.846153846153846
2887,Baby/Children || Leggings/Tights || Jersey Fancy || Blue || All over pattern,Baby/Children,Leggings/Tights,Jersey Fancy,Blue,All over pattern,0.727212352648182,1.0035222259375094,1.4615384615384615,37,false,false,true,0.4554755286828257,0.5769230769230769
2888,Baby/Children || Trousers || Jersey Basic || Pink || All over pattern,Baby/Children,Trousers,Jersey Basic,Pink,All over pattern,,1.0030045530441605,0.5384615384615384,40,false,false,true,,
2889,"Baby/Children || Pyjama set || Under-, Nightwear || White || Placement print",Baby/Children,Pyjama set,"Under-, Nightwear",White,Placement print,,1.0026777921187713,0.38461538461538464,31,false,false,true,0.26826398659467937,0.3076923076923077
2890,Divided || Scarf || Accessories || Grey || Melange,Divided,Scarf,Accessories,Grey,Melange,,1.0022123639089382,0.07692307692307693,27,false,false,true,0.3528213746227424,0.423076923076923
2891,Baby/Children || Sweater || Jersey Basic || Blue || All over pattern,Baby/Children,Sweater,Jersey Basic,Blue,All over pattern,,1.0019506277739167,0.23076923076923078,34,false,false,true,,
2892,Baby/Children || Top || Jersey Basic || Blue || Solid,Baby/Children,Top,Jersey Basic,Blue,Solid,0.21438190142741717,1.0008410641644865,0.5384615384615384,40,false,false,true,0.6337237600891445,0.8846153846153846
2893,"Baby/Children || Pyjama set || Under-, Nightwear || Grey || Front print",Baby/Children,Pyjama set,"Under-, Nightwear",Grey,Front print,,0.999244185699462,0.6923076923076923,37,false,false,true,0.19716806491094907,0.2179487179487179
2894,Baby/Children || Trousers || Trousers Denim || Turquoise || Denim,Baby/Children,Trousers,Trousers Denim,Turquoise,Denim,,0.9951132830639866,0.3076923076923077,37,false,false,true,0.570544858467613,0.7692307692307694
2895,Ladieswear || Shirt || Unknown || Black || Solid,Ladieswear,Shirt,Unknown,Black,Solid,,0.9931582655554769,1.3076923076923077,46,false,false,true,1.285198244248522,2.6153846153846154
2896,Baby/Children || Hoodie || Jersey Fancy || Blue || Placement print,Baby/Children,Hoodie,Jersey Fancy,Blue,Placement print,0.5510919297790181,0.9872702100951616,1.1538461538461537,43,false,false,true,0.7308875085427923,1.0769230769230766
2897,Baby/Children || Trousers || Jersey Fancy || Blue || Denim,Baby/Children,Trousers,Jersey Fancy,Blue,Denim,,0.9868912266356344,0.0,13,false,false,false,1.6397432619294294,4.153846153846154
2898,Baby/Children || Trousers || Trousers || Grey || Treatment,Baby/Children,Trousers,Trousers,Grey,Treatment,,0.9866975380854228,0.0,14,false,false,false,0.325422400434628,0.38461538461538464
2899,Baby/Children || Leggings/Tights || Jersey Basic || Black || All over pattern,Baby/Children,Leggings/Tights,Jersey Basic,Black,All over pattern,,0.9845146043805848,0.46153846153846156,40,false,false,true,0.6131044728864088,0.846153846153846
2900,Baby/Children || Top || Jersey Fancy || White || Front print,Baby/Children,Top,Jersey Fancy,White,Front print,,0.9824101102126332,0.07692307692307693,35,false,false,true,0.29725152346793166,0.3461538461538462
2901,Baby/Children || Shirt || Shirts || Blue || Dot,Baby/Children,Shirt,Shirts,Blue,Dot,,0.9806830457967692,0.15384615384615385,22,false,false,false,0.325422400434628,0.38461538461538464
2902,Baby/Children || Shirt || Shirts || Blue || Check,Baby/Children,Shirt,Shirts,Blue,Check,0.9461902712010333,0.9803744618128403,0.6923076923076923,44,false,true,true,0.8850381883700507,1.423076923076923
2903,Baby/Children || Sweater || Jersey Fancy || Orange || Front print,Baby/Children,Sweater,Jersey Fancy,Orange,Front print,,0.9691852781030261,0.0,21,false,false,false,0.5031035776720805,0.653846153846154
2904,Divided || Dress || Unknown || Red || Solid,Divided,Dress,Unknown,Red,Solid,,0.9668900336326727,0.0,8,false,false,false,1.4240346891027376,3.1538461538461533
2905,Menswear || Tie || Accessories || Red || Solid,Menswear,Tie,Accessories,Red,Solid,,0.9642832377561743,0.23076923076923078,39,false,false,true,0.6737290947028437,0.9615384615384615
2906,Menswear || Hoodie || Jersey Fancy || Red || Colour blocking,Menswear,Hoodie,Jersey Fancy,Red,Colour blocking,,0.9630954596788521,0.46153846153846156,42,false,false,true,,
2907,Baby/Children || Dress || Jersey Fancy || Pink || Placement print,Baby/Children,Dress,Jersey Fancy,Pink,Placement print,,0.9592126993218284,0.0,16,false,false,false,0.5260930958967791,0.6923076923076923
2908,Ladieswear || Jacket || Outdoor || Orange || Solid,Ladieswear,Jacket,Outdoor,Orange,Solid,,0.958722264450919,0.5384615384615384,43,false,false,true,,
2909,Baby/Children || Cardigan || Knitwear || Pink || Melange,Baby/Children,Cardigan,Knitwear,Pink,Melange,,0.9580239130347066,0.7692307692307693,39,false,false,true,0.5920510636885765,0.8076923076923077
2910,Baby/Children || Leggings/Tights || Jersey Basic || Blue || All over pattern,Baby/Children,Leggings/Tights,Jersey Basic,Blue,All over pattern,,0.9575876426011278,0.6153846153846154,42,false,false,true,0.5849335959197126,0.7948717948717949
2911,Baby/Children || Hat/beanie || Accessories || Blue || Solid,Baby/Children,Hat/beanie,Accessories,Blue,Solid,0.641948987285822,0.956381106923968,1.3076923076923077,41,false,false,true,1.2205921760813057,2.389194139194139
2912,Divided || Other accessories || Accessories || Red || Solid,Divided,Other accessories,Accessories,Red,Solid,,0.950500202818021,1.0769230769230769,39,false,false,true,0.2076393647782445,0.23076923076923075
2913,Baby/Children || Hat/beanie || Accessories || Pink || Solid,Baby/Children,Hat/beanie,Accessories,Pink,Solid,0.6539196940726577,0.9477031100774631,1.2307692307692308,46,false,false,true,0.37948962170490375,0.4615384615384615
2914,Baby/Children || Shirt || Dresses/Skirts girls || Pink || Check,Baby/Children,Shirt,Dresses/Skirts girls,Pink,Check,,0.9433068564470526,0.5384615384615384,35,false,false,true,0.26826398659467937,0.3076923076923077
2915,Baby/Children || Shirt || Woven/Jersey/Knitted mix Baby || Red || Check,Baby/Children,Shirt,Woven/Jersey/Knitted mix Baby,Red,Check,0.5772689584794949,0.9411097751968895,0.07692307692307693,35,false,false,true,0.9007865453381898,1.4615384615384617
2916,Baby/Children || Dress || Dresses/Skirts girls || Red || Check,Baby/Children,Dress,Dresses/Skirts girls,Red,Check,0.8037007240547064,0.9363782648575538,0.46153846153846156,39,false,false,true,,
2917,Baby/Children || Trousers || Jersey Basic || Grey || Solid,Baby/Children,Trousers,Jersey Basic,Grey,Solid,0.4035066981875492,0.9314112094531419,2.076923076923077,51,false,false,true,1.0495656813635372,1.8564102564102565
2918,Baby/Children || Leggings/Tights || Jersey Fancy || White || All over pattern,Baby/Children,Leggings/Tights,Jersey Fancy,White,All over pattern,,0.9285826568822626,0.38461538461538464,38,false,false,true,0.4795730802618863,0.6153846153846154
2919,Baby/Children || Sweater || Jersey Fancy || Green || Application/3D,Baby/Children,Sweater,Jersey Fancy,Green,Application/3D,,0.9216831094186115,0.07692307692307693,29,false,false,true,0.14310084364067333,0.15384615384615385
2920,Baby/Children || Sweater || Jersey Fancy || Black || Sequin,Baby/Children,Sweater,Jersey Fancy,Black,Sequin,0.6663125530685754,0.9177962052329458,0.15384615384615385,29,false,false,true,0.26826398659467937,0.3076923076923077
2921,Baby/Children || Shorts || Trousers Denim || Blue || Solid,Baby/Children,Shorts,Trousers Denim,Blue,Solid,,0.91015260449824,0.46153846153846156,24,false,false,false,,
2922,Baby/Children || Sweater || Knitwear || Red || Stripe,Baby/Children,Sweater,Knitwear,Red,Stripe,,0.9087865679501865,0.0,35,false,false,true,0.653926467406664,0.9230769230769231
2923,Baby/Children || Shirt || Shirts || Red || Solid,Baby/Children,Shirt,Shirts,Red,Solid,,0.9070127499591796,0.0,23,false,false,false,,
2924,Baby/Children || Trousers || Trousers || Brown || Solid,Baby/Children,Trousers,Trousers,Brown,Solid,1.0083234244946493,0.9059379157221674,0.7692307692307693,42,false,true,true,0.841788204576234,1.3205128205128207
2925,Baby/Children || Sweater || Jersey Fancy || Blue || Application/3D,Baby/Children,Sweater,Jersey Fancy,Blue,Application/3D,,0.9040290814921959,0.15384615384615385,31,false,false,true,0.2076393647782445,0.23076923076923075
2926,Ladieswear || Dress || Unknown || White || All over pattern,Ladieswear,Dress,Unknown,White,All over pattern,,0.8838607358974189,0.3076923076923077,28,false,false,true,0.8362480242006186,1.3076923076923075
2927,Baby/Children || Sweater || Jersey Fancy || Grey || Sequin,Baby/Children,Sweater,Jersey Fancy,Grey,Sequin,,0.8779613671924382,0.3076923076923077,42,false,false,true,0.6405034470745234,0.8974358974358976
2928,Sport || Hat/beanie || Accessories || Black || Solid,Sport,Hat/beanie,Accessories,Black,Solid,,0.8748132905452415,0.15384615384615385,38,false,false,true,0.37948962170490375,0.4615384615384615
2929,Ladieswear || Vest top || Unknown || White || Solid,Ladieswear,Vest top,Unknown,White,Solid,,0.8742726211305907,0.15384615384615385,33,false,false,true,1.241713132308783,2.4615384615384617
2930,Divided || Trousers || Trousers || Blue || Application/3D,Divided,Trousers,Trousers,Blue,Application/3D,,0.8724199538136499,0.5384615384615384,43,false,false,true,0.26826398659467937,0.3076923076923077
2931,Baby/Children || Jacket || Outdoor || Green || Solid,Baby/Children,Jacket,Outdoor,Green,Solid,,0.8700048038265096,0.6923076923076923,33,false,false,true,0.5485659517488376,0.7307692307692306
2932,Baby/Children || Hoodie || Jersey Fancy || Blue || Sequin,Baby/Children,Hoodie,Jersey Fancy,Blue,Sequin,0.513056506849315,0.8696310823994231,0.38461538461538464,40,false,false,true,0.8527773261518292,1.3461538461538463
2933,"Baby/Children || Pyjama set || Under-, Nightwear || Turquoise || All over pattern",Baby/Children,Pyjama set,"Under-, Nightwear",Turquoise,All over pattern,,0.8668200865221822,0.8461538461538461,42,false,false,true,0.8850381883700507,1.423076923076923
2934,Ladieswear || Hat/beanie || Accessories || Yellow || Solid,Ladieswear,Hat/beanie,Accessories,Yellow,Solid,,0.8511982961506284,0.6923076923076923,39,false,false,true,1.7082384971781936,4.519230769230768
2935,Baby/Children || Hoodie || Jersey Fancy || Black || Front print,Baby/Children,Hoodie,Jersey Fancy,Black,Front print,,0.8463232180939559,0.0,20,false,false,false,0.7492366472109889,1.1153846153846154
2936,Baby/Children || Tailored Waistcoat || Shirts || Blue || Solid,Baby/Children,Tailored Waistcoat,Shirts,Blue,Solid,,0.8443274069851328,0.15384615384615385,36,false,false,true,0.37948962170490375,0.4615384615384615
2937,Ladieswear || Hat/beanie || Accessories || Pink || Solid,Ladieswear,Hat/beanie,Accessories,Pink,Solid,,0.8429148944754641,0.6153846153846154,37,false,false,true,0.37948962170490375,0.4615384615384615
2938,Ladieswear || Dress || Unknown || Orange || Solid,Ladieswear,Dress,Unknown,Orange,Solid,,0.8428897506228707,0.7692307692307693,38,false,false,true,0.5031035776720805,0.653846153846154
2939,Divided || Hat/beanie || Accessories || Blue || Solid,Divided,Hat/beanie,Accessories,Blue,Solid,,0.8310554227657001,0.15384615384615385,40,false,false,true,0.37948962170490375,0.4615384615384615
2940,Ladieswear || Top || Unknown || Blue || Solid,Ladieswear,Top,Unknown,Blue,Solid,,0.8172761279747911,0.6153846153846154,35,false,false,true,1.0185695809945732,1.7692307692307692
2941,"Baby/Children || Underwear bottom || Under-, Nightwear || Red || All over pattern",Baby/Children,Underwear bottom,"Under-, Nightwear",Red,All over pattern,,0.815039921680285,0.0,22,false,false,false,0.07410797215372189,0.07692307692307696
2942,Baby/Children || Sweater || Jersey Fancy || Red || Front print,Baby/Children,Sweater,Jersey Fancy,Red,Front print,0.9443826473859844,0.8120044028345375,0.7692307692307693,43,false,true,true,0.570544858467613,0.7692307692307694
2943,Baby/Children || Sweater || Knitwear || Red || Solid,Baby/Children,Sweater,Knitwear,Red,Solid,,0.8096123692416659,0.07692307692307693,32,false,false,true,0.3161200077723144,0.3717948717948718
2944,Ladieswear || Top || Unknown || Pink || Solid,Ladieswear,Top,Unknown,Pink,Solid,,0.8001336960078917,0.38461538461538464,34,false,false,true,1.2636920390275583,2.5384615384615388
2945,"Ladieswear || Underwear bottom || Under-, Nightwear || Lilac Purple || Lace",Ladieswear,Underwear bottom,"Under-, Nightwear",Lilac Purple,Lace,1.2686567164179103,0.7975950690717934,0.07692307692307693,18,false,true,false,,
2946,Sport || T-shirt || Jersey Fancy || Black || Placement print,Sport,T-shirt,Jersey Fancy,Black,Placement print,,0.7953980005350485,0.0,30,false,false,true,1.0185695809945732,1.7692307692307692
2947,Baby/Children || Scarf || Accessories || Blue || Solid,Baby/Children,Scarf,Accessories,Blue,Solid,,0.7950066009737002,0.3076923076923077,28,false,false,true,0.2076393647782445,0.23076923076923075
2948,Baby/Children || Leggings/Tights || Jersey Basic || Pink || All over pattern,Baby/Children,Leggings/Tights,Jersey Basic,Pink,All over pattern,0.6162266580811333,0.7938950066761126,0.9230769230769231,45,false,false,true,0.9827504831896201,1.6717948717948716
2949,Ladieswear || Blouse || Unknown || Blue || Solid,Ladieswear,Blouse,Unknown,Blue,Solid,,0.7860064620133218,0.07692307692307693,12,false,false,false,0.0,0.0
2950,Baby/Children || Jacket || Outdoor || Red || Solid,Baby/Children,Jacket,Outdoor,Red,Solid,,0.7805506963976208,2.0,49,false,false,true,0.702716631576096,1.0192307692307692
2951,Baby/Children || Scarf || Accessories || Pink || Solid,Baby/Children,Scarf,Accessories,Pink,Solid,,0.7762419516778942,0.0,26,false,false,true,0.07410797215372189,0.07692307692307696
2952,Ladieswear || Hat/beanie || Accessories || Grey || Solid,Ladieswear,Hat/beanie,Accessories,Grey,Solid,,0.7743514555414746,0.0,30,false,false,true,0.0,0.0
2953,Baby/Children || Scarf || Accessories || Grey || Melange,Baby/Children,Scarf,Accessories,Grey,Melange,,0.7740779990401467,0.07692307692307693,36,false,false,true,0.17589066646366422,0.19230769230769232
2954,Baby/Children || Sweater || Knitwear || Blue || Application/3D,Baby/Children,Sweater,Knitwear,Blue,Application/3D,,0.7713232735575679,0.15384615384615385,38,false,false,true,0.4307829160924542,0.5384615384615383
2955,Baby/Children || Sweater || Knitwear || Grey || Jacquard,Baby/Children,Sweater,Knitwear,Grey,Jacquard,,0.7705007403871218,0.0,35,false,false,true,0.8362480242006186,1.3076923076923075
2956,"Baby/Children || Underwear bottom || Under-, Nightwear || Turquoise || All over pattern",Baby/Children,Underwear bottom,"Under-, Nightwear",Turquoise,All over pattern,0.5844223732357553,0.7672861822336652,0.07692307692307693,29,false,false,true,0.4795730802618863,0.6153846153846154
2957,"Ladieswear || Underwear bottom || Under-, Nightwear || Blue || All over pattern",Ladieswear,Underwear bottom,"Under-, Nightwear",Blue,All over pattern,,0.7619168948237443,0.15384615384615385,23,false,false,false,0.4795730802618863,0.6153846153846154
2958,Baby/Children || Gloves || Accessories || Black || Solid,Baby/Children,Gloves,Accessories,Black,Solid,,0.760234352172654,0.23076923076923078,39,false,false,true,0.3635741663990042,0.4384615384615384
2959,Menswear || Gloves || Accessories || Grey || Melange,Menswear,Gloves,Accessories,Grey,Melange,,0.754376151985733,0.5384615384615384,33,false,false,true,0.10919929196499198,0.11538461538461539
2960,Baby/Children || Hat/beanie || Accessories || White || Solid,Baby/Children,Hat/beanie,Accessories,White,Solid,,0.743104343088361,0.23076923076923078,40,false,false,true,0.2076393647782445,0.23076923076923075
2961,Ladieswear || Jacket || Blouses || Black || Solid,Ladieswear,Jacket,Blouses,Black,Solid,,0.7426931184740424,0.0,38,false,false,true,,
2962,Menswear || T-shirt || Jersey Basic || Orange || Solid,Menswear,T-shirt,Jersey Basic,Orange,Solid,,0.7390577845774073,0.0,14,false,false,false,1.578185368929996,3.8461538461538467
2963,Baby/Children || Sweater || Jersey Fancy || Red || Stripe,Baby/Children,Sweater,Jersey Fancy,Red,Stripe,,0.7385992417148113,0.3076923076923077,34,false,false,true,,
2964,Sport || T-shirt || Unknown || Pink || Melange,Sport,T-shirt,Unknown,Pink,Melange,,0.7367928188974135,0.0,35,false,false,true,1.0459685551826878,1.8461538461538467
2965,Divided || Hat/beanie || Accessories || Grey || Melange,Divided,Hat/beanie,Accessories,Grey,Melange,,0.7346238091837693,1.9230769230769231,45,false,false,true,0.7339691750802004,1.0833333333333335
2966,Baby/Children || Sweater || Knitwear || Grey || Application/3D,Baby/Children,Sweater,Knitwear,Grey,Application/3D,,0.7331014154601365,0.15384615384615385,37,false,false,true,0.2076393647782445,0.23076923076923075
2967,Ladieswear || Jacket || Blouses || Blue || Solid,Ladieswear,Jacket,Blouses,Blue,Solid,,0.7317672272491569,0.07692307692307693,29,false,false,true,2.4186572642467996,10.23076923076923
2968,Baby/Children || Trousers || Trousers || Red || Solid,Baby/Children,Trousers,Trousers,Red,Solid,,0.7311298736144223,0.3076923076923077,39,false,false,true,0.325422400434628,0.38461538461538464
2969,Baby/Children || Hoodie || Jersey Fancy || Red || Colour blocking,Baby/Children,Hoodie,Jersey Fancy,Red,Colour blocking,,0.7272066326301527,0.0,27,false,false,true,0.5260930958967791,0.6923076923076923
2970,Baby/Children || Boots || Shoes || Brown || Solid,Baby/Children,Boots,Shoes,Brown,Solid,,0.7144590201306573,0.23076923076923078,34,false,false,true,0.2584116901516677,0.2948717948717949
2971,Divided || T-shirt || Unknown || Black || Solid,Divided,T-shirt,Unknown,Black,Solid,,0.7086082192308789,0.0,4,false,false,false,0.0,0.0
2972,Divided || Hat/beanie || Accessories || Orange || Solid,Divided,Hat/beanie,Accessories,Orange,Solid,,0.7050639224964443,0.5384615384615384,28,false,false,true,1.7255100836868542,4.615384615384614
2973,Baby/Children || Hoodie || Jersey Fancy || Green || All over pattern,Baby/Children,Hoodie,Jersey Fancy,Green,All over pattern,,0.7037173154057894,0.0,5,false,false,false,0.0,0.0
2974,Baby/Children || Hair string || Accessories || Blue || Solid,Baby/Children,Hair string,Accessories,Blue,Solid,,0.6961014919282977,0.3076923076923077,16,false,false,false,0.9007865453381898,1.4615384615384617
2975,Divided || Hat/beanie || Accessories || Grey || Solid,Divided,Hat/beanie,Accessories,Grey,Solid,,0.6876439198751751,0.5384615384615384,33,false,false,true,0.6131044728864088,0.846153846153846
2976,Baby/Children || Underwear Tights || Socks and Tights || Beige || Solid,Baby/Children,Underwear Tights,Socks and Tights,Beige,Solid,,0.6724353625612998,0.46153846153846156,31,false,false,true,0.37948962170490375,0.4615384615384615
2977,Baby/Children || Underwear Tights || Socks and Tights || Blue || Solid,Baby/Children,Underwear Tights,Socks and Tights,Blue,Solid,,0.6718281005289777,0.38461538461538464,42,false,false,true,0.8194409058842373,1.2692307692307692
2978,Ladieswear || Hat/beanie || Accessories || Unknown || Solid,Ladieswear,Hat/beanie,Accessories,Unknown,Solid,,0.6665063050783979,0.3076923076923077,33,false,false,true,0.4953214372300255,0.6410256410256412
2979,Baby/Children || Sweater || Knitwear || Grey || Sequin,Baby/Children,Sweater,Knitwear,Grey,Sequin,,0.6620175928406007,0.0,16,false,false,false,,
2980,Baby/Children || Hoodie || Jersey Basic || Red || Solid,Baby/Children,Hoodie,Jersey Basic,Red,Solid,,0.659203852672799,0.3076923076923077,34,false,false,true,0.863646998388733,1.3717948717948718
2981,Ladieswear || Sweater || Knitwear || Blue || Glittering/Metallic,Ladieswear,Sweater,Knitwear,Blue,Glittering/Metallic,,0.6505127269029467,0.07692307692307693,25,false,false,false,,
2982,Divided || Scarf || Accessories || Blue || Jacquard,Divided,Scarf,Accessories,Blue,Jacquard,,0.6490923838574947,0.6153846153846154,36,false,false,true,0.14310084364067333,0.15384615384615385
2983,Ladieswear || Hat/beanie || Accessories || Mole || Solid,Ladieswear,Hat/beanie,Accessories,Mole,Solid,,0.608337731731919,0.3076923076923077,26,false,false,true,0.7672551527136672,1.1538461538461537
2984,Baby/Children || Hat/beanie || Accessories || Grey || Melange,Baby/Children,Hat/beanie,Accessories,Grey,Melange,,0.5989053892246432,0.0,31,false,false,true,0.4054651081081644,0.5
2985,Menswear || Hoodie || Jersey Basic || Orange || Solid,Menswear,Hoodie,Jersey Basic,Orange,Solid,,0.5988572374097858,0.23076923076923078,25,false,false,false,2.777384894503274,15.076923076923077
2986,"Baby/Children || Pyjama set || Under-, Nightwear || Red || Check",Baby/Children,Pyjama set,"Under-, Nightwear",Red,Check,,0.5963045785351047,0.15384615384615385,28,false,false,true,0.37948962170490375,0.4615384615384615
2987,Divided || Scarf || Accessories || Red || Solid,Divided,Scarf,Accessories,Red,Solid,,0.5900838261988008,0.0,28,false,false,true,0.0,0.0
2988,Baby/Children || Outdoor Waistcoat || Outdoor || Khaki green || Solid,Baby/Children,Outdoor Waistcoat,Outdoor,Khaki green,Solid,,0.5806409004470787,0.15384615384615385,35,false,false,true,0.653926467406664,0.9230769230769231
2989,Baby/Children || Gloves || Accessories || Blue || Solid,Baby/Children,Gloves,Accessories,Blue,Solid,,0.5782845808287926,0.15384615384615385,29,false,false,true,0.26826398659467937,0.3076923076923077
2990,Baby/Children || Gloves || Accessories || Pink || Solid,Baby/Children,Gloves,Accessories,Pink,Solid,,0.5722864009784516,0.3076923076923077,36,false,false,true,0.2076393647782445,0.23076923076923075
2991,Baby/Children || Gloves || Accessories || Grey || Solid,Baby/Children,Gloves,Accessories,Grey,Solid,,0.5534409783118426,0.07692307692307693,26,false,false,true,,
2992,Baby/Children || Hoodie || Jersey Fancy || Red || Front print,Baby/Children,Hoodie,Jersey Fancy,Red,Front print,,0.5314483915768478,0.07692307692307693,20,false,false,false,0.3528213746227424,0.423076923076923
2993,Baby/Children || Underwear Tights || Socks and Tights || Grey || Other pattern,Baby/Children,Underwear Tights,Socks and Tights,Grey,Other pattern,,0.49378889201793097,0.3076923076923077,27,false,false,true,0.14310084364067333,0.15384615384615385
2994,Ladieswear || Trousers || Trousers || Black || Glittering/Metallic,Ladieswear,Trousers,Trousers,Black,Glittering/Metallic,,0.46922177400025944,0.46153846153846156,43,false,false,true,0.951558870711613,1.5897435897435899
2995,Sport || Vest top || Jersey Fancy || Lilac Purple || Solid,Sport,Vest top,Jersey Fancy,Lilac Purple,Solid,,0.4587555152755542,0.0,13,false,false,false,0.0,0.0
2996,"Ladieswear || Bra || Under-, Nightwear || Lilac Purple || Lace",Ladieswear,Bra,"Under-, Nightwear",Lilac Purple,Lace,,0.4429321565132786,0.5384615384615384,33,false,false,true,,
2997,Divided || Hat/beanie || Accessories || Red || Solid,Divided,Hat/beanie,Accessories,Red,Solid,,0.3875094082585836,0.07692307692307693,27,false,false,true,0.14310084364067333,0.15384615384615385
2998,Baby/Children || Underwear Tights || Socks and Tights || Red || Solid,Baby/Children,Underwear Tights,Socks and Tights,Red,Solid,,0.3111871868794222,0.07692307692307693,22,false,false,false,0.2076393647782445,0.23076923076923075
2999,Ladieswear || T-shirt || Jersey Fancy || Orange || Front print,Ladieswear,T-shirt,Jersey Fancy,Orange,Front print,,0.24077815845706863,0.0,10,false,false,false,0.9614111671546247,1.6153846153846154
3000,"Divided || Underwear bottom || Under-, Nightwear || Lilac Purple || Solid",Divided,Underwear bottom,"Under-, Nightwear",Lilac Purple,Solid,,0.0021254697250564156,0.0,3,false,false,false,3.5568121905943033,34.05128205128206
