style_key,class,n_photos_requested,n_photos_ok,n_fallback,raw_threshold
Ladieswear || Leggings/Tights || Socks and Tights || Black || Solid,solid,8,8,0,5.340402057436483
Ladieswear || Leggings/Tights || Jersey Fancy || Black || Solid,solid,8,8,0,3.67187043325999
Ladieswear || Leggings/Tights || Jersey Fancy || Grey || Melange,solid,7,7,0,10.368601423426503
"Ladieswear || Bra || Under-, Nightwear || Lilac Purple || Solid",solid,8,8,0,13.558003686227758
Ladieswear || Swimsuit || Swimwear || Red || Solid,solid,8,8,0,4.41275151860742
Divided || Leggings/Tights || Jersey Basic || Black || Solid,solid,8,8,0,2.2200332810079515
Divided || T-shirt || Jersey Basic || White || Stripe,patterned,8,8,0,7.6082833633545395
Ladieswear || Sunglasses || Accessories || Black || Solid,solid,8,8,0,6.8882753528774
Ladieswear || Sunglasses || Accessories || Green || Solid,solid,8,8,2,10.518868618020406
Ladieswear || Hat/beanie || Accessories || Orange || Solid,solid,8,8,0,6.415341581115257
Ladieswear || Earring || Accessories || Pink || Solid,solid,8,8,1,11.039546030799258
Ladieswear || T-shirt || Jersey Fancy || Black || Solid,solid,8,8,0,2.2587762416634827
Ladieswear || Underwear Tights || Socks and Tights || Black || All over pattern,patterned,8,8,0,7.197906795882373
Divided || Jacket || Outdoor || Black || Solid,solid,8,8,0,4.891676834213081
Divided || Dress || Trousers Denim || Blue || Denim,patterned,8,8,0,11.091713290597879
Menswear || Belt || Accessories || Black || Solid,solid,8,8,1,21.166520182891844
Divided || Shorts || Shorts || Black || Solid,solid,8,8,0,3.1632208610577104
Ladieswear || Top || Jersey Basic || White || Solid,solid,8,8,0,1.1417496866861245
Ladieswear || Top || Jersey Basic || Grey || Melange,solid,8,8,0,10.682813764800306
Divided || Dress || Dresses Ladies || Black || Solid,solid,8,8,0,2.290750923783207
Baby/Children || Bodysuit || Jersey Basic || Pink || All over pattern,patterned,8,8,0,17.445726570084886
Ladieswear || Ballerinas || Shoes || Beige || All over pattern,patterned,5,5,0,5.5218144870109676
Ladieswear || Swimwear bottom || Swimwear || Red || Solid,solid,8,8,0,8.256300608657643
Ladieswear || Necklace || Accessories || Metal || Solid,solid,8,8,0,0.4862856182855958
Divided || Bag || Accessories || Grey || Solid,solid,8,8,0,7.580271512288192
Baby/Children || Blazer || Shirts || Blue || Solid,solid,8,8,2,11.475944337799813
"Ladieswear || Bra || Under-, Nightwear || Grey || Melange",solid,8,8,0,7.905492949810606
Ladieswear || Socks || Socks and Tights || Blue || Melange,solid,8,8,1,24.24161828915065
Divided || T-shirt || Jersey Fancy || Black || Treatment,patterned,7,7,0,3.3083809358933585
Divided || Hoodie || Jersey Basic || Lilac Purple || Solid,solid,6,6,0,8.289374030428576
Menswear || Trousers || Trousers || Blue || Denim,patterned,8,8,0,8.841532854492918
Divided || Dress || Jersey Fancy || Black || Front print,patterned,7,7,0,4.206736547504242
Sport || Vest top || Jersey Fancy || Black || Front print,patterned,7,7,0,1.453691674693916
Menswear || Hoodie || Jersey Basic || Orange || Solid,solid,6,6,0,12.56204763192737
Divided || Belt || Accessories || Black || Solid,solid,8,8,0,5.78420088869308
Menswear || Shirt || Shirts || Red || Solid,solid,8,8,0,11.50721834338815
Ladieswear || Jacket || Outdoor || Blue || Denim,patterned,8,8,0,3.748154913137941
Divided || Dress || Dresses Ladies || Red || Solid,solid,8,8,0,6.983120299465232
Baby/Children || Vest top || Jersey Basic || Grey || Melange,solid,8,8,0,22.07990446199919
Ladieswear || Socks || Socks and Tights || Black || Glittering/Metallic,patterned,8,8,1,31.03350059584002
Menswear || Bracelet || Accessories || Metal || Solid,solid,8,8,1,0.6141206993803343
Divided || Jacket || Trousers Denim || Blue || Denim,patterned,8,8,1,6.110358621922794
Baby/Children || Bodysuit || Jersey Fancy || Blue || Stripe,patterned,8,8,0,8.77499300002843
Baby/Children || Hoodie || Jersey Basic || Black || Solid,solid,8,8,0,2.3473145380552736
Menswear || Trousers || Jersey Fancy || Black || Solid,solid,8,8,0,1.901534990688974
Sport || Shorts || Jersey Fancy || Black || Solid,solid,8,8,0,3.3003886262013022
Ladieswear || Top || Jersey Fancy || Blue || Stripe,patterned,8,8,0,3.4443459882948995
Ladieswear || Shorts || Shorts || Black || Solid,solid,8,8,0,1.7375978407681243
Ladieswear || Top || Jersey Fancy || Blue || Lace,patterned,7,7,0,7.5074599096011
Divided || Dress || Dresses Ladies || Red || All over pattern,patterned,8,8,0,7.887364504945953
Ladieswear || Shirt || Blouses || Blue || Stripe,patterned,8,8,0,8.40787199390643
Ladieswear || Top || Jersey Fancy || Red || Solid,solid,8,8,0,8.898969034918874
Ladieswear || Top || Jersey Fancy || Mole || Solid,solid,8,8,0,8.08288273262295
Ladieswear || Top || Jersey Fancy || Green || Solid,solid,8,8,0,17.837573582941452
Ladieswear || Flat shoe || Shoes || Black || Solid,solid,8,8,0,21.496028148605507
"Ladieswear || Underwear bottom || Under-, Nightwear || Grey || Solid",solid,8,8,0,8.545338351984569
Divided || Dress || Dresses Ladies || Blue || Solid,solid,8,8,0,9.391476138800403
Divided || Shorts || Trousers Denim || Black || Denim,patterned,8,8,0,1.5968979100069087
Ladieswear || Sneakers || Shoes || Beige || Solid,solid,8,8,0,7.804213804742485
Baby/Children || Sweater || Knitwear || Grey || Front print,patterned,8,8,0,18.192100395639116
"Baby/Children || Kids Underwear top || Under-, Nightwear || White || Solid",solid,8,8,0,23.640810780037857
Ladieswear || Skirt || Skirts || Black || Solid,solid,8,8,0,3.551434323063406
Menswear || Sweater || Knitwear || Beige || Solid,solid,8,8,0,6.61793338994308
Sport || Leggings/Tights || Jersey Fancy || Black || Colour blocking,patterned,8,8,0,9.987549774750711
Baby/Children || Trousers || Trousers || Pink || Solid,solid,8,8,0,12.842853360549295
"Ladieswear || Underwear bottom || Under-, Nightwear || Black || Dot",patterned,7,7,0,8.967843348700502
Ladieswear || Sandals || Shoes || Orange || Solid,solid,8,8,0,12.836631091379223
Ladieswear || Sandals || Shoes || Brown || Solid,solid,8,8,0,5.583967694104674
Ladieswear || Swimwear bottom || Swimwear || Black || All over pattern,patterned,8,8,0,22.321434673351828
Menswear || Jacket || Outdoor || Blue || Solid,solid,8,8,0,5.093100369331595
Ladieswear || Sweater || Knitwear || Pink || Solid,solid,8,8,0,11.688205070490461
Ladieswear || Bikini top || Swimwear || Orange || All over pattern,patterned,8,8,0,20.70717898975389
Divided || Shirt || Blouses || Black || Check,patterned,8,8,0,9.813747186844203
Ladieswear || Blazer || Dressed || Blue || Solid,solid,8,8,0,22.309287451569745
Divided || Sweater || Knitwear || Yellow || Solid,solid,8,8,0,14.63749765718588
Divided || Vest top || Blouses || Black || Solid,solid,8,8,0,4.285529270131548
Ladieswear || Dress || Blouses || Blue || All over pattern,patterned,8,8,1,17.25893643150683
Menswear || Trousers || Trousers || Black || Melange,solid,8,8,0,8.903137917178396
Ladieswear || Shirt || Blouses || Blue || Check,patterned,8,8,0,22.22891534785419
"Ladieswear || Unknown || Under-, Nightwear || White || Solid",solid,7,7,0,1.846306264488848
Menswear || T-shirt || Jersey Fancy || Black || Front print,patterned,8,8,0,7.04606975560236
Ladieswear || Dress || Jersey Fancy || Blue || Stripe,patterned,8,8,0,12.094246458419342
"Ladieswear || Underwear bottom || Under-, Nightwear || White || All over pattern",patterned,6,6,1,10.29020683494493
Ladieswear || Scarf || Accessories || Orange || Solid,solid,8,8,1,10.147766789163818
Divided || Hat/beanie || Accessories || White || Solid,solid,8,8,0,5.652075020751818
Menswear || T-shirt || Jersey Basic || Blue || Melange,solid,8,8,0,15.060038293589358
Ladieswear || Vest top || Jersey Fancy || Yellow || Solid,solid,8,8,0,12.901356046577725
Menswear || Hoodie || Jersey Fancy || White || Placement print,patterned,8,8,0,1.23724581106968
Ladieswear || Scarf || Accessories || Beige || All over pattern,patterned,8,8,0,12.362876080581016
Ladieswear || Hair ties || Accessories || Black || Solid,solid,8,8,0,24.13114981481888
Divided || Skirt || Trousers Denim || Black || Denim,patterned,8,8,0,2.02178698121279
Ladieswear || Shorts || Trousers || Pink || Solid,solid,8,8,0,8.808005545220196
Menswear || T-shirt || Jersey Fancy || Blue || Stripe,patterned,8,8,0,17.591536465627286
Ladieswear || Coat || Outdoor || Green || Solid,solid,5,5,0,32.02421365814522
Divided || Shirt || Blouses || Lilac Purple || Solid,solid,6,6,0,4.624572514181507
Divided || Other accessories || Accessories || Beige || Solid,solid,8,8,0,12.319585418427492
Ladieswear || Blouse || Blouses || Orange || All over pattern,patterned,8,8,0,19.37407705737353
Ladieswear || Blouse || Unknown || Black || Solid,solid,8,8,0,2.673614477309044
"Ladieswear || Bra || Under-, Nightwear || Green || Solid",solid,8,8,0,11.2879259990683
Ladieswear || Dress || Dresses Ladies || Red || Solid,solid,8,8,0,7.513685572323304
Ladieswear || Dress || Blouses || Yellow || All over pattern,patterned,8,8,1,20.764659448391136
Ladieswear || Blouse || Blouses || Black || Check,patterned,8,8,0,12.73228134405664
Sport || Vest top || Jersey Fancy || Khaki green || Solid,solid,8,8,0,15.74198755611461
Divided || Shirt || Blouses || Pink || Stripe,patterned,5,5,0,6.012109459868126
Ladieswear || Jacket || Outdoor || White || Solid,solid,8,8,0,5.684685166997579
Baby/Children || Dress || Dresses/Skirts girls || White || All over pattern,patterned,8,8,1,5.319606242524473
Sport || Vest top || Jersey Fancy || Black || Melange,solid,8,8,0,2.9099721337400575
Ladieswear || Top || Jersey Fancy || Black || Dot,patterned,8,8,0,3.9392947872796023
Menswear || Sweater || Jersey Basic || Khaki green || Solid,solid,5,5,0,7.217638819827029
Baby/Children || Leggings/Tights || Jersey Fancy || Blue || All over pattern,patterned,8,8,0,24.565008591969594
Ladieswear || Swimsuit || Swimwear || Black || Other structure,patterned,6,6,0,13.484244874461051
Ladieswear || Bikini top || Swimwear || Blue || All over pattern,patterned,8,8,0,11.072585907149385
Ladieswear || Top || Jersey Fancy || Black || Other structure,patterned,8,8,0,8.147473453527848
Ladieswear || Hat/brim || Accessories || Beige || Solid,solid,8,8,0,5.048268115625908
Ladieswear || Belt || Accessories || Black || Application/3D,patterned,8,8,0,3.190917590796136
"Ladieswear || Underwear bottom || Under-, Nightwear || Red || Solid",solid,8,8,0,12.542426636135023
Menswear || Trousers || Trousers || Blue || Other structure,patterned,8,8,0,9.932694504654677
Baby/Children || T-shirt || Jersey Fancy || Beige || All over pattern,patterned,8,8,1,26.9488239634158
Baby/Children || Sweater || Knitwear || Grey || Stripe,patterned,8,8,0,14.333780122994266
Ladieswear || Dress || Dresses Ladies || Yellow || All over pattern,patterned,8,8,1,19.70020406711874
Ladieswear || Skirt || Skirts || Black || Stripe,patterned,8,8,0,9.2468548170918
Ladieswear || Leggings/Tights || Jersey Fancy || Black || All over pattern,patterned,8,8,0,6.680488457415178
Divided || Trousers || Trousers || Grey || Denim,patterned,6,6,0,4.6527393901162215
Baby/Children || Hoodie || Jersey Fancy || Blue || All over pattern,patterned,8,8,0,23.673078089972236
Divided || Sweater || Jersey Fancy || White || Embroidery,patterned,7,7,0,4.105396871643944
Ladieswear || Top || Jersey Fancy || Turquoise || Solid,solid,8,8,0,9.317522840160105
Menswear || Socks || Socks and Tights || Black || All over pattern,patterned,8,8,0,6.607762642305246
Ladieswear || Swimwear bottom || Swimwear || Brown || Solid,solid,5,5,0,10.777625863347753
Menswear || Necklace || Accessories || Metal || Solid,solid,8,8,1,24.98542657301791
Divided || Top || Jersey Fancy || Black || Lace,patterned,5,5,0,2.7267992024890173
Divided || Top || Jersey Fancy || Green || Solid,solid,7,7,0,14.71215150206975
"Ladieswear || Sweater || Under-, Nightwear || Pink || Solid",solid,6,6,0,5.997693761430311
Ladieswear || Sweater || Jersey Basic || Khaki green || Solid,solid,5,5,0,13.611196165677834
Ladieswear || Heeled sandals || Shoes || Pink || Solid,solid,7,7,0,12.98766712755334
Divided || Sweater || Jersey Fancy || Green || Placement print,patterned,5,5,0,31.403597402158837
Ladieswear || Swimwear bottom || Swimwear || Black || Other structure,patterned,8,8,0,1.4591043583010916
Ladieswear || Shorts || Shorts || Blue || Stripe,patterned,8,8,1,16.674171456740055
"Divided || Underwear bottom || Under-, Nightwear || Pink || Solid",solid,6,6,0,18.889961878361774
Baby/Children || Cardigan || Knitwear || Yellow || Solid,solid,8,8,0,7.3796236305143585
Menswear || T-shirt || Jersey Fancy || Yellow || Placement print,patterned,8,8,0,8.944457633251107
Ladieswear || Scarf || Accessories || Brown || Solid,solid,8,8,0,13.49080345642664
Baby/Children || Shirt || Woven/Jersey/Knitted mix Baby || Red || Check,patterned,8,8,0,12.732867297145626
Sport || Vest top || Jersey Fancy || Black || All over pattern,patterned,8,8,0,3.1365414662596978
Divided || Dress || Dresses Ladies || Orange || All over pattern,patterned,7,7,0,11.691148512652237
Ladieswear || Dress || Dresses Ladies || Blue || Denim,patterned,8,8,0,3.8725677049317038
Sport || Bag || Accessories || Pink || Solid,solid,5,5,0,21.827861741309853
Ladieswear || Blouse || Blouses || Beige || Jacquard,patterned,5,5,0,5.9907397704600935
Ladieswear || Blazer || Dressed || Khaki green || Solid,solid,8,8,0,11.273377282712769
Divided || Shorts || Unknown || Blue || Denim,patterned,5,5,0,18.29874791409681
Divided || Jacket || Unknown || Khaki green || Solid,solid,7,7,0,7.38357164242668
Ladieswear || Bag || Accessories || Black || All over pattern,patterned,8,8,0,7.800232259826756
Divided || Shirt || Blouses || Beige || Check,patterned,6,6,0,6.604030072501372
Menswear || Socks || Socks and Tights || Orange || All over pattern,patterned,8,8,0,18.526773535506656
Ladieswear || Dress || Blouses || White || Embroidery,patterned,7,7,0,2.4848886683368874
Ladieswear || Trousers || Trousers || Brown || Check,patterned,6,6,0,9.004695380512162
Divided || Shirt || Blouses || Green || Solid,solid,6,6,0,19.935037734443256
Ladieswear || Sweater || Knitwear || Green || Stripe,patterned,6,6,0,28.356360671304436
Ladieswear || Sweater || Knitwear || Beige || Melange,solid,8,8,0,5.518700944723344
Ladieswear || Coat || Outdoor || Khaki green || Solid,solid,5,5,0,14.3056147732852
Ladieswear || Jumpsuit/Playsuit || Trousers || Blue || Denim,patterned,5,5,0,20.101427155035317
Ladieswear || Dress || Blouses || Brown || All over pattern,patterned,8,8,0,19.09338221026469
Ladieswear || T-shirt || Jersey Basic || Black || Solid,solid,8,8,0,25.093663529542273
Ladieswear || Vest top || Jersey Basic || Black || Solid,solid,8,8,0,3.0128099949771188
Ladieswear || Vest top || Jersey Basic || White || Solid,solid,8,8,0,1.1671783260566424
"Ladieswear || Bra || Under-, Nightwear || Black || Solid",solid,8,8,0,2.267519624852017
"Ladieswear || Bra || Under-, Nightwear || White || Solid",solid,8,8,0,1.797045213201057
"Ladieswear || Bra || Under-, Nightwear || Beige || Solid",solid,8,8,0,4.1101014464354355
Ladieswear || Underwear Tights || Socks and Tights || Black || Solid,solid,8,8,1,14.61883259764149
Ladieswear || Socks || Socks and Tights || Beige || Solid,solid,8,8,0,5.2109296263012945
Baby/Children || Sweater || Jersey Basic || Grey || All over pattern,patterned,8,8,0,15.191494009811272
"Ladieswear || Bra || Under-, Nightwear || Grey || Solid",solid,8,8,1,10.743707119423359
Ladieswear || Top || Jersey Basic || Blue || Solid,solid,5,5,0,18.237294999149263
Menswear || Trousers || Jersey Basic || Grey || Melange,solid,8,8,0,9.67251413119601
Menswear || Trousers || Jersey Basic || Black || Solid,solid,8,8,0,2.485633445882617
Ladieswear || Hair clip || Accessories || Black || Solid,solid,8,8,2,6.983568586774329
Ladieswear || Hair clip || Accessories || Metal || Metallic,patterned,8,8,0,6.495517867584503
Ladieswear || Leggings/Tights || Jersey Basic || Black || Solid,solid,8,8,0,2.745134544301014
Ladieswear || Leggings/Tights || Jersey Basic || Grey || Melange,solid,6,6,0,22.436836671429226
Sport || Sweater || Jersey Fancy || Black || Solid,solid,8,8,0,3.1738426339877304
Sport || Sweater || Jersey Fancy || Grey || Melange,solid,5,5,0,2.600635023465622
Sport || Top || Jersey Fancy || Black || Melange,solid,8,8,0,7.470391458601359
Baby/Children || Bodysuit || Jersey Basic || White || Solid,solid,8,8,1,1.566903713773747
Sport || Trousers || Jersey Fancy || Black || Solid,solid,8,8,0,1.9126538419647974
"Ladieswear || Bra || Under-, Nightwear || Brown || Solid",solid,8,8,0,6.956146112605479
Ladieswear || Underwear Tights || Socks and Tights || Beige || Solid,solid,8,8,0,8.133111532401205
Baby/Children || Trousers || Trousers Denim || Blue || Denim,patterned,8,8,0,11.157434422501957
Ladieswear || Socks || Socks and Tights || Black || Solid,solid,8,8,1,23.762200530039397
Ladieswear || Socks || Socks and Tights || White || Solid,solid,8,8,0,3.265087798837236
Ladieswear || Socks || Socks and Tights || Grey || Melange,solid,8,8,2,12.655235348727263
Ladieswear || Socks || Socks and Tights || Pink || Melange,solid,8,8,1,19.187505166693672
"Baby/Children || Pyjama jumpsuit/playsuit || Under-, Nightwear || Pink || All over pattern",patterned,8,8,0,8.180127458016438
"Baby/Children || Pyjama jumpsuit/playsuit || Under-, Nightwear || Grey || All over pattern",patterned,8,8,1,6.031335971267676
"Baby/Children || Pyjama jumpsuit/playsuit || Under-, Nightwear || Blue || All over pattern",patterned,8,8,0,11.903787627727503
Menswear || Hoodie || Outdoor || Black || Solid,solid,8,8,0,3.526692330148004
Menswear || Hoodie || Outdoor || Khaki green || Solid,solid,8,8,0,9.188709642476313
Menswear || Hoodie || Outdoor || Brown || Solid,solid,8,8,0,10.545388174078768
Menswear || Hoodie || Outdoor || Blue || Solid,solid,8,8,0,4.2141579433217
Ladieswear || Hair/alice band || Accessories || Black || Solid,solid,8,8,0,3.8283582492147517
Ladieswear || Hair/alice band || Accessories || Brown || Solid,solid,5,5,0,33.14937211318899
Ladieswear || Hair/alice band || Accessories || Orange || Solid,solid,8,8,0,22.888332095131613
Ladieswear || Belt || Accessories || Black || Solid,solid,8,8,0,4.4992620458104815
Ladieswear || Belt || Accessories || Brown || Solid,solid,8,8,0,14.367765296620611
"Divided || Socks || Under-, Nightwear || Black || Solid",solid,8,8,1,15.893970972384363
Ladieswear || Belt || Accessories || Black || Other structure,patterned,6,6,0,2.1767088779560497
Ladieswear || Bikini top || Swimwear || White || All over pattern,patterned,8,8,0,2.8950652668510264
Ladieswear || Swimwear bottom || Swimwear || White || All over pattern,patterned,8,8,0,3.377395609235803
"Menswear || Underwear bottom || Under-, Nightwear || Grey || Melange",solid,8,8,0,3.3207767258268626
Ladieswear || Hair string || Accessories || Black || Solid,solid,8,8,1,5.72402178381038
Ladieswear || Hair string || Accessories || Beige || Solid,solid,6,6,0,30.54683340063304
Ladieswear || Trousers || Jersey Basic || Black || Solid,solid,8,8,0,2.810875210314352
"Baby/Children || Pyjama jumpsuit/playsuit || Under-, Nightwear || White || All over pattern",patterned,8,8,0,6.210974904228868
Ladieswear || Swimsuit || Swimwear || Black || Solid,solid,8,8,0,2.794969286062186
Ladieswear || Swimsuit || Swimwear || White || Stripe,patterned,8,8,0,8.87244291120262
Ladieswear || Swimsuit || Swimwear || Green || Solid,solid,8,8,1,14.139806728845016
Ladieswear || Swimsuit || Swimwear || Black || All over pattern,patterned,8,8,0,25.344914265095504
Ladieswear || Swimsuit || Swimwear || Beige || All over pattern,patterned,8,8,0,7.139304012489037
Baby/Children || Bodysuit || Jersey Basic || Pink || Solid,solid,8,8,0,8.50657863131703
Divided || Leggings/Tights || Jersey Basic || Black || Contrast,patterned,8,8,0,1.509733424547277
Divided || Skirt || Jersey Basic || Black || Solid,solid,7,7,0,2.9987871211751744
Divided || Sweater || Jersey Basic || Black || Solid,solid,8,8,0,2.1148593011093593
Divided || Sweater || Jersey Basic || Grey || Melange,solid,8,8,0,15.741905493567964
Divided || Sweater || Jersey Basic || Khaki green || Solid,solid,6,6,0,11.694102349703165
Ladieswear || T-shirt || Jersey Basic || Blue || Melange,solid,8,8,0,9.440867356439794
Sport || Hat/beanie || Accessories || Black || Solid,solid,7,7,0,10.244198276751938
Baby/Children || Leggings/Tights || Jersey Basic || Black || Solid,solid,8,8,0,24.35989916751104
Baby/Children || Leggings/Tights || Jersey Basic || Blue || Solid,solid,8,8,0,8.44499510568397
Baby/Children || T-shirt || Jersey Basic || Black || Solid,solid,8,8,0,3.160670269066567
"Baby/Children || Kids Underwear top || Under-, Nightwear || Black || Solid",solid,8,8,0,29.238995923334176
"Baby/Children || Kids Underwear top || Under-, Nightwear || Grey || Solid",solid,8,8,1,3.2267686504949653
Ladieswear || Underwear Tights || Socks and Tights || Red || Solid,solid,8,8,1,7.906508512266762
Ladieswear || Underwear Tights || Socks and Tights || Brown || Solid,solid,5,5,1,7.394493037765267
Divided || T-shirt || Jersey Basic || White || Solid,solid,8,8,0,1.7653991252237844
Menswear || Shirt || Shirts || Yellow || Check,patterned,8,8,0,21.65038108759663
Menswear || Shirt || Shirts || Grey || Check,patterned,5,5,0,24.107985040118386
Ladieswear || Bikini top || Swimwear || Black || Solid,solid,8,8,0,3.1980936391051493
"Ladieswear || Pyjama set || Under-, Nightwear || Pink || Stripe",patterned,8,8,0,3.633149219005501
Divided || Sneakers || Shoes || White || Solid,solid,8,8,0,2.1248320336178326
Divided || Dress || Jersey Basic || Red || Solid,solid,8,8,0,9.210082630107712
Divided || Dress || Jersey Basic || Khaki green || Solid,solid,8,8,0,5.339789692804764
Divided || Dress || Jersey Basic || Pink || Solid,solid,8,8,0,10.926517101045661
Divided || Dress || Jersey Basic || Orange || Solid,solid,8,8,0,10.320883886805543
Divided || Dress || Jersey Basic || Grey || Melange,solid,8,8,0,7.449941396303209
Menswear || Trousers || Trousers || Khaki green || Solid,solid,8,8,0,9.528096638543673
Menswear || Trousers || Trousers || Black || Solid,solid,8,8,0,2.8594347926350254
Menswear || Trousers || Trousers || Grey || Solid,solid,8,8,0,11.594911634175809
Menswear || Trousers || Trousers || Blue || Solid,solid,8,8,0,7.083549947256324
Ladieswear || Hair clip || Accessories || Metal || Solid,solid,8,8,2,4.5552484916631615
Ladieswear || Sunglasses || Accessories || Brown || Solid,solid,8,8,0,16.149932574644097
Divided || T-shirt || Jersey Basic || Black || Solid,solid,8,8,0,5.829249771577997
Divided || T-shirt || Jersey Basic || Grey || Melange,solid,8,8,0,1.3995037731913014
Divided || T-shirt || Jersey Basic || Blue || Solid,solid,8,8,0,13.964206810332016
Divided || T-shirt || Jersey Basic || Pink || Solid,solid,8,8,0,8.888442847562759
Divided || Cardigan || Knitwear || Grey || Melange,solid,8,8,0,8.401838932523367
Ladieswear || Vest top || Jersey Basic || Grey || Melange,solid,8,8,0,13.464867585242468
Ladieswear || Gloves || Accessories || Black || Solid,solid,8,8,0,5.643439232801881
Menswear || Trousers || Trousers || Beige || Solid,solid,8,8,2,5.996398474702283
Ladieswear || Dress || Jersey Basic || Black || Solid,solid,8,8,0,2.408343430873199
Ladieswear || Dress || Jersey Basic || Blue || Stripe,patterned,7,7,0,18.887615386046967
Ladieswear || Dress || Jersey Basic || Grey || Solid,solid,8,8,0,8.456923609005784
Ladieswear || Dress || Jersey Basic || Orange || Solid,solid,7,7,0,8.862832323912913
Ladieswear || Sunglasses || Accessories || Orange || Solid,solid,8,8,0,18.07188684527488
Ladieswear || Hat/beanie || Accessories || Black || Solid,solid,8,8,0,2.718197092211783
Ladieswear || Hat/beanie || Accessories || Beige || Solid,solid,8,8,0,3.824239328341543
Sport || Leggings/Tights || Jersey Fancy || Black || Solid,solid,8,8,0,2.729319986903745
Ladieswear || Belt || Accessories || Metal || Glittering/Metallic,patterned,8,8,1,10.68210411985893
Ladieswear || Hair clip || Accessories || White || Solid,solid,8,8,2,2.9865356697850887
Divided || Gloves || Accessories || Black || Solid,solid,8,8,0,2.399048850567191
Menswear || Cap/peaked || Accessories || Black || Solid,solid,8,8,0,2.780140935749572
Baby/Children || Top || Jersey Basic || Blue || Solid,solid,8,8,0,14.247028780729496
Ladieswear || Earring || Accessories || White || Solid,solid,8,8,1,16.622390060268756
"Ladieswear || Pyjama set || Under-, Nightwear || Grey || Melange",solid,8,8,0,7.702741461948474
Ladieswear || Top || Jersey Basic || Black || Solid,solid,8,8,0,2.4431124061019664
Ladieswear || Top || Jersey Basic || Blue || Stripe,patterned,7,7,0,28.509122497201545
Ladieswear || Hoodie || Jersey Basic || Black || Solid,solid,6,6,0,2.5486351076959934
Ladieswear || Hoodie || Jersey Basic || Grey || Melange,solid,8,8,0,14.154232242930714
Ladieswear || Hoodie || Jersey Basic || Blue || Solid,solid,7,7,0,11.322305938975434
Ladieswear || Hoodie || Jersey Basic || White || Solid,solid,6,6,0,3.2619280762650624
Ladieswear || Hoodie || Jersey Basic || Orange || Solid,solid,5,5,0,14.396021704992542
Ladieswear || Hoodie || Jersey Basic || Mole || Solid,solid,5,5,0,13.41798320417406
Baby/Children || Trousers || Jersey Basic || Black || Solid,solid,8,8,0,8.02826825529475
Ladieswear || Bag || Accessories || Black || Solid,solid,8,8,0,5.017844736893956
Ladieswear || Bag || Accessories || Beige || Solid,solid,8,8,0,8.725231434324254
Menswear || Blazer || Dressed || Black || Solid,solid,8,8,0,4.140273649478557
Menswear || Blazer || Dressed || Grey || Melange,solid,8,8,0,10.594574317454912
Menswear || Blazer || Dressed || Blue || Melange,solid,8,8,0,11.63648492722438
Menswear || Blazer || Dressed || Blue || Solid,solid,8,8,2,11.175698020735652
Ladieswear || Socks || Socks and Tights || Beige || Melange,solid,5,5,0,10.780081635593689
Ladieswear || Socks || Socks and Tights || Black || Contrast,patterned,8,8,0,2.7110485172065415
Ladieswear || Sweater || Knitwear || Blue || Solid,solid,8,8,0,16.837632438047702
Ladieswear || Sweater || Knitwear || White || Solid,solid,8,8,0,3.076333725933901
Baby/Children || Hoodie || Jersey Basic || Grey || Melange,solid,8,8,0,2.8350778701275083
Baby/Children || Hoodie || Jersey Basic || Blue || Solid,solid,8,8,0,14.181485528263815
Ladieswear || Trousers || Trousers || Blue || Denim,patterned,8,8,0,7.876013489121233
Ladieswear || Trousers || Trousers || White || Denim,patterned,8,8,0,3.552688819513002
Menswear || Shorts || Shorts || Blue || Denim,patterned,8,8,0,9.47487749139446
Divided || Trousers || Trousers || White || Solid,solid,8,8,0,1.3882403920651485
Divided || Trousers || Trousers || Blue || Solid,solid,8,8,0,9.319673957595207
Sport || Socks || Accessories || Grey || Melange,solid,8,8,3,10.838940644291181
Ladieswear || Trousers || Trousers || Black || Treatment,patterned,8,8,0,1.8003553952887796
Divided || Cardigan || Jersey Fancy || Black || Solid,solid,8,8,0,2.8512485703034
Ladieswear || Bikini top || Swimwear || Black || All over pattern,patterned,8,8,0,4.367104275433463
Ladieswear || T-shirt || Jersey Basic || Blue || Solid,solid,8,8,0,4.83216747054404
Divided || Boots || Shoes || Black || Solid,solid,8,8,0,3.645715432002351
Baby/Children || T-shirt || Jersey Basic || Blue || Solid,solid,8,8,0,13.540230751173727
Baby/Children || T-shirt || Jersey Basic || White || Solid,solid,8,8,0,2.357548610219733
Baby/Children || T-shirt || Jersey Basic || Pink || Solid,solid,8,8,0,30.148487311627413
Baby/Children || Socks || Socks and Tights || White || Other pattern,patterned,8,8,0,8.825913460959399
Baby/Children || Socks || Socks and Tights || Pink || Solid,solid,8,8,0,27.0347093375284
Sport || Vest top || Jersey Fancy || Black || Solid,solid,8,8,0,3.0035675552683823
Sport || Vest top || Jersey Fancy || Grey || Melange,solid,8,8,1,4.6568194308112
Baby/Children || Socks || Socks and Tights || Black || Other pattern,patterned,8,8,0,13.359585617147225
Ladieswear || Trousers || Trousers || Blue || Solid,solid,8,8,0,6.053372424670379
Ladieswear || Trousers || Trousers || Black || Solid,solid,8,8,0,4.434098454217648
Ladieswear || Trousers || Trousers || Khaki green || Solid,solid,8,8,0,12.399136067387467
Menswear || Other shoe || Shoes || Blue || Solid,solid,8,8,0,7.728215687732156
Baby/Children || T-shirt || Jersey Basic || Yellow || Solid,solid,8,8,0,7.987759386521785
Ladieswear || Socks || Socks and Tights || Beige || All over pattern,patterned,8,8,0,8.747836301726217
Ladieswear || Socks || Socks and Tights || Pink || Solid,solid,8,8,0,24.23613303487186
Ladieswear || Top || Jersey Fancy || White || All over pattern,patterned,8,8,0,8.622136609678133
Ladieswear || Sunglasses || Accessories || Beige || Solid,solid,8,8,1,10.229039017586324
Ladieswear || Sunglasses || Accessories || Metal || Solid,solid,8,8,0,8.535871326166484
Ladieswear || Sunglasses || Accessories || Pink || Solid,solid,8,8,0,17.750571229108722
"Baby/Children || Pyjama set || Under-, Nightwear || White || All over pattern",patterned,8,8,0,18.284121217825028
Baby/Children || Leggings/Tights || Jersey Basic || Black || All over pattern,patterned,8,8,0,23.679182953919522
Baby/Children || Leggings/Tights || Jersey Basic || White || Solid,solid,8,8,0,2.7774866923804784
"Ladieswear || Underwear bottom || Under-, Nightwear || Black || Solid",solid,8,8,1,1.6225173974398812
"Ladieswear || Underwear bottom || Under-, Nightwear || Beige || Solid",solid,8,8,1,2.232478926880924
"Ladieswear || Underwear bottom || Under-, Nightwear || Brown || Solid",solid,8,8,0,3.112516493948462
Sport || Jacket || Outdoor || Black || Solid,solid,8,8,0,3.0566335952147465
Menswear || Shirt || Shirts || Blue || Chambray,patterned,8,8,1,16.49143306986879
"Ladieswear || Bra || Under-, Nightwear || Black || Lace",patterned,8,8,0,3.4487500689260178
"Baby/Children || Pyjama set || Under-, Nightwear || Blue || Mixed solid/pattern",patterned,8,8,1,7.877919158666873
Baby/Children || Trousers || Jersey Basic || Black || Melange,solid,8,8,0,14.059228897921567
"Ladieswear || Bra || Under-, Nightwear || Red || Solid",solid,8,8,0,19.546413111380094
Baby/Children || Underwear Tights || Socks and Tights || Black || Solid,solid,8,8,0,1.64158864808982
Baby/Children || Underwear Tights || Socks and Tights || White || Solid,solid,8,8,1,8.131148341550643
Baby/Children || Underwear Tights || Socks and Tights || Pink || Solid,solid,8,8,0,12.249867217105487
Baby/Children || Trousers || Trousers || Black || Solid,solid,8,8,0,5.850834281105449
Ladieswear || Earring || Accessories || Black || Solid,solid,8,8,1,4.520789202529273
Ladieswear || Earring || Accessories || Blue || Solid,solid,7,7,2,11.91293885840022
Ladieswear || Earring || Accessories || Metal || Solid,solid,8,8,3,10.998162201096964
Ladieswear || Earring || Accessories || Orange || Solid,solid,8,8,1,7.625981861437064
Ladieswear || Earring || Accessories || Green || Solid,solid,8,8,1,25.911660829088117
Divided || Hat/beanie || Accessories || Black || Solid,solid,8,8,0,4.663440276896784
Divided || Hat/beanie || Accessories || Pink || Solid,solid,8,8,0,11.479585216820546
Divided || Hat/beanie || Accessories || Grey || Solid,solid,8,8,0,6.25205319632818
Baby/Children || Underwear Tights || Socks and Tights || Beige || Solid,solid,7,7,0,12.025854665522626
Baby/Children || Underwear Tights || Socks and Tights || Red || Solid,solid,8,8,0,19.4528993235474
Ladieswear || T-shirt || Jersey Fancy || Orange || Solid,solid,8,8,0,6.027385905250784
Ladieswear || T-shirt || Jersey Fancy || White || Stripe,patterned,8,8,0,3.7483130393738575
Ladieswear || T-shirt || Jersey Fancy || Pink || Solid,solid,8,8,0,17.08707504291551
Ladieswear || T-shirt || Jersey Fancy || Khaki green || Solid,solid,8,8,0,11.039237568695745
Divided || Cap/peaked || Accessories || Black || Solid,solid,8,8,0,2.6578553785318224
Menswear || Gloves || Accessories || Black || Solid,solid,8,8,0,2.594765210426736
Ladieswear || Hair/alice band || Accessories || White || Solid,solid,8,8,0,2.9833517122365403
Ladieswear || Hair/alice band || Accessories || Pink || Solid,solid,8,8,0,27.250864733590415
Ladieswear || Shorts || Trousers || Black || Solid,solid,8,8,0,2.4524590895743765
Ladieswear || Trousers || Trousers || Grey || Denim,patterned,8,8,1,3.394122552595209
Ladieswear || Dress || Jersey Basic || Blue || Solid,solid,8,8,0,11.488453080589558
Ladieswear || Trousers || Trousers || Turquoise || Denim,patterned,8,8,0,6.3315799712890914
Divided || Jacket || Outdoor || Grey || Solid,solid,8,8,0,8.931569972920423
Divided || Jacket || Outdoor || Red || Solid,solid,8,8,0,12.202549255789386
Menswear || Socks || Socks and Tights || Black || Solid,solid,8,8,0,1.3035098618722056
Divided || Shorts || Shorts || Khaki green || Solid,solid,8,8,0,10.508651541340381
Menswear || Sweater || Knitwear || Khaki green || Solid,solid,8,8,0,10.177831280440891
Menswear || Sweater || Knitwear || Red || Melange,solid,8,8,0,15.511008304143342
Menswear || Sweater || Knitwear || Blue || Melange,solid,8,8,0,5.577091353996249
Ladieswear || Socks || Socks and Tights || Grey || Solid,solid,8,8,0,11.002463185244896
Ladieswear || Socks || Socks and Tights || Red || All over pattern,patterned,8,8,0,15.851327455933205
Ladieswear || Socks || Socks and Tights || White || All over pattern,patterned,8,8,0,21.709881446389062
Ladieswear || Socks || Socks and Tights || Grey || All over pattern,patterned,8,8,0,9.37663593355244
Ladieswear || Socks || Socks and Tights || Pink || All over pattern,patterned,8,8,1,12.814876398909922
Divided || Trousers || Trousers || Khaki green || Solid,solid,8,8,0,5.440212741763398
Divided || Shorts || Shorts || Blue || Solid,solid,8,8,0,12.56234730557761
Divided || Trousers || Trousers Denim || Blue || Denim,patterned,8,8,0,6.741630828107934
Divided || Shorts || Jersey Basic || Grey || Melange,solid,8,8,0,17.985708420794666
Menswear || Jacket || Outdoor || Black || Solid,solid,8,8,0,2.83777826646981
Baby/Children || Trousers || Trousers Denim || Grey || Denim,patterned,8,8,0,17.260416338265006
Divided || Scarf || Accessories || Pink || Solid,solid,8,8,0,9.889898779367224
Divided || Coat || Outdoor || Black || Solid,solid,8,8,0,3.2678657417829045
Divided || Coat || Outdoor || Beige || Solid,solid,8,8,0,6.290254961373839
Menswear || Hat/beanie || Accessories || Black || Solid,solid,8,8,0,5.154599003944842
Menswear || Hat/beanie || Accessories || Grey || Melange,solid,8,8,1,9.28944979818421
Divided || Trousers || Trousers || Black || All over pattern,patterned,8,8,0,9.369812931531733
Ladieswear || Top || Jersey Basic || Black || Stripe,patterned,7,7,0,6.858186521046219
Ladieswear || Sweater || Jersey Basic || Black || Solid,solid,8,8,0,2.8643217707786417
Divided || Dress || Dresses Ladies || White || Stripe,patterned,8,8,0,3.3655646380874384
Divided || Dress || Dresses Ladies || Khaki green || Solid,solid,8,8,0,16.135590112007137
Divided || Dress || Dresses Ladies || Yellow || Solid,solid,8,8,0,6.691856880912294
Divided || Jacket || Outdoor || Khaki green || Solid,solid,8,8,0,9.458610259213158
Divided || Jacket || Outdoor || Mole || Solid,solid,8,8,0,7.1285582516131605
Divided || Jacket || Outdoor || Pink || Solid,solid,8,8,0,8.32832599659131
Divided || Sweater || Knitwear || Grey || Solid,solid,8,8,0,9.771135413054399
Divided || Hat/beanie || Accessories || Grey || Melange,solid,8,8,0,6.536653851209381
Baby/Children || T-shirt || Jersey Basic || Blue || Stripe,patterned,8,8,0,11.705777452764782
Divided || Other accessories || Accessories || Pink || Solid,solid,8,8,0,12.62339547674809
Ladieswear || Hat/beanie || Accessories || Pink || Solid,solid,8,8,0,20.70184832725858
Ladieswear || Other accessories || Accessories || Black || Solid,solid,8,8,0,21.238253801636716
Ladieswear || Other accessories || Accessories || Green || All over pattern,patterned,8,8,0,13.405145490694482
Ladieswear || Other accessories || Accessories || Pink || All over pattern,patterned,8,8,0,12.539300088289231
Ladieswear || Other accessories || Accessories || Beige || All over pattern,patterned,8,8,0,3.168198940810178
Ladieswear || Other accessories || Accessories || Black || All over pattern,patterned,8,8,0,14.018211928174509
"Ladieswear || Bra || Under-, Nightwear || Pink || Solid",solid,8,8,0,22.335932340178513
"Ladieswear || Night gown || Under-, Nightwear || Blue || Stripe",patterned,8,8,0,6.317863534622298
Baby/Children || Trousers || Jersey Basic || Grey || Melange,solid,8,8,0,15.563917586748623
Baby/Children || Trousers || Jersey Basic || Blue || Solid,solid,8,8,1,12.962395408171348
Divided || Skirt || Skirts || Black || Solid,solid,8,8,0,9.186248411897434
Divided || Skirt || Skirts || Beige || Solid,solid,8,8,0,8.800031329219088
Divided || Skirt || Skirts || Pink || Solid,solid,8,8,0,10.520194238083494
Baby/Children || Leggings/Tights || Jersey Basic || Pink || Solid,solid,8,8,0,4.407501294477904
Sport || Trousers || Outdoor || Blue || Solid,solid,5,5,0,8.247789522422057
Ladieswear || Bikini top || Swimwear || White || Lace,patterned,6,6,0,2.5485363529392036
Divided || Dress || Jersey Basic || Black || Solid,solid,8,8,0,2.6019954031407693
Sport || Trousers || Outdoor || Black || Solid,solid,8,8,0,2.82190990416434
Baby/Children || Socks || Socks and Tights || Black || Solid,solid,8,8,1,24.805637531499617
Baby/Children || Socks || Socks and Tights || White || Solid,solid,8,8,0,5.788674212451511
Baby/Children || Socks || Socks and Tights || Grey || Solid,solid,8,8,0,12.947467083312478
Sport || T-shirt || Jersey Fancy || Grey || Melange,solid,8,8,0,8.476744967229944
Divided || Scarf || Accessories || Black || Solid,solid,8,8,0,4.000684631837047
Divided || Scarf || Accessories || Grey || Solid,solid,8,8,0,6.050143396553042
Baby/Children || Shirt || Shirts || White || Solid,solid,8,8,0,1.4039243052804655
Baby/Children || Shirt || Shirts || Black || Solid,solid,8,8,0,3.6201811720833392
Baby/Children || Shirt || Shirts || Blue || Solid,solid,8,8,0,11.565512645626757
Menswear || Belt || Accessories || Brown || Solid,solid,8,8,0,5.671610752073194
Menswear || Hat/brim || Accessories || Black || Solid,solid,8,8,0,4.064150345860784
Menswear || Sweater || Knitwear || Black || Melange,solid,8,8,0,16.4248448325903
"Baby/Children || Vest top || Under-, Nightwear || Pink || Solid",solid,8,8,0,5.431562959834104
Ladieswear || Scarf || Accessories || Black || Solid,solid,8,8,0,13.818601144461235
Ladieswear || Scarf || Accessories || Pink || Solid,solid,8,8,0,14.537420836619775
Ladieswear || Scarf || Accessories || Blue || Solid,solid,7,7,0,8.146696635497676
Ladieswear || Other accessories || Accessories || White || Solid,solid,8,8,0,4.276170819119022
Menswear || Sweater || Jersey Fancy || Black || Placement print,patterned,8,8,0,8.074409546628324
Ladieswear || Top || Jersey Fancy || Grey || Solid,solid,8,8,1,7.76769983000264
Ladieswear || Socks || Socks and Tights || Black || All over pattern,patterned,8,8,1,6.303217843949955
Baby/Children || Trousers || Trousers Denim || Blue || Solid,solid,8,8,0,10.427424694265431
Ladieswear || Top || Jersey Fancy || White || Stripe,patterned,8,8,0,4.276283575310966
Divided || T-shirt || Jersey Basic || Khaki green || Solid,solid,8,8,1,5.479222092487037
Ladieswear || Ballerinas || Shoes || Black || Solid,solid,8,8,0,20.16143801205134
Ladieswear || Ballerinas || Shoes || Red || Solid,solid,8,8,0,17.165104482873733
Baby/Children || Belt || Accessories || Black || Solid,solid,8,8,0,2.7013949764632716
Ladieswear || Trousers || Trousers || Black || Other structure,patterned,8,8,0,4.901830686281294
Ladieswear || Trousers || Trousers || Grey || Other structure,patterned,8,8,0,5.694450777237438
Ladieswear || Trousers || Trousers || Grey || Solid,solid,8,8,0,10.837492611319446
Baby/Children || Trousers || Jersey Basic || Pink || Solid,solid,8,8,1,11.015279290994116
Menswear || Tie || Accessories || Black || Solid,solid,8,8,0,3.0911122011785954
Menswear || Tie || Accessories || Blue || Solid,solid,8,8,0,6.9185853555129855
Ladieswear || Bikini top || Swimwear || Pink || Solid,solid,8,8,0,11.157878890703092
Ladieswear || Swimwear bottom || Swimwear || Black || Solid,solid,8,8,0,2.417068630183141
Ladieswear || Swimwear bottom || Swimwear || Pink || Solid,solid,8,8,0,5.679991163689041
Ladieswear || Swimwear bottom || Swimwear || Red || All over pattern,patterned,8,8,0,4.391471787246244
Ladieswear || Swimwear bottom || Swimwear || Blue || Stripe,patterned,8,8,0,4.894595607086666
Ladieswear || Swimwear bottom || Swimwear || White || Other structure,patterned,8,8,0,1.8437274490258644
Ladieswear || Swimwear bottom || Swimwear || Orange || Solid,solid,8,8,0,12.850053391501257
Ladieswear || Swimwear bottom || Swimwear || Blue || Solid,solid,8,8,0,18.93360129794001
Ladieswear || Swimwear bottom || Swimwear || Yellow || Solid,solid,8,8,0,12.151121411483025
"Divided || Underwear bottom || Under-, Nightwear || Black || Lace",patterned,8,8,0,12.200346752457122
"Ladieswear || Bra || Under-, Nightwear || Khaki green || Solid",solid,8,8,2,6.571175599604015
Ladieswear || Trousers || Trousers || White || Solid,solid,8,8,0,8.354348573028194
Ladieswear || Trousers || Trousers || Pink || Solid,solid,8,8,0,13.96556798377737
Divided || Vest top || Jersey Basic || Black || Solid,solid,8,8,0,2.4043626364913404
Divided || Vest top || Jersey Basic || White || Solid,solid,8,8,0,3.8416456852898078
Ladieswear || Vest top || Jersey Basic || Blue || Solid,solid,6,6,0,14.011086398665983
Divided || Dress || Dresses Ladies || Black || All over pattern,patterned,8,8,0,14.300118634482017
Divided || Dress || Dresses Ladies || Blue || All over pattern,patterned,8,8,0,20.973330189587355
Menswear || Sweater || Jersey Fancy || Black || Melange,solid,6,6,0,4.82363987990357
Divided || Sweater || Knitwear || Khaki green || Solid,solid,8,8,1,8.933429717532624
Divided || Sweater || Knitwear || Red || Solid,solid,8,8,1,7.490597447225812
Baby/Children || Blazer || Shirts || Blue || Other structure,patterned,8,8,1,15.285653110560244
Baby/Children || Blazer || Shirts || Black || Solid,solid,8,8,0,14.722105473707169
Menswear || Sunglasses || Accessories || Black || Solid,solid,8,8,0,23.39099496951913
Ladieswear || Top || Jersey Fancy || Grey || All over pattern,patterned,8,8,0,13.872859059045208
Ladieswear || Top || Jersey Fancy || Blue || Solid,solid,8,8,0,18.331127680050464
Ladieswear || Top || Jersey Fancy || Red || All over pattern,patterned,8,8,0,8.955048635254517
Menswear || Sunglasses || Accessories || Metal || Solid,solid,8,8,1,25.561540565108515
Sport || Vest top || Jersey Fancy || White || Solid,solid,8,8,0,1.08947431113842
Sport || Vest top || Jersey Fancy || Pink || Melange,solid,8,8,0,8.53741204883108
Sport || Vest top || Jersey Fancy || Orange || Solid,solid,8,8,0,9.856260407458661
Divided || Other accessories || Accessories || White || Solid,solid,8,8,0,11.900147741628764
Menswear || T-shirt || Jersey Fancy || White || Solid,solid,8,8,0,1.2462054616650236
Menswear || T-shirt || Jersey Fancy || Black || Solid,solid,8,8,0,6.580994136265613
Menswear || T-shirt || Jersey Fancy || Khaki green || Solid,solid,8,8,0,10.41557623642737
"Baby/Children || Pyjama set || Under-, Nightwear || Turquoise || All over pattern",patterned,8,8,0,12.553832628362132
"Ladieswear || Pyjama bottom || Under-, Nightwear || Pink || All over pattern",patterned,8,8,0,27.737634558547715
"Menswear || Underwear bottom || Under-, Nightwear || Blue || Solid",solid,8,8,0,10.87412228827243
"Menswear || Underwear bottom || Under-, Nightwear || Black || Solid",solid,8,8,0,2.618420681162295
Baby/Children || Leggings/Tights || Jersey Basic || Grey || All over pattern,patterned,8,8,0,4.553920165830322
Divided || Vest top || Jersey Basic || Grey || Melange,solid,8,8,0,1.8699201775608993
Divided || Vest top || Jersey Basic || Yellow || Solid,solid,8,8,0,8.84269010806244
Divided || Vest top || Jersey Basic || Orange || Solid,solid,8,8,0,14.19702978690135
Divided || Vest top || Jersey Basic || Pink || Solid,solid,8,8,0,10.47898566931829
Divided || Vest top || Jersey Basic || Khaki green || Solid,solid,8,8,0,11.458679689440162
Divided || Vest top || Jersey Basic || Blue || Solid,solid,5,5,0,27.956910227847363
Menswear || Polo shirt || Knitwear || Black || Solid,solid,8,8,1,1.620119458413651
Menswear || Polo shirt || Knitwear || Red || Solid,solid,8,8,0,6.216392116638084
Menswear || Polo shirt || Knitwear || Blue || Solid,solid,8,8,0,18.955865896404724
Menswear || Sweater || Knitwear || Blue || Solid,solid,8,8,0,14.85942252874676
Menswear || Sweater || Knitwear || Black || Solid,solid,8,8,0,4.043581146271351
Menswear || Sweater || Knitwear || Grey || Melange,solid,8,8,0,11.238308272638204
Menswear || Sweater || Knitwear || Green || Solid,solid,8,8,0,26.742831287187304
Menswear || Sweater || Knitwear || Beige || Melange,solid,8,8,0,7.003635240019933
Menswear || Sweater || Knitwear || Brown || Solid,solid,8,8,0,10.692914345582476
Baby/Children || Leggings/Tights || Jersey Basic || Pink || All over pattern,patterned,8,8,0,8.573514274799685
Menswear || Vest top || Jersey Basic || White || Solid,solid,8,8,0,1.2347818610193593
Menswear || Vest top || Jersey Basic || Black || Solid,solid,8,8,0,3.5007482027608026
Divided || T-shirt || Jersey Fancy || Pink || Solid,solid,8,8,1,7.79757319252508
Divided || T-shirt || Jersey Fancy || Khaki green || Solid,solid,8,8,0,8.276747508961295
Divided || Hoodie || Jersey Basic || Grey || Melange,solid,8,8,0,3.4818336971029282
Divided || T-shirt || Jersey Fancy || Black || Solid,solid,8,8,0,2.6572410335522876
Sport || Hoodie || Jersey Fancy || Black || Solid,solid,8,8,0,3.030253512654305
Menswear || Bag || Accessories || Black || Solid,solid,8,8,0,2.3458029081129768
Ladieswear || Dress || Jersey Fancy || Black || Solid,solid,8,8,0,23.661428823072207
Ladieswear || Dress || Jersey Fancy || Pink || Solid,solid,8,8,1,15.277536303240847
Menswear || Trousers || Trousers || Black || Denim,patterned,8,8,0,3.2294418721274387
Menswear || Trousers || Trousers || Brown || Solid,solid,8,8,0,7.572910814039309
Divided || Dress || Dresses Ladies || Black || Front print,patterned,8,8,0,3.121756191554173
Divided || Shorts || Jersey Basic || Black || Solid,solid,8,8,0,2.9000856452877413
Divided || Shorts || Jersey Basic || Orange || Solid,solid,5,5,0,5.130959231047241
Ladieswear || Earring || Accessories || Red || Solid,solid,8,8,1,20.75013558683178
Ladieswear || Bag || Accessories || Brown || Solid,solid,8,8,0,8.826513862011396
Ladieswear || Bag || Accessories || Pink || Solid,solid,8,8,0,6.18304807205196
Ladieswear || Bag || Accessories || Grey || Solid,solid,8,8,0,5.4339125561720465
Ladieswear || Bag || Accessories || Red || Solid,solid,8,8,1,12.490231217701258
Menswear || Hoodie || Jersey Basic || Red || Solid,solid,8,8,0,7.605202522765618
Menswear || Hoodie || Jersey Basic || Grey || Melange,solid,8,8,0,7.758599883873572
Menswear || Hoodie || Jersey Basic || Pink || Solid,solid,8,8,0,10.035674684895326
Menswear || Hoodie || Jersey Basic || Lilac Purple || Solid,solid,5,5,0,16.87490725602181
Sport || Other accessories || Accessories || Black || Solid,solid,8,8,0,18.930698874487476
Ladieswear || Hat/beanie || Accessories || Yellow || Solid,solid,8,8,0,4.521512805231269
Menswear || Trousers || Trousers || Grey || Melange,solid,8,8,0,5.593564949639133
Divided || Shorts || Shorts || White || Solid,solid,7,7,0,2.313273173313629
Divided || Bag || Accessories || Black || Solid,solid,8,8,0,3.3251357521290488
Menswear || Shirt || Shirts || White || Solid,solid,8,8,0,1.4477229042105924
Menswear || Shirt || Shirts || Black || Solid,solid,8,8,0,2.9179315706507505
Menswear || Shirt || Shirts || Blue || Stripe,patterned,8,8,0,4.094813741006004
Menswear || Shirt || Shirts || Blue || Melange,solid,8,8,0,9.751825725189166
Menswear || Shirt || Shirts || Blue || Solid,solid,8,8,1,9.533962223616054
Menswear || Shirt || Shirts || Blue || Dot,patterned,8,8,1,22.788213354194788
Divided || Jacket || Outdoor || Blue || Solid,solid,8,8,2,15.046237361329705
Ladieswear || Sweater || Knitwear || Grey || Melange,solid,8,8,0,12.244044537069458
Menswear || Trousers || Trousers || Khaki green || All over pattern,patterned,8,8,0,6.336155058537301
Menswear || Shirt || Shirts || Green || Solid,solid,8,8,0,11.58349500908471
Menswear || Shirt || Shirts || Blue || All over pattern,patterned,8,8,0,15.005821913252525
"Ladieswear || Underwear bottom || Under-, Nightwear || Black || Lace",patterned,8,8,1,2.104879972473066
Baby/Children || Trousers || Trousers || Blue || Solid,solid,8,8,0,7.87874468653174
Baby/Children || Trousers || Trousers || Brown || Solid,solid,8,8,0,12.130279999675146
Ladieswear || Shorts || Jersey Basic || Black || Solid,solid,8,8,0,1.4571618084094438
Ladieswear || Shorts || Jersey Basic || Grey || Melange,solid,8,8,0,9.326885163264146
Menswear || Trousers || Trousers Denim || Blue || Denim,patterned,8,8,0,10.264066146823302
Menswear || Trousers || Trousers Denim || Black || Denim,patterned,8,8,0,3.1367044145636807
Ladieswear || T-shirt || Jersey Fancy || Blue || Stripe,patterned,8,8,0,7.563142063662365
Ladieswear || T-shirt || Jersey Fancy || White || Solid,solid,8,8,0,2.5551290634393453
Divided || Shorts || Trousers Denim || Blue || Denim,patterned,8,8,0,9.82047563124214
Divided || Sunglasses || Accessories || Black || Solid,solid,8,8,0,9.2426140513862
Baby/Children || Sweater || Knitwear || Grey || Solid,solid,8,8,0,9.586620916621978
Baby/Children || Sweater || Knitwear || Pink || Solid,solid,8,8,0,10.278596356694237
Divided || Trousers || Trousers Denim || Black || Solid,solid,5,5,0,3.0445320413606947
Divided || Trousers || Trousers Denim || Grey || Denim,patterned,8,8,0,5.947567614988792
Divided || Trousers || Trousers Denim || Black || Denim,patterned,8,8,0,4.101267268836086
Divided || Trousers || Trousers Denim || White || Denim,patterned,8,8,0,3.0356290776881143
Divided || Trousers || Trousers Denim || Green || Denim,patterned,8,8,0,6.079991841274937
Ladieswear || Trousers || Trousers Denim || Black || Solid,solid,5,5,0,5.115559083176605
Ladieswear || Trousers || Trousers Denim || Blue || Denim,patterned,8,8,0,10.937883747228039
Menswear || Cardigan || Knitwear || Grey || Melange,solid,8,8,1,7.776872139782264
Divided || Dress || Dresses Ladies || White || All over pattern,patterned,8,8,0,8.500991724461567
Divided || Dress || Dresses Ladies || Pink || Solid,solid,8,8,0,19.664617919111066
Divided || Dress || Dresses Ladies || Beige || All over pattern,patterned,8,8,0,11.389683413253533
Divided || Dress || Dresses Ladies || Green || All over pattern,patterned,8,8,1,16.925142285404643
Ladieswear || Scarf || Accessories || Beige || Solid,solid,8,8,0,13.138359743507273
Baby/Children || Hoodie || Jersey Basic || Red || Solid,solid,8,8,0,7.569922913739115
Baby/Children || Vest top || Jersey Basic || White || Solid,solid,8,8,1,2.6179073268345854
Sport || Trousers || Jersey Fancy || Grey || Melange,solid,8,8,0,4.57403296979449
Divided || Sweater || Jersey Fancy || Grey || Melange,solid,8,8,0,8.617341310886685
Baby/Children || Sweater || Jersey Basic || Blue || Solid,solid,8,8,0,10.718853535832816
Baby/Children || Sweater || Jersey Basic || Black || Solid,solid,8,8,0,1.3641194727830344
Divided || Dress || Dresses Ladies || Pink || All over pattern,patterned,8,8,1,14.683948326863355
Divided || Blouse || Blouses || Blue || Solid,solid,8,8,0,17.93283228232431
Ladieswear || Top || Jersey Fancy || Black || Solid,solid,8,8,0,2.5056493103125366
Menswear || Jacket || Outdoor || Blue || Denim,patterned,8,8,1,16.01539550629279
Menswear || Jacket || Outdoor || Black || Denim,patterned,8,8,0,4.052202811320486
Ladieswear || Bracelet || Accessories || Metal || Solid,solid,8,8,0,7.748320494122689
Divided || Vest top || Jersey Basic || Lilac Purple || Solid,solid,8,8,0,11.216215437965879
Divided || Vest top || Jersey Basic || Beige || Solid,solid,8,8,0,2.0461184152337935
Divided || Vest top || Jersey Fancy || Black || Solid,solid,8,8,0,2.4034083170687626
Divided || T-shirt || Jersey Fancy || Orange || Solid,solid,5,5,0,5.411139616094131
Menswear || Jacket || Outdoor || Khaki green || Solid,solid,8,8,1,6.818516508721363
"Baby/Children || Pyjama set || Under-, Nightwear || Grey || All over pattern",patterned,8,8,0,6.6235786642878285
"Baby/Children || Pyjama set || Under-, Nightwear || White || Front print",patterned,8,8,0,7.306738197338838
Divided || T-shirt || Jersey Fancy || Turquoise || Solid,solid,7,7,0,18.479235779854726
Divided || Sweater || Knitwear || Mole || Solid,solid,8,8,0,3.7572147308023047
Menswear || Other shoe || Shoes || Black || Solid,solid,8,8,0,3.270209294056197
Ladieswear || Sneakers || Shoes || Grey || Solid,solid,8,8,0,13.046663146197485
Divided || Trousers || Trousers || Black || Solid,solid,8,8,0,4.55682335216404
"Ladieswear || Bra || Under-, Nightwear || Orange || Solid",solid,8,8,1,22.532016506715312
Divided || Leggings/Tights || Trousers || Black || Solid,solid,8,8,0,4.126868454957231
Menswear || Trousers || Trousers || Blue || Check,patterned,8,8,0,6.6519839988046
Divided || Trousers || Trousers || Grey || Solid,solid,8,8,0,3.7140667398279823
Divided || Jacket || Trousers Denim || Black || Denim,patterned,8,8,1,12.656932947549974
"Ladieswear || Bra || Under-, Nightwear || Black || Contrast",patterned,8,8,0,7.252725627045264
Baby/Children || Bodysuit || Jersey Fancy || White || Solid,solid,8,8,0,1.583479798609208
Ladieswear || Boots || Shoes || Beige || Solid,solid,8,8,0,8.558202940915102
Sport || T-shirt || Jersey Fancy || Black || Placement print,patterned,6,6,0,2.935549239491417
Menswear || Hoodie || Jersey Basic || Black || Solid,solid,8,8,0,2.348435375488705
Ladieswear || Skirt || Skirts || Orange || Solid,solid,8,8,0,10.150033238732183
Sport || Top || Jersey Fancy || Black || Solid,solid,8,8,0,2.410607043394928
Divided || Blouse || Blouses || Pink || All over pattern,patterned,8,8,0,6.6938797219522765
Divided || Sweater || Jersey Fancy || Pink || Solid,solid,8,8,0,19.97865983688614
Divided || Sweater || Jersey Fancy || Red || Solid,solid,8,8,0,3.867882795563701
Divided || Dungarees || Trousers Denim || Blue || Denim,patterned,8,8,0,14.959090979706195
"Ladieswear || Underwear bottom || Under-, Nightwear || Grey || Melange",solid,8,8,1,12.223444032847372
Divided || Bag || Accessories || Brown || Solid,solid,8,8,0,3.3574191444785493
"Ladieswear || Bra || Under-, Nightwear || Blue || Solid",solid,8,8,0,6.401302751689048
Ladieswear || Trousers || Trousers || Black || Denim,patterned,8,8,0,4.279661170376079
Ladieswear || Scarf || Accessories || Blue || All over pattern,patterned,8,8,0,9.928833764650802
Divided || Dress || Dresses Ladies || Grey || Melange,solid,8,8,0,12.293203805804094
Ladieswear || T-shirt || Jersey Fancy || Blue || Solid,solid,8,8,0,15.801935350901092
Ladieswear || Top || Jersey Fancy || White || Solid,solid,8,8,0,4.30902878020771
Ladieswear || T-shirt || Jersey Fancy || Pink || Melange,solid,8,8,0,15.696449789893975
Ladieswear || T-shirt || Jersey Fancy || Red || Solid,solid,8,8,0,21.331217135179813
Ladieswear || Bag || Accessories || Yellow || Solid,solid,8,8,0,7.396585527451209
"Ladieswear || Underwear body || Under-, Nightwear || Black || Solid",solid,8,8,0,1.7299526437344965
Ladieswear || Trousers || Trousers || Red || Solid,solid,8,8,0,4.722770632053792
Ladieswear || T-shirt || Jersey Fancy || Grey || Melange,solid,8,8,0,2.531798806489573
Menswear || T-shirt || Jersey Basic || Black || Solid,solid,8,8,0,7.4758679869496305
Menswear || Trousers || Jersey Fancy || Grey || Melange,solid,8,8,0,7.7005660941107035
Sport || Shorts || Jersey Fancy || Blue || Solid,solid,6,6,0,11.343879384646046
Ladieswear || Shorts || Trousers || Blue || Denim,patterned,8,8,0,6.987346003598027
Ladieswear || Trousers || Jersey Fancy || Black || Solid,solid,8,8,0,2.998599663332309
Ladieswear || Trousers || Jersey Fancy || Grey || Melange,solid,8,8,0,4.810670769244465
Ladieswear || Dress || Blouses || Red || Solid,solid,8,8,0,7.047400021793933
Baby/Children || Hoodie || Jersey Basic || Khaki green || Solid,solid,8,8,0,5.487043963981187
Baby/Children || Hoodie || Jersey Basic || Yellow || Solid,solid,8,8,0,7.396367485095892
Ladieswear || T-shirt || Jersey Fancy || Brown || Solid,solid,7,7,0,7.881510152045743
Divided || Cardigan || Knitwear || Black || Solid,solid,8,8,0,3.0821176469018354
Divided || Cardigan || Knitwear || Pink || Solid,solid,8,8,0,8.929140441220023
Divided || Cardigan || Knitwear || Yellow || Solid,solid,8,8,0,9.704019004029
Menswear || Sweater || Jersey Basic || Blue || Solid,solid,8,8,0,7.297532308018523
Menswear || Sneakers || Shoes || Black || Solid,solid,8,8,0,14.28123730564802
Menswear || T-shirt || Jersey Fancy || Grey || Placement print,patterned,8,8,0,11.293373014388992
Menswear || T-shirt || Jersey Fancy || Black || Placement print,patterned,8,8,0,4.10325769866362
Menswear || T-shirt || Jersey Fancy || Black || All over pattern,patterned,8,8,1,5.58226034967371
Menswear || T-shirt || Jersey Fancy || Pink || Placement print,patterned,8,8,0,12.519099364085996
Divided || Trousers || Trousers || Pink || Solid,solid,8,8,0,12.232128877717672
Divided || Trousers || Trousers || Blue || Denim,patterned,8,8,0,10.313320382160818
Sport || Shorts || Jersey Fancy || Grey || Melange,solid,8,8,0,7.697803961074599
Sport || T-shirt || Jersey Fancy || Black || Solid,solid,8,8,0,4.751655414671385
Sport || T-shirt || Jersey Fancy || White || Solid,solid,8,8,0,3.2125913817479868
Sport || T-shirt || Jersey Fancy || Blue || Melange,solid,8,8,0,8.756219545281331
Menswear || T-shirt || Jersey Fancy || Red || Solid,solid,8,8,0,10.094842510600367
Menswear || T-shirt || Jersey Fancy || Blue || Solid,solid,8,8,0,7.392127707895181
Menswear || T-shirt || Jersey Fancy || Beige || Solid,solid,7,7,0,7.271775151294113
Sport || T-shirt || Jersey Fancy || Pink || Melange,solid,8,8,1,14.130922137677338
Sport || T-shirt || Jersey Fancy || Orange || Melange,solid,8,8,0,11.91351247578224
Sport || Bra || Jersey Fancy || Blue || Solid,solid,8,8,0,17.769756733624988
Menswear || Trousers || Trousers Denim || Unknown || Denim,patterned,8,8,0,19.610710294240846
Menswear || Trousers || Trousers Denim || Grey || Denim,patterned,8,8,0,11.123267056120772
Menswear || Shirt || Shirts || Blue || Denim,patterned,8,8,0,10.494697191417362
Baby/Children || Trousers || Trousers || Grey || Solid,solid,8,8,0,5.452909640357692
Baby/Children || Trousers || Trousers || Khaki green || Solid,solid,8,8,0,4.806798400368633
Menswear || Trousers || Trousers || Grey || Denim,patterned,8,8,1,13.394413592376377
Menswear || T-shirt || Jersey Basic || Brown || Solid,solid,5,5,0,8.029542533803278
Divided || Top || Jersey Basic || Black || Solid,solid,8,8,0,2.369712260100473
Ladieswear || Bag || Accessories || Mole || Solid,solid,8,8,0,7.806809209062081
Ladieswear || Necklace || Accessories || Orange || Solid,solid,8,8,1,1.0693503904802941
Menswear || Trousers || Trousers || Blue || Melange,solid,8,8,0,14.024585203553595
Menswear || Trousers || Trousers || Unknown || Check,patterned,6,6,0,6.969628751908701
Ladieswear || Sweater || Knitwear || Blue || Stripe,patterned,8,8,0,13.862111630826824
Ladieswear || Sweater || Knitwear || White || Stripe,patterned,8,8,1,3.9007232880360077
Menswear || Shorts || Jersey Basic || Grey || Melange,solid,8,8,0,8.109848996588385
Menswear || Shorts || Jersey Basic || Blue || Melange,solid,5,5,0,13.485355480047133
Menswear || Shorts || Jersey Basic || Black || Solid,solid,8,8,0,11.600140397425308
Ladieswear || Shorts || Jersey Fancy || Black || Solid,solid,8,8,0,2.9078690937868976
Baby/Children || Trousers || Woven/Jersey/Knitted mix Baby || Blue || Denim,patterned,8,8,0,14.83775028047085
Ladieswear || Skirt || Skirts || Blue || Solid,solid,8,8,0,12.919918889341568
Ladieswear || Belt || Accessories || Mole || Solid,solid,8,8,0,12.871382812754897
Ladieswear || Belt || Accessories || White || Solid,solid,8,8,1,20.134588965665085
Divided || Cardigan || Knitwear || Khaki green || Solid,solid,7,7,0,7.007831813023142
Sport || Vest top || Jersey Fancy || Lilac Purple || Solid,solid,6,6,0,14.386937702971679
Divided || Dress || Dresses Ladies || Grey || Solid,solid,8,8,0,6.9309042229628375
"Baby/Children || Pyjama set || Under-, Nightwear || Blue || All over pattern",patterned,8,8,0,9.930238977708656
Divided || Dress || Dresses Ladies || Black || Embroidery,patterned,8,8,0,1.9364024837480014
Divided || Dress || Dresses Ladies || Blue || Embroidery,patterned,8,8,0,14.551267047175946
Divided || Sweater || Jersey Fancy || White || Solid,solid,8,8,1,2.6474580726127646
Baby/Children || Dress || Accessories || Pink || Solid,solid,8,8,0,5.461342625321233
Baby/Children || Tailored Waistcoat || Shirts || Blue || Solid,solid,8,8,0,4.353264004209285
"Ladieswear || Underwear bottom || Under-, Nightwear || White || Solid",solid,8,8,0,2.2191679592630256
Baby/Children || Sneakers || Shoes || White || Solid,solid,8,8,0,2.1748636192641206
Ladieswear || Top || Jersey Fancy || Pink || Lace,patterned,8,8,0,15.468284696146302
Divided || Shirt || Blouses || Black || All over pattern,patterned,8,8,0,24.458283308246912
Ladieswear || Shirt || Blouses || Black || Solid,solid,8,8,0,3.250997088451384
Divided || Shorts || Shorts || Grey || Denim,patterned,5,5,0,2.1775613194179977
Divided || Shorts || Shorts || Blue || Denim,patterned,8,8,0,8.080444257157142
Ladieswear || Boots || Shoes || Black || Solid,solid,8,8,0,3.7072399892217653
Ladieswear || Bikini top || Swimwear || Red || Solid,solid,8,8,0,9.209992071523521
Ladieswear || Bikini top || Swimwear || White || Solid,solid,8,8,0,1.4353482206928811
Ladieswear || Shirt || Blouses || White || Solid,solid,8,8,0,0.9351283455305307
Ladieswear || Top || Jersey Fancy || Pink || Solid,solid,8,8,0,11.426102447268983
Ladieswear || Top || Jersey Fancy || Orange || Solid,solid,8,8,0,11.968298908377204
Ladieswear || Trousers || Trousers || Grey || Stripe,patterned,8,8,0,13.138409729097098
Ladieswear || Top || Blouses || White || Solid,solid,8,8,0,2.0728309891156695
Ladieswear || Cardigan || Knitwear || White || Solid,solid,8,8,0,3.016282405743742
Ladieswear || Sneakers || Shoes || White || Solid,solid,8,8,0,3.3455249255071218
"Ladieswear || Pyjama set || Under-, Nightwear || Pink || All over pattern",patterned,8,8,0,6.011695180962631
Ladieswear || Dress || Dresses Ladies || Blue || Solid,solid,8,8,0,14.761656346825793
"Ladieswear || Underwear bottom || Under-, Nightwear || Pink || Solid",solid,8,8,0,12.650472070719193
"Ladieswear || Underwear bottom || Under-, Nightwear || Khaki green || Solid",solid,8,8,0,7.631621227400695
"Ladieswear || Underwear bottom || Under-, Nightwear || Orange || Solid",solid,8,8,0,22.146954802404977
"Ladieswear || Underwear bottom || Under-, Nightwear || Black || All over pattern",patterned,8,8,0,8.841283395105416
Divided || Skirt || Skirts || Black || All over pattern,patterned,8,8,0,15.153325227877968
"Ladieswear || Bra || Under-, Nightwear || Pink || Melange",solid,7,7,0,19.06095343395905
"Ladieswear || Underwear bottom || Under-, Nightwear || Blue || Solid",solid,8,8,0,12.639263094100594
"Ladieswear || Underwear bottom || Under-, Nightwear || Pink || Contrast",patterned,8,8,1,5.346882727422269
"Ladieswear || Underwear bottom || Under-, Nightwear || Grey || Contrast",patterned,8,8,0,6.6290873187987716
"Ladieswear || Underwear bottom || Under-, Nightwear || Black || Contrast",patterned,8,8,0,13.331948591544855
Sport || Bra || Jersey Fancy || Pink || Solid,solid,8,8,0,13.675181417504717
Sport || Bra || Jersey Fancy || Black || Solid,solid,8,8,0,2.2398814914923233
Menswear || Shirt || Shirts || Blue || Check,patterned,8,8,1,15.287794609315908
Menswear || Shirt || Shirts || Black || Check,patterned,8,8,0,20.690362602566513
Menswear || Cardigan || Knitwear || Black || Solid,solid,8,8,1,3.500192861037221
Divided || Bag || Accessories || Pink || Solid,solid,8,8,1,11.484948212521173
Ladieswear || Ballerinas || Shoes || Beige || Solid,solid,8,8,1,5.424511093860738
Ladieswear || Top || Jersey Fancy || Beige || Solid,solid,8,8,0,4.728962639204849
Ladieswear || Top || Jersey Fancy || Brown || Solid,solid,8,8,1,14.634285695966895
Ladieswear || Top || Jersey Fancy || Khaki green || Solid,solid,8,8,0,6.773763620052835
Ladieswear || Top || Jersey Fancy || Black || All over pattern,patterned,8,8,1,18.109523766714684
Ladieswear || Dress || Dresses Ladies || Blue || Stripe,patterned,8,8,0,22.251415195772804
Ladieswear || Cardigan || Knitwear || Black || Solid,solid,8,8,0,2.384637013888405
Ladieswear || Blouse || Blouses || Black || Solid,solid,8,8,0,4.075289824374839
Ladieswear || Trousers || Trousers || Blue || Other structure,patterned,6,6,0,13.224092983049127
Divided || Jumpsuit/Playsuit || Dresses Ladies || Black || Solid,solid,8,8,0,1.9588791568595454
Divided || Jumpsuit/Playsuit || Dresses Ladies || White || All over pattern,patterned,8,8,0,7.082705448819807
Divided || Jumpsuit/Playsuit || Dresses Ladies || Black || All over pattern,patterned,8,8,0,10.945829351095705
Ladieswear || Sneakers || Shoes || Yellow || Solid,solid,5,5,0,9.748675371677274
Divided || Blouse || Blouses || Pink || Solid,solid,8,8,0,6.69436294589913
Divided || Blouse || Blouses || Black || Solid,solid,8,8,0,1.9841214994585414
Ladieswear || Sneakers || Shoes || Black || Solid,solid,8,8,0,3.5229919352097343
Divided || T-shirt || Jersey Fancy || White || Solid,solid,8,8,0,1.2382931867972449
"Ladieswear || Unknown || Under-, Nightwear || Black || Solid",solid,8,8,0,2.578771193560092
"Ladieswear || Unknown || Under-, Nightwear || Beige || Solid",solid,5,5,0,6.868504498506033
"Ladieswear || Unknown || Under-, Nightwear || Brown || Solid",solid,7,7,0,3.5534749102794505
Divided || Vest top || Jersey Fancy || White || Solid,solid,8,8,0,2.3859557087610095
Divided || Vest top || Jersey Fancy || Yellow || Solid,solid,6,6,0,17.735180567389598
Menswear || Shorts || Shorts || Blue || All over pattern,patterned,8,8,0,15.897895122911613
Menswear || Shorts || Shorts || Brown || Solid,solid,8,8,0,8.212060439502848
Menswear || Polo shirt || Jersey Fancy || Black || Solid,solid,8,8,1,2.2586547923724183
Menswear || Polo shirt || Jersey Fancy || Blue || Solid,solid,8,8,0,14.029404974393245
Ladieswear || Sweater || Knitwear || Blue || Melange,solid,8,8,0,15.227235090539555
Ladieswear || Sweater || Knitwear || Red || Solid,solid,8,8,0,11.361522573181626
Divided || Dress || Jersey Basic || Grey || Solid,solid,8,8,0,5.838913472222898
Ladieswear || Shorts || Shorts || Khaki green || Solid,solid,8,8,0,10.068921138647596
Divided || Blouse || Blouses || Black || All over pattern,patterned,8,8,0,2.923413525232527
Divided || Sandals || Shoes || Black || Solid,solid,8,8,0,16.61654433052066
Ladieswear || Hair/alice band || Accessories || Grey || Solid,solid,8,8,0,14.755442573514467
Ladieswear || Hair/alice band || Accessories || Black || All over pattern,patterned,8,8,0,2.873664966837102
Divided || Dress || Dresses Ladies || Black || Dot,patterned,8,8,0,1.4871858713534682
Ladieswear || Shorts || Shorts || Blue || Denim,patterned,8,8,0,11.76650147390604
Ladieswear || T-shirt || Jersey Basic || White || Solid,solid,8,8,0,1.8049902856274762
Ladieswear || T-shirt || Jersey Basic || Blue || Stripe,patterned,8,8,0,8.080911062112566
Ladieswear || T-shirt || Jersey Basic || White || Stripe,patterned,8,8,0,6.4389583154258325
Ladieswear || T-shirt || Jersey Basic || Pink || Solid,solid,8,8,0,8.727880674745913
Ladieswear || Blouse || Blouses || White || All over pattern,patterned,8,8,1,8.60389985924865
Divided || Dress || Dresses Ladies || White || Solid,solid,8,8,0,2.21258099520717
Ladieswear || Trousers || Trousers || White || Stripe,patterned,8,8,0,16.211932423376588
Divided || Sweater || Jersey Fancy || Blue || Solid,solid,8,8,0,10.087611983596602
Baby/Children || Shorts || Trousers Denim || Blue || Denim,patterned,8,8,0,6.71036156408787
Baby/Children || Trousers || Jersey Fancy || Grey || All over pattern,patterned,8,8,0,8.531359525779632
Baby/Children || Trousers || Jersey Fancy || Black || Solid,solid,8,8,0,2.136545124732374
Baby/Children || Cardigan || Knitwear || Pink || Solid,solid,8,8,1,9.353081058791824
Divided || Jumpsuit/Playsuit || Dresses Ladies || Orange || All over pattern,patterned,5,5,0,36.94090594849823
Divided || Jumpsuit/Playsuit || Dresses Ladies || Pink || Solid,solid,8,8,0,14.439179306263421
Baby/Children || T-shirt || Jersey Fancy || Black || Front print,patterned,8,8,0,9.660428731574877
Divided || Jumpsuit/Playsuit || Dresses Ladies || Beige || All over pattern,patterned,6,6,0,20.234767672291134
Ladieswear || Sunglasses || Accessories || Brown || Melange,solid,8,8,0,23.596930478489867
Ladieswear || Other accessories || Accessories || Pink || Solid,solid,8,8,0,7.271883123029607
"Baby/Children || Underwear bottom || Under-, Nightwear || Blue || Mixed solid/pattern",patterned,8,8,0,38.50395291879034
Ladieswear || Dress || Dresses Ladies || Turquoise || Solid,solid,8,8,0,17.79332353907224
Ladieswear || Trousers || Trousers || Blue || Stripe,patterned,8,8,0,20.664598837671775
Ladieswear || Blouse || Blouses || Orange || Solid,solid,8,8,0,9.140557366314866
Ladieswear || Blouse || Blouses || Black || Stripe,patterned,8,8,0,20.10742103382719
Ladieswear || Blouse || Blouses || Blue || Solid,solid,8,8,0,8.30505477442182
Ladieswear || Blouse || Blouses || Red || Solid,solid,8,8,0,13.217279579803769
Ladieswear || Shirt || Blouses || Blue || Melange,solid,7,7,0,2.158492546127409
Ladieswear || Blouse || Blouses || Blue || Stripe,patterned,8,8,0,3.1190746451335167
Ladieswear || Top || Blouses || Yellow || Solid,solid,7,7,0,12.270996322114197
Ladieswear || Shirt || Blouses || White || Stripe,patterned,8,8,0,3.050395534039609
Ladieswear || Skirt || Skirts || Black || All over pattern,patterned,8,8,0,31.450162425785855
Menswear || Sweater || Knitwear || White || Solid,solid,8,8,1,3.1314935504376247
"Ladieswear || Robe || Under-, Nightwear || Pink || Solid",solid,8,8,0,11.46069589997013
Ladieswear || Wedge || Shoes || Beige || Solid,solid,8,8,0,11.287998684904515
Ladieswear || Dress || Dresses Ladies || Pink || Solid,solid,8,8,0,4.848727430026656
Divided || Hoodie || Jersey Basic || Orange || Solid,solid,8,8,0,4.043296185877187
Ladieswear || Dress || Blouses || Pink || All over pattern,patterned,8,8,0,5.082944455962638
Sport || Leggings/Tights || Jersey Fancy || Black || Placement print,patterned,8,8,0,1.5947350995602494
Divided || Top || Jersey Basic || White || Solid,solid,8,8,3,2.197852298804412
Sport || Leggings/Tights || Jersey Fancy || Grey || Colour blocking,patterned,8,8,0,10.098892849939766
Divided || Trousers || Trousers || Beige || Solid,solid,8,8,0,9.200929195141212
"Baby/Children || Pyjama set || Under-, Nightwear || Grey || Front print",patterned,8,8,0,2.4633832972745355
Ladieswear || Blouse || Blouses || White || Solid,solid,8,8,0,1.2771377872936223
"Baby/Children || Underwear bottom || Under-, Nightwear || Black || Solid",solid,8,8,0,4.73091063647264
Ladieswear || Shirt || Blouses || Blue || Solid,solid,8,8,0,5.511300358978586
Ladieswear || Dress || Dresses Ladies || Black || Solid,solid,8,8,0,5.203909718517398
Ladieswear || Vest top || Blouses || White || Solid,solid,8,8,0,3.7621750950391615
Ladieswear || Dress || Special Offers || Black || Solid,solid,8,8,0,3.233051708282008
Divided || Sweater || Knitwear || Black || Melange,solid,8,8,0,5.610866785980759
Baby/Children || Jacket || Outdoor || Khaki green || Solid,solid,8,8,0,16.237502459521835
Baby/Children || Socks || Socks and Tights || Blue || All over pattern,patterned,8,8,0,18.568019779254108
Baby/Children || Socks || Socks and Tights || Grey || All over pattern,patterned,8,8,0,10.058468762215146
Ladieswear || Shorts || Trousers || Blue || Solid,solid,8,8,0,7.65860093772563
"Ladieswear || Underwear body || Under-, Nightwear || Red || Solid",solid,8,8,0,22.104620183414056
Divided || Dress || Dresses Ladies || Green || Solid,solid,8,8,0,11.778372697106363
Baby/Children || Shorts || Jersey Basic || White || Stripe,patterned,8,8,0,27.288746432770985
"Baby/Children || Underwear bottom || Under-, Nightwear || White || Mixed solid/pattern",patterned,8,8,0,5.5730694135079935
Ladieswear || Cardigan || Knitwear || Orange || Solid,solid,8,8,0,8.957577873526173
Divided || Blouse || Blouses || White || All over pattern,patterned,8,8,1,2.731743279566556
Divided || Blouse || Blouses || Green || All over pattern,patterned,8,8,0,12.845199831575144
Divided || Dress || Dresses Ladies || White || Lace,patterned,8,8,0,3.750606456522781
Divided || Jacket || Outdoor || Beige || Solid,solid,8,8,0,12.638880949419038
Ladieswear || Sweater || Knitwear || White || Jacquard,patterned,8,8,0,3.585654912190428
Ladieswear || Sandals || Shoes || Metal || Solid,solid,8,8,0,10.749102562975203
Ladieswear || Sandals || Shoes || Black || Solid,solid,8,8,1,20.45535489020635
Ladieswear || Trousers || Jersey Fancy || White || All over pattern,patterned,8,8,0,21.83606427291076
Ladieswear || Trousers || Jersey Fancy || Beige || All over pattern,patterned,8,8,0,11.661839084055995
Ladieswear || Trousers || Jersey Fancy || Black || All over pattern,patterned,8,8,1,8.995782926353582
Divided || Shorts || Shorts || Black || Denim,patterned,8,8,0,1.6927557656376724
Divided || Trousers || Trousers || Mole || Solid,solid,6,6,0,5.757798939011248
Baby/Children || Trousers || Trousers || Beige || Solid,solid,8,8,0,8.188841608743626
Divided || T-shirt || Jersey Fancy || Grey || Embroidery,patterned,8,8,0,8.223032447092026
Divided || T-shirt || Jersey Fancy || Black || Placement print,patterned,8,8,0,1.7302772119218006
Divided || T-shirt || Jersey Fancy || Pink || Placement print,patterned,8,8,0,7.645484633014968
Divided || T-shirt || Jersey Fancy || White || Placement print,patterned,8,8,0,9.183929975248544
Divided || T-shirt || Jersey Fancy || White || Embroidery,patterned,8,8,0,2.789746654658617
Divided || T-shirt || Jersey Fancy || Blue || Placement print,patterned,8,8,0,13.106395514713363
Divided || T-shirt || Jersey Fancy || Pink || Embroidery,patterned,7,7,0,22.214843627175792
Divided || Sweater || Jersey Fancy || Pink || Placement print,patterned,8,8,0,8.35778978153265
Divided || Sweater || Jersey Fancy || Black || Placement print,patterned,8,8,0,4.171330123153863
Baby/Children || T-shirt || Jersey Fancy || White || Front print,patterned,8,8,0,1.9470388928481863
Ladieswear || Shorts || Shorts || Blue || Solid,solid,8,8,0,11.087787556050591
Ladieswear || Vest top || Jersey Fancy || Black || Solid,solid,8,8,0,2.728633390775053
Ladieswear || Skirt || Jersey Fancy || Black || Solid,solid,8,8,0,2.7443296785336204
Ladieswear || Swimwear bottom || Swimwear || Beige || All over pattern,patterned,8,8,0,6.9522768445418315
Ladieswear || Swimwear bottom || Swimwear || Orange || All over pattern,patterned,8,8,0,10.363643270089124
Ladieswear || Bikini top || Swimwear || Beige || All over pattern,patterned,8,8,0,17.61217123401384
Ladieswear || Bikini top || Swimwear || Orange || Solid,solid,8,8,0,18.205840785031338
Ladieswear || Bikini top || Swimwear || White || Stripe,patterned,8,8,0,7.867658888635818
Baby/Children || Outdoor Waistcoat || Outdoor || Khaki green || Solid,solid,8,8,2,8.767798405085259
Ladieswear || Pumps || Shoes || Red || Solid,solid,8,8,0,15.026180779085188
"Ladieswear || Bra || Under-, Nightwear || Mole || Solid",solid,6,6,0,7.758096917941691
Sport || Bra || Jersey Fancy || Black || Melange,solid,7,7,0,3.699079663751826
Divided || Skirt || Trousers || Black || Solid,solid,8,8,0,4.1395936729996
Sport || Bra || Jersey Fancy || Grey || Melange,solid,8,8,0,9.026837041003022
Sport || Vest top || Jersey Fancy || Grey || Solid,solid,8,8,0,7.901523339936498
Sport || T-shirt || Jersey Fancy || Black || Melange,solid,8,8,0,13.404899020000371
"Ladieswear || Pyjama set || Under-, Nightwear || Grey || All over pattern",patterned,8,8,0,9.181237309621359
Ladieswear || Dress || Jersey Fancy || Blue || Lace,patterned,8,8,0,9.181794162775306
Ladieswear || Boots || Shoes || Brown || Solid,solid,8,8,0,7.276698269924698
Menswear || Sneakers || Shoes || White || Solid,solid,8,8,0,2.8583352691886046
Divided || T-shirt || Jersey Fancy || Blue || Solid,solid,6,6,0,9.698874034901298
Baby/Children || Jacket || Outdoor || Blue || Solid,solid,8,8,0,6.140236182499314
Baby/Children || Jacket || Outdoor || Pink || Solid,solid,8,8,0,8.788014983353738
Baby/Children || Jacket || Outdoor || Black || Solid,solid,8,8,0,2.5057662858390115
Baby/Children || Garment Set || Jersey Fancy || White || Front print,patterned,8,8,2,6.119386414660687
Baby/Children || Jumpsuit/Playsuit || Jersey Fancy || White || All over pattern,patterned,8,8,0,17.44597612379983
Menswear || Socks || Socks and Tights || White || Solid,solid,8,8,0,6.370930257096463
Menswear || Sweater || Knitwear || White || Melange,solid,8,8,0,3.092530719228468
Menswear || Shirt || Shirts || Red || Check,patterned,8,8,0,20.51037706009629
Menswear || Shirt || Shirts || Brown || Check,patterned,8,8,0,14.723934285913437
Menswear || Shirt || Shirts || Grey || Melange,solid,7,7,0,9.409794804189762
Menswear || Jacket || Outdoor || Brown || Solid,solid,8,8,0,7.396702964231872
Ladieswear || Sweater || Knitwear || Orange || Solid,solid,8,8,0,10.074410473507683
Ladieswear || Sweater || Knitwear || Lilac Purple || Solid,solid,8,8,0,17.849480859986244
Ladieswear || Sweater || Knitwear || Green || Solid,solid,8,8,0,18.287194458082627
Ladieswear || Sweater || Knitwear || Pink || Stripe,patterned,6,6,0,18.875599847585423
Ladieswear || Hat/beanie || Accessories || White || Solid,solid,7,7,0,3.972084342337268
Ladieswear || Dress || Dresses Ladies || Grey || Solid,solid,8,8,0,13.689307092312141
Baby/Children || Hat/beanie || Accessories || Pink || Solid,solid,8,8,0,11.982772511140853
Baby/Children || Hat/beanie || Accessories || Grey || Solid,solid,8,8,0,22.57215589461056
Ladieswear || Dress || Dresses Ladies || White || Lace,patterned,8,8,0,2.3085335209508404
Ladieswear || Top || Blouses || Blue || Solid,solid,8,8,0,11.811525536642117
Ladieswear || Dress || Dresses Ladies || Orange || Solid,solid,8,8,0,7.390494747185383
Baby/Children || Sneakers || Shoes || Black || Solid,solid,8,8,0,4.236649173760821
Menswear || Sweater || Knitwear || Brown || Melange,solid,8,8,0,8.666314479155325
Ladieswear || T-shirt || Jersey Fancy || Black || Front print,patterned,8,8,0,3.279071912797327
Ladieswear || Jacket || Outdoor || Khaki green || Solid,solid,8,8,0,8.688283816838144
Ladieswear || Jacket || Outdoor || Black || Solid,solid,8,8,0,3.626519457821696
Ladieswear || Coat || Outdoor || Black || Solid,solid,8,8,0,4.579445178550574
Baby/Children || T-shirt || Jersey Fancy || White || Placement print,patterned,8,8,1,11.22202343750991
Sport || Jacket || Unknown || Black || Solid,solid,8,8,0,17.40435558052833
Sport || Trousers || Unknown || Black || Solid,solid,8,8,0,1.7734470461744782
Sport || Trousers || Unknown || Black || All over pattern,patterned,8,8,0,5.961798550325545
Ladieswear || Top || Jersey Fancy || Red || Stripe,patterned,8,8,0,31.50836236744471
Baby/Children || Sweater || Knitwear || Grey || Melange,solid,8,8,0,4.3598139490033
Baby/Children || Sweater || Knitwear || Red || Solid,solid,8,8,0,5.323111437073931
Baby/Children || Gloves || Accessories || Black || Solid,solid,8,8,0,20.471604214718003
Baby/Children || Shirt || Shirts || Red || Check,patterned,8,8,1,23.830341094442442
Ladieswear || Blazer || Dressed || Black || Solid,solid,8,8,0,1.4858886135838485
Divided || Shirt || Blouses || Red || Check,patterned,8,8,0,9.936389044651266
Divided || Shirt || Blouses || Green || Check,patterned,8,8,0,12.291774612944543
Baby/Children || Jacket || Outdoor || Black || Colour blocking,patterned,8,8,0,12.702786812521897
Ladieswear || Hair/alice band || Accessories || Blue || All over pattern,patterned,8,8,0,13.807280645194632
Ladieswear || Hair/alice band || Accessories || Green || All over pattern,patterned,8,8,0,21.438943116608947
Ladieswear || Hair/alice band || Accessories || Pink || All over pattern,patterned,8,8,0,5.6885681370799945
Ladieswear || Hair/alice band || Accessories || Beige || All over pattern,patterned,8,8,0,7.038754699474452
Ladieswear || Hair/alice band || Accessories || Orange || All over pattern,patterned,8,8,0,21.099219201987182
Ladieswear || Hair/alice band || Accessories || Yellow || All over pattern,patterned,8,8,0,24.98206935508342
Menswear || Hoodie || Jersey Fancy || Black || Placement print,patterned,8,8,0,2.713074282588659
Sport || Leggings/Tights || Jersey Fancy || Black || Melange,solid,8,8,0,7.32961744503838
Sport || Leggings/Tights || Jersey Fancy || Black || All over pattern,patterned,8,8,0,4.4386371700376
Baby/Children || Trousers || Trousers || Red || Solid,solid,8,8,0,3.421860660148455
Ladieswear || Blazer || Dressed || White || Solid,solid,8,8,0,2.7496056969345175
Ladieswear || Blazer || Dressed || Grey || Solid,solid,8,8,0,8.697401475827863
Ladieswear || Shorts || Trousers || White || Solid,solid,8,8,1,2.0974639480739787
Ladieswear || Trousers || Trousers || Green || Solid,solid,8,8,0,22.449044876238585
Ladieswear || Trousers || Trousers || Grey || Check,patterned,8,8,0,12.771408031724473
Ladieswear || Trousers || Trousers || Black || Stripe,patterned,8,8,0,14.706204716666939
Ladieswear || Trousers || Trousers || Black || Check,patterned,8,8,0,14.988293695232402
Ladieswear || Jumpsuit/Playsuit || Trousers || Black || Solid,solid,8,8,0,3.757611174750089
Ladieswear || Skirt || Skirts || Pink || Solid,solid,8,8,1,5.565482095954753
Menswear || Coat || Outdoor || Black || Solid,solid,8,8,0,2.7257660412712807
Menswear || Shirt || Shirts || White || Dot,patterned,8,8,0,2.2711798050462972
Menswear || Shirt || Shirts || Grey || Chambray,patterned,6,6,0,9.651555614840406
Menswear || Shirt || Shirts || Khaki green || Solid,solid,8,8,0,10.176836263488829
Menswear || Shirt || Shirts || White || All over pattern,patterned,8,8,1,11.124930425683175
Menswear || Shirt || Shirts || Black || All over pattern,patterned,8,8,1,6.0800098450563365
Divided || Sweater || Knitwear || Black || Solid,solid,8,8,0,3.23850700659101
Divided || Sweater || Knitwear || Beige || Melange,solid,8,8,0,4.747515645212141
Divided || Sweater || Knitwear || Green || Solid,solid,8,8,0,20.567208406493506
Divided || Sweater || Knitwear || Blue || Solid,solid,8,8,0,8.112251751518134
Divided || Sweater || Knitwear || White || Melange,solid,8,8,0,8.572599865301665
Divided || Sweater || Knitwear || Pink || Solid,solid,8,8,0,10.123943790316577
Baby/Children || Sweater || Knitwear || Blue || Stripe,patterned,8,8,0,11.973639711296078
Baby/Children || Sweater || Knitwear || Blue || Melange,solid,8,8,0,21.538138981896402
Baby/Children || Sweater || Knitwear || Red || Stripe,patterned,8,8,0,7.488618127573629
Baby/Children || Cardigan || Knitwear || Grey || Melange,solid,8,8,0,13.53587504892161
Sport || Outdoor trousers || Unknown || Black || Solid,solid,8,8,0,4.241851029282721
Ladieswear || Sweater || Knitwear || Black || Solid,solid,8,8,0,6.4561785442485276
Ladieswear || Sweater || Knitwear || Yellow || Solid,solid,8,8,0,9.106619788779518
Ladieswear || Sweater || Knitwear || Turquoise || Solid,solid,8,8,0,16.165877591128456
Ladieswear || Sweater || Knitwear || Brown || Solid,solid,8,8,0,7.368599734746946
Ladieswear || Coat || Outdoor || Blue || Solid,solid,8,8,0,27.225717421436087
Baby/Children || Dungarees || Woven/Jersey/Knitted mix Baby || Blue || Denim,patterned,8,8,0,8.699390518295063
Divided || Vest top || Blouses || White || Solid,solid,8,8,0,2.7705936193109686
Divided || Vest top || Blouses || Pink || Solid,solid,8,8,0,13.020322614720614
Ladieswear || Dress || Jersey Basic || Grey || Melange,solid,8,8,0,7.537901593034497
Ladieswear || Blouse || Blouses || Blue || Jacquard,patterned,6,6,0,24.696156096538946
Divided || Flat shoe || Shoes || Black || Solid,solid,7,7,0,4.150577553057837
Divided || Sweater || Knitwear || White || Other structure,patterned,8,8,0,2.2005586368487697
Divided || Sweater || Knitwear || Pink || Other structure,patterned,6,6,0,10.080703200567044
Sport || Socks || Accessories || White || Solid,solid,8,8,1,1.4164506188873989
Sport || Socks || Accessories || Black || Solid,solid,8,8,0,3.2430342908022167
Baby/Children || T-shirt || Jersey Fancy || Blue || Placement print,patterned,8,8,1,13.038570958337274
Baby/Children || T-shirt || Jersey Fancy || Yellow || Placement print,patterned,8,8,0,8.687098809592532
Ladieswear || Shorts || Shorts || Green || Solid,solid,7,7,1,15.504130737094105
Ladieswear || Shorts || Shorts || Orange || Solid,solid,6,6,0,13.21845700674701
Ladieswear || Blazer || Dressed || Beige || Melange,solid,5,5,0,6.599986363150483
Baby/Children || Sweater || Jersey Fancy || Black || Placement print,patterned,8,8,0,1.9134453938013714
Baby/Children || Sweater || Jersey Fancy || Grey || Front print,patterned,8,8,0,19.185311441689787
Ladieswear || Pumps || Shoes || Black || Solid,solid,8,8,0,20.94605150171606
Baby/Children || T-shirt || Jersey Basic || Khaki green || Solid,solid,8,8,0,6.051112834075733
Ladieswear || Jacket || Outdoor || Blue || Solid,solid,8,8,1,16.40866567396867
Ladieswear || Jacket || Outdoor || Beige || Solid,solid,8,8,0,13.190073557611019
Ladieswear || Dress || Blouses || Black || Dot,patterned,8,8,0,3.0322661006913147
Ladieswear || Dress || Blouses || Black || All over pattern,patterned,8,8,0,11.353527587912346
Ladieswear || Leggings/Tights || Trousers || Black || Solid,solid,8,8,0,2.8239961115432446
Ladieswear || Cardigan || Knitwear || Blue || Solid,solid,8,8,1,4.351362536738577
Ladieswear || Cardigan || Knitwear || Grey || Melange,solid,8,8,0,5.637495823137271
Ladieswear || Cardigan || Knitwear || Pink || Melange,solid,8,8,0,19.243460781163307
Ladieswear || Cardigan || Knitwear || Blue || Melange,solid,8,8,0,10.675365828554535
Ladieswear || Cardigan || Knitwear || Beige || Melange,solid,8,8,0,4.037952372238824
Ladieswear || Sweater || Knitwear || Lilac Purple || Melange,solid,7,7,0,3.1865941728293894
Ladieswear || Sweater || Knitwear || Green || Melange,solid,8,8,0,22.53560508463542
Ladieswear || Sweater || Knitwear || Red || Melange,solid,8,8,0,19.331267970039576
Ladieswear || Sweater || Knitwear || Khaki green || Solid,solid,8,8,0,6.261142987659842
Ladieswear || Sweater || Knitwear || Beige || Solid,solid,8,8,0,12.846588960441874
Ladieswear || Sweater || Knitwear || Grey || Solid,solid,8,8,0,14.801932816868396
Ladieswear || Shirt || Blouses || White || Check,patterned,8,8,0,3.5606470051771955
Ladieswear || Blouse || Blouses || Khaki green || Solid,solid,8,8,0,8.171543556820641
Ladieswear || Dress || Dresses Ladies || Red || All over pattern,patterned,8,8,1,10.640722395969036
Ladieswear || Dress || Dresses Ladies || Green || All over pattern,patterned,8,8,1,21.549821334126957
Ladieswear || Dress || Dresses Ladies || Blue || All over pattern,patterned,8,8,0,21.119547258677834
Divided || Cardigan || Knitwear || Beige || Solid,solid,8,8,0,12.258861907582553
Divided || Sweater || Knitwear || Grey || Melange,solid,8,8,1,14.931977775918288
Ladieswear || Jacket || Outdoor || Green || Solid,solid,8,8,0,13.316575277845711
Ladieswear || Jacket || Outdoor || Red || Solid,solid,8,8,0,9.266263848305458
Baby/Children || Trousers || Trousers Denim || Black || Denim,patterned,8,8,0,2.751284848779753
"Menswear || Underwear bottom || Under-, Nightwear || Red || Solid",solid,7,7,0,20.691595022295413
Baby/Children || Fine cosmetics || Accessories || Pink || Solid,solid,8,8,0,25.420863863268195
Divided || Cardigan || Knitwear || White || Solid,solid,8,8,0,3.8462271784534794
Divided || Skirt || Trousers Denim || Blue || Denim,patterned,8,8,1,12.240215249395842
Ladieswear || Bikini top || Swimwear || Red || All over pattern,patterned,8,8,0,18.836396688714252
Divided || Shorts || Shorts || Pink || Solid,solid,8,8,0,14.52197264085145
Baby/Children || Cardigan || Knitwear || Grey || Solid,solid,8,8,0,6.6002210404486075
"Ladieswear || Underwear bottom || Under-, Nightwear || Pink || Lace",patterned,8,8,0,12.101089590814144
Divided || Sweater || Knitwear || White || Solid,solid,8,8,0,2.5629763319093364
Baby/Children || T-shirt || Jersey Fancy || Pink || Front print,patterned,8,8,0,7.446613695331704
Baby/Children || T-shirt || Jersey Fancy || Grey || Front print,patterned,8,8,0,17.170291529081418
Divided || Top || Blouses || White || Solid,solid,5,5,0,4.432554503943167
Baby/Children || Sweater || Jersey Fancy || Pink || Front print,patterned,8,8,0,26.452849881847232
Baby/Children || Sweater || Jersey Fancy || White || Front print,patterned,8,8,0,14.542311161783312
Ladieswear || Shirt || Blouses || White || All over pattern,patterned,8,8,1,9.74117489447303
Ladieswear || Shirt || Blouses || Pink || Solid,solid,8,8,0,7.699683266891443
Baby/Children || Shirt || Woven/Jersey/Knitted mix Baby || White || Solid,solid,8,8,0,1.5482476420271156
Divided || Scarf || Accessories || Beige || Solid,solid,8,8,0,10.209777600617363
Ladieswear || Shorts || Trousers || Turquoise || Solid,solid,6,6,0,12.438391702720219
Ladieswear || Bikini top || Swimwear || White || Other structure,patterned,8,8,0,14.45325993439554
Ladieswear || Bikini top || Swimwear || Black || Other structure,patterned,8,8,0,23.167928906037623
Baby/Children || T-shirt || Jersey Fancy || Blue || Stripe,patterned,8,8,0,15.767800303819895
Baby/Children || Polo shirt || Jersey Fancy || Blue || Solid,solid,8,8,0,7.850379346001155
Baby/Children || T-shirt || Jersey Fancy || Blue || All over pattern,patterned,8,8,0,13.92761260428946
Menswear || T-shirt || Jersey Fancy || White || Front print,patterned,8,8,0,2.2043202571467164
Menswear || T-shirt || Jersey Fancy || Khaki green || All over pattern,patterned,6,6,0,12.889193369876885
Menswear || T-shirt || Jersey Fancy || White || Placement print,patterned,8,8,0,2.5932991777516463
Baby/Children || Jumpsuit/Playsuit || Jersey Fancy || Grey || All over pattern,patterned,8,8,0,11.588443835188627
Baby/Children || Hoodie || Jersey Fancy || Black || Placement print,patterned,8,8,0,22.722156852267485
Baby/Children || Hoodie || Jersey Fancy || White || Placement print,patterned,8,8,0,3.284069339935955
Baby/Children || Hoodie || Jersey Fancy || Blue || Front print,patterned,8,8,0,8.290361400144157
Baby/Children || Hoodie || Jersey Fancy || Grey || Front print,patterned,8,8,0,16.99844694719807
Ladieswear || Vest top || Jersey Fancy || Pink || Solid,solid,8,8,0,7.880597335598496
"Menswear || Underwear bottom || Under-, Nightwear || Blue || All over pattern",patterned,8,8,0,12.359902966265226
"Menswear || Underwear bottom || Under-, Nightwear || Red || All over pattern",patterned,8,8,0,19.772131841556416
Ladieswear || Dress || Jersey Fancy || Blue || Solid,solid,8,8,0,16.363753544020422
Ladieswear || Dress || Jersey Fancy || Red || Solid,solid,8,8,0,17.357395442032484
Ladieswear || Dress || Jersey Fancy || Grey || Melange,solid,8,8,0,8.647879634115503
Ladieswear || Dress || Jersey Fancy || Black || All over pattern,patterned,8,8,0,21.662254060501645
"Ladieswear || Underwear bottom || Under-, Nightwear || Mole || Solid",solid,6,6,0,2.791037881174522
Baby/Children || Sweater || Jersey Fancy || White || Placement print,patterned,8,8,1,5.821495266383707
Ladieswear || Top || Jersey Fancy || Lilac Purple || Solid,solid,8,8,0,16.116008377983277
"Menswear || Underwear bottom || Under-, Nightwear || White || Solid",solid,8,8,0,1.363430160840379
Ladieswear || Blouse || Blouses || Pink || Solid,solid,8,8,0,8.203883702745651
Ladieswear || Dress || Dresses Ladies || Beige || Solid,solid,8,8,2,19.318533193535238
Ladieswear || Dress || Dresses Ladies || Beige || All over pattern,patterned,8,8,0,8.955144883379072
Ladieswear || Skirt || Skirts || Green || Solid,solid,8,8,0,8.636428471461928
Ladieswear || Skirt || Skirts || White || All over pattern,patterned,8,8,0,10.352455897600624
Ladieswear || Trousers || Trousers || Black || All over pattern,patterned,8,8,0,12.003792081157213
Ladieswear || Vest top || Jersey Fancy || White || Solid,solid,8,8,0,2.34187353473457
Ladieswear || Vest top || Jersey Fancy || Red || Solid,solid,8,8,0,13.27594146978527
Menswear || Hoodie || Jersey Basic || Black || Melange,solid,6,6,0,7.4717237728619565
Menswear || Hoodie || Jersey Basic || Green || Solid,solid,8,8,0,18.170533188833137
Ladieswear || Vest top || Blouses || Beige || Solid,solid,8,8,0,3.7161383586349817
Ladieswear || Vest top || Blouses || Black || Solid,solid,8,8,0,3.719785508275687
Ladieswear || Blouse || Blouses || Green || Solid,solid,8,8,0,9.048065735082117
Ladieswear || Trousers || Jersey Fancy || Blue || All over pattern,patterned,8,8,0,5.561353169186463
Divided || Skirt || Skirts || Khaki green || Solid,solid,8,8,1,5.176944014138324
Divided || Skirt || Skirts || Blue || Solid,solid,8,8,0,8.468607770957734
Ladieswear || Skirt || Trousers || White || All over pattern,patterned,8,8,0,13.043485473730769
Baby/Children || Trousers || Jersey Fancy || Black || Treatment,patterned,8,8,1,2.5139911439332567
Ladieswear || Bikini top || Swimwear || Pink || All over pattern,patterned,8,8,0,19.16169299851518
Menswear || Hoodie || Jersey Fancy || Black || Front print,patterned,8,8,0,3.077930665678683
Menswear || Hoodie || Jersey Fancy || Black || Solid,solid,8,8,0,5.632486428984119
Ladieswear || Sandals || Shoes || Pink || Solid,solid,8,8,0,10.543332917669561
Ladieswear || Sandals || Shoes || Red || Solid,solid,8,8,0,14.122492186935252
Ladieswear || Blouse || Blouses || Beige || Solid,solid,8,8,0,7.909695384090403
Ladieswear || Vest top || Blouses || White || All over pattern,patterned,8,8,1,4.263347319339172
Ladieswear || Dress || Dresses Ladies || Mole || Solid,solid,8,8,0,6.634960927002535
Sport || Leggings/Tights || Jersey Fancy || Lilac Purple || Solid,solid,8,8,0,6.472068076481819
Ladieswear || Vest top || Jersey Fancy || Orange || Solid,solid,8,8,0,4.984149466904721
Ladieswear || Blouse || Blouses || Yellow || Solid,solid,8,8,0,7.807129283067637
Ladieswear || Vest top || Jersey Fancy || Blue || Solid,solid,8,8,0,6.322948235315012
Ladieswear || Heeled sandals || Shoes || Beige || Solid,solid,8,8,0,7.375610010504436
Ladieswear || Boots || Shoes || Red || Solid,solid,8,8,0,16.862637808717416
Ladieswear || Coat || Outdoor || Beige || Solid,solid,8,8,0,7.814320222598376
Baby/Children || Sweater || Jersey Fancy || Blue || All over pattern,patterned,8,8,0,10.897430657977347
Baby/Children || Sweater || Jersey Fancy || White || All over pattern,patterned,8,8,0,3.7136711480277462
Baby/Children || Sweater || Jersey Fancy || Grey || All over pattern,patterned,8,8,0,4.61560990719685
Menswear || Trousers || Trousers || Grey || Check,patterned,8,8,0,6.19608587083788
Menswear || Trousers || Trousers || Black || Check,patterned,8,8,0,5.110535253916359
Menswear || Trousers || Trousers || Beige || Check,patterned,8,8,0,7.9652572116462785
Ladieswear || Vest top || Blouses || Orange || Solid,solid,8,8,1,7.253692148897653
Ladieswear || Shorts || Shorts || White || Solid,solid,8,8,0,4.457381036170557
Menswear || T-shirt || Jersey Basic || Pink || Solid,solid,8,8,0,28.48774668505619
Menswear || T-shirt || Jersey Basic || Blue || Solid,solid,8,8,0,12.994863545942055
Menswear || T-shirt || Jersey Basic || Red || Solid,solid,8,8,0,25.523066271634995
Menswear || T-shirt || Jersey Basic || Grey || Solid,solid,8,8,0,13.173937493503416
Menswear || T-shirt || Jersey Basic || Blue || Stripe,patterned,8,8,0,10.499516656564845
Menswear || T-shirt || Jersey Basic || Grey || Melange,solid,8,8,0,8.4377641624299
Baby/Children || T-shirt || Jersey Fancy || White || Application/3D,patterned,8,8,0,3.1756556884675216
Ladieswear || Top || Blouses || Black || Solid,solid,8,8,0,3.0810752996637087
Ladieswear || Blouse || Blouses || Blue || All over pattern,patterned,8,8,0,12.682092934521844
Divided || Vest top || Blouses || Black || All over pattern,patterned,8,8,0,16.909603538573528
Divided || Blouse || Blouses || White || Solid,solid,8,8,0,2.0565337096848246
Divided || Skirt || Skirts || Blue || Denim,patterned,8,8,0,4.655779533994846
Ladieswear || Dress || Dresses Ladies || Yellow || Solid,solid,8,8,0,8.791226412492554
"Ladieswear || Bra || Under-, Nightwear || Pink || Lace",patterned,8,8,0,6.731599750270905
Divided || Sweater || Knitwear || Grey || Stripe,patterned,5,5,0,5.6863997849759125
Divided || Sweater || Knitwear || Blue || Stripe,patterned,8,8,0,8.135146087522273
Baby/Children || Gloves || Accessories || Blue || Solid,solid,8,8,0,21.293237874267973
Ladieswear || Bag || Accessories || Black || Other structure,patterned,8,8,0,20.598137715066642
Ladieswear || T-shirt || Jersey Fancy || Black || Melange,solid,8,8,0,3.213263998101394
Ladieswear || T-shirt || Jersey Fancy || Grey || Solid,solid,7,7,0,10.67561732587876
Divided || Top || Jersey Basic || Black || Stripe,patterned,8,8,0,23.261612352334332
Ladieswear || Dress || Dresses Ladies || Khaki green || Solid,solid,8,8,0,17.406047473153723
Ladieswear || Necklace || Accessories || Pink || Solid,solid,8,8,2,2.632977287819195
Divided || Sweater || Knitwear || Yellow || Other structure,patterned,5,5,0,4.345241618001094
Divided || Sweater || Knitwear || Red || Other structure,patterned,7,7,0,6.075584548233456
Divided || Shirt || Trousers Denim || Blue || Denim,patterned,8,8,0,13.997844667842394
"Ladieswear || Pyjama set || Under-, Nightwear || Pink || Solid",solid,8,8,0,17.425591553442043
Ladieswear || Hair/alice band || Accessories || Yellow || Solid,solid,8,8,0,8.798471220995031
Ladieswear || Hair/alice band || Accessories || White || All over pattern,patterned,8,8,0,15.560596810741874
Ladieswear || Heeled sandals || Shoes || Black || Solid,solid,8,8,0,9.158602590586765
Ladieswear || Heeled sandals || Shoes || Orange || Solid,solid,8,8,0,10.649265288233114
Baby/Children || Garment Set || Jersey Fancy || Red || All over pattern,patterned,8,8,0,25.25767301526306
Ladieswear || Scarf || Accessories || White || Check,patterned,6,6,0,2.986418823060321
"Baby/Children || Underwear bottom || Under-, Nightwear || White || Solid",solid,8,8,0,37.341860843271824
Menswear || Sweater || Jersey Fancy || Grey || Melange,solid,8,8,0,6.1899684767967615
Baby/Children || Sweater || Knitwear || Beige || Melange,solid,8,8,1,4.793704221818864
Baby/Children || Sweater || Knitwear || Blue || Front print,patterned,8,8,0,6.028873027846052
Ladieswear || Shorts || Shorts || Beige || Solid,solid,8,8,0,5.108800666288815
Menswear || Boots || Shoes || Brown || Solid,solid,8,8,0,3.4550868118860483
Baby/Children || Trousers || Jersey Fancy || Blue || All over pattern,patterned,8,8,0,11.357481849001706
Baby/Children || Trousers || Trousers || Black || Treatment,patterned,8,8,1,6.797557970036874
Ladieswear || Skirt || Skirts || Red || Solid,solid,8,8,0,17.419625659283327
Ladieswear || Sweater || Knitwear || Mole || Solid,solid,8,8,0,6.737006552943938
Ladieswear || Sweater || Knitwear || Pink || Melange,solid,8,8,0,10.248862309071933
Ladieswear || Sweater || Knitwear || Black || Stripe,patterned,8,8,0,11.03291518333991
Ladieswear || Sweater || Knitwear || Orange || Melange,solid,8,8,0,25.748813620820496
Ladieswear || Trousers || Trousers || Blue || All over pattern,patterned,8,8,0,15.872881822846074
"Baby/Children || Underwear bottom || Under-, Nightwear || Pink || Solid",solid,8,8,0,17.429255971387647
Divided || Dungarees || Trousers Denim || Black || Denim,patterned,7,7,0,2.1822614853668076
Ladieswear || Sweater || Jersey Fancy || Grey || Melange,solid,8,8,0,14.161179220934777
Ladieswear || Sweater || Jersey Fancy || Black || Solid,solid,8,8,0,3.260621673536365
Ladieswear || Sweater || Jersey Fancy || Pink || Solid,solid,8,8,0,13.09745755715914
Ladieswear || Sweater || Jersey Fancy || Blue || Solid,solid,8,8,0,11.03604358914469
Ladieswear || Trousers || Jersey Fancy || Pink || Solid,solid,7,7,0,14.10006330299604
Ladieswear || Trousers || Jersey Fancy || Blue || Solid,solid,8,8,0,15.363827863485465
Ladieswear || Vest top || Jersey Fancy || Khaki green || Solid,solid,8,8,0,6.245572279161713
Ladieswear || Vest top || Jersey Fancy || Beige || Solid,solid,8,8,1,18.334759859415428
Menswear || Hoodie || Jersey Fancy || Black || Embroidery,patterned,5,5,0,3.0272098432329537
Ladieswear || Sweater || Knitwear || Yellow || Melange,solid,8,8,0,10.82504577290639
Baby/Children || Scarf || Accessories || Grey || Melange,solid,8,8,0,4.650165486774484
Divided || Sweater || Jersey Fancy || Black || Solid,solid,8,8,0,23.33721996920716
Ladieswear || Scarf || Accessories || Mole || Solid,solid,7,7,0,9.661400048952423
Ladieswear || Top || Blouses || White || All over pattern,patterned,8,8,1,17.674116424374073
Ladieswear || Top || Blouses || Black || All over pattern,patterned,8,8,0,18.709053644217434
Ladieswear || Dress || Blouses || Blue || Solid,solid,8,8,1,12.312011787572924
Ladieswear || Top || Jersey Fancy || Blue || All over pattern,patterned,8,8,0,9.680818659060307
Ladieswear || Hat/beanie || Accessories || Brown || Solid,solid,7,7,0,13.639584890768758
Ladieswear || Hat/beanie || Accessories || Unknown || Solid,solid,6,6,0,10.040768549512082
Ladieswear || Belt || Accessories || Beige || Solid,solid,8,8,0,19.51734761385883
Ladieswear || Jacket || Outdoor || Pink || Solid,solid,8,8,0,12.860069315531627
"Ladieswear || Bra || Under-, Nightwear || White || Lace",patterned,8,8,0,1.3949824855327182
"Ladieswear || Underwear bottom || Under-, Nightwear || White || Lace",patterned,8,8,1,1.983707758834988
Divided || Dress || Dresses Ladies || Lilac Purple || All over pattern,patterned,8,8,0,5.739971141409139
Ladieswear || Vest top || Jersey Fancy || Brown || Solid,solid,8,8,0,9.64679186464443
Ladieswear || Hair string || Accessories || Orange || Solid,solid,6,6,0,15.294536989772798
Ladieswear || Hair string || Accessories || Pink || Solid,solid,8,8,0,16.714457276814457
Ladieswear || Hair ties || Accessories || Pink || Solid,solid,5,5,0,26.709304641419553
Ladieswear || Blouse || Unknown || White || Solid,solid,8,8,0,3.092495641637146
Ladieswear || Dress || Jersey Fancy || Black || Lace,patterned,8,8,0,2.9149095420477256
Ladieswear || Dress || Jersey Fancy || Green || Lace,patterned,6,6,0,14.69039736961136
Ladieswear || Dress || Jersey Fancy || Red || Lace,patterned,8,8,0,10.011225415205798
Ladieswear || Shirt || Blouses || Khaki green || Solid,solid,8,8,0,11.31033569409974
Ladieswear || Skirt || Skirts || Khaki green || Solid,solid,8,8,0,13.425997835526104
"Menswear || Pyjama bottom || Under-, Nightwear || Blue || Check",patterned,8,8,0,6.198111610058557
"Menswear || Pyjama bottom || Under-, Nightwear || Blue || All over pattern",patterned,8,8,0,8.010808982265438
Baby/Children || Trousers || Woven/Jersey/Knitted mix Baby || Blue || Solid,solid,8,8,0,7.768905936505518
Ladieswear || Dress || Dresses Ladies || White || Solid,solid,8,8,2,7.658210255151037
Divided || Hoodie || Outdoor || Black || Solid,solid,8,8,0,4.645066343621135
Divided || Vest top || Knitwear || Black || Solid,solid,8,8,0,1.8695152964251776
Divided || Vest top || Knitwear || White || Solid,solid,8,8,1,1.6164910715415508
Divided || Other accessories || Accessories || Black || Solid,solid,8,8,0,4.06543832483791
Ladieswear || Trousers || Trousers || White || Check,patterned,8,8,1,12.185237463798813
Ladieswear || Trousers || Trousers || Black || Mixed solid/pattern,patterned,8,8,0,12.035627905956439
Sport || Hoodie || Jersey Fancy || Black || Melange,solid,8,8,0,2.012312718309491
Divided || Dress || Dresses Ladies || Black || Denim,patterned,8,8,0,4.412113038772819
Menswear || T-shirt || Jersey Basic || White || Solid,solid,8,8,0,1.3119562470954056
Menswear || Trousers || Jersey Basic || Black || Melange,solid,5,5,0,28.76157647121931
Baby/Children || Sweater || Knitwear || White || Solid,solid,8,8,0,19.10359089749359
Menswear || Hoodie || Jersey Basic || Blue || Melange,solid,6,6,0,17.43487579618411
Divided || Sweater || Knitwear || Black || Lace,patterned,8,8,0,2.2167976837371812
Divided || Sweater || Knitwear || Black || Jacquard,patterned,7,7,0,1.8586981941988894
Divided || Shirt || Blouses || Blue || Denim,patterned,8,8,0,7.535950549313014
Divided || T-shirt || Jersey Fancy || White || Front print,patterned,8,8,0,1.8613633524453532
Ladieswear || Shorts || Trousers || Blue || All over pattern,patterned,5,5,1,13.936861650778333
Ladieswear || Dress || Knitwear || Blue || Solid,solid,8,8,0,3.2698257476531882
Divided || Hoodie || Jersey Fancy || Black || Placement print,patterned,8,8,0,14.941681609770724
Divided || Hoodie || Jersey Fancy || Red || Placement print,patterned,8,8,0,11.299022157431162
Ladieswear || Dress || Dresses Ladies || Black || Jacquard,patterned,8,8,0,2.286260176927315
Divided || Sweater || Jersey Fancy || Blue || Placement print,patterned,8,8,0,15.252032924627795
Ladieswear || Socks || Socks and Tights || Pink || Glittering/Metallic,patterned,7,7,0,11.146884353509641
Divided || Skirt || Trousers || Blue || All over pattern,patterned,8,8,0,12.516812844013959
Ladieswear || Dress || Blouses || Black || Solid,solid,8,8,0,3.005381214707479
Ladieswear || Blouse || Blouses || White || Stripe,patterned,8,8,0,20.828205447288802
Ladieswear || Vest top || Jersey Fancy || Grey || Melange,solid,8,8,0,3.7412472128998813
Ladieswear || Dress || Jersey Fancy || White || Stripe,patterned,8,8,0,7.721687715744569
"Ladieswear || Bra || Under-, Nightwear || Pink || Contrast",patterned,8,8,0,10.463408958279084
Ladieswear || T-shirt || Jersey Fancy || White || Front print,patterned,8,8,0,2.306166696277489
Divided || Blouse || Blouses || Red || Solid,solid,8,8,0,6.872422501383015
Ladieswear || Ring || Accessories || Metal || Solid,solid,8,8,0,1.0008557274396053
Divided || Skirt || Skirts || Black || Denim,patterned,8,8,0,4.661462713728849
Ladieswear || Dress || Dresses Ladies || White || Stripe,patterned,8,8,0,22.18267641830806
Ladieswear || Sweater || Knitwear || Beige || Jacquard,patterned,8,8,0,6.077398645426542
Ladieswear || Jacket || Trousers Denim || Black || Denim,patterned,5,5,1,3.4851934704961236
Ladieswear || Blazer || Dressed || Red || Solid,solid,8,8,0,10.910818215369494
"Ladieswear || Pyjama bottom || Under-, Nightwear || Pink || Solid",solid,8,8,0,12.278228208416996
Ladieswear || Skirt || Skirts || Blue || All over pattern,patterned,8,8,2,12.600606255796995
Ladieswear || Sweater || Jersey Basic || White || Solid,solid,8,8,0,1.8696763303237898
Ladieswear || Sweater || Jersey Basic || Blue || Solid,solid,7,7,0,18.297286617444183
Ladieswear || Dress || Dresses Ladies || Black || All over pattern,patterned,8,8,0,4.468502554506265
Ladieswear || Trousers || Trousers || Beige || Check,patterned,8,8,0,9.937660548903574
Ladieswear || Shorts || Shorts || White || All over pattern,patterned,8,8,1,8.6760981605029
Sport || Hoodie || Outdoor || Grey || Melange,solid,8,8,0,5.687242001415208
Sport || Hoodie || Outdoor || Black || Solid,solid,8,8,1,3.4613776570046686
Sport || Trousers || Outdoor || Grey || Melange,solid,8,8,0,4.928463506028896
Ladieswear || Skirt || Jersey Basic || Black || Solid,solid,8,8,0,1.9725119890560514
Baby/Children || Boots || Shoes || Black || Solid,solid,8,8,0,3.511497437057602
Ladieswear || Dress || Dresses Ladies || Black || Check,patterned,8,8,0,3.775558460379276
Ladieswear || Dress || Dresses Ladies || Black || Other structure,patterned,8,8,0,10.917809745412182
Ladieswear || Skirt || Skirts || Black || Check,patterned,8,8,0,6.3797355886680975
Ladieswear || Blouse || Blouses || Black || Dot,patterned,8,8,0,22.021743584233498
Ladieswear || Coat || Outdoor || Beige || Melange,solid,8,8,0,4.186857541120784
Ladieswear || Coat || Outdoor || Red || Solid,solid,8,8,1,15.807443887586082
Ladieswear || Coat || Outdoor || Grey || Solid,solid,8,8,0,11.210668074307943
Ladieswear || Shirt || Blouses || Pink || Check,patterned,7,7,0,16.30475599595591
Ladieswear || Dress || Dresses Ladies || Brown || Solid,solid,8,8,0,7.113030691214462
Divided || Dress || Dresses Ladies || Black || Glittering/Metallic,patterned,8,8,0,5.879486987991646
Ladieswear || Dress || Dresses Ladies || Black || Lace,patterned,8,8,0,2.408399132647238
Menswear || Sweater || Jersey Fancy || White || Placement print,patterned,8,8,0,12.09983898507712
Ladieswear || Top || Dresses Ladies || Black || Solid,solid,8,8,0,4.3510462470791715
Ladieswear || Blouse || Blouses || Yellow || All over pattern,patterned,8,8,0,12.052316138831092
Ladieswear || Blouse || Blouses || Black || All over pattern,patterned,8,8,0,3.8293036324668814
Baby/Children || Other accessories || Accessories || Pink || Solid,solid,8,8,0,14.750993455466482
Ladieswear || Swimwear bottom || Swimwear || Pink || All over pattern,patterned,8,8,0,20.080276587580357
Ladieswear || Underwear Tights || Socks and Tights || Black || Dot,patterned,7,7,0,6.818238162645105
Ladieswear || Dress || Dresses Ladies || White || All over pattern,patterned,8,8,0,8.610439331476258
Divided || Skirt || Trousers || Red || Solid,solid,8,8,0,5.246713078990866
"Ladieswear || Pyjama bottom || Under-, Nightwear || Grey || All over pattern",patterned,8,8,0,3.6074061296440445
"Ladieswear || Pyjama bottom || Under-, Nightwear || Black || Solid",solid,5,5,0,41.74518524705184
"Ladieswear || Pyjama bottom || Under-, Nightwear || Grey || Melange",solid,6,6,0,11.90402097220974
"Ladieswear || Pyjama bottom || Under-, Nightwear || Blue || All over pattern",patterned,8,8,1,7.128863524547458
"Ladieswear || Pyjama bottom || Under-, Nightwear || Black || All over pattern",patterned,7,7,0,3.5536893703820893
Baby/Children || Hoodie || Jersey Fancy || Blue || Placement print,patterned,8,8,0,14.863680187877923
Ladieswear || Pumps || Shoes || Brown || Solid,solid,8,8,0,10.356569939039558
Ladieswear || Pumps || Shoes || Pink || Solid,solid,8,8,0,14.709521557981594
Ladieswear || Pumps || Shoes || Beige || Solid,solid,8,8,0,11.202834301243822
Divided || Sweater || Jersey Fancy || Pink || Embroidery,patterned,5,5,0,14.975289747182988
Ladieswear || Top || Jersey Fancy || Grey || Melange,solid,8,8,0,16.368994211015348
Ladieswear || Boots || Shoes || Grey || Solid,solid,8,8,0,9.725247324163327
Ladieswear || Sweater || Jersey Fancy || White || Solid,solid,8,8,0,2.326853163140801
Baby/Children || Top || Jersey Fancy || Grey || Front print,patterned,8,8,0,10.957461013051311
Baby/Children || Leggings/Tights || Jersey Fancy || Black || Solid,solid,8,8,1,17.919583983094498
Baby/Children || Sweater || Jersey Fancy || Black || Front print,patterned,8,8,0,3.034889315989922
Ladieswear || Jacket || Outdoor || Brown || Solid,solid,8,8,0,13.991174637416627
"Ladieswear || Underdress || Under-, Nightwear || Black || Solid",solid,8,8,0,1.6304904001070257
"Ladieswear || Underdress || Under-, Nightwear || Beige || Solid",solid,6,6,0,6.435725306202965
Divided || Skirt || Skirts || Black || Other structure,patterned,5,5,0,4.7440823157332455
Divided || Sweater || Knitwear || Orange || Solid,solid,8,8,0,10.701765941739408
Divided || Sweater || Jersey Fancy || Orange || Placement print,patterned,5,5,0,22.896267517349344
Divided || Sweater || Jersey Fancy || Yellow || Colour blocking,patterned,5,5,0,16.85719803638588
Divided || Hair/alice band || Accessories || Black || Solid,solid,8,8,0,4.328693099726612
Ladieswear || Vest top || Jersey Basic || Beige || Solid,solid,8,8,0,3.6748689612410117
Ladieswear || Swimwear bottom || Swimwear || White || Stripe,patterned,8,8,0,10.619305590122524
Divided || Vest top || Blouses || Khaki green || Solid,solid,8,8,0,12.165479812006602
Ladieswear || Cardigan || Knitwear || Beige || Solid,solid,8,8,0,4.825186557347644
Ladieswear || Trousers || Unknown || Black || Solid,solid,8,8,0,3.9164999640023246
Ladieswear || Jacket || Outdoor || Mole || Solid,solid,8,8,0,4.134536241526637
Ladieswear || Dress || Dresses Ladies || Black || Embroidery,patterned,8,8,0,4.659694021779805
Divided || Sweater || Knitwear || Beige || Solid,solid,8,8,0,7.130402044992918
Menswear || Hoodie || Jersey Basic || Blue || Solid,solid,8,8,0,5.492332234007549
Menswear || T-shirt || Jersey Basic || Khaki green || Solid,solid,8,8,0,10.808946172113965
Menswear || T-shirt || Jersey Basic || Lilac Purple || Solid,solid,7,7,0,13.923074321581131
Menswear || T-shirt || Jersey Basic || Green || Solid,solid,8,8,0,23.386592894711676
Baby/Children || Hoodie || Jersey Fancy || Red || Front print,patterned,8,8,1,8.823220905903618
Ladieswear || Necklace || Accessories || White || Solid,solid,8,8,0,1.6340775226454616
Divided || Blouse || Blouses || Blue || Stripe,patterned,8,8,0,22.523174276350638
Divided || Top || Blouses || Black || Solid,solid,7,7,0,2.41715289155412
Ladieswear || Skirt || Unknown || Black || Solid,solid,8,8,0,2.1902503466167844
Ladieswear || Trousers || Unknown || Blue || Solid,solid,8,8,0,17.90756025383395
Ladieswear || Shirt || Unknown || White || Solid,solid,8,8,0,3.722602413777116
Ladieswear || Dress || Dresses Ladies || Blue || Lace,patterned,8,8,0,12.46857670674726
Ladieswear || Bikini top || Swimwear || Yellow || Solid,solid,8,8,0,7.069264530112177
Ladieswear || Shirt || Blouses || Black || Check,patterned,5,5,0,14.076570366531316
Menswear || T-shirt || Jersey Basic || Yellow || Solid,solid,8,8,0,8.747801287154958
Menswear || T-shirt || Jersey Basic || Black || Stripe,patterned,7,7,0,14.866490590085418
Divided || Sweater || Jersey Fancy || Khaki green || Solid,solid,8,8,0,10.481104128269715
Divided || Hoodie || Jersey Fancy || Black || Solid,solid,5,5,0,5.3322032334521845
Ladieswear || Jacket || Outdoor || Grey || Solid,solid,8,8,0,12.587900683816523
Menswear || Top || Jersey Basic || Grey || Melange,solid,8,8,0,11.911346228484614
Menswear || Trousers || Jersey Basic || Blue || Solid,solid,8,8,0,4.422407244944269
Ladieswear || Bikini top || Swimwear || Green || All over pattern,patterned,8,8,0,7.244837957852639
Menswear || Sweater || Jersey Basic || Grey || Melange,solid,8,8,0,17.972543074622756
Ladieswear || Blouse || Blouses || Black || Lace,patterned,8,8,0,2.699793254991417
Baby/Children || Dress || Jersey Fancy || Black || Solid,solid,8,8,0,2.1541510057912436
Ladieswear || Blazer || Dressed || Black || Other structure,patterned,8,8,0,10.086453473755506
Ladieswear || Blazer || Dressed || Grey || Other structure,patterned,8,8,0,11.081892403311803
Baby/Children || Sweater || Knitwear || Black || Solid,solid,8,8,0,2.2112024993017863
Ladieswear || Jacket || Outdoor || Grey || Melange,solid,8,8,0,11.000653592482573
Ladieswear || Underwear Tights || Socks and Tights || Black || Lace,patterned,7,7,0,1.0643330862426397
Ladieswear || Dress || Blouses || Pink || Solid,solid,8,8,0,12.48848396125182
Ladieswear || Skirt || Skirts || Beige || Solid,solid,8,8,1,6.682900907083183
Ladieswear || Skirt || Skirts || Yellow || Solid,solid,7,7,0,12.761286927834208
Ladieswear || Vest top || Knitwear || Black || Solid,solid,8,8,1,2.3134422990546004
Baby/Children || Sweater || Jersey Fancy || Beige || All over pattern,patterned,8,8,0,20.65733308496827
Baby/Children || Top || Jersey Fancy || White || All over pattern,patterned,8,8,1,14.542979452470902
Divided || Jacket || Outdoor || Green || Solid,solid,8,8,0,16.46297963302331
Divided || Outdoor Waistcoat || Outdoor || Black || Solid,solid,8,8,0,3.3288732336841385
Ladieswear || Scarf || Accessories || Orange || All over pattern,patterned,8,8,0,22.779538604375844
Ladieswear || Cardigan || Knitwear || Green || Melange,solid,6,6,0,12.399601662960185
Ladieswear || Dress || Jersey Fancy || Yellow || Solid,solid,8,8,1,9.803110471550603
Ladieswear || Dress || Dresses Ladies || Khaki green || All over pattern,patterned,8,8,0,14.644651636461049
Ladieswear || Underwear Tights || Socks and Tights || Black || Glittering/Metallic,patterned,8,8,0,24.086501217707568
Ladieswear || Dress || Dresses Ladies || Pink || All over pattern,patterned,8,8,0,23.323098204661783
Ladieswear || Dress || Dresses Ladies || Green || Solid,solid,8,8,0,17.726318473574807
Ladieswear || Blouse || Unknown || Blue || Solid,solid,8,8,0,15.768633258619106
Ladieswear || Sweater || Unknown || Beige || Solid,solid,8,8,0,9.775841868584953
Baby/Children || Trousers || Trousers Denim || Turquoise || Denim,patterned,8,8,0,16.910779462934503
Ladieswear || Bag || Accessories || Orange || Solid,solid,8,8,0,6.958505667341523
Divided || Blazer || Outdoor || Black || Solid,solid,8,8,0,2.7503062497523683
Ladieswear || Top || Jersey Fancy || Pink || Melange,solid,5,5,0,6.1334176656486665
Ladieswear || Blazer || Dressed || Green || Solid,solid,8,8,0,13.69707805611728
Ladieswear || Blazer || Dressed || Brown || Check,patterned,7,7,0,6.353781852995021
Ladieswear || Top || Jersey Fancy || Yellow || Solid,solid,8,8,1,12.261534293634273
Menswear || Sweater || Jersey Fancy || Black || Solid,solid,8,8,0,2.115679751009692
Ladieswear || Dress || Jersey Fancy || Khaki green || Solid,solid,8,8,0,8.168096789163044
Menswear || Sweater || Knitwear || Black || Stripe,patterned,8,8,0,33.99348632849921
Ladieswear || Blouse || Blouses || Pink || All over pattern,patterned,8,8,0,28.737372697566855
Ladieswear || Hoodie || Jersey Fancy || Black || Solid,solid,8,8,0,3.8504443534300403
Ladieswear || Hoodie || Jersey Fancy || Grey || Melange,solid,7,7,0,5.899300554630202
Divided || Trousers || Jersey Basic || Black || Solid,solid,8,8,0,1.2779479908410876
Divided || Trousers || Jersey Basic || Grey || Melange,solid,7,7,0,4.931754260701261
Ladieswear || Sweater || Knitwear || Black || Melange,solid,8,8,0,2.5279778275159606
Ladieswear || Sweater || Knitwear || Red || Jacquard,patterned,7,7,0,2.767110792026983
Divided || T-shirt || Jersey Basic || Grey || Solid,solid,8,8,0,3.1239839070411217
Divided || T-shirt || Jersey Basic || Lilac Purple || Solid,solid,8,8,0,15.516856865678696
Divided || Hoodie || Jersey Basic || Black || Solid,solid,8,8,0,2.9717938896467664
Divided || Dress || Unknown || Black || Solid,solid,8,8,0,19.687947481021276
Divided || Dress || Unknown || Red || Solid,solid,7,7,0,6.490290485388351
Ladieswear || Blouse || Blouses || Black || Embroidery,patterned,8,8,0,20.56107908484942
Ladieswear || Skirt || Shorts || Khaki green || Solid,solid,8,8,0,11.650113102820113
Ladieswear || Skirt || Skirts || Beige || All over pattern,patterned,8,8,0,12.235887258353124
Baby/Children || Cardigan || Knitwear || White || Solid,solid,8,8,0,2.3943834112028455
Divided || T-shirt || Jersey Basic || Yellow || Solid,solid,8,8,0,15.088983920685296
Ladieswear || Socks || Socks and Tights || White || Stripe,patterned,6,6,0,2.297665605028803
Ladieswear || Jacket || Outdoor || Black || All over pattern,patterned,8,8,0,15.1302390381862
Divided || Sweater || Jersey Fancy || Grey || Solid,solid,8,8,0,8.229126812492028
Ladieswear || Blouse || Blouses || White || Lace,patterned,8,8,2,2.5843847616835673
Divided || Sweater || Knitwear || Black || Stripe,patterned,8,8,0,4.231706053773041
Ladieswear || Top || Jersey Basic || Beige || Solid,solid,8,8,0,20.539300996616955
Divided || Trousers || Trousers || Blue || Placement print,patterned,5,5,0,18.476582614203668
Menswear || Sweater || Jersey Fancy || White || Solid,solid,8,8,0,3.0305264443394764
Menswear || Sweater || Jersey Fancy || Beige || Embroidery,patterned,5,5,0,6.098468126251977
Menswear || Sweater || Jersey Fancy || Black || Stripe,patterned,5,5,0,2.1962128460208286
Menswear || Sweater || Jersey Fancy || Grey || Placement print,patterned,8,8,0,20.954410367473614
Menswear || Hoodie || Jersey Fancy || Beige || Placement print,patterned,8,8,0,5.53077799837081
Menswear || Hoodie || Jersey Fancy || Pink || Placement print,patterned,6,6,0,7.330661752120683
Menswear || Hoodie || Jersey Fancy || Grey || Placement print,patterned,8,8,0,13.858149321987227
Menswear || Hoodie || Jersey Fancy || Blue || Front print,patterned,7,7,0,27.49844475001836
Ladieswear || Top || Blouses || Red || Solid,solid,8,8,0,6.521241373852325
Baby/Children || Garment Set || Jersey Fancy || Pink || All over pattern,patterned,8,8,0,16.842343413238613
Menswear || Coat || Outdoor || Beige || Solid,solid,8,8,0,14.157744271861029
Ladieswear || Blazer || Dressed || Grey || Melange,solid,6,6,0,9.415560509800958
Ladieswear || Dress || Jersey Fancy || White || All over pattern,patterned,8,8,1,15.455798063941053
Divided || Shirt || Blouses || Blue || Stripe,patterned,8,8,0,21.450157977939835
Divided || Shirt || Blouses || Black || Solid,solid,8,8,0,2.3131883188719238
Divided || Shirt || Blouses || Yellow || Solid,solid,8,8,0,9.726463154956983
Divided || Shirt || Blouses || Red || Solid,solid,6,6,0,10.111368924452439
Divided || Shirt || Blouses || Red || Stripe,patterned,5,5,0,17.01366241858067
Divided || Shirt || Blouses || White || Stripe,patterned,8,8,0,10.101558721736499
Divided || Shirt || Blouses || White || Solid,solid,8,8,0,2.5381938773857566
Divided || Shirt || Blouses || Pink || Solid,solid,8,8,0,7.460679016325308
Divided || Hat/beanie || Accessories || Yellow || Solid,solid,8,8,0,6.909222349242885
Divided || Hat/beanie || Accessories || Blue || Solid,solid,8,8,0,14.45108194797867
Divided || Blouse || Blouses || White || Embroidery,patterned,8,8,1,1.6417521592552784
Ladieswear || Dress || Jersey Fancy || White || Solid,solid,8,8,1,2.166912741926421
Menswear || Sweater || Jersey Basic || White || Solid,solid,8,8,0,2.6282603354365555
Ladieswear || Pumps || Shoes || Orange || Solid,solid,7,7,0,12.972573193666122
Baby/Children || Dress || Jersey Fancy || Pink || Placement print,patterned,8,8,1,5.048010818889239
Baby/Children || Dress || Jersey Fancy || White || All over pattern,patterned,8,8,0,4.308998926470573
Baby/Children || T-shirt || Jersey Fancy || White || All over pattern,patterned,8,8,1,30.451945621257366
Baby/Children || T-shirt || Jersey Fancy || Green || Front print,patterned,8,8,0,16.897516574933547
Baby/Children || T-shirt || Jersey Fancy || White || Stripe,patterned,8,8,0,31.74190386079815
Divided || Dress || Dresses Ladies || Black || Sequin,patterned,8,8,0,1.9518641964474168
Divided || Trousers || Trousers || Beige || All over pattern,patterned,8,8,0,12.955951444186843
Divided || Trousers || Trousers || Blue || Stripe,patterned,8,8,0,6.221311327226341
Divided || Trousers || Trousers || Black || Stripe,patterned,8,8,1,23.493333304536574
Ladieswear || Trousers || Trousers || Beige || Solid,solid,8,8,0,13.717632565654212
Ladieswear || T-shirt || Jersey Basic || Khaki green || Solid,solid,8,8,0,11.01016563382852
Ladieswear || T-shirt || Jersey Basic || Orange || Solid,solid,8,8,0,7.848893870383005
Ladieswear || T-shirt || Jersey Basic || Grey || Melange,solid,8,8,0,4.527858094832486
Ladieswear || T-shirt || Jersey Basic || White || All over pattern,patterned,8,8,0,11.04751081542459
Ladieswear || T-shirt || Jersey Basic || Yellow || Solid,solid,8,8,0,8.238573584973535
Ladieswear || T-shirt || Jersey Basic || Mole || Solid,solid,5,5,0,8.635618757756976
Divided || Skirt || Skirts || Blue || Check,patterned,7,7,0,15.0323955807588
Divided || Jacket || Outdoor || Blue || Denim,patterned,8,8,0,4.131215899584308
Ladieswear || T-shirt || Jersey Basic || Black || Stripe,patterned,8,8,0,7.835570755885418
Baby/Children || Dress || Dresses/Skirts girls || Pink || All over pattern,patterned,8,8,0,14.624752270458323
"Menswear || Underwear bottom || Under-, Nightwear || Green || All over pattern",patterned,8,8,0,14.327927244853564
Baby/Children || Garment Set || Jersey Fancy || Blue || Stripe,patterned,8,8,0,4.962338831877931
Ladieswear || Dress || Jersey Fancy || Green || Solid,solid,8,8,0,21.923163030613562
Sport || Vest top || Jersey Fancy || Pink || Solid,solid,8,8,0,19.394268954444904
Ladieswear || Dress || Dresses Ladies || Black || Glittering/Metallic,patterned,8,8,0,6.097177387399083
Baby/Children || Dungarees || Trousers Denim || Blue || Denim,patterned,8,8,1,12.723571543875611
Ladieswear || Blouse || Blouses || Unknown || All over pattern,patterned,7,7,0,13.017492158838563
Ladieswear || Trousers || Jersey Basic || Grey || Melange,solid,8,8,0,8.49502831610953
Divided || Skirt || Skirts || Black || Sequin,patterned,5,5,0,1.451023899984254
Baby/Children || Cap/peaked || Accessories || Blue || Solid,solid,8,8,0,19.2943881471359
Ladieswear || Shirt || Blouses || Green || Solid,solid,8,8,0,23.7420869276228
Divided || Jacket || Outdoor || White || Solid,solid,8,8,0,4.256208569103071
Divided || Hoodie || Outdoor || Red || Solid,solid,7,7,0,4.986634584738681
Divided || Hoodie || Outdoor || Khaki green || Solid,solid,7,7,0,5.73076343739637
Ladieswear || Top || Jersey Fancy || Black || Lace,patterned,8,8,0,5.229756417588048
Ladieswear || Trousers || Trousers || Mole || Solid,solid,8,8,0,13.623637569746512
"Ladieswear || Underwear body || Under-, Nightwear || Black || Lace",patterned,8,8,0,2.39526836666789
Ladieswear || Other shoe || Shoes || Black || Solid,solid,8,8,0,2.5140761082678575
Ladieswear || Hair string || Accessories || Red || Solid,solid,5,5,0,7.363566592039336
Ladieswear || Heeled sandals || Shoes || White || Solid,solid,8,8,1,13.539130156147117
Ladieswear || Wedge || Shoes || Black || Solid,solid,8,8,0,15.014966809093616
Ladieswear || Wedge || Shoes || White || Solid,solid,6,6,0,7.1005594628152
Baby/Children || Leggings/Tights || Trousers Denim || Blue || Denim,patterned,8,8,0,10.330796085303023
Menswear || Beanie || Accessories || Black || Solid,solid,5,5,0,1.2634423101899754
Menswear || Hoodie || Jersey Basic || Beige || Solid,solid,8,8,0,6.0329792363921655
Menswear || Hoodie || Jersey Basic || White || Solid,solid,8,8,0,2.755790388833359
Menswear || Hoodie || Jersey Basic || Khaki green || Solid,solid,7,7,0,8.606237122492672
Menswear || Sweater || Jersey Basic || Black || Solid,solid,8,8,0,3.0976353514694552
Menswear || Sweater || Jersey Basic || Pink || Solid,solid,6,6,0,19.162345915430784
Menswear || Sweater || Jersey Basic || Beige || Solid,solid,8,8,0,5.785395423591613
Baby/Children || Hoodie || Jersey Fancy || Black || Front print,patterned,8,8,0,4.936174674411273
Ladieswear || Dress || Dresses Ladies || Orange || All over pattern,patterned,8,8,0,5.6443116753608615
Ladieswear || Scarf || Accessories || Beige || Check,patterned,8,8,0,7.6327509014690404
Divided || Sweater || Jersey Fancy || White || Placement print,patterned,8,8,0,1.7373175736480777
Divided || Sweater || Jersey Fancy || Blue || Colour blocking,patterned,8,8,0,12.915874022368783
Divided || Shirt || Blouses || Orange || Check,patterned,5,5,0,5.77139668650119
Ladieswear || Trousers || Trousers Denim || Grey || Denim,patterned,7,7,0,12.231153270392499
Baby/Children || Leggings/Tights || Jersey Fancy || Blue || Treatment,patterned,8,8,0,10.216674857400456
Baby/Children || Leggings/Tights || Jersey Fancy || Grey || Treatment,patterned,8,8,0,3.4710092216457507
Baby/Children || Leggings/Tights || Jersey Fancy || Blue || Solid,solid,8,8,0,19.37523922996737
Baby/Children || Top || Jersey Fancy || Blue || Front print,patterned,8,8,0,27.772410526124116
Ladieswear || Blouse || Blouses || Green || All over pattern,patterned,8,8,1,11.034300998277352
Ladieswear || Bikini top || Swimwear || Black || Lace,patterned,7,7,0,31.57043198865032
Ladieswear || Bikini top || Swimwear || Blue || Stripe,patterned,8,8,0,1.1773903137157875
Ladieswear || Bikini top || Swimwear || Green || Solid,solid,8,8,0,18.246596633009542
Ladieswear || Bikini top || Swimwear || Brown || Solid,solid,5,5,0,33.04116263388951
Ladieswear || Bikini top || Swimwear || Blue || Solid,solid,8,8,0,16.286231551161336
Ladieswear || Swimwear bottom || Swimwear || Black || Stripe,patterned,6,6,0,7.223950364720324
Ladieswear || Swimwear bottom || Swimwear || Green || All over pattern,patterned,8,8,0,11.511274911409535
Ladieswear || Swimwear bottom || Swimwear || Yellow || All over pattern,patterned,7,7,0,9.63382896695512
Ladieswear || Bikini top || Swimwear || Yellow || All over pattern,patterned,6,6,0,18.836744995460556
Menswear || Shirt || Shirts || White || Check,patterned,8,8,1,7.926778015180903
Baby/Children || Jacket || Outdoor || Pink || All over pattern,patterned,8,8,1,7.322702955807523
Baby/Children || Jacket || Outdoor || Yellow || Solid,solid,8,8,0,6.819761360486881
Ladieswear || Skirt || Knitwear || Black || Solid,solid,8,8,0,2.2955602880754613
Ladieswear || Blazer || Dressed || Black || Check,patterned,8,8,0,5.94689483854889
Ladieswear || Swimwear bottom || Swimwear || White || Solid,solid,8,8,0,1.3146576510409562
Sport || Hoodie || Jersey Fancy || Pink || Solid,solid,8,8,0,10.240643283133103
Ladieswear || Sweater || Knitwear || Khaki green || Melange,solid,8,8,0,4.827583816844582
Divided || Jacket || Outdoor || Black || Denim,patterned,7,7,0,1.7233276517409306
Ladieswear || Dress || Blouses || Black || Lace,patterned,7,7,0,17.464225293944445
Menswear || Sweater || Jersey Fancy || White || Front print,patterned,8,8,0,3.0413605245898023
Sport || Sweater || Jersey Fancy || Grey || Solid,solid,5,5,0,21.275975372357955
Ladieswear || Blouse || Blouses || Blue || Check,patterned,7,7,0,12.408699634472114
Ladieswear || Shirt || Blouses || Blue || Denim,patterned,8,8,0,12.519450985141951
Ladieswear || Sweater || Knitwear || Black || Jacquard,patterned,8,8,0,14.25591070581046
Ladieswear || Ring || Accessories || Orange || Solid,solid,8,8,6,6.222554968818585
Ladieswear || Trousers || Trousers || Unknown || Solid,solid,8,8,0,4.854286791397717
Ladieswear || Trousers || Trousers || Yellow || Solid,solid,8,8,0,6.978947195837546
Ladieswear || Hat/brim || Accessories || Black || Solid,solid,8,8,1,10.197375398293254
Ladieswear || Hat/brim || Accessories || Brown || Solid,solid,5,5,0,7.1000506281895985
Ladieswear || Belt || Accessories || Metal || Metallic,patterned,8,8,1,16.179076481433867
Ladieswear || Belt || Accessories || Metal || Solid,solid,5,5,0,11.335199662880973
Ladieswear || Boots || Shoes || Mole || Solid,solid,8,8,0,13.37588850357204
Baby/Children || Trousers || Jersey Fancy || Grey || Treatment,patterned,8,8,0,12.027674285547768
Ladieswear || Sweater || Jersey Basic || Beige || Solid,solid,8,8,0,4.390394535160114
Baby/Children || Jacket || Outdoor || Blue || Melange,solid,8,8,1,20.801095702900113
Baby/Children || Garment Set || Woven/Jersey/Knitted mix Baby || Blue || All over pattern,patterned,8,8,0,6.6471888617297115
Ladieswear || Hair/alice band || Accessories || Metal || Glittering/Metallic,patterned,8,8,4,12.254705784634881
"Ladieswear || Underwear bottom || Under-, Nightwear || Pink || All over pattern",patterned,6,6,0,13.739366052942792
"Menswear || Underwear bottom || Under-, Nightwear || Turquoise || All over pattern",patterned,7,7,0,15.751107493530462
"Menswear || Underwear bottom || Under-, Nightwear || Blue || Check",patterned,8,8,1,11.429028810387946
"Menswear || Underwear bottom || Under-, Nightwear || Black || All over pattern",patterned,8,8,0,6.865476991741645
"Ladieswear || Bra || Under-, Nightwear || Unknown || Solid",solid,8,8,0,4.543470557655299
Ladieswear || Cardigan || Knitwear || Red || Solid,solid,8,8,0,5.6846448311588045
Baby/Children || Trousers || Woven/Jersey/Knitted mix Baby || Beige || Solid,solid,8,8,0,8.433482123370304
Sport || Bra || Jersey Fancy || Khaki green || Solid,solid,5,5,0,5.191296201835364
Sport || Bra || Jersey Fancy || Grey || Solid,solid,8,8,0,13.15970646857565
Sport || Bra || Jersey Fancy || White || Solid,solid,8,8,0,3.0426185647096773
Sport || T-shirt || Jersey Fancy || Red || Solid,solid,7,7,0,13.999860238868154
Baby/Children || T-shirt || Jersey Fancy || White || Solid,solid,8,8,1,2.2346292974889854
Baby/Children || T-shirt || Jersey Fancy || Blue || Melange,solid,5,5,0,22.02906707420435
Baby/Children || Trousers || Jersey Fancy || Blue || Colour blocking,patterned,8,8,0,15.225310573464498
Baby/Children || Shirt || Woven/Jersey/Knitted mix Baby || Blue || Denim,patterned,8,8,0,5.4948929544503144
Ladieswear || Dress || Dresses Ladies || Black || Sequin,patterned,8,8,0,2.16778055380542
Divided || Ballerinas || Shoes || Black || Solid,solid,6,6,0,5.17024171587099
Ladieswear || Dress || Knitwear || Black || Solid,solid,8,8,0,2.466939843065412
Divided || Top || Jersey Fancy || Black || Solid,solid,8,8,0,4.28896661339558
Baby/Children || Socks || Socks and Tights || Pink || All over pattern,patterned,8,8,1,6.669140684540322
Menswear || Swimwear bottom || Swimwear || Black || Solid,solid,8,8,0,4.001858333367521
Menswear || Swimwear bottom || Swimwear || Green || Solid,solid,7,7,0,16.37206979955668
Baby/Children || Dress || Woven/Jersey/Knitted mix Baby || Pink || Solid,solid,8,8,2,10.147607903225307
Menswear || Sweater || Jersey Fancy || White || Stripe,patterned,8,8,0,22.921180958231023
Menswear || T-shirt || Jersey Fancy || White || Stripe,patterned,8,8,0,22.643992020266435
Menswear || Sweater || Jersey Fancy || Grey || Colour blocking,patterned,8,8,1,13.574581293458074
Menswear || Sweater || Jersey Fancy || Grey || Front print,patterned,8,8,0,6.1943681725109565
Menswear || Sweater || Jersey Fancy || Black || Colour blocking,patterned,8,8,0,2.5301473076034893
Ladieswear || Other accessories || Accessories || Metal || Solid,solid,8,8,1,5.030496229841735
"Ladieswear || Bra || Under-, Nightwear || Orange || Lace",patterned,8,8,0,14.372952045660837
"Ladieswear || Underwear bottom || Under-, Nightwear || Pink || Melange",solid,5,5,0,3.831893863448205
Menswear || Swimwear bottom || Swimwear || Green || All over pattern,patterned,8,8,1,16.151078446598767
Menswear || Swimwear bottom || Swimwear || Blue || All over pattern,patterned,8,8,0,17.312650211576194
Baby/Children || Sandals || Shoes || Blue || Solid,solid,8,8,0,21.991573058349356
Ladieswear || Blazer || Dressed || White || Check,patterned,5,5,0,14.512602460969457
Menswear || Shirt || Shirts || White || Melange,solid,7,7,0,3.363036518249936
Menswear || Shirt || Shirts || Brown || Solid,solid,8,8,0,15.8537450620334
Ladieswear || Blazer || Dressed || Beige || Solid,solid,8,8,0,22.32193950523535
Ladieswear || Blazer || Dressed || Pink || Solid,solid,8,8,1,17.538114945333575
Ladieswear || Blazer || Dressed || Pink || Check,patterned,5,5,0,5.748982717174568
Ladieswear || Blazer || Dressed || Beige || Other structure,patterned,8,8,0,7.317530565165505
Baby/Children || Hair/alice band || Accessories || Pink || Solid,solid,8,8,0,5.203966375037983
Ladieswear || Sweater || Knitwear || Unknown || Solid,solid,8,8,0,19.48434364409518
Ladieswear || Trousers || Trousers || Brown || Solid,solid,8,8,0,12.008737063555325
Baby/Children || Hair clip || Accessories || Pink || Solid,solid,8,8,4,14.566459460979377
Menswear || Sweater || Jersey Basic || Green || Solid,solid,8,8,0,27.03362187393773
Menswear || Top || Jersey Basic || Black || Solid,solid,8,8,0,9.65198261512149
Menswear || T-shirt || Jersey Basic || Beige || Solid,solid,8,8,0,10.585535348201173
Menswear || T-shirt || Jersey Basic || Pink || Stripe,patterned,5,5,0,16.02262467488741
Menswear || T-shirt || Jersey Basic || Khaki green || Stripe,patterned,7,7,1,13.747941081533856
Menswear || T-shirt || Jersey Basic || Khaki green || Melange,solid,5,5,0,13.896016595410739
Menswear || T-shirt || Jersey Basic || Green || Stripe,patterned,5,5,0,14.8648986580943
Menswear || Polo shirt || Jersey Basic || Blue || Stripe,patterned,8,8,0,10.232225564225827
Ladieswear || Dress || Blouses || Orange || Solid,solid,8,8,0,12.548800621337913
Ladieswear || Blouse || Blouses || Grey || All over pattern,patterned,8,8,0,5.874806072412983
Divided || Sweater || Jersey Fancy || Black || All over pattern,patterned,8,8,0,3.6378364754806998
Divided || Dress || Dresses Ladies || Black || Application/3D,patterned,8,8,1,2.6321894055526034
Ladieswear || Dress || Special Offers || Pink || Solid,solid,8,8,0,17.667427817795197
"Menswear || Pyjama bottom || Under-, Nightwear || Grey || Melange",solid,8,8,0,6.889050455329784
Ladieswear || Swimsuit || Swimwear || White || All over pattern,patterned,8,8,0,8.227854956997463
Ladieswear || Swimwear bottom || Swimwear || Blue || All over pattern,patterned,8,8,0,6.276862336593554
Ladieswear || Blouse || Blouses || Beige || All over pattern,patterned,8,8,0,10.551639053803914
Divided || Hoodie || Jersey Fancy || Pink || Placement print,patterned,6,6,0,14.926653085757849
Ladieswear || Sweater || Knitwear || Brown || Melange,solid,8,8,0,9.59264131071157
Divided || Shirt || Unknown || Black || Solid,solid,5,5,0,5.42132492182259
Divided || Trousers || Trousers || Black || Denim,patterned,7,7,0,3.636341137334681
Ladieswear || T-shirt || Jersey Fancy || Red || Stripe,patterned,8,8,0,10.979814231020555
Baby/Children || Garment Set || Jersey Fancy || Pink || Solid,solid,8,8,0,5.845282094217928
Divided || Sweater || Knitwear || Lilac Purple || Solid,solid,6,6,0,4.367022540723417
Divided || Sweater || Knitwear || Beige || Stripe,patterned,5,5,0,11.466374363503801
Menswear || Sweater || Jersey Fancy || Blue || Front print,patterned,8,8,0,5.796416915885233
Baby/Children || Garment Set || Woven/Jersey/Knitted mix Baby || Pink || All over pattern,patterned,8,8,0,15.019899272753577
Ladieswear || Flat shoe || Shoes || Red || Solid,solid,6,6,0,15.949936001758047
Ladieswear || Ring || Accessories || Turquoise || Solid,solid,6,6,2,17.225877149278162
Divided || Other accessories || Accessories || Grey || Solid,solid,8,8,0,7.798846748849446
Baby/Children || T-shirt || Jersey Fancy || Orange || Front print,patterned,8,8,0,18.737062844303228
Ladieswear || Jacket || Outdoor || Beige || Check,patterned,8,8,0,9.721562289129633
Ladieswear || Jacket || Outdoor || Black || Other structure,patterned,6,6,0,5.93036498380752
Ladieswear || Blouse || Blouses || White || Embroidery,patterned,8,8,1,4.326031788023534
Sport || Bikini top || Accessories || Black || Solid,solid,8,8,0,3.585419342913336
Ladieswear || Trousers || Trousers || Beige || Stripe,patterned,8,8,1,2.6805961268288074
Ladieswear || Cardigan || Knitwear || Pink || Solid,solid,8,8,0,6.093665989875726
Menswear || Socks || Socks and Tights || Green || All over pattern,patterned,8,8,0,13.372643501393732
Menswear || Socks || Socks and Tights || Blue || All over pattern,patterned,8,8,0,16.632056506222487
Menswear || Socks || Socks and Tights || Grey || All over pattern,patterned,8,8,1,19.633296046494138
Ladieswear || Dress || Dresses Ladies || Blue || Check,patterned,5,5,0,7.50117125766035
Ladieswear || Blazer || Dressed || Blue || Check,patterned,7,7,0,10.08630437094314
Ladieswear || Ballerinas || Shoes || Yellow || Solid,solid,5,5,0,11.218940929884011
Ladieswear || Blazer || Dressed || Mole || Solid,solid,5,5,0,8.68918421411586
Menswear || Top || Jersey Basic || White || Solid,solid,6,6,0,2.9403822261101915
Baby/Children || Garment Set || Woven/Jersey/Knitted mix Baby || Blue || Denim,patterned,8,8,0,7.533891023810691
Divided || Blouse || Blouses || Black || Embroidery,patterned,8,8,1,2.828217783794357
Divided || Jacket || Blouses || Beige || Solid,solid,7,7,0,6.25084607902194
Ladieswear || Cardigan || Knitwear || Green || Solid,solid,8,8,0,10.07848763096582
Ladieswear || Cardigan || Knitwear || Mole || Melange,solid,8,8,0,6.241929731334986
Divided || Sweater || Jersey Fancy || Turquoise || Solid,solid,8,8,0,6.943592596882427
Ladieswear || Skirt || Trousers || Blue || Denim,patterned,8,8,1,9.753622793882391
Divided || T-shirt || Jersey Fancy || Black || Embroidery,patterned,8,8,0,2.120438325851718
Baby/Children || Trousers || Woven/Jersey/Knitted mix Baby || Grey || Melange,solid,8,8,0,7.111831502897546
Divided || Skirt || Skirts || Red || Solid,solid,8,8,0,11.358981278499693
Baby/Children || Boots || Shoes || Brown || Solid,solid,8,8,0,16.13353617297053
Ladieswear || Dress || Knitwear || Grey || Melange,solid,8,8,0,6.165538365059975
Divided || Blouse || Blouses || Black || Lace,patterned,8,8,0,3.589924129703361
Divided || Blouse || Blouses || Yellow || All over pattern,patterned,8,8,0,30.050319831915814
Ladieswear || Other shoe || Shoes || Beige || Solid,solid,8,8,0,4.15739283773926
Ladieswear || Flat shoe || Shoes || White || Solid,solid,7,7,0,5.738667859025851
Ladieswear || Flip flop || Shoes || Black || Solid,solid,8,8,0,3.1058535787252115
Ladieswear || Top || Knitwear || Grey || Melange,solid,8,8,0,14.801006285420744
Ladieswear || Ballerinas || Shoes || Brown || Solid,solid,8,8,0,12.592736523033455
Ladieswear || Trousers || Trousers || Black || Glittering/Metallic,patterned,5,5,0,10.874891600861835
Ladieswear || Trousers || Trousers Denim || Green || Denim,patterned,6,6,0,3.8718613505810877
Ladieswear || Scarf || Accessories || White || Solid,solid,8,8,0,2.015882136682495
Menswear || Sweater || Jersey Fancy || Blue || Placement print,patterned,8,8,0,14.536492932088954
Menswear || Shorts || Jersey Basic || Khaki green || Solid,solid,8,8,0,11.343130733258473
Ladieswear || Bikini top || Swimwear || Red || Lace,patterned,6,6,0,34.80899307752518
"Menswear || Underwear bottom || Under-, Nightwear || Red || Check",patterned,8,8,0,11.319123560919488
Divided || Dress || Dresses Ladies || Blue || Denim,patterned,8,8,0,7.842370217226731
Baby/Children || Dress || Dresses/Skirts girls || Pink || Solid,solid,8,8,1,8.311998674124256
Menswear || Shirt || Shirts || Beige || Solid,solid,8,8,0,7.670415406825741
Ladieswear || Dress || Jersey Fancy || Green || All over pattern,patterned,8,8,0,17.812771990926194
Ladieswear || Dress || Jersey Fancy || Blue || All over pattern,patterned,8,8,0,24.845752630727244
Divided || Sunglasses || Accessories || Metal || Solid,solid,7,7,1,23.93216240924163
Menswear || Socks || Socks and Tights || Yellow || All over pattern,patterned,6,6,0,30.73589826743253
Divided || Sweater || Unknown || Black || Solid,solid,8,8,0,1.9377635032978704
Divided || T-shirt || Unknown || Black || Solid,solid,7,7,0,4.250161432675602
Ladieswear || Jacket || Outdoor || Black || Check,patterned,7,7,0,4.887648148879887
Ladieswear || Dress || Jersey Fancy || Orange || Solid,solid,8,8,0,8.478918243946099
Ladieswear || Bodysuit || Jersey Basic || Black || Solid,solid,8,8,0,2.3215049960820533
"Ladieswear || Underwear bottom || Under-, Nightwear || Lilac Purple || Solid",solid,8,8,1,13.536990538189237
Baby/Children || Dress || Jersey Fancy || Beige || All over pattern,patterned,8,8,0,21.30190732149986
Divided || Blouse || Blouses || Yellow || Solid,solid,6,6,0,5.346874532387992
Ladieswear || Trousers || Trousers || Red || Check,patterned,8,8,0,19.75585914311831
Ladieswear || Hoodie || Jersey Fancy || White || Solid,solid,8,8,0,1.6151002164513275
Sport || T-shirt || Jersey Fancy || Pink || Solid,solid,7,7,0,20.78105113076888
Menswear || Trousers || Jersey Fancy || Black || Colour blocking,patterned,8,8,0,35.96730541648596
Divided || Sweater || Knitwear || Black || Placement print,patterned,5,5,0,3.2256494812179906
"Ladieswear || Pyjama bottom || Under-, Nightwear || Grey || Solid",solid,7,7,0,6.708207465292346
"Ladieswear || Night gown || Under-, Nightwear || Pink || Lace",patterned,5,5,0,13.529403529960499
Ladieswear || Blouse || Jersey Fancy || Blue || All over pattern,patterned,6,6,0,7.841958482113329
Ladieswear || Trousers || Jersey Fancy || Brown || Solid,solid,7,7,0,10.53814110617012
Ladieswear || Trousers || Jersey Fancy || White || Solid,solid,8,8,0,4.370182508301121
Ladieswear || Swimwear bottom || Swimwear || White || Lace,patterned,5,5,0,0.6384991983573852
Ladieswear || Blouse || Blouses || Lilac Purple || Solid,solid,8,8,0,9.479177433154609
Divided || Hoodie || Jersey Fancy || White || Placement print,patterned,8,8,0,2.5600407782544248
Divided || Top || Jersey Fancy || Pink || Solid,solid,8,8,0,5.348236672289556
Ladieswear || Dress || Jersey Fancy || Lilac Purple || Solid,solid,5,5,0,17.86320007423433
Divided || Dress || Dresses Ladies || Yellow || All over pattern,patterned,8,8,0,10.906227471134203
Divided || Jumpsuit/Playsuit || Dresses Ladies || White || Solid,solid,5,5,0,4.111361675306102
Ladieswear || Blazer || Outdoor || Black || Solid,solid,8,8,0,1.6768409866500136
Divided || T-shirt || Jersey Fancy || Black || Application/3D,patterned,5,5,0,6.803499627657505
Ladieswear || Jumpsuit/Playsuit || Jersey Fancy || Black || Solid,solid,8,8,1,3.711535814383819
Ladieswear || Boots || Shoes || White || Solid,solid,8,8,1,3.723735102055059
"Ladieswear || Underwear body || Under-, Nightwear || Orange || Solid",solid,8,8,0,5.076224560953799
Ladieswear || Jacket || Outdoor || Yellow || Solid,solid,8,8,0,10.471118823208931
Ladieswear || T-shirt || Jersey Fancy || White || Placement print,patterned,6,6,0,1.1116529435408848
Menswear || Ring || Accessories || Metal || Solid,solid,8,8,1,25.926994639424112
Baby/Children || Dress || Jersey Fancy || Red || Solid,solid,8,8,0,10.607853089878088
Divided || Sweater || Jersey Fancy || Grey || Embroidery,patterned,5,5,0,23.096149389150206
Ladieswear || Bikini top || Swimwear || Yellow || Other structure,patterned,8,8,0,11.388333383537072
Ladieswear || Skirt || Skirts || Black || Other structure,patterned,6,6,0,16.4514422508364
"Ladieswear || Sweater || Under-, Nightwear || Black || Solid",solid,8,8,0,1.710408691245144
"Ladieswear || Sweater || Under-, Nightwear || Grey || Melange",solid,8,8,0,6.945882268411666
Baby/Children || Bodysuit || Jersey Fancy || White || All over pattern,patterned,8,8,0,5.077105234113318
Baby/Children || Garment Set || Jersey Fancy || White || Solid,solid,6,6,0,7.534719806058474
Ladieswear || Sweater || Jersey Basic || Grey || Melange,solid,8,8,0,10.779278814195237
Menswear || T-shirt || Jersey Fancy || Green || Placement print,patterned,8,8,0,8.210680743695008
Divided || Blouse || Blouses || Pink || Embroidery,patterned,7,7,0,9.18685709250897
Ladieswear || Blouse || Special Offers || Red || Solid,solid,5,5,0,13.058613848385377
Ladieswear || Sweater || Jersey Fancy || Khaki green || Solid,solid,8,8,0,5.978111270830182
Menswear || Shirt || Shirts || Grey || Solid,solid,8,8,0,10.76709194292717
Ladieswear || Swimwear bottom || Swimwear || Green || Solid,solid,8,8,0,22.385172467609735
Ladieswear || Hair string || Accessories || White || Solid,solid,8,8,0,5.551541818882734
Ladieswear || Dress || Jersey Fancy || Black || Stripe,patterned,8,8,1,4.093158241637267
Divided || Shorts || Shorts || Black || All over pattern,patterned,8,8,0,9.8310455553441
Divided || Shorts || Shorts || Beige || Solid,solid,8,8,0,4.642614461157999
Divided || Top || Jersey Fancy || Black || Glittering/Metallic,patterned,6,6,0,5.911303781441145
Ladieswear || Scarf || Accessories || White || All over pattern,patterned,7,7,0,25.97786929571871
Ladieswear || Heeled sandals || Shoes || Red || Solid,solid,8,8,0,21.602285259389653
Ladieswear || Top || Jersey Fancy || Green || All over pattern,patterned,8,8,0,16.216348405737584
Ladieswear || Dress || Blouses || White || All over pattern,patterned,8,8,1,5.1891033904861565
Ladieswear || Sweater || Unknown || Red || Solid,solid,8,8,0,5.047141886442801
Baby/Children || Dress || Jersey Fancy || Pink || Solid,solid,8,8,0,9.168179155373588
Divided || Top || Jersey Fancy || White || Solid,solid,8,8,0,1.4867825826379222
Ladieswear || Trousers || Trousers || Turquoise || Solid,solid,6,6,0,13.333958562588505
Ladieswear || Swimwear bottom || Swimwear || Yellow || Other structure,patterned,8,8,0,10.816133439256722
Ladieswear || Skirt || Shorts || Blue || Solid,solid,6,6,0,5.386167745055335
Divided || Shirt || Blouses || Beige || Solid,solid,7,7,0,6.669955489397532
Ladieswear || Blouse || Special Offers || Black || Solid,solid,6,6,0,4.456810838265495
Ladieswear || Bikini top || Swimwear || Blue || Other structure,patterned,7,7,0,11.193556009513422
Ladieswear || Swimwear bottom || Swimwear || Blue || Other structure,patterned,8,8,0,1.4539116230968376
Divided || Sweater || Knitwear || White || Embroidery,patterned,8,8,0,3.678765436468894
Baby/Children || Skirt || Trousers Denim || Blue || Denim,patterned,8,8,0,6.315353010330169
Baby/Children || Hoodie || Jersey Fancy || Red || Colour blocking,patterned,8,8,0,20.113367730583786
Divided || T-shirt || Jersey Fancy || Black || All over pattern,patterned,8,8,0,23.191998050105006
Divided || Skirt || Skirts || Black || Check,patterned,8,8,0,4.939293233203286
"Divided || Underwear bottom || Under-, Nightwear || Black || Solid",solid,8,8,0,1.5213758742144114
"Divided || Underwear bottom || Under-, Nightwear || Black || Melange",solid,6,6,0,16.345406442088745
Divided || Jacket || Outdoor || Yellow || Solid,solid,8,8,0,9.446640514131776
Ladieswear || Shorts || Shorts || Grey || Denim,patterned,8,8,0,2.5569873165759938
Ladieswear || Blazer || Dressed || White || Stripe,patterned,8,8,0,6.629417385223476
Ladieswear || Sunglasses || Accessories || White || Solid,solid,5,5,0,5.082395888773981
"Divided || Underwear bottom || Under-, Nightwear || Lilac Purple || Solid",solid,5,5,0,14.095700825084144
Menswear || Trousers || Trousers Denim || Green || Denim,patterned,6,6,0,3.315427097103234
Ladieswear || Sweater || Knitwear || Beige || Stripe,patterned,6,6,0,9.445379422061276
Ladieswear || Bodysuit || Jersey Fancy || Black || Solid,solid,8,8,0,3.088344151485458
Ladieswear || Sweater || Jersey Fancy || Beige || Solid,solid,8,8,0,5.929038625060516
Ladieswear || Skirt || Skirts || White || Solid,solid,8,8,0,2.507043274425021
Ladieswear || Skirt || Skirts || White || Stripe,patterned,8,8,1,13.281682308174586
Ladieswear || Skirt || Skirts || Red || All over pattern,patterned,7,7,1,22.597586338492295
Ladieswear || Sweater || Jersey Basic || Grey || Solid,solid,7,7,0,14.152197227447761
Divided || Skirt || Trousers || Pink || Solid,solid,8,8,0,6.906101896176525
Ladieswear || Dress || Dresses Ladies || Black || Stripe,patterned,8,8,0,26.00497050574569
Divided || Cardigan || Jersey Fancy || White || Solid,solid,7,7,0,4.321726249857958
Divided || Blouse || Blouses || Turquoise || Solid,solid,7,7,1,18.388247674531378
Ladieswear || Blazer || Dressed || Black || Stripe,patterned,5,5,0,22.350563960716862
Ladieswear || Dress || Jersey Fancy || Pink || Lace,patterned,8,8,0,8.172333636992033
Ladieswear || Top || Blouses || Beige || All over pattern,patterned,8,8,0,11.867740633693991
Ladieswear || Dress || Blouses || Beige || All over pattern,patterned,8,8,2,7.823401973832987
Ladieswear || Dress || Blouses || Khaki green || Solid,solid,8,8,0,9.592271077381554
Ladieswear || Dress || Blouses || Blue || Denim,patterned,8,8,0,8.082513473059677
Ladieswear || Bodysuit || Jersey Fancy || White || Solid,solid,8,8,0,1.7183946182601473
Ladieswear || T-shirt || Jersey Fancy || White || Embroidery,patterned,8,8,1,1.3521586295297001
Ladieswear || Blazer || Dressed || White || Other structure,patterned,6,6,0,18.019624256550003
Ladieswear || Dress || Unknown || Orange || Solid,solid,8,8,0,10.513629212051896
Divided || Jumpsuit/Playsuit || Dresses Ladies || Red || Solid,solid,7,7,0,2.93783324066876
Ladieswear || Blouse || Blouses || Blue || Denim,patterned,8,8,0,10.947171207310175
Ladieswear || Top || Knitwear || Black || Solid,solid,8,8,0,2.359750157270483
Ladieswear || Top || Knitwear || Red || Solid,solid,7,7,0,8.612843536860238
Divided || Bag || Accessories || Beige || Solid,solid,8,8,0,10.721902942820764
Ladieswear || Sweater || Jersey Fancy || Grey || All over pattern,patterned,5,5,0,23.928749260217657
Ladieswear || T-shirt || Jersey Basic || Black || All over pattern,patterned,6,6,0,11.02312210879323
Ladieswear || T-shirt || Jersey Basic || Beige || Solid,solid,8,8,0,9.046446345463751
Ladieswear || Sandals || Shoes || White || Solid,solid,8,8,0,10.264982867137228
Divided || Dress || Dresses Ladies || Turquoise || Embroidery,patterned,8,8,2,6.876789588486349
Ladieswear || Top || Jersey Fancy || White || Lace,patterned,8,8,2,2.9584755295095464
Divided || Blouse || Blouses || White || Lace,patterned,5,5,1,2.51147199972912
Ladieswear || Dress || Blouses || Blue || Stripe,patterned,7,7,0,14.317451030296253
Menswear || Vest top || Jersey Fancy || Black || Placement print,patterned,6,6,0,31.42303438203566
Divided || Dungarees || Dresses Ladies || Black || All over pattern,patterned,5,5,0,7.245387797828137
Ladieswear || Scarf || Accessories || Pink || All over pattern,patterned,8,8,0,20.156142689334587
Ladieswear || Cap/peaked || Accessories || Black || Solid,solid,8,8,0,2.088736540656425
Ladieswear || Dress || Jersey Fancy || Red || All over pattern,patterned,8,8,0,12.478462468284741
Menswear || Trousers || Trousers Denim || Turquoise || Denim,patterned,8,8,0,4.734976474528265
Divided || Hat/brim || Accessories || Black || Solid,solid,8,8,0,3.6189641034947293
Divided || Blouse || Blouses || Black || Check,patterned,5,5,0,5.87868690898579
Baby/Children || Hoodie || Jersey Fancy || Green || All over pattern,patterned,6,6,0,22.63791736986418
Ladieswear || Top || Jersey Fancy || Unknown || Solid,solid,8,8,0,3.7779097473993253
Ladieswear || Top || Jersey Fancy || Beige || All over pattern,patterned,8,8,0,18.002660042885513
"Ladieswear || Pyjama set || Under-, Nightwear || Black || Solid",solid,7,7,1,2.4937975402729995
Ladieswear || T-shirt || Jersey Fancy || Unknown || Front print,patterned,5,5,0,26.165841861343342
Ladieswear || Dress || Dresses Ladies || Black || Dot,patterned,7,7,0,3.749505474252357
Ladieswear || Dress || Unknown || Red || Solid,solid,8,8,0,3.8160837428710774
Ladieswear || Trousers || Unknown || Red || Solid,solid,8,8,0,8.36800805664927
Ladieswear || Shirt || Unknown || Black || Solid,solid,8,8,0,2.203620891252042
Divided || Wallet || Accessories || Black || Solid,solid,8,8,0,2.849420183013038
Ladieswear || Dress || Jersey Fancy || White || Lace,patterned,8,8,0,1.2877140665946283
Ladieswear || Sweater || Jersey Fancy || Unknown || Solid,solid,6,6,0,25.76986369620809
Ladieswear || Sweater || Jersey Fancy || Green || Solid,solid,8,8,0,10.247175428469047
Ladieswear || Trousers || Jersey Fancy || Khaki green || Solid,solid,8,8,0,9.902663593152157
Ladieswear || T-shirt || Jersey Fancy || Unknown || Solid,solid,8,8,0,2.344805920761922
Ladieswear || Sweater || Knitwear || Mole || Melange,solid,8,8,0,4.507922968243246
Divided || Hair/alice band || Accessories || Pink || Solid,solid,8,8,0,19.414827190998004
Ladieswear || Blouse || Jersey Fancy || Green || Solid,solid,5,5,0,17.235614159707744
Divided || Top || Jersey Basic || Khaki green || Solid,solid,7,7,0,2.988162347010365
Divided || Jacket || Unknown || Black || Solid,solid,8,8,0,2.8194802396378487
Ladieswear || Trousers || Unknown || Blue || Denim,patterned,8,8,0,5.145434674490004
Divided || Dress || Unknown || Black || All over pattern,patterned,8,8,0,4.71721095946199
Divided || Skirt || Unknown || Black || Solid,solid,8,8,0,4.273475474385792
Divided || Trousers || Unknown || Black || Denim,patterned,6,6,0,2.454471501970969
Ladieswear || Other accessories || Accessories || Beige || Solid,solid,8,8,0,20.211462661592243
Ladieswear || Vest top || Blouses || Red || Solid,solid,8,8,0,3.669808242093179
Ladieswear || Vest top || Blouses || Blue || Solid,solid,8,8,0,12.398583106771213
Ladieswear || Skirt || Skirts || Grey || Check,patterned,8,8,0,6.864444066703106
Ladieswear || Skirt || Skirts || Orange || All over pattern,patterned,8,8,0,16.214240413347493
Ladieswear || Skirt || Skirts || Green || All over pattern,patterned,7,7,0,18.83256368568186
Ladieswear || Skirt || Trousers || Beige || Solid,solid,8,8,0,8.606484465679326
Ladieswear || Hair/alice band || Accessories || Beige || Solid,solid,7,7,0,9.047466309082019
Ladieswear || Hair/alice band || Accessories || Green || Solid,solid,5,5,0,15.794146310757567
Ladieswear || Trousers || Unknown || Beige || Solid,solid,8,8,0,8.533827351260149
Ladieswear || Sweater || Unknown || White || Solid,solid,8,8,0,2.0003133283624805
Ladieswear || Blouse || Blouses || Turquoise || Solid,solid,8,8,0,10.887465744053479
Ladieswear || Vest top || Blouses || Pink || Solid,solid,8,8,1,9.166974451345197
Ladieswear || Skirt || Skirts || Blue || Denim,patterned,8,8,0,7.8054188439613315
Baby/Children || Hoodie || Jersey Fancy || Blue || Sequin,patterned,8,8,0,8.876090343192335
Ladieswear || Sneakers || Shoes || Mole || Solid,solid,7,7,0,14.794188138708869
Baby/Children || Ballerinas || Shoes || Metal || Solid,solid,8,8,0,5.6317959328786165
Ladieswear || Sweater || Jersey Fancy || Beige || Melange,solid,8,8,0,2.1386769078840375
Sport || Hoodie || Unknown || Black || Solid,solid,8,8,0,2.4105761046089675
Menswear || Socks || Socks and Tights || White || Placement print,patterned,8,8,3,6.917065391336299
Ladieswear || T-shirt || Jersey Fancy || Pink || Front print,patterned,8,8,0,11.162244949417186
Ladieswear || Scarf || Accessories || Black || All over pattern,patterned,8,8,0,17.76456315209616
Ladieswear || Trousers || Trousers Denim || Black || Denim,patterned,8,8,1,1.9219958946524032
Divided || T-shirt || Jersey Basic || Beige || Solid,solid,8,8,0,2.263117501136899
Divided || T-shirt || Jersey Basic || Mole || Solid,solid,7,7,0,2.8793224336057683
Divided || T-shirt || Jersey Basic || Orange || Solid,solid,8,8,0,2.5770684458544455
Ladieswear || Dress || Dresses Ladies || Unknown || Solid,solid,8,8,0,5.522665984610912
Sport || Bra || Jersey Fancy || Orange || Solid,solid,6,6,0,4.963782964420606
Ladieswear || Scarf || Accessories || Yellow || Solid,solid,8,8,0,7.330629509147056
Baby/Children || T-shirt || Jersey Fancy || Khaki green || Front print,patterned,8,8,0,10.26109496639372
Divided || Blouse || Blouses || Beige || All over pattern,patterned,8,8,0,8.628776493684319
Ladieswear || Bodysuit || Jersey Fancy || Black || Lace,patterned,6,6,0,4.956647576304832
Divided || Hoodie || Outdoor || Blue || Solid,solid,5,5,0,19.349085682303674
Ladieswear || Trousers || Knitwear || Grey || Melange,solid,8,8,0,5.723838537199005
Ladieswear || T-shirt || Jersey Basic || Brown || Solid,solid,6,6,0,3.3656199675312766
Ladieswear || Blouse || Blouses || White || Check,patterned,5,5,0,14.080257492935829
Menswear || Trousers || Trousers || Brown || Check,patterned,7,7,0,10.735374074323603
Ladieswear || Wedge || Shoes || Yellow || Solid,solid,6,6,0,10.486840960200455
Sport || Leggings/Tights || Jersey Fancy || Pink || Solid,solid,8,8,0,16.550006073720414
Baby/Children || Dress || Dresses/Skirts girls || Pink || Application/3D,patterned,8,8,0,5.156178788599715
Menswear || Cardigan || Knitwear || Blue || Melange,solid,8,8,0,2.5672585792335756
Ladieswear || Bag || Accessories || Turquoise || Solid,solid,8,8,0,14.049712780812992
Divided || Bag || Accessories || Mole || Solid,solid,8,8,0,6.438416414340654
Sport || Sweater || Jersey Fancy || Beige || Solid,solid,5,5,1,16.609847879046914
Divided || Bodysuit || Jersey Fancy || Black || Solid,solid,8,8,0,2.457539278624843
Menswear || Shirt || Shirts || Turquoise || Solid,solid,5,5,0,31.13177528552395
Ladieswear || Dress || Jersey Fancy || Brown || Solid,solid,8,8,1,10.494869658787989
Ladieswear || Dress || Jersey Fancy || Beige || Solid,solid,8,8,0,11.156520259032881
Ladieswear || Blouse || Blouses || Unknown || Solid,solid,8,8,1,3.7421995038773668
Divided || Bag || Accessories || White || Solid,solid,8,8,0,3.5194129138462236
Ladieswear || Dress || Jersey Fancy || Grey || Solid,solid,8,8,0,4.602011194346808
Ladieswear || Blazer || Dressed || Beige || Check,patterned,8,8,0,6.491718877235832
Ladieswear || Blazer || Dressed || Orange || Solid,solid,6,6,0,13.527412909272506
Divided || Hat/beanie || Accessories || Beige || Solid,solid,8,8,0,6.82526570093051
Ladieswear || Bag || Accessories || Khaki green || Solid,solid,8,8,0,9.846343001752434
Ladieswear || Dress || Dresses Ladies || White || Dot,patterned,5,5,1,2.8002043989783494
Ladieswear || Sweater || Knitwear || White || Melange,solid,8,8,0,16.2873728223232
Divided || Dress || Dresses Ladies || Mole || Solid,solid,6,6,0,6.032314127025252
Ladieswear || Dress || Blouses || White || Solid,solid,8,8,1,3.2160735451236278
Ladieswear || Blazer || Dressed || Brown || Solid,solid,8,8,0,8.792578679376568
Ladieswear || Dress || Unknown || Green || Solid,solid,7,7,0,16.784815732476666
Ladieswear || Bag || Accessories || Beige || All over pattern,patterned,6,6,0,20.81847299626483
Ladieswear || Dress || Dresses Ladies || Lilac Purple || Solid,solid,8,8,0,14.598046508254985
Divided || Dress || Dresses Ladies || White || Embroidery,patterned,8,8,2,4.0887231573306915
Divided || Skirt || Trousers || Red || All over pattern,patterned,5,5,0,13.264194709279895
Ladieswear || Skirt || Special Offers || Black || Solid,solid,6,6,0,5.024360148664182
Ladieswear || Skirt || Jersey Fancy || Beige || Solid,solid,7,7,0,10.897504487847863
Divided || Trousers || Trousers || Black || Check,patterned,8,8,0,8.959240009538224
Ladieswear || Top || Jersey Fancy || Yellow || All over pattern,patterned,6,6,0,29.341132334008563
Baby/Children || Dress || Jersey Fancy || Yellow || All over pattern,patterned,8,8,0,6.390726705543017
Divided || Dress || Dresses Ladies || Red || Embroidery,patterned,5,5,0,15.174634980638507
Ladieswear || Dress || Jersey Fancy || Turquoise || Solid,solid,8,8,0,16.859027335938762
Baby/Children || Trousers || Woven/Jersey/Knitted mix Baby || Black || Denim,patterned,8,8,0,14.219780607906356
Ladieswear || Dress || Jersey Fancy || Beige || All over pattern,patterned,8,8,0,12.520058645567785
Baby/Children || T-shirt || Jersey Fancy || White || Sequin,patterned,8,8,0,9.740205551736421
Ladieswear || Sweater || Jersey Fancy || Grey || Front print,patterned,8,8,0,18.92158653867046
Baby/Children || Garment Set || Jersey Fancy || Beige || All over pattern,patterned,8,8,0,29.86770809435565
Menswear || T-shirt || Jersey Fancy || Beige || Placement print,patterned,8,8,0,4.240301492131754
Baby/Children || Skirt || Dresses/Skirts girls || Black || Solid,solid,8,8,0,5.0205866354851825
Divided || Shorts || Unknown || Black || Denim,patterned,5,5,0,3.0229464451289614
Ladieswear || Scarf || Accessories || Yellow || All over pattern,patterned,5,5,0,16.233625327866633
Divided || Jacket || Unknown || Red || Solid,solid,6,6,1,7.17420961667856
Divided || Dress || Dresses Ladies || Grey || All over pattern,patterned,8,8,0,12.41887247587499
Ladieswear || Skirt || Trousers || Orange || Solid,solid,5,5,0,17.576338949808058
"Menswear || Underwear bottom || Under-, Nightwear || Blue || Mixed solid/pattern",patterned,8,8,1,9.38636017819072
Ladieswear || Skirt || Skirts || Beige || Check,patterned,8,8,0,7.4309368546076024
Ladieswear || Skirt || Skirts || Brown || Solid,solid,8,8,0,15.194931043343336
Ladieswear || Sweater || Knitwear || White || Application/3D,patterned,8,8,0,2.123739381421924
Ladieswear || Shorts || Trousers Denim || Blue || Denim,patterned,8,8,0,7.056745029405856
Ladieswear || Jumpsuit/Playsuit || Trousers || Beige || Solid,solid,8,8,0,7.207361300613099
Sport || T-shirt || Jersey Fancy || Green || Solid,solid,5,5,0,20.66636781598291
Ladieswear || Ring || Accessories || Green || Solid,solid,6,6,2,1.943544246437196
Divided || Trousers || Unknown || Black || Solid,solid,8,8,0,3.1092352330068804
Ladieswear || Top || Jersey Fancy || Khaki green || Embroidery,patterned,5,5,0,4.262944351826926
Ladieswear || Hoodie || Jersey Fancy || Beige || Solid,solid,8,8,0,6.508530363576611
Ladieswear || Vest top || Blouses || White || Embroidery,patterned,5,5,1,3.7358379172969722
Ladieswear || Top || Knitwear || White || Solid,solid,8,8,0,2.858922476491289
Divided || Jacket || Outdoor || Orange || Solid,solid,7,7,0,18.215060504963922
Sport || Leggings/Tights || Jersey Fancy || Unknown || Melange,solid,5,5,0,31.563252933752644
Menswear || Trousers || Trousers || White || Check,patterned,6,6,0,2.082787190890815
Ladieswear || Vest top || Knitwear || White || Solid,solid,8,8,0,3.4517542847589193
Baby/Children || Leggings/Tights || Jersey Fancy || Black || Check,patterned,6,6,0,3.7145960400173497
Ladieswear || Dress || Blouses || Yellow || Solid,solid,8,8,0,8.725456467309746
Menswear || Polo shirt || Jersey Fancy || Blue || All over pattern,patterned,8,8,0,20.291009481275335
Divided || Top || Jersey Basic || Yellow || Solid,solid,6,6,0,9.47841526551263
Menswear || Shirt || Shirts || Khaki green || Check,patterned,8,8,0,4.955413102823765
Ladieswear || Dress || Dresses Ladies || White || Embroidery,patterned,8,8,0,1.1239749605308995
Ladieswear || Skirt || Trousers || White || Solid,solid,8,8,0,7.205870704663252
Ladieswear || Trousers || Trousers || Grey || Melange,solid,8,8,1,10.52959332481222
Ladieswear || Ring || Accessories || Pink || Solid,solid,8,8,3,7.953108713472767
Ladieswear || Ring || Accessories || White || Solid,solid,6,6,2,7.004241529102488
Ladieswear || Trousers || Trousers || Brown || All over pattern,patterned,7,7,0,12.040708947301548
Divided || Hair/alice band || Accessories || Yellow || All over pattern,patterned,5,5,0,8.016991978712493
Divided || Jacket || Outdoor || Brown || Solid,solid,7,7,0,11.243410250226173
Divided || Jumpsuit/Playsuit || Dresses Ladies || Blue || Denim,patterned,8,8,0,9.647061339121285
Baby/Children || Jumpsuit/Playsuit || Jersey Fancy || White || Solid,solid,5,5,1,17.35067266282001
Divided || Trousers || Unknown || Black || All over pattern,patterned,7,7,0,12.591752999989964
Divided || Dress || Dresses Ladies || Beige || Solid,solid,8,8,0,5.463282970266649
Ladieswear || Trousers || Jersey Fancy || Beige || Solid,solid,8,8,0,6.61788768035087
"Ladieswear || Underwear bottom || Under-, Nightwear || Orange || Lace",patterned,8,8,0,4.944393812094994
Ladieswear || Trousers || Knitwear || Black || Solid,solid,8,8,0,2.137829382117606
Menswear || Socks || Socks and Tights || Lilac Purple || All over pattern,patterned,8,8,0,36.31931522067469
Ladieswear || Coat || Outdoor || Mole || Solid,solid,8,8,0,8.881669404272037
Ladieswear || Blouse || Blouses || Brown || All over pattern,patterned,8,8,0,8.12287270962891
Divided || Cardigan || Jersey Fancy || Pink || Solid,solid,8,8,0,6.5482652141774444
Ladieswear || Dress || Jersey Fancy || Beige || Melange,solid,5,5,0,3.3223550429427826
Divided || Dress || Dresses Ladies || Black || Check,patterned,8,8,0,6.090146671689677
Ladieswear || Vest top || Blouses || Blue || All over pattern,patterned,6,6,0,16.24543712518912
Ladieswear || Blouse || Blouses || White || Contrast,patterned,5,5,0,1.3620853028291529
"Ladieswear || Pyjama set || Under-, Nightwear || Black || Contrast",patterned,7,7,1,2.3163324775474727
"Ladieswear || Sweater || Under-, Nightwear || Beige || Melange",solid,7,7,0,9.339587021714784
Divided || Trousers || Unknown || Blue || Denim,patterned,8,8,0,6.041608498798813
Divided || Sweater || Jersey Fancy || Pink || Colour blocking,patterned,5,5,0,5.574142849277905
Divided || Skirt || Skirts || Beige || Check,patterned,5,5,0,9.620087935655224
Ladieswear || Dress || Knitwear || Beige || Solid,solid,8,8,0,9.219452901642496
Ladieswear || Sweater || Knitwear || Red || Application/3D,patterned,7,7,0,13.911238931724514
Ladieswear || Dress || Knitwear || Brown || Solid,solid,5,5,0,4.701933443441569
Divided || T-shirt || Jersey Fancy || Lilac Purple || Solid,solid,6,6,1,22.27296158926307
"Ladieswear || Sweater || Under-, Nightwear || White || Solid",solid,8,8,0,1.3349408467754253
"Ladieswear || Sweater || Under-, Nightwear || Orange || Solid",solid,5,5,0,13.318208544824191
Baby/Children || Ballerinas || Shoes || White || Solid,solid,8,8,0,15.373198558725349
Divided || Cardigan || Knitwear || Lilac Purple || Solid,solid,5,5,0,30.94055593738312
Ladieswear || Vest top || Blouses || Beige || All over pattern,patterned,8,8,0,13.715459264943481
Ladieswear || Scarf || Accessories || Grey || Melange,solid,6,6,0,4.03362104224715
Divided || Dress || Dresses Ladies || Brown || All over pattern,patterned,8,8,0,9.157417039919263
Divided || Trousers || Trousers || Brown || Solid,solid,7,7,0,9.179213334438137
Divided || Skirt || Trousers || Beige || Solid,solid,8,8,0,8.289670865677705
Divided || Jacket || Outdoor || Turquoise || Solid,solid,5,5,0,11.296618120121543
Divided || Hoodie || Jersey Basic || Mole || Solid,solid,5,5,0,15.247074308694984
Divided || Hoodie || Jersey Basic || White || Solid,solid,7,7,0,2.0958400251244416
Ladieswear || Bikini top || Swimwear || Green || Other structure,patterned,8,8,0,14.503021086452458
Ladieswear || Bikini top || Swimwear || Pink || Other structure,patterned,8,8,0,10.431791727306889
Menswear || Shirt || Shirts || Beige || Check,patterned,8,8,0,14.285920994658323
Ladieswear || Earrings || Accessories || Metal || Solid,solid,8,8,0,1.2024679335317847
Ladieswear || Earring || Accessories || Lilac Purple || Solid,solid,8,8,2,19.025587582985352
Ladieswear || Bodysuit || Jersey Fancy || Pink || Solid,solid,6,6,0,22.39798682126201
Ladieswear || Swimwear bottom || Swimwear || Green || Other structure,patterned,8,8,0,16.407787526281385
Ladieswear || Swimwear bottom || Swimwear || Pink || Other structure,patterned,8,8,0,12.00048718356948
Baby/Children || Top || Jersey Fancy || White || Placement print,patterned,8,8,0,23.086501591384256
Ladieswear || Top || Knitwear || Beige || Melange,solid,8,8,0,3.5299564177445504
Sport || Jacket || Jersey Fancy || Black || Solid,solid,8,8,0,2.6083057831805427
Sport || Leggings/Tights || Jersey Fancy || Grey || Solid,solid,8,8,0,4.667351047253212
"Ladieswear || Pyjama set || Under-, Nightwear || Grey || Solid",solid,8,8,0,6.525503589114265
Ladieswear || Heeled sandals || Shoes || Brown || Solid,solid,8,8,0,8.604123672641874
Ladieswear || Hair/alice band || Accessories || Pink || Glittering/Metallic,patterned,6,6,0,15.937733792431818
Menswear || Shirt || Shirts || Green || Stripe,patterned,5,5,0,34.91619450856665
Ladieswear || Top || Unknown || Beige || Solid,solid,6,6,0,7.863337309546796
Ladieswear || Skirt || Skirts || Turquoise || Solid,solid,6,6,0,5.243047032974683
Divided || Hair/alice band || Accessories || Beige || All over pattern,patterned,7,7,0,7.036493306603658
Divided || Hair/alice band || Accessories || Pink || All over pattern,patterned,8,8,0,21.190573376656005
Ladieswear || Trousers || Jersey Fancy || Blue || Stripe,patterned,5,5,0,34.53681612809747
Divided || Sweater || Jersey Fancy || Pink || Front print,patterned,5,5,0,8.194271997609368
Divided || Sweater || Jersey Fancy || White || Front print,patterned,8,8,0,2.047979794446061
Ladieswear || Dress || Special Offers || Pink || All over pattern,patterned,7,7,0,21.55804431486803
Baby/Children || Garment Set || Jersey Fancy || Brown || All over pattern,patterned,6,6,0,10.620025865320969
Ladieswear || Dress || Dresses Ladies || Unknown || All over pattern,patterned,8,8,0,23.444902683619873
Sport || Top || Jersey Fancy || White || Solid,solid,8,8,0,3.6283252396967125
Sport || Top || Jersey Fancy || Pink || Solid,solid,8,8,0,4.692719049833951
Ladieswear || Blazer || Dressed || Pink || Other structure,patterned,6,6,0,5.056696881874785
Menswear || Socks || Socks and Tights || White || Embroidery,patterned,8,8,0,0.7269961789846736
Ladieswear || Vest top || Blouses || Brown || Solid,solid,5,5,0,8.967741771908777
Divided || Jacket || Trousers Denim || White || Denim,patterned,5,5,0,3.546951477582617
Ladieswear || Blazer || Dressed || Turquoise || Solid,solid,5,5,0,7.0371681099952355
Divided || T-shirt || Jersey Fancy || Black || Front print,patterned,7,7,0,2.3321300155120683
Ladieswear || Trousers || Trousers || Beige || Other structure,patterned,6,6,0,8.167034724398942
Ladieswear || Trousers || Jersey Fancy || Unknown || All over pattern,patterned,6,6,0,17.9014762156321
Divided || Blouse || Unknown || Black || All over pattern,patterned,8,8,0,15.47051501751815
Divided || Skirt || Trousers || Blue || Denim,patterned,8,8,0,8.846215871439668
Ladieswear || Sweater || Jersey Fancy || Yellow || Melange,solid,5,5,0,12.27770847965326
Divided || Jumpsuit/Playsuit || Dresses Ladies || Beige || Solid,solid,5,5,0,6.540810124363279
Ladieswear || Skirt || Shorts || Blue || Denim,patterned,8,8,0,5.798305321133736
Ladieswear || Socks || Socks and Tights || White || Placement print,patterned,8,8,1,4.431743469083513
Sport || Shorts || Jersey Fancy || Black || Melange,solid,5,5,0,4.653952842797728
Divided || Skirt || Skirts || Black || Dot,patterned,5,5,0,3.1347648555075973
Ladieswear || Bag || Accessories || Beige || Colour blocking,patterned,6,6,0,11.241444434433653
Divided || Top || Knitwear || White || Solid,solid,5,5,0,4.474658310918635
Ladieswear || Skirt || Shorts || Black || Solid,solid,7,7,0,3.227078221140171
Ladieswear || Trousers || Unknown || Mole || Solid,solid,8,8,0,11.665489194876965
"Ladieswear || Dress || Under-, Nightwear || Black || Solid",solid,8,8,0,1.1308266153017903
Divided || Unknown || Trousers Denim || Blue || Denim,patterned,7,7,0,10.298568117504539
Divided || Hoodie || Unknown || Black || Solid,solid,6,6,0,1.374988095326454
Ladieswear || Earring || Accessories || Turquoise || Solid,solid,8,8,5,10.774379883924805
"Ladieswear || Pyjama set || Under-, Nightwear || Black || Dot",patterned,5,5,0,2.9007314843431207
"Ladieswear || Trousers || Under-, Nightwear || Black || Solid",solid,5,5,0,2.0408350873693424
Ladieswear || Blouse || Blouses || Khaki green || All over pattern,patterned,7,7,0,9.170819506424781
Ladieswear || Dress || Blouses || Beige || Solid,solid,8,8,0,12.834626885429785
Divided || Vest top || Jersey Basic || Grey || Solid,solid,5,5,0,1.8138210707378466
Ladieswear || Swimsuit || Swimwear || Green || Other structure,patterned,6,6,0,23.38227606380099
Sport || Leggings/Tights || Jersey Fancy || Black || Mesh,patterned,8,8,0,1.5051207265307671
Ladieswear || Bodysuit || Jersey Fancy || Beige || Solid,solid,7,7,0,17.169747827699247
Menswear || Socks || Socks and Tights || White || All over pattern,patterned,6,6,0,7.787201599434308
Divided || Swimsuit || Swimwear || Black || Solid,solid,6,6,0,1.0611015661898486
Divided || Dress || Jersey Basic || White || Solid,solid,5,5,0,3.133069359801011
Divided || Dress || Dresses Ladies || White || Dot,patterned,5,5,0,1.3630471912261033
Divided || Dress || Trousers Denim || Black || Denim,patterned,6,6,0,4.570355367217322
Ladieswear || Sarong || Swimwear || Black || Solid,solid,8,8,0,1.9109575846353009
Sport || Vest top || Jersey Fancy || Mole || Solid,solid,5,5,0,10.441555370384231
Ladieswear || Dress || Special Offers || Orange || All over pattern,patterned,6,6,0,25.991913724268894
Ladieswear || Trousers || Trousers || Beige || Melange,solid,8,8,0,2.92575016789754
Ladieswear || Blazer || Dressed || Red || Check,patterned,8,8,0,4.659495944917673
Ladieswear || Dress || Jersey Fancy || Unknown || Solid,solid,6,6,0,30.034710819329476
Ladieswear || Top || Blouses || Beige || Solid,solid,8,8,0,12.483982099498117
Sport || Top || Jersey Fancy || Brown || Solid,solid,6,6,0,23.79665610135016
Divided || Top || Jersey Basic || Lilac Purple || Solid,solid,6,6,0,4.113000768390547
Ladieswear || Shirt || Blouses || Beige || Solid,solid,8,8,0,4.205592084889117
Divided || Sweater || Jersey Basic || Mole || Solid,solid,7,7,0,3.937369585708293
Divided || Sweater || Jersey Basic || White || Solid,solid,7,7,0,1.6919487239023911
Ladieswear || Trousers || Jersey Fancy || Green || Solid,solid,6,6,0,13.494177494357869
Menswear || Trousers || Trousers || Mole || Check,patterned,6,6,0,4.67215196822131
Sport || Leggings/Tights || Jersey Fancy || Khaki green || Solid,solid,6,6,0,15.858084087736554
Ladieswear || Shorts || Jersey Basic || Khaki green || Solid,solid,4,4,0,13.354665139996131
Ladieswear || Jumpsuit/Playsuit || Trousers || White || Solid,solid,8,8,0,1.6735841754314764
Ladieswear || T-shirt || Knitwear || Black || Solid,solid,8,8,0,1.56958064739921
Ladieswear || T-shirt || Knitwear || White || Solid,solid,8,8,0,0.9896366627519169
"Ladieswear || Underwear body || Under-, Nightwear || White || Solid",solid,5,5,0,3.260135524709785
"Ladieswear || Pyjama set || Under-, Nightwear || Mole || Melange",solid,8,8,0,2.871018213489562
"Ladieswear || Sweater || Under-, Nightwear || Beige || Solid",solid,6,6,0,7.928533639643951
Ladieswear || Skirt || Jersey Fancy || Orange || Solid,solid,5,5,0,13.539536671048658
Ladieswear || Dress || Special Offers || Brown || All over pattern,patterned,5,5,0,3.649697367729282
Divided || Dress || Dresses Ladies || Lilac Purple || Check,patterned,7,7,0,13.663403536809763
Divided || Hair/alice band || Accessories || Orange || Solid,solid,5,5,0,13.841168148144904
Divided || Necklace || Accessories || Metal || Metallic,patterned,5,5,0,0.9195536239451018
Ladieswear || Blouse || Blouses || Mole || Solid,solid,7,7,0,9.146348531749393
Divided || Jacket || Unknown || Beige || Solid,solid,6,6,0,13.693186060875597
Ladieswear || T-shirt || Jersey Fancy || Green || Front print,patterned,6,6,0,10.58447011959336
Ladieswear || Hair clip || Accessories || Metal || Glittering/Metallic,patterned,8,8,3,13.533191798287971
Ladieswear || Sweater || Jersey Fancy || Mole || Solid,solid,6,6,0,5.877762368575376
Divided || Dress || Dresses Ladies || Lilac Purple || Solid,solid,8,8,0,19.421926712687178
Ladieswear || Trousers || Blouses || Blue || Denim,patterned,8,8,0,9.011905153289286
