case,stratum,attempt,run,parsed,ref_verdict,ref_outcome,ref_next_agent,ref_adjust,llm_verdict,llm_outcome,llm_next_agent,llm_adjust,verdict_ok,outcome_ok,hop_ok,adjust_ok,reason
wrong_00,N4_wrong_style,1,0,true,REJECT,RETRY,concept-designer,ip_adapter_scale,REJECT,RETRY,concept-designer,ip_adapter_scale,true,true,true,true,"Integrity, Gate 2 and Gate 3 all definitively failed, while Gates 1 and 1b passed (the clone control was valid). The concept drifted too far from the reference style and its briefed changes and attributes are not visible, so this is a systematic miss rather than a one-off seed artifact. This is attempt 1 with 0 of 2 retries used, so the critic sends an adjusted ip_adapter_scale back to concept-designer via the orchestrator, and the human check is not reached."
wrong_00,N4_wrong_style,1,1,true,REJECT,RETRY,concept-designer,ip_adapter_scale,REJECT,RETRY,concept-designer,ip_adapter_scale,true,true,true,true,"The integrity floor, Gate 2 and Gate 3 all definitively failed (pass: false), while Gates 1 and 1b passed, so the concept is novel but not faithful to the style or the briefed changes. This looks systematic rather than a one-off seed artifact, so the critic sends back an adjusted ip_adapter_scale (raised, to pull the image closer to the reference) with 2 retries remaining. The human check is not reached."
wrong_00,N4_wrong_style,1,2,true,REJECT,RETRY,concept-designer,ip_adapter_scale,REJECT,RETRY,concept-designer,ip_adapter_scale,true,true,true,true,"The integrity floor, Gate 2 (attribute fidelity) and Gate 3 (briefed changes visible) all definitively failed, while Gates 1 and 1b passed with a valid clone control. This is attempt 1 with retries remaining, so the critic sends back an adjusted ip_adapter_scale rather than a new seed, because several gates missed together and no sibling seeds show a one-off artifact. The orchestrator relays it to concept-designer."
wrong_01,N4_wrong_style,1,0,true,REJECT,RETRY,concept-designer,ip_adapter_scale,REJECT,RETRY,concept-designer,ip_adapter_scale,true,true,true,true,"The integrity floor, Gate 2 and Gate 3 all definitively failed, so this is a REJECT. Gates 1 and 1b passed with a valid clone control, and the failures point to drift from the style's attributes and briefed changes rather than a one-off seed artifact. This is attempt 1 with retries remaining (0 of 2 used), so the critic sends an adjusted ip_adapter_scale back to concept-designer via the orchestrator."
wrong_01,N4_wrong_style,1,1,true,REJECT,RETRY,concept-designer,ip_adapter_scale,REJECT,RETRY,concept-designer,ip_adapter_scale,true,true,true,true,"Integrity, Gate 2 and Gate 3 all failed (Gates 1 and 1b passed with a valid clone control), so this is a definite REJECT on attempt 0 with retries remaining. The concept is too far from the real references and misses the style attributes and briefed changes. That is a systematic miss rather than a one-off sampling artifact, so the critic sends back an adjusted ip_adapter_scale instead of a new seed."
wrong_01,N4_wrong_style,1,2,true,REJECT,RETRY,concept-designer,ip_adapter_scale,REJECT,RETRY,concept-designer,ip_adapter_scale,true,true,true,true,"Every gate was measured and three definitely failed: the global integrity floor, Gate 2 attribute fidelity and Gate 3 briefed changes. Gate 1 and Gate 1b passed, with the clone control validated. This is attempt 1 with 0 of 2 retries used, so the critic sends a changed ip_adapter_scale back to concept-designer via the orchestrator. The Gate 2 and Gate 3 misses are not a one-seed sampling artifact, so a seed change alone would not address them."
wrong_02,N4_wrong_style,1,0,true,REJECT,RETRY,concept-designer,ip_adapter_scale,REJECT,RETRY,concept-designer,ip_adapter_scale,true,true,true,true,"The integrity floor, Gate 2 and Gate 3 all definitively failed, while Gates 1 and 1b passed and the clone control is valid, so nothing is unmeasured. With 0 retries used, the critic sends the concept back. Three failures together (too far from the references, attributes and briefed changes not visible) look systematic rather than a one-off sampling artifact, so the adjustment is ip_adapter_scale, not seed."
wrong_02,N4_wrong_style,1,1,true,REJECT,RETRY,concept-designer,ip_adapter_scale,REJECT,RETRY,concept-designer,ip_adapter_scale,true,true,true,true,"The integrity floor, Gate 2 and Gate 3 all definitively failed, so this is a REJECT with retries remaining (count 0 of 2). Gates 1 and 1b passed, so the concept is novel but drifts too far from the reference, losing its attributes and the briefed changes. That points to a systematic miss rather than a one-off seed artifact, so the critic adjusts ip_adapter_scale and the orchestrator relays it to concept-designer."
wrong_02,N4_wrong_style,1,2,true,REJECT,RETRY,concept-designer,ip_adapter_scale,REJECT,RETRY,concept-designer,ip_adapter_scale,true,true,true,true,"Integrity (global floor), Gate 2 and Gate 3 definitely failed, so this is a REJECT. Gates 1 and 1b pass, so the concept is not too close to the references. The integrity, attribute and briefed-change misses together suggest the image drifted from the style rather than hit a one-off seed artifact. This is attempt 0 of a 2-retry cap, so the critic sends back an adjusted ip_adapter_scale."
wrong_03,N4_wrong_style,1,0,true,REJECT,RETRY,concept-designer,ip_adapter_scale,REJECT,RETRY,concept-designer,ip_adapter_scale,true,true,true,true,"Integrity floor, Gate 2 and Gate 3 all definitively failed, so this is a REJECT with 2 retries left (attempt 1 of 3). Gates 2 and 3 also failed, so this is not an isolated integrity miss on one seed, and there is no sibling-seed evidence pointing to a sampling artifact. The critic therefore sends back an adjusted ip_adapter_scale, and the orchestrator relays it to concept-designer."
wrong_03,N4_wrong_style,1,1,true,REJECT,RETRY,concept-designer,ip_adapter_scale,REJECT,RETRY,concept-designer,ip_adapter_scale,true,true,true,true,"Integrity floor, Gate 2 and Gate 3 all failed, while Gates 1 and 1b passed (the 1b clone control is valid). The image is too far from the real references and misses the style attributes and briefed changes, which points to a systematic problem rather than a one-off sampling artifact. It is attempt 0 of a 2-retry budget, so the critic sends back an adjusted ip_adapter_scale via the orchestrator to concept-designer."
wrong_03,N4_wrong_style,1,2,true,REJECT,RETRY,concept-designer,ip_adapter_scale,REJECT,RETRY,concept-designer,ip_adapter_scale,true,true,true,true,"Gates 1 and 1b pass, but the integrity floor, Gate 2 and Gate 3 all definitely fail, so this is a REJECT with 0 of 2 retries used. The concept is novel enough but too far from the reference and missing the briefed attributes. That is a systematic miss rather than a one-off sampling artifact, so the critic sends back an adjusted ip_adapter_scale (raised, to pull it closer to the reference) via the orchestrator."
wrong_04,N4_wrong_style,1,0,true,REJECT,RETRY,concept-designer,ip_adapter_scale,REJECT,RETRY,concept-designer,ip_adapter_scale,true,true,true,true,"Integrity floor, Gate 2 and Gate 3 all definitively failed while Gates 1 and 1b passed (with the clone control valid), so the concept drifted from the style and is not a one-off sampling artifact. This is attempt 1 with retries remaining (0 of 2 used), so the critic sends back an adjusted ip_adapter_scale via the orchestrator to concept-designer."
wrong_04,N4_wrong_style,1,1,true,REJECT,RETRY,concept-designer,ip_adapter_scale,REJECT,RETRY,concept-designer,ip_adapter_scale,true,true,true,true,"Integrity floor, Gate 2 and Gate 3 all failed (Gates 1 and 1b passed, with the clone control valid), so the concept drifted from the style and the briefed changes are not visible. This is a systematic miss rather than a one-off seed artifact, and this is attempt 1 with the retry budget unspent, so the critic sends an adjusted ip_adapter_scale back to concept-designer via the orchestrator."
wrong_04,N4_wrong_style,1,2,true,REJECT,RETRY,concept-designer,ip_adapter_scale,REJECT,RETRY,concept-designer,ip_adapter_scale,true,true,true,true,"The integrity floor, Gate 2 and Gate 3 all failed, while Gate 1 and Gate 1b passed. The concept sits too far from the references and lacks the style's visible attributes and the briefed changes. That is systematic drift rather than a one-off seed artifact, so the critic sends back an adjusted ip_adapter_scale. This is retry 0 of 2, so the orchestrator relays it to concept-designer."
wrong_05,N4_wrong_style,1,0,true,REJECT,RETRY,concept-designer,ip_adapter_scale,REJECT,RETRY,concept-designer,ip_adapter_scale,true,true,true,true,"Integrity, Gate 2 and Gate 3 definitively failed (Gates 1 and 1b passed and the clone control is valid), so the concept is rejected. This is attempt 1 with retries remaining (0 of 2 used). The failures are attribute-fidelity and briefed-change misses, not a single-seed integrity miss, so the critic sends back an adjusted ip_adapter_scale for the orchestrator to relay to concept-designer."
wrong_05,N4_wrong_style,1,1,true,REJECT,RETRY,concept-designer,ip_adapter_scale,REJECT,RETRY,concept-designer,ip_adapter_scale,true,true,true,true,"Integrity, Gate 2 and Gate 3 all definitively failed, so this is a REJECT. Gates 1 and 1b passed and the clone control is valid, so no gate is unmeasured. This is attempt 1 of 3, with 2 retries left, so the critic sends back an adjusted ip_adapter_scale rather than a new seed. The three failures together point to a systematic drift from the style, not a one-off sampling artifact, and no sibling seeds are shown clearing the integrity floor."
wrong_05,N4_wrong_style,1,2,true,REJECT,RETRY,concept-designer,ip_adapter_scale,REJECT,RETRY,concept-designer,ip_adapter_scale,true,true,true,true,"Integrity, Gate 2 and Gate 3 all definitively failed (Gates 1 and 1b passed and the clone control is valid), so the concept is a REJECT. It drifted from the style's attributes and the briefed changes, which points to a systematic problem rather than a one-off seed artifact. This is attempt 1 with 2 retries left, so the critic sends an adjusted ip_adapter_scale back to concept-designer via the orchestrator."
wrong_06,N4_wrong_style,1,0,true,REJECT,RETRY,concept-designer,ip_adapter_scale,REJECT,RETRY,concept-designer,ip_adapter_scale,true,true,true,true,"Integrity, Gate 2 and Gate 3 all definitely failed, so the verdict is REJECT. Retry count is 0 of 2, so it is a RETRY. Gates 1 and 1b passed, but the concept is too far from the references (integrity), and the attributes and briefed changes are not visible. That is a systematic miss rather than a one-off seed artifact, so the critic sends back a different ip_adapter_scale, and the orchestrator relays it to concept-designer."
wrong_06,N4_wrong_style,1,1,true,REJECT,RETRY,concept-designer,ip_adapter_scale,REJECT,RETRY,concept-designer,ip_adapter_scale,true,true,true,true,"Integrity, Gate 2 and Gate 3 all definitely failed while Gate 1 and 1b passed, so the concept is REJECTed. The concept drifted too far from the style's references, and the failures on three gates suggest a systematic problem rather than a one-off seed artifact, so the critic adjusts ip_adapter_scale. This is attempt 0 with 2 retries left, so the orchestrator relays the retry to concept-designer."
wrong_06,N4_wrong_style,1,2,true,REJECT,RETRY,concept-designer,ip_adapter_scale,REJECT,RETRY,concept-designer,ip_adapter_scale,true,true,true,true,"Integrity (global floor), Gate 2 and Gate 3 all failed, so the concept is not faithful to the style or the briefed changes. Gates 1 and 1b passed, so there is room to move closer to the references. Because several gates failed together, this is not a one-off sampling artifact, and the critic sends back an adjusted ip_adapter_scale (retry 1 of 2) instead of a new seed."
wrong_07,N4_wrong_style,1,0,true,REJECT,RETRY,concept-designer,ip_adapter_scale,REJECT,RETRY,concept-designer,ip_adapter_scale,true,true,true,true,"The integrity floor, Gate 2 and Gate 3 all definitely failed (pass: false), and no gate is unmeasured, so this is a REJECT rather than INCONCLUSIVE. This is attempt 1 with retries remaining, so the orchestrator relays a retry to concept-designer. Failing attributes, briefed changes and the closest-reference floor together point to a systematic drift from the reference rather than a one-off seed artifact. Gate 1 and 1b pass with room to spare, so I raise ip_adapter_scale to tie the image closer to the reference."
wrong_07,N4_wrong_style,1,1,true,REJECT,RETRY,concept-designer,ip_adapter_scale,REJECT,RETRY,concept-designer,ip_adapter_scale,true,true,true,true,"Integrity, Gate 2 and Gate 3 all definitively failed while Gates 1 and 1b passed and the clone control validated, so no gate is unmeasured. The concept is too far from the style's references and does not show the briefed attributes, which points to a systematic problem rather than a one-off seed artifact. This is attempt 0 of a 2-retry budget, so the critic sends an adjusted ip_adapter_scale back to concept-designer via the orchestrator."
wrong_07,N4_wrong_style,1,2,true,REJECT,RETRY,concept-designer,ip_adapter_scale,REJECT,RETRY,concept-designer,ip_adapter_scale,true,true,true,true,"Integrity, Gate 2 and Gate 3 all definitively failed (Gates 1 and 1b passed, and the clone control was valid), so this is a REJECT rather than INCONCLUSIVE. It is attempt 1 with retries remaining, and the failures on attribute fidelity and briefed changes across several gates point to a systematic problem rather than a one-off sampling artifact, so the critic sends back an adjusted ip_adapter_scale, relayed to concept-designer via the orchestrator."
wrong_08,N4_wrong_style,1,0,true,REJECT,RETRY,concept-designer,ip_adapter_scale,REJECT,RETRY,concept-designer,ip_adapter_scale,true,true,true,true,"Integrity floor, Gate 2 (attribute fidelity) and Gate 3 (briefed changes) all failed, while Gates 1 and 1b passed with a validated clone control. The concept drifts too far from the references, and there is no sign of a one-off sampling artifact, so I am sending back a changed ip_adapter_scale. Retry count is 0 of 2, so the request is relayed to concept-designer and not escalated."
wrong_08,N4_wrong_style,1,1,true,REJECT,RETRY,concept-designer,ip_adapter_scale,REJECT,RETRY,concept-designer,ip_adapter_scale,true,true,true,true,"Integrity (global floor), Gate 2 and Gate 3 all failed while Gates 1 and 1b passed, so the concept drifts from the reference style and misses the briefed attributes rather than being a one-off sampling artifact. This is attempt 1 with retries remaining (0 of 2 used), so the critic sends an adjusted ip_adapter_scale back to concept-designer via the orchestrator, not a seed change, and the fresh attempt is scored again."
wrong_08,N4_wrong_style,1,2,true,REJECT,RETRY,concept-designer,ip_adapter_scale,REJECT,RETRY,concept-designer,ip_adapter_scale,true,true,true,true,"Integrity, Gate 2 and Gate 3 all definitively failed, so this is a REJECT, and no gate is unmeasured, so it is not INCONCLUSIVE. Retry count is 0 of 2, so the critic sends back an adjusted ip_adapter_scale (the concept is drifting from the reference style and missing attributes, which is systematic rather than a one-off seed artifact) via the orchestrator to concept-designer."
wrong_09,N4_wrong_style,1,0,true,REJECT,RETRY,concept-designer,ip_adapter_scale,REJECT,RETRY,concept-designer,ip_adapter_scale,true,true,true,true,"Integrity (global floor), Gate 2 and Gate 3 all definitively failed, while Gates 1 and 1b passed and the clone control is valid. So the concept drifts too far from the references and the briefed attributes are not visible, which is a scale problem rather than a one-off seed artifact. This is attempt 0 of a 2-retry budget, so the critic sends an adjusted ip_adapter_scale back to concept-designer via the orchestrator."
wrong_09,N4_wrong_style,1,1,true,REJECT,RETRY,concept-designer,ip_adapter_scale,REJECT,RETRY,concept-designer,ip_adapter_scale,true,true,true,true,"The integrity floor, Gate 2 and Gate 3 all definitively failed, while Gates 1 and 1b passed and the clone control was valid. This looks like a systematic drift from the style's attributes and briefed changes, not a one-off seed artifact, so the critic sends back an adjusted ip_adapter_scale. This is attempt 0 of a 2-retry budget, so retry rather than fail."
wrong_09,N4_wrong_style,1,2,true,REJECT,RETRY,concept-designer,ip_adapter_scale,REJECT,RETRY,concept-designer,ip_adapter_scale,true,true,true,true,"Integrity (global floor), Gate 2 and Gate 3 all definitively failed, so this is a REJECT with 0 of 2 retries used. Gates 1 and 1b pass with a validated clone control, so there is room to raise reference adherence via a different ip_adapter_scale. The failure is not an isolated integrity miss on one seed, so a seed change is not the right fix. The orchestrator relays the adjusted parameter to concept-designer."
wrong_10,N4_wrong_style,1,0,true,REJECT,RETRY,concept-designer,ip_adapter_scale,REJECT,RETRY,concept-designer,ip_adapter_scale,true,true,true,true,"Integrity (global floor), Gate 2 and Gate 3 all definitively failed, so this is a REJECT. Gate 1 and 1b passed, so the failure is not a copy of a reference. Retry count is 0 of 2, so the critic sends back a different ip_adapter_scale (a systematic drift from the reference and briefed attributes, not a one-off seed artifact), and the orchestrator relays it to concept-designer."
wrong_10,N4_wrong_style,1,1,true,REJECT,RETRY,concept-designer,ip_adapter_scale,REJECT,RETRY,concept-designer,ip_adapter_scale,true,true,true,true,"The integrity floor, Gate 2 and Gate 3 all definitely failed, so the concept is rejected even though Gates 1 and 1b passed. This is attempt 1 with retries remaining, and the failures are systematic (too far from the references, attributes and briefed changes not visible) rather than a one-seed artifact, so the critic sends back a different ip_adapter_scale via the orchestrator to concept-designer."
wrong_10,N4_wrong_style,1,2,true,REJECT,RETRY,concept-designer,ip_adapter_scale,REJECT,RETRY,concept-designer,ip_adapter_scale,true,true,true,true,"Integrity (global floor), Gate 2 and Gate 3 all failed, so the concept is rejected. It is attempt 1 with retries left (0 of 2 used), so the critic sends back a changed ip_adapter_scale. Failing the floor together with Gate 2 and Gate 3 points to a systematic drift from the style, not a one-off seed artifact."
wrong_11,N4_wrong_style,1,0,true,REJECT,RETRY,concept-designer,ip_adapter_scale,REJECT,RETRY,concept-designer,ip_adapter_scale,true,true,true,true,"Integrity floor, Gate 2 and Gate 3 all measured and definitely failed (Gates 1 and 1b passed, with the clone control valid). The failures are not confined to one integrity-floor miss, so this is not a one-off seed artifact. It points to weak reference and attribute adherence, so the critic sends back an adjusted ip_adapter_scale (raised, to pull the image closer to the reference) with retries remaining (0 of 2 used). The orchestrator relays it to concept-designer, and any PASS would still need the human visual check."
wrong_11,N4_wrong_style,1,1,true,REJECT,RETRY,concept-designer,ip_adapter_scale,REJECT,RETRY,concept-designer,ip_adapter_scale,true,true,true,true,"The integrity floor, Gate 2 and Gate 3 all definitely failed, while Gate 1 and Gate 1b passed and the clone control is valid, so nothing is unmeasured. Failing attribute fidelity and briefed changes alongside the integrity floor points to systematic drift from the style rather than a one-off sampling artifact, so I'm sending back an adjusted ip_adapter_scale. This is retry 1 of 2 and the cap has not been reached."
wrong_11,N4_wrong_style,1,2,true,REJECT,RETRY,concept-designer,ip_adapter_scale,REJECT,RETRY,concept-designer,ip_adapter_scale,true,true,true,true,"Integrity floor, Gate 2 and Gate 3 all definitively failed (Gates 1 and 1b passed, and the clone control is valid), so this is a REJECT with 0 of 2 retries used. Failing attribute fidelity and briefed changes points to a systematic miss, not a one-off seed artifact, so the critic sends back an adjusted ip_adapter_scale via the orchestrator to concept-designer."
wrong_12,N4_wrong_style,1,0,true,REJECT,RETRY,concept-designer,ip_adapter_scale,REJECT,RETRY,concept-designer,ip_adapter_scale,true,true,true,true,"The integrity floor, Gate 2 and Gate 3 all definitively failed, while Gates 1 and 1b passed with the clone control valid, so no gate is unmeasured. Several gates failed together, which points to a systematic drift from the reference rather than a one-off seed artifact. This is attempt 0 of a 2-retry budget, so the critic sends a different ip_adapter_scale back to concept-designer through the orchestrator."
wrong_12,N4_wrong_style,1,1,true,REJECT,RETRY,concept-designer,ip_adapter_scale,REJECT,RETRY,concept-designer,ip_adapter_scale,true,true,true,true,"Integrity floor, Gate 2 and Gate 3 all definitively failed, so this is a REJECT. It is attempt 0 of a 2-retry cap, so the critic sends back an adjusted ip_adapter_scale (the failures point to a systematic drift from the references and briefed attributes, not a one-off seed artifact), and the orchestrator relays it to concept-designer."
wrong_12,N4_wrong_style,1,2,true,REJECT,RETRY,concept-designer,ip_adapter_scale,REJECT,RETRY,concept-designer,ip_adapter_scale,true,true,true,true,"The integrity floor, Gate 2 and Gate 3 all definitively failed, and no gate is unmeasured (the clone control failed as required), so this is a REJECT. Retry 0 of 2 has been used, and the multi-gate miss (attributes and briefed changes not visible, and too far from any real reference) points to a systematic problem rather than a one-off seed artifact, so the critic sends back an adjusted ip_adapter_scale via the orchestrator to concept-designer."
wrong_13,N4_wrong_style,1,0,true,REJECT,RETRY,concept-designer,ip_adapter_scale,REJECT,RETRY,concept-designer,ip_adapter_scale,true,true,true,true,"The integrity floor, Gate 2 (attribute fidelity) and Gate 3 (briefed changes visible) all definitively failed, so the concept is rejected. This is attempt 1 with retries remaining, and the Gate 2 and Gate 3 misses point to a systematic problem rather than a one-off sampling artifact, so the critic sends back a different ip_adapter_scale rather than a new seed."
wrong_13,N4_wrong_style,1,1,true,REJECT,RETRY,concept-designer,ip_adapter_scale,REJECT,RETRY,concept-designer,ip_adapter_scale,true,true,true,true,"Integrity, Gate 2 and Gate 3 all definitively failed (Gates 1 and 1b passed, with a valid clone control), so nothing is unmeasured and the verdict is REJECT. This is attempt 1 of 3 (retry count 0), so the critic sends back a different ip_adapter_scale. Three gates failing together points to systematic drift from the style rather than a one-off seed artifact, and the orchestrator relays this to concept-designer."
wrong_13,N4_wrong_style,1,2,true,REJECT,RETRY,concept-designer,ip_adapter_scale,REJECT,RETRY,concept-designer,ip_adapter_scale,true,true,true,true,"The global integrity floor, Gate 2 (attribute fidelity) and Gate 3 (briefed changes visible) all definitely failed, so this is a REJECT, and no gate is unmeasured. This is attempt 1 with 0 of 2 retries used, so the critic sends back an adjusted ip_adapter_scale. The failure spans several gates, including Gate 2 and Gate 3, so it does not look like a one-off seed artifact."
wrong_14,N4_wrong_style,1,0,true,REJECT,RETRY,concept-designer,ip_adapter_scale,REJECT,RETRY,concept-designer,ip_adapter_scale,true,true,true,true,"Integrity, Gate 2 and Gate 3 all definitively failed, so the concept is rejected. Retries remain (0 of 2). Gates 1 and 1b passed, so the concept is not too close to the references. The integrity, attribute and briefed-change failures together point to a systematic drift from the reference style rather than a one-off sampling artifact, so the critic sends back an adjusted ip_adapter_scale (raised, to pull the image closer to the references) instead of a new seed."
wrong_14,N4_wrong_style,1,1,true,REJECT,RETRY,concept-designer,ip_adapter_scale,REJECT,RETRY,concept-designer,ip_adapter_scale,true,true,true,true,"The integrity floor, Gate 2 (attribute fidelity) and Gate 3 (briefed changes visible) all failed, while Gates 1 and 1b passed. This pattern looks like the image drifting from the reference rather than a one-off seed artifact, so with 0 of 2 retries used the critic sends back an adjusted ip_adapter_scale, and the orchestrator relays it to concept-designer."
wrong_14,N4_wrong_style,1,2,true,REJECT,RETRY,concept-designer,ip_adapter_scale,REJECT,RETRY,concept-designer,ip_adapter_scale,true,true,true,true,"The integrity floor, Gate 2 and Gate 3 all definitely failed, so this is a REJECT. No gate is unmeasured, since the clone control failed as required. This is attempt 1 with 0 of 2 retries used, so it goes back for a retry. Failing attribute fidelity and briefed changes together with the integrity floor is not a one-off sampling artifact, and no sibling-seed evidence is available, so the adjustment is ip_adapter_scale rather than seed."
wrong_15,N4_wrong_style,1,0,true,REJECT,RETRY,concept-designer,ip_adapter_scale,REJECT,RETRY,concept-designer,ip_adapter_scale,true,true,true,true,"Integrity, Gate 2 and Gate 3 all definitively failed (Gates 1 and 1b passed), so the concept is rejected. This is the first attempt with 2 retries left. Three gates failing together points to a systematic miss rather than a one-off sampling artifact, so the critic sends back an adjusted ip_adapter_scale via the orchestrator to concept-designer."
wrong_15,N4_wrong_style,1,1,true,REJECT,RETRY,concept-designer,ip_adapter_scale,REJECT,RETRY,concept-designer,ip_adapter_scale,true,true,true,true,"The global integrity floor, Gate 2 and Gate 3 all failed (Gates 1 and 1b passed, and the clone control was valid), so this is a definite REJECT. Retries remain (0 of 2), and because attribute fidelity and briefed changes failed along with integrity, this looks systematic rather than a one-off seed artifact. The critic sends back an adjusted ip_adapter_scale via the orchestrator to concept-designer."
wrong_15,N4_wrong_style,1,2,true,REJECT,RETRY,concept-designer,ip_adapter_scale,REJECT,RETRY,concept-designer,ip_adapter_scale,true,true,true,true,"Integrity (global floor), Gate 2 and Gate 3 all definitely failed, while Gate 1 and Gate 1b passed and the clone control was valid, so this is a real REJECT. The failures are systematic (the image drifts from the reference style and the briefed changes are not visible), not a one-off sampling artifact, so with retry count 0 of 2 the critic sends back an adjusted ip_adapter_scale, and the orchestrator relays it to concept-designer."
wrong_16,N4_wrong_style,1,0,true,REJECT,RETRY,concept-designer,ip_adapter_scale,REJECT,RETRY,concept-designer,ip_adapter_scale,true,true,true,true,"The integrity floor, Gate 2 and Gate 3 all definitely failed (pass: false), while Gates 1 and 1b passed and the clone control is valid, so nothing is unmeasured. Three gates failing together looks systematic rather than a one-off sampling artifact, so the critic sends back an adjusted ip_adapter_scale on retry 0 of 2, and the orchestrator relays it to concept-designer."
wrong_16,N4_wrong_style,1,1,true,REJECT,RETRY,concept-designer,ip_adapter_scale,REJECT,RETRY,concept-designer,ip_adapter_scale,true,true,true,true,"The integrity floor, Gate 2 and Gate 3 all definitively failed (Gates 1 and 1b passed), so this is a REJECT. This is attempt 0 with retries remaining, so the critic sends back an adjusted ip_adapter_scale. The combined attribute-fidelity, briefed-change and integrity misses point to weak adherence to the references rather than a one-off seed artifact, so the orchestrator relays the retry to concept-designer."
wrong_16,N4_wrong_style,1,2,true,REJECT,RETRY,concept-designer,ip_adapter_scale,REJECT,RETRY,concept-designer,ip_adapter_scale,true,true,true,true,"Integrity floor, Gate 2 and Gate 3 all definitively failed (Gates 1 and 1b passed, and the clone control is valid). Nothing is unmeasured. This is attempt 1 of 3, so a retry remains. Failing fidelity and the briefed changes together with the integrity floor points to a systematic drift from the references rather than a one-off sampling artifact, so the critic sends back an adjusted ip_adapter_scale instead of a new seed."
wrong_17,N4_wrong_style,1,0,true,REJECT,RETRY,concept-designer,ip_adapter_scale,REJECT,RETRY,concept-designer,ip_adapter_scale,true,true,true,true,"Integrity (global floor), Gate 2 and Gate 3 all definitely failed, while Gate 1 and Gate 1b passed with a valid clone control, so the verdict is REJECT. This is attempt 0 with retries remaining. The concept is too far from the real references and lacks the style and briefed attributes. That is a systematic miss across several gates rather than a one-off sampling artifact, so the critic adjusts ip_adapter_scale and the orchestrator relays it to concept-designer."
wrong_17,N4_wrong_style,1,1,true,REJECT,RETRY,concept-designer,ip_adapter_scale,REJECT,RETRY,concept-designer,ip_adapter_scale,true,true,true,true,"The integrity floor, Gate 2 and Gate 3 all definitely failed, so this is a REJECT and none of the gates is unmeasured (the clone control failed as required). This is attempt 0, so the retry budget remains. Failing attribute fidelity and briefed changes together with the integrity floor points to weak reference adherence rather than a one-off seed artifact, so the critic sends back a different ip_adapter_scale."
wrong_17,N4_wrong_style,1,2,true,REJECT,RETRY,concept-designer,ip_adapter_scale,REJECT,RETRY,concept-designer,ip_adapter_scale,true,true,true,true,"The global integrity floor, Gate 2 and Gate 3 all definitely failed (Gates 1 and 1b passed, with the clone control valid). No gate is unmeasured, and this is attempt 1 of 3, so retries remain. The concept drifts from the reference style and its attributes and briefed changes aren't visible, which is a Gate 2/3 miss, so the critic sends back an adjusted ip_adapter_scale rather than a new seed. There is no evidence the integrity miss is a one-off seed artifact."
wrong_18,N4_wrong_style,1,0,true,REJECT,RETRY,concept-designer,ip_adapter_scale,REJECT,RETRY,concept-designer,ip_adapter_scale,true,true,true,true,"The integrity floor, Gate 2 and Gate 3 all definitely failed, so the concept is rejected. This is attempt 1 with 2 retries left, so the critic sends back an adjusted ip_adapter_scale (the concept drifts from the reference and misses attributes and briefed changes, which is not a one-off seed artifact), and the orchestrator relays it to concept-designer."
wrong_18,N4_wrong_style,1,1,true,REJECT,RETRY,concept-designer,ip_adapter_scale,REJECT,RETRY,concept-designer,ip_adapter_scale,true,true,true,true,"The global integrity floor, Gate 2 and Gate 3 all definitively failed, so this is a REJECT. Retry count is 0 of 2, so the orchestrator relays a retry to concept-designer. Gate 1 and Gate 1b pass, so the image is novel but too far from real references and missing attributes and briefed changes. That is a systematic miss rather than a one-off seed artifact, so the adjustment is ip_adapter_scale (raise it to pull closer to the references)."
wrong_18,N4_wrong_style,1,2,true,REJECT,RETRY,concept-designer,ip_adapter_scale,REJECT,RETRY,concept-designer,ip_adapter_scale,true,true,true,true,"The integrity floor, Gate 2 and Gate 3 all definitely failed, so this is a REJECT, and no gate is unmeasured (the clone control failed as required, so Gate 1b is validated). This is attempt 0 with retries remaining, so the critic sends back an adjusted ip_adapter_scale, since the miss spans fidelity, briefed changes and integrity rather than looking like a one-off seed artifact. The orchestrator relays it to concept-designer."
wrong_19,N4_wrong_style,1,0,true,REJECT,RETRY,concept-designer,ip_adapter_scale,REJECT,RETRY,concept-designer,ip_adapter_scale,true,true,true,true,"Integrity (global floor), Gate 2 and Gate 3 all definitively failed, so this is a REJECT with no unmeasured gates. It is attempt 1 with retries remaining (0 of 2 used), so the critic sends back an adjusted ip_adapter_scale. The concept sits too far from the references and lacks the style's visible attributes and the briefed changes, which is a scale problem rather than a one-off seed artifact. Nothing here suggests a single-seed failure."
wrong_19,N4_wrong_style,1,1,true,REJECT,RETRY,concept-designer,ip_adapter_scale,REJECT,RETRY,concept-designer,ip_adapter_scale,true,true,true,true,"The global integrity floor, Gate 2 and Gate 3 all definitely failed, and every gate was measured (Gate 1b's clone control failed as required, so it is validated). This is attempt 1 of 3 with retries remaining, so the critic retries. The failures are systematic, not a one-seed integrity miss: the concept drifts from the style and lacks the visible and briefed attributes. That points to ip_adapter_scale, not seed. The human check stays pending for any later PASS."
wrong_19,N4_wrong_style,1,2,true,REJECT,RETRY,concept-designer,ip_adapter_scale,REJECT,RETRY,concept-designer,ip_adapter_scale,true,true,true,true,"Integrity (global floor), Gate 2 and Gate 3 all definitively failed, so this is a REJECT. Nothing is unmeasured, since the Gate 1b clone control failed as required. It is attempt 1 with retries remaining, so it goes back to concept-designer with a different ip_adapter_scale. Failing Gate 2 and Gate 3 together with the integrity floor points to a systematic fidelity problem rather than a one-off seed artifact."
wrong_20,N4_wrong_style,1,0,true,REJECT,RETRY,concept-designer,ip_adapter_scale,REJECT,RETRY,concept-designer,ip_adapter_scale,true,true,true,true,"Gate 1 and 1b pass, but the global integrity floor, Gate 2 (attribute fidelity) and Gate 3 (briefed changes) all fail. That points to a systematic drift from the style, not a one-off seed artifact, so at retry count 0 of 2 the critic sends back an adjusted ip_adapter_scale via the orchestrator to concept-designer."
wrong_20,N4_wrong_style,1,1,true,REJECT,RETRY,concept-designer,ip_adapter_scale,REJECT,RETRY,concept-designer,ip_adapter_scale,true,true,true,true,"Integrity (global floor), Gate 2 and Gate 3 all failed while Gate 1 and 1b passed, so the concept is too far from the reference style and misses the attributes and briefed changes. Three gates failing together looks systematic rather than a one-off seed artifact, so the critic sends back an adjusted ip_adapter_scale (raise it to pull the concept closer to the reference). This is attempt 0 of a 2-retry budget, so the orchestrator relays it to concept-designer."
wrong_20,N4_wrong_style,1,2,true,REJECT,RETRY,concept-designer,ip_adapter_scale,REJECT,RETRY,concept-designer,ip_adapter_scale,true,true,true,true,"The integrity floor, Gate 2 and Gate 3 all definitively failed, so the concept is rejected. It is attempt 0 of a 2-retry budget, so the critic sends back a different ip_adapter_scale (the Gate 2/3 fix) rather than a seed change, since nothing shows this is a one-seed artifact. The orchestrator relays that to concept-designer, and the human visual check is not reached."
wrong_21,N4_wrong_style,1,0,true,REJECT,RETRY,concept-designer,ip_adapter_scale,REJECT,RETRY,concept-designer,ip_adapter_scale,true,true,true,true,"Gates 1 and 1b pass, but the global integrity floor, Gate 2 (attribute fidelity) and Gate 3 (briefed changes visible) all fail. This is attempt 0 of a 2-retry budget, so the critic sends back an adjusted ip_adapter_scale rather than escalating. Three gates failing together points to a systematic drift from the style, not a one-off seed artifact, so the seed is not the parameter to change."
wrong_21,N4_wrong_style,1,1,true,REJECT,RETRY,concept-designer,ip_adapter_scale,REJECT,RETRY,concept-designer,ip_adapter_scale,true,true,true,true,"Integrity, Gate 2 and Gate 3 all definitively failed (Gates 1 and 1b passed, and the clone control was valid), so this is a REJECT. The image drifts from the style's references and attributes rather than showing a one-off seed artifact, and retry count 0 is under the cap of 2, so the critic sends back an adjusted ip_adapter_scale via the orchestrator to concept-designer."
wrong_21,N4_wrong_style,1,2,true,REJECT,RETRY,concept-designer,ip_adapter_scale,REJECT,RETRY,concept-designer,ip_adapter_scale,true,true,true,true,"Integrity floor, Gate 2 and Gate 3 all failed, so the concept is a REJECT with 2 retries still available (this is attempt 1 of 3). Because Gate 2 and Gate 3 failed alongside integrity, this is a systematic drift from the reference style rather than a one-off sampling artifact, so the critic sends back a different ip_adapter_scale (not a new seed) via the orchestrator to concept-designer."
wrong_22,N4_wrong_style,1,0,true,REJECT,RETRY,concept-designer,ip_adapter_scale,REJECT,RETRY,concept-designer,ip_adapter_scale,true,true,true,true,"Integrity, Gate 2 and Gate 3 all definitely failed, so the verdict is REJECT. Gates 1 and 1b passed, and the clone control failed as required, so nothing is unmeasured. The concept is too far from the references and lacks the briefed and style attributes. That is a systematic miss, not a one-seed sampling artifact, so the critic sends an adjusted ip_adapter_scale back to concept-designer via the orchestrator (retry 1 of 2)."
wrong_22,N4_wrong_style,1,1,true,REJECT,RETRY,concept-designer,ip_adapter_scale,REJECT,RETRY,concept-designer,ip_adapter_scale,true,true,true,true,"Integrity, Gate 2 and Gate 3 definitely failed, so the concept is a REJECT. Gates 1 and 1b passed, so the image is not a clone. Three gates failing together points to a systematic drift from the style rather than a one-off sampling artifact, so the critic sends back an adjusted ip_adapter_scale. This is retry 0 of 2, so the orchestrator relays it to concept-designer."
wrong_22,N4_wrong_style,1,2,true,REJECT,RETRY,concept-designer,ip_adapter_scale,REJECT,RETRY,concept-designer,ip_adapter_scale,true,true,true,true,"The global integrity floor, Gate 2 and Gate 3 all definitively failed (Gates 1 and 1b passed, with the clone control valid), so no gate is unmeasured and the verdict is REJECT. Failing three gates together points to a systematic miss (the concept drifts from the reference and lacks the style and briefed attributes), not a one-off sampling artifact. With retry count 0 of 2, the critic sends an adjusted ip_adapter_scale back to concept-designer via the orchestrator."
wrong_23,N4_wrong_style,1,0,true,REJECT,RETRY,concept-designer,ip_adapter_scale,REJECT,RETRY,concept-designer,ip_adapter_scale,true,true,true,true,"Integrity floor, Gate 2 and Gate 3 all failed (Gates 1 and 1b passed, and the clone control validated 1b), so this is a REJECT. It is attempt 1 with retries remaining. The failures look systematic rather than a one-off seed artifact, so the critic sends back an adjusted ip_adapter_scale via the orchestrator to concept-designer."
wrong_23,N4_wrong_style,1,1,true,REJECT,RETRY,concept-designer,ip_adapter_scale,REJECT,RETRY,concept-designer,ip_adapter_scale,true,true,true,true,"The integrity floor, Gate 2 (attribute fidelity) and Gate 3 (briefed changes visible) all failed, so the concept is a REJECT. This is attempt 1 with 0 of 2 retries used, so the critic sends back an adjusted ip_adapter_scale (the concept drifted from the style and the briefed attributes) via the orchestrator to concept-designer. A seed change is not the right fix, because the failure spans several gates and is not a single-seed artifact."
wrong_23,N4_wrong_style,1,2,true,REJECT,RETRY,concept-designer,ip_adapter_scale,REJECT,RETRY,concept-designer,ip_adapter_scale,true,true,true,true,"The global integrity floor, Gate 2 and Gate 3 all definitely failed (Gates 1 and 1b passed, and the clone control is valid), so this is a REJECT. It is attempt 1 with retries remaining, and the miss on attribute fidelity and briefed changes points to a scale problem rather than a one-off seed artifact. The critic sends an adjusted ip_adapter_scale back to concept-designer via the orchestrator."
wrong_24,N4_wrong_style,1,0,true,REJECT,RETRY,concept-designer,ip_adapter_scale,REJECT,RETRY,concept-designer,ip_adapter_scale,true,true,true,true,"Integrity floor, Gate 2 and Gate 3 all definitively failed (Gate 1 and 1b passed, with the clone control valid), so this is a REJECT. Retry count is 0 of 2, so the critic sends back a retry. The failures are systematic attribute and reference drift, with no evidence of a one-seed artifact, so the adjustment is ip_adapter_scale, not seed."
wrong_24,N4_wrong_style,1,1,true,REJECT,RETRY,concept-designer,ip_adapter_scale,REJECT,RETRY,concept-designer,ip_adapter_scale,true,true,true,true,"Integrity (global floor), Gate 2 and Gate 3 all definitely failed, so this is a REJECT. Gates 1 and 1b pass, so the image is not too close to the references, and no gate is unmeasured. Retry count is 0, under the cap of 2, so the critic sends an adjusted ip_adapter_scale back to concept-designer via the orchestrator. The failures are correlated: the image drifted from the references and lacks the briefed attributes. That points to a systematic guidance problem rather than a one-off seed artifact."
wrong_24,N4_wrong_style,1,2,true,REJECT,RETRY,concept-designer,ip_adapter_scale,REJECT,RETRY,concept-designer,ip_adapter_scale,true,true,true,true,"Integrity floor, Gate 2 and Gate 3 all definitively failed (Gates 1 and 1b passed, with the clone control valid), so this is a REJECT, not INCONCLUSIVE. Attempt 1 of 3 leaves retries remaining. Failing attribute fidelity, briefed changes and integrity together points to a systematic reference-adherence problem rather than a one-off sampling artifact, so the critic adjusts ip_adapter_scale (Gates 1 and 1b have headroom) and relays it via the orchestrator to concept-designer. The human visual check is not reached."
wrong_25,N4_wrong_style,1,0,true,REJECT,RETRY,concept-designer,ip_adapter_scale,REJECT,RETRY,concept-designer,ip_adapter_scale,true,true,true,true,"Integrity (global floor), Gate 2 and Gate 3 all failed, so the verdict is REJECT. Gates 1 and 1b passed and the clone control validated, so the concept is not too close to a reference. It is too far from the reference: the closest-reference floor was missed and the attributes and briefed changes were not visible. Because three gates failed together, this is not a one-off seed artifact. With retry count 0 and 2 retries remaining, the critic sends an adjusted ip_adapter_scale back to concept-designer via the orchestrator."
wrong_25,N4_wrong_style,1,1,true,REJECT,RETRY,concept-designer,ip_adapter_scale,REJECT,RETRY,concept-designer,ip_adapter_scale,true,true,true,true,"Integrity, Gate 2 and Gate 3 all definitely failed (none unmeasured, and the clone control validated Gate 1b), so this is a REJECT. It is attempt 1 with retries remaining. The concept is novel enough (Gate 1/1b pass) but drifts from the reference style and misses the briefed attributes, which points to ip_adapter_scale rather than a one-off seed artifact. The orchestrator relays the adjusted parameter to concept-designer."
wrong_25,N4_wrong_style,1,2,true,REJECT,RETRY,concept-designer,ip_adapter_scale,REJECT,RETRY,concept-designer,ip_adapter_scale,true,true,true,true,"Integrity, Gate 2 and Gate 3 all definitively failed (Gates 1 and 1b passed with a valid clone control), so this is a REJECT with retries remaining (count 0 of 2). Failures on several gates at once point to a systematic problem rather than a one-off sampling artifact, so the critic sends back a different ip_adapter_scale and the orchestrator relays it to concept-designer."
wrong_26,N4_wrong_style,1,0,true,REJECT,RETRY,concept-designer,ip_adapter_scale,REJECT,RETRY,concept-designer,ip_adapter_scale,true,true,true,true,"The integrity floor, Gate 2 and Gate 3 all definitively failed, while Gates 1 and 1b passed and the clone control was valid, so no gate is unmeasured. This is attempt 1 with retries remaining, and the Gate 2/3 misses look systematic rather than a one-off sampling artifact, so the critic sends back an adjusted ip_adapter_scale (raised, since Gate 1 has headroom) and the orchestrator relays it to concept-designer."
wrong_26,N4_wrong_style,1,1,true,REJECT,RETRY,concept-designer,ip_adapter_scale,REJECT,RETRY,concept-designer,ip_adapter_scale,true,true,true,true,"Integrity, Gate 2 and Gate 3 all definitely failed, so this is a REJECT. It is attempt 1 with 2 retries left, so it goes back for a retry. Gates 1 and 1b passed, so the image is novel enough but drifts too far from the style's reference and attributes. That is a systematic miss rather than a one-off seed artifact, so the critic sends back an adjusted ip_adapter_scale (raised, to pull it closer to the reference). Even a pass on a later attempt would still need the human visual check."
wrong_26,N4_wrong_style,1,2,true,REJECT,RETRY,concept-designer,ip_adapter_scale,REJECT,RETRY,concept-designer,ip_adapter_scale,true,true,true,true,"The integrity floor, Gate 2 and Gate 3 all definitely failed, so the verdict is REJECT. This is attempt 0 with retries left, so it goes back to concept-designer. Several gates missing together looks systematic rather than a one-off sampling artifact, and there is no evidence that sibling seeds clear the floor, so the critic adjusts ip_adapter_scale rather than the seed."
wrong_27,N4_wrong_style,1,0,true,REJECT,RETRY,concept-designer,ip_adapter_scale,REJECT,RETRY,concept-designer,ip_adapter_scale,true,true,true,true,"Integrity floor, Gate 2 and Gate 3 all definitively failed, so the concept is rejected. Gates 1 and 1b passed and the clone control was valid. This is attempt 0 with retries remaining, and the failures span attribute fidelity and briefed changes rather than a single-seed integrity miss. The critic sends an adjusted ip_adapter_scale back to concept-designer via the orchestrator."
wrong_27,N4_wrong_style,1,1,true,REJECT,RETRY,concept-designer,ip_adapter_scale,REJECT,RETRY,concept-designer,ip_adapter_scale,true,true,true,true,"Integrity floor, Gate 2 and Gate 3 all definitively failed (Gates 1 and 1b passed with a validated clone control), so the concept is rejected. This is attempt 1 with 2 retries left, and because several gates failed together rather than one seed-specific artifact, the critic sends back a different ip_adapter_scale via the orchestrator to concept-designer."
wrong_27,N4_wrong_style,1,2,true,REJECT,RETRY,concept-designer,ip_adapter_scale,REJECT,RETRY,concept-designer,ip_adapter_scale,true,true,true,true,"Integrity floor, Gate 2 and Gate 3 all definitely failed, while Gates 1 and 1b passed, so the concept drifted too far from the style rather than being a one-off seed artifact. This is attempt 1 with retries remaining (0 of 2 used), so the critic sends an adjusted ip_adapter_scale back to concept-designer via the orchestrator."
wrong_28,N4_wrong_style,1,0,true,REJECT,RETRY,concept-designer,ip_adapter_scale,REJECT,RETRY,concept-designer,ip_adapter_scale,true,true,true,true,"Integrity, Gate 2 and Gate 3 all definitively failed (Gates 1 and 1b passed, with the clone control valid), so this is a REJECT. It is attempt 1 with retries remaining, so the critic sends an adjusted ip_adapter_scale back to concept-designer via the orchestrator. The Gate 2 and Gate 3 misses point to a systematic fidelity problem, not a one-off seed artifact, and there is no evidence that sibling seeds clear the integrity floor."
wrong_28,N4_wrong_style,1,1,true,REJECT,RETRY,concept-designer,ip_adapter_scale,REJECT,RETRY,concept-designer,ip_adapter_scale,true,true,true,true,"Integrity (global floor), Gate 2 and Gate 3 all definitively failed, so the concept is rejected. It is attempt 1 of 3 with retries remaining. Three gates failing together points to a systematic drift from the references and briefed attributes, not a one-off sampling artifact. Gates 1 and 1b passed, so there is room to raise ip_adapter_scale. The critic sends that adjustment back to concept-designer via the orchestrator."
wrong_28,N4_wrong_style,1,2,true,REJECT,RETRY,concept-designer,ip_adapter_scale,REJECT,RETRY,concept-designer,ip_adapter_scale,true,true,true,true,"Integrity, Gate 2 and Gate 3 all definitively failed (Gates 1 and 1b passed, with the clone control valid), so this is a REJECT. Retry count is 0, so a retry is allowed. Several gates failing together points to a systematic miss rather than a one-off sampling artifact, and no sibling-seed evidence suggests otherwise, so the critic sends back an adjusted ip_adapter_scale."
wrong_29,N4_wrong_style,1,0,true,REJECT,RETRY,concept-designer,ip_adapter_scale,REJECT,RETRY,concept-designer,ip_adapter_scale,true,true,true,true,"The global integrity floor, Gate 2 (attribute fidelity) and Gate 3 (briefed changes visible) all definitively failed, while Gates 1 and 1b passed with a valid clone control. This is the first attempt (0 of 2 retries used). Since fidelity and briefed-change gates failed along with integrity, this is not a one-off seed artifact, so the critic sends back an adjusted ip_adapter_scale (raised, to pull the concept closer to the reference style) and the orchestrator relays it to concept-designer."
wrong_29,N4_wrong_style,1,1,true,REJECT,RETRY,concept-designer,ip_adapter_scale,REJECT,RETRY,concept-designer,ip_adapter_scale,true,true,true,true,"Integrity floor, Gate 2 (attribute fidelity) and Gate 3 (briefed changes) all failed, so the concept is rejected. Gates 1 and 1b passed, so it is novel enough but drifts from the style's attributes and references. That pattern points to a systematic conditioning problem rather than a one-off seed artifact, so the critic sends back an adjusted ip_adapter_scale. This is attempt 1 with 2 retries remaining, so the orchestrator relays the retry to concept-designer."
wrong_29,N4_wrong_style,1,2,true,REJECT,RETRY,concept-designer,ip_adapter_scale,REJECT,RETRY,concept-designer,ip_adapter_scale,true,true,true,true,"The integrity floor, Gate 2 and Gate 3 all definitively failed, so this is a REJECT. No gate is unmeasured, since the Gate 1b clone control failed as required. It is attempt 0 of a 2-retry budget, so the critic sends back an adjusted ip_adapter_scale (raised, because the concept drifted from the references while Gate 1 and 1b show it is not too close) via the orchestrator to concept-designer. A seed change is not chosen because there is no evidence of a one-off sampling artifact."
wrong_30,N4_wrong_style,1,0,true,REJECT,RETRY,concept-designer,ip_adapter_scale,REJECT,RETRY,concept-designer,ip_adapter_scale,true,true,true,true,"Integrity (global floor), Gate 2 and Gate 3 all definitively failed, so this is a REJECT even though Gates 1 and 1b passed. This is attempt 1 with retry budget remaining (0 of 2 used). Failing the floor, the attributes and the briefed changes together points to a systematic miss, not a one-off seed artifact, so the critic sends back an adjusted ip_adapter_scale and the orchestrator relays it to concept-designer."
wrong_30,N4_wrong_style,1,1,true,REJECT,RETRY,concept-designer,ip_adapter_scale,REJECT,RETRY,concept-designer,ip_adapter_scale,true,true,true,true,"Integrity, Gate 2 and Gate 3 definitively failed (Gates 1 and 1b passed and the clone control is valid), so this is a REJECT, not INCONCLUSIVE. It is attempt 1 with retries remaining, so the critic sends back an adjusted ip_adapter_scale (the concept drifted from the reference and its attributes and briefed changes are missing), and the orchestrator relays it to concept-designer."
wrong_30,N4_wrong_style,1,2,true,REJECT,RETRY,concept-designer,ip_adapter_scale,REJECT,RETRY,concept-designer,ip_adapter_scale,true,true,true,true,"The global integrity floor, Gate 2 (attribute fidelity) and Gate 3 (briefed changes visible) all definitely failed, so the concept is a REJECT with none of the gates unmeasured. Gates 1 and 1b passed and the clone control validated 1b. Retry count is 0 of 2, so the critic sends back an adjusted ip_adapter_scale (raised, since the image drifts from the references) via the orchestrator to concept-designer. The failures on several gates at once look systematic rather than a one-off seed artifact, so seed is not the parameter to change."
wrong_31,N4_wrong_style,1,0,true,REJECT,RETRY,concept-designer,ip_adapter_scale,REJECT,RETRY,concept-designer,ip_adapter_scale,true,true,true,true,"Two gating gates definitely failed (global integrity floor and Gate 3, briefed changes not visible), so this is a REJECT. Retry count is 0 of 2, so the critic sends an adjusted ip_adapter_scale back to concept-designer via the orchestrator. Two failures together look systematic rather than a one-off seed artifact, so the scale is the parameter to change."
wrong_31,N4_wrong_style,1,1,true,REJECT,RETRY,concept-designer,ip_adapter_scale,REJECT,RETRY,concept-designer,ip_adapter_scale,true,true,true,true,"The global integrity floor and Gate 3 both definitively failed (Gate 1, 1b with a valid clone control, and Gate 2 passed), so this is a REJECT. Retry count is 0, so a retry is allowed. Gate 3 is a systematic miss and nothing shows the integrity miss was a one-off seed artifact, so the critic sends back an adjusted ip_adapter_scale rather than a new seed."
wrong_31,N4_wrong_style,1,2,true,REJECT,RETRY,concept-designer,ip_adapter_scale,REJECT,RETRY,concept-designer,ip_adapter_scale,true,true,true,true,"The global integrity floor and Gate 3 both definitively failed (pass: false), and no gate is unmeasured, so this is a REJECT. Retry count is 0, under the 2-retry cap, so the orchestrator relays the retry to concept-designer. Gate 3 failed and there is no sibling-seed evidence of a one-off artifact, so the critic adjusts ip_adapter_scale rather than the seed."
wrong_32,N4_wrong_style,1,0,true,REJECT,RETRY,concept-designer,ip_adapter_scale,REJECT,RETRY,concept-designer,ip_adapter_scale,true,true,true,true,"Integrity, Gate 2 and Gate 3 all definitely failed, so this is a REJECT (Gates 1 and 1b passed and the clone control is valid). With retry count 0 of 2, the orchestrator relays the retry to concept-designer. Attribute fidelity, briefed changes and the reference-similarity floor all missed together, which points to a systematic fault rather than a one-off sampling artifact, so the critic adjusts ip_adapter_scale rather than the seed."
wrong_32,N4_wrong_style,1,1,true,REJECT,RETRY,concept-designer,ip_adapter_scale,REJECT,RETRY,concept-designer,ip_adapter_scale,true,true,true,true,"Integrity, Gate 2 and Gate 3 all definitively failed (Gates 1 and 1b passed, with the clone control valid), so nothing is unmeasured and the verdict is REJECT. Retry count is 0 of 2, and the failures are systematic rather than a one-off seed artifact, so the critic sends an adjusted ip_adapter_scale back to concept-designer via the orchestrator."
wrong_32,N4_wrong_style,1,2,true,REJECT,RETRY,concept-designer,ip_adapter_scale,REJECT,RETRY,concept-designer,ip_adapter_scale,true,true,true,true,"Integrity, Gate 2 and Gate 3 all definitively failed, so this is a REJECT. Gates 1 and 1b passed, so the concept is not too close to the references. It is drifting from them: no reference is close enough and the briefed attributes are not visible. That points to a systematic fault, not a one-off seed artifact, so the critic sends an adjusted ip_adapter_scale (likely higher, to pull it toward the references). This is attempt 1 with retry count 0 of 2, so the orchestrator relays the retry to concept-designer."
wrong_33,N4_wrong_style,1,0,true,REJECT,RETRY,concept-designer,ip_adapter_scale,REJECT,RETRY,concept-designer,ip_adapter_scale,true,true,true,true,"Integrity, Gate 2 and Gate 3 all definitively failed, so the concept is rejected. Gates 1 and 1b passed, so the concept is not too close to the references; failing the integrity floor and both attribute checks together points to a systematic miss rather than a one-off sampling artifact, so I'm adjusting ip_adapter_scale, not the seed. This is retry 0 of 2, so the orchestrator relays the adjusted parameter to concept-designer."
wrong_33,N4_wrong_style,1,1,true,REJECT,RETRY,concept-designer,ip_adapter_scale,REJECT,RETRY,concept-designer,ip_adapter_scale,true,true,true,true,"The integrity floor, Gate 2 and Gate 3 all definitively failed, so this is a REJECT. It is attempt 1 with no retries used, so the critic sends back an adjusted ip_adapter_scale (the Gate 2/3 misses are not a one-off seed artifact) and the orchestrator relays it to concept-designer."
wrong_33,N4_wrong_style,1,2,true,REJECT,RETRY,concept-designer,ip_adapter_scale,REJECT,RETRY,concept-designer,ip_adapter_scale,true,true,true,true,"Integrity, Gate 2 and Gate 3 all definitively failed (Gates 1 and 1b passed and the clone control is valid), so this is a REJECT. Because the misses are consistent across integrity, attribute fidelity and briefed changes rather than a one-off seed artifact, the critic sends back an adjusted ip_adapter_scale. This is attempt 1 of 3, so retries remain and the orchestrator relays the retry to concept-designer."
wrong_34,N4_wrong_style,1,0,true,REJECT,RETRY,concept-designer,ip_adapter_scale,REJECT,RETRY,concept-designer,ip_adapter_scale,true,true,true,true,"The global integrity floor, Gate 2 and Gate 3 all failed (Gates 1 and 1b passed, and the clone control validated 1b), so this is a definite REJECT. Retry 0 of 2 is used and the failure pattern (too far from the references, attributes and briefed changes not visible) is systematic rather than a one-off seed artifact, so the critic sends a changed ip_adapter_scale back to concept-designer via the orchestrator."
wrong_34,N4_wrong_style,1,1,true,REJECT,RETRY,concept-designer,ip_adapter_scale,REJECT,RETRY,concept-designer,ip_adapter_scale,true,true,true,true,"The global integrity floor, Gate 2 (attribute fidelity) and Gate 3 (briefed changes visible) all failed, while Gates 1 and 1b passed with a valid clone control. That pattern means the concept drifted from the style rather than copying it, and nothing suggests a one-off sampling artifact, so the critic sends back an adjusted ip_adapter_scale. This is attempt 1 with retry count 0, so retries remain and the orchestrator relays the retry to concept-designer."
wrong_34,N4_wrong_style,1,2,true,REJECT,RETRY,concept-designer,ip_adapter_scale,REJECT,RETRY,concept-designer,ip_adapter_scale,true,true,true,true,"Integrity floor, Gate 2 and Gate 3 all failed (Gates 1 and 1b passed with a valid clone control), so this is a systematic miss rather than a one-off sampling artifact. This is attempt 1 with retries remaining, so the critic sends a different ip_adapter_scale back to concept-designer through the orchestrator."
wrong_35,N4_wrong_style,1,0,true,REJECT,RETRY,concept-designer,ip_adapter_scale,REJECT,RETRY,concept-designer,ip_adapter_scale,true,true,true,true,"The global integrity floor and Gate 2 attribute fidelity both failed (pass: false), so this is a definite REJECT, even though Gates 1, 1b (clone control valid) and 3 passed. This is attempt 1 of 3 with 2 retries left. Two failures pointing at drift from the reference style, with no evidence of a one-off seed artifact, call for a different ip_adapter_scale, relayed to concept-designer via the orchestrator."
wrong_35,N4_wrong_style,1,1,true,REJECT,RETRY,concept-designer,ip_adapter_scale,REJECT,RETRY,concept-designer,ip_adapter_scale,true,true,true,true,"The integrity floor and Gate 2 both definitely failed, so the verdict is REJECT. Both failures point to the image drifting from the reference style rather than a one-off sampling artifact, so I'm adjusting ip_adapter_scale. This is attempt 1 with retries remaining, so the orchestrator relays it to concept-designer."
wrong_35,N4_wrong_style,1,2,true,REJECT,RETRY,concept-designer,ip_adapter_scale,REJECT,RETRY,concept-designer,ip_adapter_scale,true,true,true,true,"The global integrity floor and Gate 2 attribute fidelity both failed (Gate 1, 1b with a valid clone control, and Gate 3 passed), so the concept is a definite REJECT. It is attempt 1 with 0 of 2 retries used, so the critic sends an adjusted ip_adapter_scale back to concept-designer via the orchestrator. I chose scale over seed because the Gate 2 failure is a scale-type miss, and there is no evidence that sibling seeds clear the integrity floor."
wrong_36,N4_wrong_style,1,0,true,REJECT,RETRY,concept-designer,ip_adapter_scale,REJECT,RETRY,concept-designer,ip_adapter_scale,true,true,true,true,"The integrity floor and Gate 2 attribute fidelity both failed (gate 1, 1b and 3 passed), so the concept has drifted from the style. This is a systematic fidelity miss rather than a one-off seed artifact, since there is no evidence that sibling seeds clear the floor. Retry 1 of 2 goes back to concept-designer with an adjusted ip_adapter_scale."
wrong_36,N4_wrong_style,1,1,true,REJECT,RETRY,concept-designer,ip_adapter_scale,REJECT,RETRY,concept-designer,ip_adapter_scale,true,true,true,true,"The global integrity floor and Gate 2 attribute fidelity both definitively failed, so the concept is rejected. Both failures show the image drifting from the style, and no sibling-seed evidence points to a one-off sampling artifact. With retry count 0 (2 retries left), the critic sends back a changed ip_adapter_scale, and the orchestrator relays it to concept-designer."
wrong_36,N4_wrong_style,1,2,true,REJECT,RETRY,concept-designer,ip_adapter_scale,REJECT,RETRY,concept-designer,ip_adapter_scale,true,true,true,true,"The global integrity floor and Gate 2 attribute fidelity both definitely failed, and every gate was measured (the clone control failed as required). Gates 1, 1b and 3 passed, so the concept drifts from the style rather than copying it. That points to a systematic miss, not a one-off seed artifact, so the critic sends back an adjusted ip_adapter_scale. This is attempt 0 of a 2-retry cap, so it retries rather than escalating."
wrong_37,N4_wrong_style,1,0,true,REJECT,RETRY,concept-designer,ip_adapter_scale,REJECT,RETRY,concept-designer,ip_adapter_scale,true,true,true,true,"Integrity (global floor), Gate 2 and Gate 3 all failed, while Gates 1 and 1b passed and the clone control is valid, so this is a real REJECT. It is attempt 1 of 3 (retry count 0), so the orchestrator relays a retry to concept-designer. The joint integrity, attribute-fidelity and briefed-change failures point to a systematic drift from the reference style rather than a one-off seed artifact, so the critic adjusts ip_adapter_scale."
wrong_37,N4_wrong_style,1,1,true,REJECT,RETRY,concept-designer,ip_adapter_scale,REJECT,RETRY,concept-designer,ip_adapter_scale,true,true,true,true,"The integrity floor, Gate 2 and Gate 3 all definitely failed, so this is a REJECT even though Gates 1 and 1b passed, and the clone control validated Gate 1b. This is attempt 0, so 2 retries remain. The concept drifts from the reference, with attributes and briefed changes missing, so a seed change alone is unlikely to fix it. The critic sends back an adjusted ip_adapter_scale via the orchestrator to concept-designer."
wrong_37,N4_wrong_style,1,2,true,REJECT,RETRY,concept-designer,ip_adapter_scale,REJECT,RETRY,concept-designer,ip_adapter_scale,true,true,true,true,"The integrity floor, Gate 2 and Gate 3 all definitely failed (Gates 1 and 1b passed, with a valid clone control). This is attempt 0 of a 2-retry budget, so it is a REJECT with a retry. The image drifted from the style's attributes and the briefed changes, and nothing suggests a one-off sampling artifact, so the critic sends back an adjusted ip_adapter_scale via the orchestrator to concept-designer."
wrong_38,N4_wrong_style,1,0,true,REJECT,RETRY,concept-designer,ip_adapter_scale,REJECT,RETRY,concept-designer,ip_adapter_scale,true,true,true,true,"The global integrity floor, Gate 2 and Gate 3 all definitively failed, so the verdict is REJECT. This is attempt 0, so 2 retries remain. Gate 2 and Gate 3 also failed, which points to systematic drift from the style and not a one-off seed artifact. Gates 1 and 1b pass with the clone control validated, so there is headroom to raise ip_adapter_scale, and the critic sends that adjustment back to concept-designer via the orchestrator."
wrong_38,N4_wrong_style,1,1,true,REJECT,RETRY,concept-designer,ip_adapter_scale,REJECT,RETRY,concept-designer,ip_adapter_scale,true,true,true,true,"The integrity floor, Gate 2 and Gate 3 each definitively failed (pass: false), so this is a REJECT. Gates 1 and 1b passed and the clone control is valid, so nothing is unmeasured. Retry count is 0 of 2. The concept drifted from the reference and lost the briefed and visible attributes, which points to a systematic problem rather than a one-off seed artifact, so the critic sends back an adjusted ip_adapter_scale via the orchestrator to concept-designer."
wrong_38,N4_wrong_style,1,2,true,REJECT,RETRY,concept-designer,ip_adapter_scale,REJECT,RETRY,concept-designer,ip_adapter_scale,true,true,true,true,"The integrity floor, Gate 2 and Gate 3 all failed (Gates 1 and 1b passed, and the clone control was validated), so this is a definite REJECT with no unmeasured gate. Since three gates failed together rather than a lone integrity miss, this looks like a systematic drift from the style and not a one-off sampling artifact. This is attempt 0 of a maximum of 2 retries, so the critic sends an adjusted ip_adapter_scale back to concept-designer via the orchestrator."
wrong_39,N4_wrong_style,1,0,true,REJECT,RETRY,concept-designer,ip_adapter_scale,REJECT,RETRY,concept-designer,ip_adapter_scale,true,true,true,true,"Integrity (global floor), Gate 2 and Gate 3 all definitely failed, while Gates 1 and 1b passed with a valid clone control. That is a systematic miss on fidelity and briefed changes, not a one-off seed artifact, so with retry 0 of 2 the critic sends an adjusted ip_adapter_scale back to concept-designer via the orchestrator."
wrong_39,N4_wrong_style,1,1,true,REJECT,RETRY,concept-designer,ip_adapter_scale,REJECT,RETRY,concept-designer,ip_adapter_scale,true,true,true,true,"Gate 1 and 1b passed, but the global integrity floor, Gate 2 and Gate 3 all failed definitively. That points to a systematic miss (the image is too far from the references, and the attributes and briefed changes are not visible) rather than a one-off seed artifact. This is attempt 1 with retry count 0, so retries remain, and the critic sends an adjusted ip_adapter_scale back to concept-designer via the orchestrator."
wrong_39,N4_wrong_style,1,2,true,REJECT,RETRY,concept-designer,ip_adapter_scale,REJECT,RETRY,concept-designer,ip_adapter_scale,true,true,true,true,"Integrity, Gate 2 and Gate 3 all failed (Gates 1 and 1b passed), so this is a definite REJECT. It is attempt 1 with retries remaining, so it is not FAILED. Failing several gates at once looks like a systematic miss rather than a one-off sampling artifact, so I am adjusting ip_adapter_scale instead of the seed. The orchestrator relays this to concept-designer."
wrong_40,N4_wrong_style,1,0,true,REJECT,RETRY,concept-designer,ip_adapter_scale,REJECT,RETRY,concept-designer,ip_adapter_scale,true,true,true,true,"The integrity floor, Gate 2 and Gate 3 all definitively failed (Gates 1 and 1b passed, and the clone control is valid), so this is a REJECT with 0 of 2 retries used. Because fidelity, briefed changes and integrity all failed together, this is not a one-off sampling artifact, so the critic sends an adjusted ip_adapter_scale back to concept-designer through the orchestrator."
wrong_40,N4_wrong_style,1,1,true,REJECT,RETRY,concept-designer,ip_adapter_scale,REJECT,RETRY,concept-designer,ip_adapter_scale,true,true,true,true,"The integrity floor, Gate 2 (attribute fidelity) and Gate 3 (briefed changes visible) all definitively failed, so the verdict is REJECT. This is attempt 0 of a 2-retry budget, so the critic sends an adjusted ip_adapter_scale back to concept-designer via the orchestrator. Failing on both fidelity and integrity points to weak adherence to the reference, not a one-off seed artifact, and no sibling-seed evidence suggests otherwise."
wrong_40,N4_wrong_style,1,2,true,REJECT,RETRY,concept-designer,ip_adapter_scale,REJECT,RETRY,concept-designer,ip_adapter_scale,true,true,true,true,"The global integrity floor, Gate 2 and Gate 3 all definitely failed, and Gate 1 and Gate 1b (with a valid clone control) passed, so the concept sits too far from its references rather than too close. Several gates missing together points to a systematic fault, not a one-off sampling artifact, so the critic sends back a different ip_adapter_scale (raised, to pull the concept closer to the references). This is retry 0 of 2, so the orchestrator relays it to concept-designer."
wrong_41,N4_wrong_style,1,0,true,REJECT,RETRY,concept-designer,ip_adapter_scale,REJECT,RETRY,concept-designer,ip_adapter_scale,true,true,true,true,"Integrity (global floor), Gate 2 and Gate 3 all definitively failed, so this is a REJECT. Gate 1 and 1b passed, so the image is novel enough but drifted from the style. Because attribute fidelity and briefed changes failed along with the integrity floor, this is not a one-off sampling artifact. Retry count is 0 of 2, so the critic sends back an adjusted ip_adapter_scale via the orchestrator to concept-designer."
wrong_41,N4_wrong_style,1,1,true,REJECT,RETRY,concept-designer,ip_adapter_scale,REJECT,RETRY,concept-designer,ip_adapter_scale,true,true,true,true,"The integrity floor, Gate 2 and Gate 3 all definitely failed (pass: false), so this is a REJECT. The three failures together suggest the image drifted from the reference and the briefed changes, not a one-off seed artifact. This is attempt 0 with retries remaining, so the critic sends an adjusted ip_adapter_scale back to concept-designer via the orchestrator."
wrong_41,N4_wrong_style,1,2,true,REJECT,RETRY,concept-designer,ip_adapter_scale,REJECT,RETRY,concept-designer,ip_adapter_scale,true,true,true,true,"Integrity, Gate 2 and Gate 3 all definitively failed (Gates 1 and 1b passed, with the clone control valid), so nothing is unmeasured and this is a REJECT. Retry count is 0 of 2, and the failure is systematic rather than a one-off sampling artifact, so the critic sends back an adjusted ip_adapter_scale via the orchestrator to concept-designer."
wrong_42,N4_wrong_style,1,0,true,REJECT,RETRY,concept-designer,ip_adapter_scale,REJECT,RETRY,concept-designer,ip_adapter_scale,true,true,true,true,"Integrity, Gate 2 and Gate 3 definitely failed, so this is a REJECT. The retry count is 0 of 2, so it goes back for a retry. The concept drifts from the reference (integrity floor miss) and misses the attributes and briefed changes. Gates 1 and 1b pass, so there is room to adjust ip_adapter_scale. A seed change is not indicated because there is no evidence of a one-off sampling artifact."
wrong_42,N4_wrong_style,1,1,true,REJECT,RETRY,concept-designer,ip_adapter_scale,REJECT,RETRY,concept-designer,ip_adapter_scale,true,true,true,true,"The integrity floor, Gate 2 and Gate 3 all definitely failed, so the concept is rejected. This is attempt 1 with 2 retries left, and Gates 1 and 1b passed with a validated clone control. The pattern is a systematic drift from the style's attributes, not a one-off seed artifact, and there is no evidence that sibling seeds clear the integrity floor. So the critic sends back an adjusted ip_adapter_scale (raised for stronger reference adherence) via the orchestrator."
wrong_42,N4_wrong_style,1,2,true,REJECT,RETRY,concept-designer,ip_adapter_scale,REJECT,RETRY,concept-designer,ip_adapter_scale,true,true,true,true,"The integrity floor, Gate 2 and Gate 3 all definitively failed, so the concept is rejected. Gates 1 and 1b passed, and the clone control failed as required, so they are validated. This is attempt 1 with retries remaining (retry count 0 of 2). The failures are not an isolated integrity miss on one seed, since Gate 2 and Gate 3 also failed and there is no sibling-seed evidence, so the critic sends back an adjusted ip_adapter_scale and the orchestrator relays it to concept-designer."
wrong_43,N4_wrong_style,1,0,true,REJECT,RETRY,concept-designer,ip_adapter_scale,REJECT,RETRY,concept-designer,ip_adapter_scale,true,true,true,true,"The integrity floor, Gate 2 and Gate 3 all definitively failed, so the concept is REJECTED. It is attempt 1 with retries remaining, so the critic sends back a different ip_adapter_scale (likely higher, to pull the image closer to the references) via the orchestrator to concept-designer. Gates 1 and 1b passed, so the image isn't too close to any reference. The misses on integrity, attribute fidelity and briefed changes together point to a systematic drift from the reference style rather than a one-off seed artifact."
wrong_43,N4_wrong_style,1,1,true,REJECT,RETRY,concept-designer,ip_adapter_scale,REJECT,RETRY,concept-designer,ip_adapter_scale,true,true,true,true,"Integrity, Gate 2 and Gate 3 all definitively failed, so this is a REJECT. Nothing is unmeasured: Gate 1b's clone control failed as required, so it is validated. This is attempt 1 with retries remaining, so it is not FAILED. Gates 2 and 3 failing alongside integrity points to a systematic miss (too little reference and brief adherence) rather than a one-off seed artifact, so the critic sends an adjusted ip_adapter_scale back to concept-designer via the orchestrator."
wrong_43,N4_wrong_style,1,2,true,REJECT,RETRY,concept-designer,ip_adapter_scale,REJECT,RETRY,concept-designer,ip_adapter_scale,true,true,true,true,"Integrity (global floor), Gate 2 and Gate 3 all definitively failed, so this is a REJECT and not INCONCLUSIVE. Gates 1 and 1b passed with a valid clone control, so there is novelty headroom. The failures point to a systematic drift from the style's attributes and the briefed changes rather than a one-off seed artifact, so with 0 of 2 retries used the critic sends back an adjusted ip_adapter_scale through the orchestrator to concept-designer."
wrong_44,N4_wrong_style,1,0,true,REJECT,RETRY,concept-designer,ip_adapter_scale,REJECT,RETRY,concept-designer,ip_adapter_scale,true,true,true,true,"The integrity floor, Gate 2 (attribute fidelity) and Gate 3 (briefed changes visible) all definitively failed, so this is a REJECT. It is attempt 1 with retry count 0, so retries remain. Because fidelity and briefed-change misses failed together with the integrity floor, this is not a one-off sampling artifact, so the critic sends back an adjusted ip_adapter_scale (not a new seed), relayed to concept-designer by the orchestrator."
wrong_44,N4_wrong_style,1,1,true,REJECT,RETRY,concept-designer,ip_adapter_scale,REJECT,RETRY,concept-designer,ip_adapter_scale,true,true,true,true,"Integrity floor, Gate 2 and Gate 3 all failed, while Gates 1 and 1b passed. The concept is too far from the real references and lost the style's attributes and briefed changes, which is a systematic miss rather than a one-off seed artifact. This is attempt 1 with retries remaining, so the critic sends an adjusted ip_adapter_scale back to concept-designer via the orchestrator."
wrong_44,N4_wrong_style,1,2,true,REJECT,RETRY,concept-designer,ip_adapter_scale,REJECT,RETRY,concept-designer,ip_adapter_scale,true,true,true,true,"Integrity (global floor), Gate 2 and Gate 3 all failed, while Gate 1 and Gate 1b passed and the clone control validated, so the gates are measured and the concept drifted too far from the style rather than being a one-off seed artifact. Retry 1 of 2 goes back to concept-designer with a different ip_adapter_scale (likely higher, to hold the reference style more closely)."
wrong_45,N4_wrong_style,1,0,true,REJECT,RETRY,concept-designer,ip_adapter_scale,REJECT,RETRY,concept-designer,ip_adapter_scale,true,true,true,true,"Integrity floor, Gate 2 and Gate 3 all failed (Gates 1 and 1b passed, with the clone control valid), so this is a REJECT. Nothing is unmeasured. With three gates failing together it looks systematic rather than a one-off seed artifact, and this is attempt 1 with retries remaining (0 of 2 used), so the critic sends an adjusted ip_adapter_scale back to concept-designer via the orchestrator."
wrong_45,N4_wrong_style,1,1,true,REJECT,RETRY,concept-designer,ip_adapter_scale,REJECT,RETRY,concept-designer,ip_adapter_scale,true,true,true,true,"Integrity floor, Gate 2 and Gate 3 all definitely failed, so this is a REJECT with no unmeasured gates. It is attempt 1 with retry count 0, so the retry budget remains. Gate 1 and 1b pass with headroom while the concept is too far from the references and misses the attributes and briefed changes. That is a systematic miss rather than a one-off sampling artifact, so the critic sends back an adjusted ip_adapter_scale (raised), relayed to concept-designer by the orchestrator."
wrong_45,N4_wrong_style,1,2,true,REJECT,RETRY,concept-designer,ip_adapter_scale,REJECT,RETRY,concept-designer,ip_adapter_scale,true,true,true,true,"Integrity (global floor), Gate 2 and Gate 3 all failed, so the concept is REJECTED. Gates 1 and 1b passed, so it is not a clone. Because the image drifted from the style and the briefed changes and attributes are missing, this is not a one-off seed artifact. This is attempt 1 with retries remaining, so the critic sends an adjusted ip_adapter_scale back to concept-designer via the orchestrator."
wrong_46,N4_wrong_style,1,0,true,REJECT,RETRY,concept-designer,ip_adapter_scale,REJECT,RETRY,concept-designer,ip_adapter_scale,true,true,true,true,"Integrity floor, Gate 2 and Gate 3 all definitively failed while Gates 1 and 1b passed (with a valid clone control). The concept has drifted from the style's look and lacks the briefed attributes. Three gates failing together points to a systematic under-conditioning problem rather than a one-off seed artifact, so the critic sends an adjusted ip_adapter_scale (retry 1 of 2) back to concept-designer via the orchestrator."
wrong_46,N4_wrong_style,1,1,true,REJECT,RETRY,concept-designer,ip_adapter_scale,REJECT,RETRY,concept-designer,ip_adapter_scale,true,true,true,true,"Integrity floor, Gate 2 and Gate 3 all definitively failed, while Gates 1 and 1b passed with a validated clone control. Several gates failing together points to a systematic reference-adherence problem rather than a one-off seed artifact, so the critic sends back a different ip_adapter_scale. This is attempt 0 of a 2-retry budget, so the orchestrator relays the retry to concept-designer and does not forward to the human check."
wrong_46,N4_wrong_style,1,2,true,REJECT,RETRY,concept-designer,ip_adapter_scale,REJECT,RETRY,concept-designer,ip_adapter_scale,true,true,true,true,"The integrity floor, Gate 2 and Gate 3 all failed (gate 1 and 1b passed, and the clone control validated 1b), so this is a definite REJECT. It is attempt 0 of 3, so a retry is allowed. The concept sits too far from the references and misses the attributes and briefed changes. That points to weak reference conditioning, not a one-off seed artifact, so the critic sends an adjusted ip_adapter_scale back to concept-designer via the orchestrator."
wrong_47,N4_wrong_style,1,0,true,REJECT,RETRY,concept-designer,ip_adapter_scale,REJECT,RETRY,concept-designer,ip_adapter_scale,true,true,true,true,"The integrity floor, Gate 2 and Gate 3 all definitively failed (Gates 1 and 1b passed, with the clone control validated), so this is a REJECT. It is attempt 0 of the 2-retry cap, so the critic sends back an adjusted ip_adapter_scale (raise it, since the concept is too far from the references). A seed change alone would not fix a multi-gate miss, and only an isolated integrity miss would suggest a one-off sampling artifact."
wrong_47,N4_wrong_style,1,1,true,REJECT,RETRY,concept-designer,ip_adapter_scale,REJECT,RETRY,concept-designer,ip_adapter_scale,true,true,true,true,"The integrity floor, Gate 2 and Gate 3 all definitively failed (pass: false), and the clone control validated Gate 1b, so nothing is unmeasured. This is attempt 1 with the retry budget of 2 unused, and Gates 2 and 3 failing alongside the integrity floor points to a systematic miss rather than a one-off seed artifact, so the critic sends back an adjusted ip_adapter_scale and the orchestrator relays it to concept-designer."
wrong_47,N4_wrong_style,1,2,true,REJECT,RETRY,concept-designer,ip_adapter_scale,REJECT,RETRY,concept-designer,ip_adapter_scale,true,true,true,true,"Integrity (global floor), Gate 2 and Gate 3 all definitely failed, so the concept is REJECTED even though Gates 1 and 1b pass. This is retry count 0 of 2, so the orchestrator relays a retry to concept-designer. Failing on several gates at once, with no evidence of a single-seed artifact, points to a systematic miss on the reference/attribute pull, so the critic adjusts ip_adapter_scale rather than the seed."
wrong_48,N4_wrong_style,1,0,true,REJECT,RETRY,concept-designer,ip_adapter_scale,REJECT,RETRY,concept-designer,ip_adapter_scale,true,true,true,true,"Integrity floor, Gate 2 and Gate 3 all definitely failed, so this is a REJECT. It is attempt 0 of a 2-retry budget, so the critic sends a retry to concept-designer via the orchestrator. Gates 1 and 1b pass, so the concept is novel enough but drifts from the style, and the Gate 2 and 3 misses are not a one-off seed artifact. Adjusting ip_adapter_scale is the right lever."
wrong_48,N4_wrong_style,1,1,true,REJECT,RETRY,concept-designer,ip_adapter_scale,REJECT,RETRY,concept-designer,ip_adapter_scale,true,true,true,true,"Integrity (global floor), Gate 2 and Gate 3 all definitively failed while Gate 1 and 1b passed, so the concept is novel but drifts from the style and misses the briefed attributes. That is a systematic miss rather than a one-off seed artifact, so the critic sends back an adjusted ip_adapter_scale (raised, to pull it closer to the references). This is attempt 1 with 0 retries used, so the retry cap does not apply."
wrong_48,N4_wrong_style,1,2,true,REJECT,RETRY,concept-designer,ip_adapter_scale,REJECT,RETRY,concept-designer,ip_adapter_scale,true,true,true,true,"The integrity floor, Gate 2 and Gate 3 all definitely failed (pass: false), while Gates 1 and 1b passed with a valid clone control. Attempt 0 has 2 retries left. Because the failures are systematic (attribute fidelity and briefed changes as well as integrity) rather than a one-seed integrity miss, the critic sends back an adjusted ip_adapter_scale. The orchestrator relays it to concept-designer."
wrong_49,N4_wrong_style,1,0,true,REJECT,RETRY,concept-designer,ip_adapter_scale,REJECT,RETRY,concept-designer,ip_adapter_scale,true,true,true,true,"Integrity (global floor), Gate 2 and Gate 3 all definitively failed, so this is a REJECT even though Gates 1 and 1b passed. This is attempt 1 with retries remaining, so the critic sends back a different ip_adapter_scale. Three gates failing together points to a systematic miss (too far from the references, with attributes and briefed changes not visible) rather than a one-off seed artifact."
wrong_49,N4_wrong_style,1,1,true,REJECT,RETRY,concept-designer,ip_adapter_scale,REJECT,RETRY,concept-designer,ip_adapter_scale,true,true,true,true,"Integrity floor, Gate 2 and Gate 3 all failed (Gates 1 and 1b passed, and the clone control was valid), so this is a definite REJECT. Because the failure spans attribute fidelity and briefed changes rather than a lone integrity miss on one seed, the critic sends back a different ip_adapter_scale (retry 1 of 2) via the orchestrator to concept-designer."
wrong_49,N4_wrong_style,1,2,true,REJECT,RETRY,concept-designer,ip_adapter_scale,REJECT,RETRY,concept-designer,ip_adapter_scale,true,true,true,true,"Integrity floor, Gate 2 and Gate 3 all failed (no unmeasured gates), so this is a definite REJECT with retries remaining (count 0 of 2). Failing three gates together looks like a systematic miss rather than a one-off sampling artifact, so the critic sends an adjusted ip_adapter_scale back to concept-designer via the orchestrator, not a new seed."
wrong_50,N4_wrong_style,1,0,true,REJECT,RETRY,concept-designer,ip_adapter_scale,REJECT,RETRY,concept-designer,ip_adapter_scale,true,true,true,true,"Integrity, Gate 2 and Gate 3 all definitely failed (Gates 1 and 1b passed with a valid clone control), so this is a REJECT, and at retry count 0 the critic sends it back for another attempt. The failures are a broad drift from the style's references and attributes, not an isolated integrity miss on one seed, so the critic adjusts ip_adapter_scale rather than the seed."
wrong_50,N4_wrong_style,1,1,true,REJECT,RETRY,concept-designer,ip_adapter_scale,REJECT,RETRY,concept-designer,ip_adapter_scale,true,true,true,true,"The integrity floor, Gate 2 and Gate 3 all definitely failed (pass: false), while Gates 1 and 1b passed and the clone control was valid. The concept is too far from the references and misses the briefed attributes, so this looks systematic rather than a one-off seed artifact. This is attempt 0 of a 2-retry cap, so the critic sends an adjusted ip_adapter_scale back to concept-designer via the orchestrator. The human visual check stays pending and cannot be waived."
wrong_50,N4_wrong_style,1,2,true,REJECT,RETRY,concept-designer,ip_adapter_scale,REJECT,RETRY,concept-designer,ip_adapter_scale,true,true,true,true,"Integrity floor, Gate 2 and Gate 3 all definitively failed, so the concept is a REJECT (Gates 1 and 1b passed and the clone control is valid). Retry count is 0 of 2, so the critic sends a different ip_adapter_scale back to concept-designer. The concept drifted from the style and missed attributes and briefed changes, which points to a scale problem rather than a one-off seed artifact."
wrong_51,N4_wrong_style,1,0,true,REJECT,RETRY,concept-designer,ip_adapter_scale,REJECT,RETRY,concept-designer,ip_adapter_scale,true,true,true,true,"Integrity floor, Gate 2 and Gate 3 all definitely failed, so this is a REJECT. Gates 1 and 1b pass (the concept is not too close to the references), while the integrity floor, attribute fidelity and briefed changes all miss. That pattern means the image drifted from the style rather than hit a one-off sampling artifact, so I'm sending back an adjusted ip_adapter_scale. The retry count is 0 of 2, so the orchestrator relays it to concept-designer."
wrong_51,N4_wrong_style,1,1,true,REJECT,RETRY,concept-designer,ip_adapter_scale,REJECT,RETRY,concept-designer,ip_adapter_scale,true,true,true,true,"Integrity, Gate 2 and Gate 3 definitely failed (Gates 1 and 1b passed and the clone control is valid), so this is a REJECT with retries left (attempt 1 of 3). Because the failures are broad, with no closest-reference match, missing attributes and briefed changes not visible, rather than a lone integrity miss, this points to drift from the references rather than a one-off sampling artifact. The critic sends back an adjusted ip_adapter_scale (raised, to tie the image closer to the references), and the orchestrator relays it to concept-designer."
wrong_51,N4_wrong_style,1,2,true,REJECT,RETRY,concept-designer,ip_adapter_scale,REJECT,RETRY,concept-designer,ip_adapter_scale,true,true,true,true,"The global integrity floor, Gate 2 and Gate 3 all definitively failed, so this is a REJECT. Gate 1 and Gate 1b passed and the clone control was valid, so no gate is unmeasured. Retry count is 0 of 2, so the orchestrator relays a retry to concept-designer. Several gates failed together (integrity, attribute fidelity, briefed changes), which points to a systematic drift from the references rather than a one-off sampling artifact, so the adjusted parameter is ip_adapter_scale rather than seed."
wrong_52,N4_wrong_style,1,0,true,REJECT,RETRY,concept-designer,ip_adapter_scale,REJECT,RETRY,concept-designer,ip_adapter_scale,true,true,true,true,"The integrity floor, Gate 2 and Gate 3 all definitely failed, so this is a REJECT. Retries remain (count 0 of 2). Gate 1/1b passed, so the concept isn't a clone; the concept looks too far from the style and lacks its briefed and visible attributes, which points to a systematic ip_adapter_scale problem rather than a one-off seed artifact, so the critic sends an adjusted ip_adapter_scale back to concept-designer via the orchestrator."
wrong_52,N4_wrong_style,1,1,true,REJECT,RETRY,concept-designer,ip_adapter_scale,REJECT,RETRY,concept-designer,ip_adapter_scale,true,true,true,true,"The integrity floor, Gate 2 (attribute fidelity) and Gate 3 (briefed changes visible) all definitively failed, so this is a REJECT. This is attempt 1 of 3, so a retry remains. Because Gate 2 and Gate 3 also failed, this looks like a systematic miss rather than a one-off seed artifact, so the critic sends back an adjusted ip_adapter_scale. The orchestrator relays it to concept-designer."
wrong_52,N4_wrong_style,1,2,true,REJECT,RETRY,concept-designer,ip_adapter_scale,REJECT,RETRY,concept-designer,ip_adapter_scale,true,true,true,true,"The integrity floor, Gate 2 and Gate 3 all definitely failed, so this is a REJECT. Gates 1 and 1b passed, so the image is not too close to the references. Failing integrity, attribute fidelity and briefed changes together points to drift from the reference rather than a one-off sampling artifact, so retry 1 of 2 adjusts ip_adapter_scale (raised to pull it closer to the reference) rather than the seed."
wrong_53,N4_wrong_style,1,0,true,REJECT,RETRY,concept-designer,ip_adapter_scale,REJECT,RETRY,concept-designer,ip_adapter_scale,true,true,true,true,"Integrity (global floor), Gate 2 and Gate 3 all definitely failed, so this is a REJECT with retry count 0 and 2 retries left. Gates 1 and 1b passed, so the image is novel enough but has drifted from the reference style and the briefed changes. Three gates failing together looks systematic rather than a one-off sampling artifact, so the critic adjusts ip_adapter_scale rather than the seed. The orchestrator relays it to concept-designer."
wrong_53,N4_wrong_style,1,1,true,REJECT,RETRY,concept-designer,ip_adapter_scale,REJECT,RETRY,concept-designer,ip_adapter_scale,true,true,true,true,"Integrity floor, Gate 2 and Gate 3 all definitely failed (Gates 1 and 1b passed and the clone control is valid), so this is a REJECT. It is attempt 0, so 2 retries remain. The concept drifted from the style and lost the briefed attributes across several gates, so it is not a one-off seed artifact. The critic sends an adjusted ip_adapter_scale back to concept-designer via the orchestrator."
wrong_53,N4_wrong_style,1,2,true,REJECT,RETRY,concept-designer,ip_adapter_scale,REJECT,RETRY,concept-designer,ip_adapter_scale,true,true,true,true,"Integrity (global floor), Gate 2 and Gate 3 all definitely failed, so the verdict is REJECT. Gates 1 and 1b passed, so the concept is not too close to the references. It is too far from them and the briefed attributes are missing. That points to a systematic miss, not a one-off sampling artifact, so the critic sends back a different ip_adapter_scale. This is retry 0 of 2, so the orchestrator relays it to concept-designer."
wrong_54,N4_wrong_style,1,0,true,REJECT,RETRY,concept-designer,ip_adapter_scale,REJECT,RETRY,concept-designer,ip_adapter_scale,true,true,true,true,"The integrity floor, Gate 2 and Gate 3 each definitively failed (all measured, none null), while Gate 1 and Gate 1b passed with a valid clone control. This is attempt 1 with retries remaining, so it is sent back to concept-designer. Because the attribute-fidelity and briefed-change gates failed along with integrity, and there is no evidence of a one-off sampling artifact, ip_adapter_scale is the parameter to adjust rather than seed."
wrong_54,N4_wrong_style,1,1,true,REJECT,RETRY,concept-designer,ip_adapter_scale,REJECT,RETRY,concept-designer,ip_adapter_scale,true,true,true,true,"Integrity floor, Gate 2 and Gate 3 all definitively failed, so the concept is rejected. Gate 1 and 1b passed, which means the image is novel but drifting from the style (too far from any real reference, with attributes and briefed changes not showing). That points to a systematic miss rather than a one-off sampling artifact, so with retry count 0 of 2 the critic sends back an adjusted ip_adapter_scale (raise it to pull closer to the references) via the orchestrator to concept-designer."
wrong_54,N4_wrong_style,1,2,true,REJECT,RETRY,concept-designer,ip_adapter_scale,REJECT,RETRY,concept-designer,ip_adapter_scale,true,true,true,true,"Integrity floor, Gate 2 and Gate 3 all definitely failed (Gates 1 and 1b passed, and the clone control is valid), so this is a REJECT. It is attempt 1 with retries remaining (0 of 2 used). The pattern of several failures with no sibling-seed evidence points to a systematic reference-adherence problem rather than a one-off sampling artifact, so the critic sends back a changed ip_adapter_scale and the orchestrator relays it to concept-designer."
wrong_55,N4_wrong_style,1,0,true,REJECT,RETRY,concept-designer,ip_adapter_scale,REJECT,RETRY,concept-designer,ip_adapter_scale,true,true,true,true,"Integrity (global floor), Gate 2 and Gate 3 all definitively failed, so this is a REJECT even though Gates 1 and 1b passed. Retry count is 0 of 2, so the critic sends back an adjusted ip_adapter_scale via the orchestrator. The failures are systematic (attributes and briefed changes not visible, plus a low closest-reference similarity) rather than a one-off seed artifact, and nothing here is unmeasured."
wrong_55,N4_wrong_style,1,1,true,REJECT,RETRY,concept-designer,ip_adapter_scale,REJECT,RETRY,concept-designer,ip_adapter_scale,true,true,true,true,"Integrity floor, Gate 2 and Gate 3 all definitely failed (Gate 1 and 1b passed with a valid clone control), so nothing is unmeasured and this is a REJECT. Three gates failing together points to a systematic drift from the reference rather than a one-off sampling artifact, so this is attempt 1 of 3 and the critic sends back an adjusted ip_adapter_scale via the orchestrator to concept-designer."
wrong_55,N4_wrong_style,1,2,true,REJECT,RETRY,concept-designer,ip_adapter_scale,REJECT,RETRY,concept-designer,ip_adapter_scale,true,true,true,true,"Integrity (global floor), Gate 2 and Gate 3 all definitely failed, so this is a REJECT, not INCONCLUSIVE. Gate 1 and Gate 1b passed, with the clone control valid. Retry count is 0, so a retry is allowed. Failing on fidelity and briefed changes as well as the integrity floor points to a systematic drift from the reference rather than a one-off seed artifact, so the critic sends back an adjusted ip_adapter_scale and the orchestrator relays it to concept-designer."
wrong_56,N4_wrong_style,1,0,true,REJECT,RETRY,concept-designer,ip_adapter_scale,REJECT,RETRY,concept-designer,ip_adapter_scale,true,true,true,true,"The integrity floor, Gate 2 and Gate 3 all definitely failed, so this is a REJECT with no unmeasured gates. It is attempt 1 with retries remaining, so it goes back for a retry. Failing on three gates together (too far from every reference, attributes wrong, briefed changes missing) points to a systematic ip_adapter_scale problem rather than a one-off seed artifact, so the critic sends an adjusted ip_adapter_scale (likely higher) back to concept-designer via the orchestrator."
wrong_56,N4_wrong_style,1,1,true,REJECT,RETRY,concept-designer,ip_adapter_scale,REJECT,RETRY,concept-designer,ip_adapter_scale,true,true,true,true,"Integrity, Gate 2 and Gate 3 all definitively failed (Gates 1 and 1b passed with a valid clone control), so this is a REJECT with 0 of 2 retries used. The concept drifted from the reference style and the briefed changes and attributes are not visible, which points to a shared cause, so the critic sends back an adjusted ip_adapter_scale rather than a new seed. The orchestrator relays it to concept-designer."
wrong_56,N4_wrong_style,1,2,true,REJECT,RETRY,concept-designer,ip_adapter_scale,REJECT,RETRY,concept-designer,ip_adapter_scale,true,true,true,true,"Integrity, Gate 2 and Gate 3 all definitely failed (Gates 1 and 1b passed, with the clone control valid), so this is a REJECT with 0 of 2 retries used. The failures point to a weak match to the reference and the briefed attributes rather than a one-off seed artifact, so the critic sends back an adjusted ip_adapter_scale, relayed to concept-designer by the orchestrator."
wrong_57,N4_wrong_style,1,0,true,REJECT,RETRY,concept-designer,ip_adapter_scale,REJECT,RETRY,concept-designer,ip_adapter_scale,true,true,true,true,"Integrity, Gate 2 and Gate 3 all definitively failed, while Gate 1 and Gate 1b passed (with a valid clone control). That means the concept is novel but has drifted from the style's attributes and briefed changes, which is a systematic miss rather than a one-off sampling artifact, so the critic adjusts ip_adapter_scale. This is attempt 1 with retries remaining (0 of 2 used), so the orchestrator relays the retry to concept-designer."
wrong_57,N4_wrong_style,1,1,true,REJECT,RETRY,concept-designer,ip_adapter_scale,REJECT,RETRY,concept-designer,ip_adapter_scale,true,true,true,true,"The integrity floor, Gate 2 and Gate 3 all definitively failed, so the concept is rejected. This is attempt 1 of 3 (retry count 0), so it goes back for a retry. The failures are systematic (fidelity and briefed changes missing, and no sibling-seed evidence of a one-off artifact), so the critic sends back a different ip_adapter_scale rather than a new seed."
wrong_57,N4_wrong_style,1,2,true,REJECT,RETRY,concept-designer,ip_adapter_scale,REJECT,RETRY,concept-designer,ip_adapter_scale,true,true,true,true,"The integrity floor, Gate 2 and Gate 3 all definitively failed, so this is a REJECT. Failing on several gates at once points to a systematic miss (the image drifted from the reference and lacks the briefed attributes) rather than a one-off seed artifact. It is attempt 0, so 2 retries remain, and the critic sends an adjusted ip_adapter_scale back to concept-designer via the orchestrator."
wrong_58,N4_wrong_style,1,0,true,REJECT,RETRY,concept-designer,ip_adapter_scale,REJECT,RETRY,concept-designer,ip_adapter_scale,true,true,true,true,"The integrity floor, Gate 2 and Gate 3 all failed (Gates 1 and 1b passed), so this is a definite REJECT. Retry count is 0 of 2, so the critic sends back an adjusted ip_adapter_scale via the orchestrator. Failing attribute fidelity and briefed changes alongside the integrity floor points to a systematic miss rather than a one-off seed artifact, and no sibling-seed evidence suggests otherwise."
wrong_58,N4_wrong_style,1,1,true,REJECT,RETRY,concept-designer,ip_adapter_scale,REJECT,RETRY,concept-designer,ip_adapter_scale,true,true,true,true,"Integrity floor, Gate 2 and Gate 3 definitely failed (Gates 1 and 1b passed and the clone control is valid), so this is a REJECT with 0 of 2 retries used. The pattern is systematic (attributes and briefed changes are missing, and the image is too far from the real references) rather than a one-seed artifact, so the critic sends back an adjusted ip_adapter_scale via the orchestrator; the human visual check stays required for any later pass."
wrong_58,N4_wrong_style,1,2,true,REJECT,RETRY,concept-designer,ip_adapter_scale,REJECT,RETRY,concept-designer,ip_adapter_scale,true,true,true,true,"Integrity (global floor), Gate 2 and Gate 3 all definitely failed. Gate 1 and Gate 1b passed with a valid clone control, so nothing is unmeasured and this is a REJECT, not INCONCLUSIVE. This is attempt 0 of a 2-retry cap, so the critic sends the concept back through the orchestrator to concept-designer. The joint failure of fidelity, briefed changes and the integrity floor points to reference adherence rather than a one-off seed artifact, so `ip_adapter_scale` is the parameter to adjust."
wrong_59,N4_wrong_style,1,0,true,REJECT,RETRY,concept-designer,ip_adapter_scale,REJECT,RETRY,concept-designer,ip_adapter_scale,true,true,true,true,"The integrity floor, Gate 2 and Gate 3 all failed (Gates 1 and 1b passed, with a valid clone control), so this is a definite REJECT. Retry count is 0 of 2, so the critic sends a different ip_adapter_scale back to concept-designer via the orchestrator. The failure is systematic (drift from the reference plus missing attributes), not a one-off seed artifact, and there is no evidence that sibling seeds clear the integrity floor."
wrong_59,N4_wrong_style,1,1,true,REJECT,RETRY,concept-designer,ip_adapter_scale,REJECT,RETRY,concept-designer,ip_adapter_scale,true,true,true,true,"Integrity (global floor), Gate 2 and Gate 3 all definitively failed, while Gates 1 and 1b passed with a validated clone control, so nothing is unmeasured and the verdict is REJECT. This is attempt 1 with retry count 0 (under the cap of 2), and the failures are attribute/fidelity misses rather than a one-off sampling artifact, so the critic sends back an adjusted ip_adapter_scale via the orchestrator to concept-designer."
wrong_59,N4_wrong_style,1,2,true,REJECT,RETRY,concept-designer,ip_adapter_scale,REJECT,RETRY,concept-designer,ip_adapter_scale,true,true,true,true,"Gates 1 and 1b pass, but the integrity floor, Gate 2 and Gate 3 all fail, so the concept is a REJECT. Retries remain (count 0 of 2). Failing Gate 2 and Gate 3 together with integrity is a systematic miss rather than a one-seed artifact, so the critic sends back an adjusted ip_adapter_scale and the orchestrator relays it to concept-designer."
wrong_60,N4_wrong_style,1,0,true,REJECT,RETRY,concept-designer,ip_adapter_scale,REJECT,RETRY,concept-designer,ip_adapter_scale,true,true,true,true,"Integrity floor, Gate 2 and Gate 3 all definitely failed (Gates 1 and 1b passed and the clone control is valid), so this is a REJECT. It is attempt 1 with retries remaining, so the critic sends back a different ip_adapter_scale. Failures across several gates do not look like a one-off seed artifact, and the retry goes to concept-designer via the orchestrator."
wrong_60,N4_wrong_style,1,1,true,REJECT,RETRY,concept-designer,ip_adapter_scale,REJECT,RETRY,concept-designer,ip_adapter_scale,true,true,true,true,"The integrity floor, Gate 2 and Gate 3 all definitely failed (pass: false), and Gates 1 and 1b passed with a valid clone control. Nothing is unmeasured, so this is a REJECT, not INCONCLUSIVE. It is attempt 0, so 2 retries remain. Because Gate 2 and Gate 3 also failed, this is not a lone integrity miss that looks like a seed artifact, so the critic adjusts ip_adapter_scale and the orchestrator relays it to concept-designer."
wrong_60,N4_wrong_style,1,2,true,REJECT,RETRY,concept-designer,ip_adapter_scale,REJECT,RETRY,concept-designer,ip_adapter_scale,true,true,true,true,"Integrity (global floor), Gate 2 and Gate 3 all definitively failed, so this is a REJECT and none of them is unmeasured. Gate 1 and Gate 1b (with a valid clone control) passed. With three gates failing together, the miss looks systematic rather than a one-off seed artifact, so at retry count 0 of 2 the critic sends back an adjusted ip_adapter_scale."
wrong_61,N4_wrong_style,1,0,true,REJECT,RETRY,concept-designer,ip_adapter_scale,REJECT,RETRY,concept-designer,ip_adapter_scale,true,true,true,true,"The global integrity floor, Gate 2 and Gate 3 all definitively failed, so the concept is rejected. This is attempt 1 with retry count 0 of a 2-retry cap, so it goes back to concept-designer. Because attribute fidelity and briefed changes failed together with the integrity floor, and there is no sibling-seed evidence pointing to a one-off sampling artifact, the critic adjusts ip_adapter_scale rather than the seed."
wrong_61,N4_wrong_style,1,1,true,REJECT,RETRY,concept-designer,ip_adapter_scale,REJECT,RETRY,concept-designer,ip_adapter_scale,true,true,true,true,"The integrity floor, Gate 2 and Gate 3 all failed (Gates 1 and 1b passed and the clone control is valid), so this is a REJECT, and with retry count 0 of 2 the orchestrator relays it back to concept-designer. All three failures point to a concept that drifted from the style and lost its attributes and briefed changes, not a one-off sampling artifact. Gates 1 and 1b have headroom, so the critic sends a changed ip_adapter_scale (raised, to pull the concept closer to the references) rather than a new seed."
wrong_61,N4_wrong_style,1,2,true,REJECT,RETRY,concept-designer,ip_adapter_scale,REJECT,RETRY,concept-designer,ip_adapter_scale,true,true,true,true,"Integrity (global floor), Gate 2 and Gate 3 all definitively failed, so this is a REJECT. Gate 1 and 1b passed and the clone control is valid, so nothing is unmeasured. This is attempt 1 with retries remaining (cap is 2). The Gate 2/3 misses are systematic rather than a one-off sampling artifact, so the critic sends back an adjusted ip_adapter_scale via the orchestrator to concept-designer."
wrong_62,N4_wrong_style,1,0,true,REJECT,RETRY,concept-designer,ip_adapter_scale,REJECT,RETRY,concept-designer,ip_adapter_scale,true,true,true,true,"The global integrity floor, Gate 2 (attribute fidelity) and Gate 3 (briefed changes visible) all definitively failed, and no gate is unmeasured. This is attempt 1 of 3 (retry count 0), so a retry is allowed. Because Gate 2 and Gate 3 failed alongside integrity, this is not a one-off seed artifact, so the critic sends back an adjusted ip_adapter_scale via the orchestrator to concept-designer."
wrong_62,N4_wrong_style,1,1,true,REJECT,RETRY,concept-designer,ip_adapter_scale,REJECT,RETRY,concept-designer,ip_adapter_scale,true,true,true,true,"The integrity floor, Gate 2 and Gate 3 all definitively failed (Gates 1 and 1b passed, and the clone control validated 1b), so this is a REJECT. It is attempt 0 of a 2-retry budget, so the critic sends an adjusted ip_adapter_scale back to concept-designer via the orchestrator. Failing attribute fidelity and briefed changes together with the integrity floor points to a systematic conditioning problem rather than a one-off seed artifact."
wrong_62,N4_wrong_style,1,2,true,REJECT,RETRY,concept-designer,ip_adapter_scale,REJECT,RETRY,concept-designer,ip_adapter_scale,true,true,true,true,"Integrity, Gate 2 and Gate 3 all definitively failed (pass: false), and no gate is unmeasured (the clone control failed as required), so this is a REJECT. Retry count is 0 of the 2-retry cap. The failure is systematic, on attribute fidelity and briefed changes rather than a lone integrity miss with sibling seeds clearing it, so the critic sends back a different ip_adapter_scale. The orchestrator relays it to concept-designer."
wrong_63,N4_wrong_style,1,0,true,REJECT,RETRY,concept-designer,ip_adapter_scale,REJECT,RETRY,concept-designer,ip_adapter_scale,true,true,true,true,"Integrity floor, Gate 2 and Gate 3 all definitely failed (Gates 1 and 1b passed and the clone control is valid), so this is a REJECT. It is attempt 1 with retries remaining, so the orchestrator relays a retry to concept-designer with a different ip_adapter_scale. Gate 2 and Gate 3 failing alongside the integrity miss points to a systematic fidelity problem, not a one-off seed artifact. Any later PASS would still need the human visual check."
wrong_63,N4_wrong_style,1,1,true,REJECT,RETRY,concept-designer,ip_adapter_scale,REJECT,RETRY,concept-designer,ip_adapter_scale,true,true,true,true,"The integrity floor, Gate 2 (attribute fidelity) and Gate 3 (briefed changes visible) all definitely failed, while Gates 1 and 1b passed, so the concept drifted too far from the style. This is the first attempt (retry 0 of 2), so the critic sends a different ip_adapter_scale back to concept-designer via the orchestrator. Failures on several gates, not just the integrity floor, point to a scale problem rather than a one-off seed artifact."
wrong_63,N4_wrong_style,1,2,true,REJECT,RETRY,concept-designer,ip_adapter_scale,REJECT,RETRY,concept-designer,ip_adapter_scale,true,true,true,true,"Integrity, Gate 2 and Gate 3 all definitively failed (pass: false), and Gates 1 and 1b are measured and validated, so this is a REJECT rather than INCONCLUSIVE. It is attempt 1 of 3 with retries remaining, so the critic sends back an adjusted ip_adapter_scale. The failures are fidelity and attribute misses across several gates, not a one-off integrity miss on a single seed, so changing the seed is not the right adjustment."
wrong_64,N4_wrong_style,1,0,true,REJECT,RETRY,concept-designer,ip_adapter_scale,REJECT,RETRY,concept-designer,ip_adapter_scale,true,true,true,true,"The integrity floor, Gate 2 and Gate 3 all definitively failed, so this is a REJECT (Gates 1 and 1b passed, and the clone control was valid). This is attempt 1 of 3 with no sibling-seed evidence of a one-off artifact, and the concept is both too far from the references and missing attributes, so the critic sends back an adjusted ip_adapter_scale rather than a new seed."
wrong_64,N4_wrong_style,1,1,true,REJECT,RETRY,concept-designer,ip_adapter_scale,REJECT,RETRY,concept-designer,ip_adapter_scale,true,true,true,true,"Integrity (global floor), Gate 2 and Gate 3 all definitely failed, and Gates 1 and 1b passed with a valid clone control, so nothing is unmeasured and the verdict is REJECT. This is attempt 1 with retries remaining, so the critic sends an adjusted ip_adapter_scale back to concept-designer via the orchestrator. Gate 2 and Gate 3 misses point to a systematic problem rather than a one-off seed artifact, and no sibling-seed evidence suggests a seed change."
wrong_64,N4_wrong_style,1,2,true,REJECT,RETRY,concept-designer,ip_adapter_scale,REJECT,RETRY,concept-designer,ip_adapter_scale,true,true,true,true,"Integrity, Gate 2 and Gate 3 all failed (Gates 1 and 1b passed, and the clone control is valid), so the concept is a definite REJECT. It is attempt 1 with retry count 0, so retries remain. The failures span several gates (drift from the references plus missing attributes and briefed changes), which points to a systematic ip_adapter_scale problem rather than a one-off seed artifact. The orchestrator relays the adjusted ip_adapter_scale to concept-designer."
wrong_65,N4_wrong_style,1,0,true,REJECT,RETRY,concept-designer,ip_adapter_scale,REJECT,RETRY,concept-designer,ip_adapter_scale,true,true,true,true,"Integrity floor, Gate 2 and Gate 3 all definitely failed, while Gate 1 and Gate 1b passed, so the concept is novel but drifts from the style's visible attributes and references. This is a systematic miss rather than a one-off seed artifact, so the critic sends back an adjusted ip_adapter_scale (raised for tighter reference adherence) on retry 1 of 2."
wrong_65,N4_wrong_style,1,1,true,REJECT,RETRY,concept-designer,ip_adapter_scale,REJECT,RETRY,concept-designer,ip_adapter_scale,true,true,true,true,"The integrity floor, Gate 2 and Gate 3 all failed outright, while Gates 1 and 1b passed, so the image drifted from the style and the briefed attributes rather than copying a reference. Several gates failing together points to a systematic miss and not a one-off sampling artifact, so the critic sends back an adjusted ip_adapter_scale (raised to keep the image closer to the reference) with retry 1 of 2 remaining. The orchestrator relays this to concept-designer."
wrong_65,N4_wrong_style,1,2,true,REJECT,RETRY,concept-designer,ip_adapter_scale,REJECT,RETRY,concept-designer,ip_adapter_scale,true,true,true,true,"Integrity, Gate 2 and Gate 3 all definitely failed (Gates 1 and 1b passed with a valid clone control), so this is a REJECT with retries remaining (count 0 of 2). Because the concept drifted from the style and its attributes and briefed changes are missing, and there is no evidence of a one-off seed artifact, the critic sends back an adjusted ip_adapter_scale via the orchestrator to concept-designer."
wrong_66,N4_wrong_style,1,0,true,REJECT,RETRY,concept-designer,ip_adapter_scale,REJECT,RETRY,concept-designer,ip_adapter_scale,true,true,true,true,"Integrity, Gate 2 and Gate 3 all definitively failed (pass: false), and no gate is unmeasured, so this is a REJECT. Retry count is 0, so the critic sends a new ip_adapter_scale back to concept-designer via the orchestrator. Three gates failing together points to a systematic drift from the style, not a one-off seed artifact, and no sibling seeds are known to clear the integrity floor."
wrong_66,N4_wrong_style,1,1,true,REJECT,RETRY,concept-designer,ip_adapter_scale,REJECT,RETRY,concept-designer,ip_adapter_scale,true,true,true,true,"The integrity floor, Gate 2 and Gate 3 all definitively failed, so this is a REJECT even though Gates 1 and 1b passed and the clone control was valid. This is attempt 1 with retries remaining. The image is too far from any real reference and the briefed attributes are missing, which is a systematic miss rather than a one-off sampling artifact, so the critic adjusts ip_adapter_scale and the orchestrator relays it to concept-designer."
wrong_66,N4_wrong_style,1,2,true,REJECT,RETRY,concept-designer,ip_adapter_scale,REJECT,RETRY,concept-designer,ip_adapter_scale,true,true,true,true,"The integrity floor, Gate 2 and Gate 3 all definitively failed, while Gate 1 and Gate 1b passed with a validated clone control. Since no gate is unmeasured and this is attempt 1 of 3, the verdict is REJECT. The failure pattern (too far from the references, attributes and briefed changes missing) is a systematic miss rather than a one-off sampling artifact, so the critic sends an adjusted ip_adapter_scale back to concept-designer via the orchestrator."
wrong_67,N4_wrong_style,1,0,true,REJECT,RETRY,concept-designer,ip_adapter_scale,REJECT,RETRY,concept-designer,ip_adapter_scale,true,true,true,true,"Integrity floor, Gate 2 and Gate 3 all definitely failed while Gates 1 and 1b passed, so the concept is a REJECT on attempt 0 of a 2-retry budget. Failing on several fronts together looks systematic rather than a one-off seed artifact, so the critic sends back an adjusted ip_adapter_scale via the orchestrator to concept-designer."
wrong_67,N4_wrong_style,1,1,true,REJECT,RETRY,concept-designer,ip_adapter_scale,REJECT,RETRY,concept-designer,ip_adapter_scale,true,true,true,true,"The integrity floor, Gate 2 and Gate 3 all definitively failed, so the concept is rejected. This is attempt 1 with retries remaining (0 of 2 used). The failures point to weak fidelity to the reference and briefed attributes rather than a one-off sampling artifact, so the critic sends back an adjusted ip_adapter_scale. The orchestrator relays it to concept-designer."
wrong_67,N4_wrong_style,1,2,true,REJECT,RETRY,concept-designer,ip_adapter_scale,REJECT,RETRY,concept-designer,ip_adapter_scale,true,true,true,true,"The integrity floor, Gate 2 and Gate 3 all definitively failed, so this is a REJECT. Gates 1 and 1b passed, so the concept is novel enough but too far from the reference style, and the attributes and briefed changes are not showing. That is systematic drift rather than a one-off seed artifact, so the critic sends back a different ip_adapter_scale. This is attempt 1 of the 3 allowed (retry count 0 of 2), so the orchestrator relays it to concept-designer rather than escalating."
wrong_68,N4_wrong_style,1,0,true,REJECT,RETRY,concept-designer,ip_adapter_scale,REJECT,RETRY,concept-designer,ip_adapter_scale,true,true,true,true,"The global integrity floor, Gate 2 (attribute fidelity) and Gate 3 (briefed changes visible) all failed, while Gates 1 and 1b passed and the clone control was valid. Three gating failures together look systematic rather than a one-off sampling artifact, so the critic sends back a different ip_adapter_scale. This is attempt 1 with retry count 0, so retries remain (cap is 2), and the orchestrator relays the retry to concept-designer."
wrong_68,N4_wrong_style,1,1,true,REJECT,RETRY,concept-designer,ip_adapter_scale,REJECT,RETRY,concept-designer,ip_adapter_scale,true,true,true,true,"Gates 1 and 1b pass, but the global integrity floor, Gate 2 (attribute fidelity) and Gate 3 (briefed changes visible) all fail, so this is REJECT. It is attempt 1 with 2 retries left, so the critic sends back a different ip_adapter_scale. Three gates failing together points to a systematic drift from the reference rather than a one-off seed artifact, and there is no evidence that sibling seeds clear the integrity floor."
wrong_68,N4_wrong_style,1,2,true,REJECT,RETRY,concept-designer,ip_adapter_scale,REJECT,RETRY,concept-designer,ip_adapter_scale,true,true,true,true,"Integrity floor, Gate 2 and Gate 3 all definitively failed (Gates 1 and 1b passed), so the concept is REJECTed. Because it drifted from the reference style and the briefed attributes rather than copying it, the critic sends back an adjusted ip_adapter_scale. This is retry 0 of 2, so the orchestrator relays it to concept-designer and does not escalate."
wrong_69,N4_wrong_style,1,0,true,REJECT,RETRY,concept-designer,ip_adapter_scale,REJECT,RETRY,concept-designer,ip_adapter_scale,true,true,true,true,"Integrity floor, Gate 2 and Gate 3 all definitively failed, so the concept is rejected (Gates 1 and 1b passing does not change that). This is attempt 1 of 3 (retry count 0), so it goes back to concept-designer via the orchestrator. Failing attribute fidelity and briefed-change visibility together, plus a low closest-reference similarity, points to a systematic reference-adherence problem rather than a one-off seed artifact, so the critic adjusts ip_adapter_scale."
wrong_69,N4_wrong_style,1,1,true,REJECT,RETRY,concept-designer,ip_adapter_scale,REJECT,RETRY,concept-designer,ip_adapter_scale,true,true,true,true,"Integrity, Gate 2 and Gate 3 all definitively failed (Gate 1 and validated Gate 1b passed), so this is a REJECT with 2 retries remaining. Several gates missed together, including attribute fidelity and briefed changes, which looks systematic rather than a one-off sampling artifact, so the critic sends back an adjusted ip_adapter_scale and the orchestrator relays it to concept-designer."
wrong_69,N4_wrong_style,1,2,true,REJECT,RETRY,concept-designer,ip_adapter_scale,REJECT,RETRY,concept-designer,ip_adapter_scale,true,true,true,true,"Integrity (global floor), Gate 2 and Gate 3 all definitively failed (pass: false, none unmeasured), so the concept is a REJECT. Gate 1 and 1b pass, so it is not too close to a reference. The concept has drifted from the style's look and attributes, and three gates failing together is a systematic miss rather than a one-off seed artifact. Retry 1 of 2, so the critic sends an adjusted ip_adapter_scale back to concept-designer via the orchestrator."
wrong_70,N4_wrong_style,1,0,true,REJECT,RETRY,concept-designer,ip_adapter_scale,REJECT,RETRY,concept-designer,ip_adapter_scale,true,true,true,true,"The integrity floor, Gate 2 and Gate 3 all failed, so the concept is a REJECT. This is attempt 1 with retry count 0, so a retry is allowed. The three failures together look systematic rather than a one-off sampling artifact, and there is no sibling-seed evidence pointing to a seed problem. The critic therefore sends back an adjusted ip_adapter_scale, and the orchestrator relays it to concept-designer."
wrong_70,N4_wrong_style,1,1,true,REJECT,RETRY,concept-designer,ip_adapter_scale,REJECT,RETRY,concept-designer,ip_adapter_scale,true,true,true,true,"Integrity, Gate 2 and Gate 3 all definitively failed, and every gate was measured (the clone control failed as required, so Gate 1b is validated). Gates 1 and 1b passed, so the image is not a copy. The failures together mean it drifted too far from the reference style and lost the briefed attributes, which points to ip_adapter_scale rather than a one-off seed artifact. This is attempt 1 with retries remaining, so the critic sends an adjusted ip_adapter_scale back to concept-designer via the orchestrator."
wrong_70,N4_wrong_style,1,2,true,REJECT,RETRY,concept-designer,ip_adapter_scale,REJECT,RETRY,concept-designer,ip_adapter_scale,true,true,true,true,"Integrity floor, Gate 2 and Gate 3 all definitively failed (Gates 1 and 1b passed with a valid clone control), so nothing is unmeasured and the concept is rejected. At retry count 0 with 2 retries left, the failures span attribute fidelity and briefed changes rather than a single-seed integrity miss, so the critic sends an adjusted ip_adapter_scale to concept-designer via the orchestrator."
wrong_71,N4_wrong_style,1,0,true,REJECT,RETRY,concept-designer,ip_adapter_scale,REJECT,RETRY,concept-designer,ip_adapter_scale,true,true,true,true,"Integrity (global floor), Gate 2 and Gate 3 all definitively failed, while Gate 1 and Gate 1b passed and the clone control is valid, so the concept is novel but drifted from the reference style and the briefed changes. This is a systematic miss rather than a one-off sampling artifact, so the critic sends back an adjusted ip_adapter_scale (this is attempt 1 of 3, retries remain), relayed to concept-designer via the orchestrator."
wrong_71,N4_wrong_style,1,1,true,REJECT,RETRY,concept-designer,ip_adapter_scale,REJECT,RETRY,concept-designer,ip_adapter_scale,true,true,true,true,"Integrity (global floor), Gate 2 and Gate 3 all definitely failed, so this is a REJECT and no gate is unmeasured. This is attempt 1 of 3 (retry count 0 of a 2-retry cap), so the critic sends an adjusted ip_adapter_scale back to concept-designer via the orchestrator. Failing attribute fidelity, briefed changes and the integrity floor together is not a one-off sampling artifact, and no sibling-seed evidence points to a seed change."
wrong_71,N4_wrong_style,1,2,true,REJECT,RETRY,concept-designer,ip_adapter_scale,REJECT,RETRY,concept-designer,ip_adapter_scale,true,true,true,true,"Integrity (global floor), Gate 2 and Gate 3 definitely failed, so this is a REJECT and nothing is unmeasured (the clone control failed as required, so Gate 1b is valid). Retry count is 0 of 2, so the critic sends an adjusted ip_adapter_scale back to concept-designer via the orchestrator. Fidelity and briefed-change misses together with an integrity miss point to drift from the references, not a one-off seed artifact, and no sibling-seed evidence suggests otherwise."
wrong_72,N4_wrong_style,1,0,true,REJECT,RETRY,concept-designer,ip_adapter_scale,REJECT,RETRY,concept-designer,ip_adapter_scale,true,true,true,true,"Integrity floor, Gate 2 and Gate 3 all definitely failed, and Gates 1 and 1b passed with a validated clone control. Nothing is unmeasured, so this is a REJECT, not INCONCLUSIVE. This is attempt 1 with 2 retries left, so the orchestrator relays a retry to concept-designer. Several gates failed together rather than one integrity miss on a single seed, so it is not a one-off sampling artifact. The critic therefore adjusts ip_adapter_scale, not the seed."
wrong_72,N4_wrong_style,1,1,true,REJECT,RETRY,concept-designer,ip_adapter_scale,REJECT,RETRY,concept-designer,ip_adapter_scale,true,true,true,true,"Integrity (global floor), Gate 2 and Gate 3 all definitely failed, while Gate 1 and validated Gate 1b passed, so the concept drifts too far from the references and loses the visible attributes and briefed changes. This is the first attempt (0 of 2 retries used), so the critic sends an adjusted ip_adapter_scale (raised to pull it closer to the references) back to concept-designer via the orchestrator. A seed change would not address a multi-gate miss."
wrong_72,N4_wrong_style,1,2,true,REJECT,RETRY,concept-designer,ip_adapter_scale,REJECT,RETRY,concept-designer,ip_adapter_scale,true,true,true,true,"Integrity floor, Gate 2 and Gate 3 all definitely failed, so the concept is REJECT even though Gates 1 and 1b passed. This is attempt 1 with retries remaining (0 of 2 used). The integrity miss comes with attribute-fidelity and briefed-change misses, which points to a systematic drift from the reference rather than a one-off sampling artifact, so the critic sends back an adjusted ip_adapter_scale (not a new seed) via the orchestrator to concept-designer."
wrong_73,N4_wrong_style,1,0,true,REJECT,RETRY,concept-designer,ip_adapter_scale,REJECT,RETRY,concept-designer,ip_adapter_scale,true,true,true,true,"Integrity floor, Gate 2 and Gate 3 all definitely failed (Gates 1 and 1b passed, with the clone control valid), so this is a REJECT with no unmeasured gate. Three gates failing together points to a systematic conditioning problem rather than a one-off sampling artifact, and no sibling-seed evidence suggests otherwise, so the critic sends back a different ip_adapter_scale. This is retry 0 of the 2-retry budget, so the orchestrator relays the retry to concept-designer."
wrong_73,N4_wrong_style,1,1,true,REJECT,RETRY,concept-designer,ip_adapter_scale,REJECT,RETRY,concept-designer,ip_adapter_scale,true,true,true,true,"Integrity, Gate 2 and Gate 3 all definitively failed, so the concept is a REJECT. This is attempt 1 of 3 (retry count 0), so a retry is allowed. Failing fidelity and briefed-change checks together is not a one-off sampling artifact, so the critic sends back a different ip_adapter_scale rather than a new seed."
wrong_73,N4_wrong_style,1,2,true,REJECT,RETRY,concept-designer,ip_adapter_scale,REJECT,RETRY,concept-designer,ip_adapter_scale,true,true,true,true,"Integrity (global floor), Gate 2 and Gate 3 all definitively failed, so the concept is rejected. The failure is systematic rather than a one-off sampling artifact: the image drifts from the references and lacks the style's attributes and the briefed changes. No sibling seeds show it is a single-seed fluke. This is attempt 0, so 2 retries remain, and the critic sends back an adjusted ip_adapter_scale via the orchestrator to concept-designer."
wrong_74,N4_wrong_style,1,0,true,REJECT,RETRY,concept-designer,ip_adapter_scale,REJECT,RETRY,concept-designer,ip_adapter_scale,true,true,true,true,"Integrity floor, Gate 2 (attribute fidelity) and Gate 3 (briefed changes visible) all failed, so the verdict is REJECT even though Gates 1 and 1b passed. The Gate 2/3 misses point to a systematic drift from the style rather than a one-off sampling artifact, and no sibling-seed evidence is available, so the critic sends back a different ip_adapter_scale. This is attempt 1 of 3 with retry count 0 of 2, so the orchestrator relays the retry to concept-designer instead of escalating."
wrong_74,N4_wrong_style,1,1,true,REJECT,RETRY,concept-designer,ip_adapter_scale,REJECT,RETRY,concept-designer,ip_adapter_scale,true,true,true,true,"Integrity (global floor), Gate 2 and Gate 3 definitely failed, so this is a REJECT, and no gate is unmeasured. Gates 1 and 1b pass, so the concept is not too close to the references. Failing integrity, attribute fidelity and briefed changes together points to a systematic miss rather than a one-off sampling artifact, so the critic sends back an adjusted ip_adapter_scale. This is retry 0 of the 2-retry cap, so the orchestrator relays it to concept-designer."
wrong_74,N4_wrong_style,1,2,true,REJECT,RETRY,concept-designer,ip_adapter_scale,REJECT,RETRY,concept-designer,ip_adapter_scale,true,true,true,true,"The integrity floor, Gate 2 and Gate 3 all definitely failed, so this is a REJECT. Gates 1 and 1b passed and the clone control is valid, so nothing is unmeasured. This is attempt 1 with 2 retries left, so it goes back to concept-designer via the orchestrator. Failing attribute fidelity, briefed changes and the integrity floor together points to a systematic miss rather than a one-off sampling artifact, so the adjustment is ip_adapter_scale, not seed."
wrong_75,N4_wrong_style,1,0,true,REJECT,RETRY,concept-designer,ip_adapter_scale,REJECT,RETRY,concept-designer,ip_adapter_scale,true,true,true,true,"Integrity floor, Gate 2 and Gate 3 all failed definitively, so this is a REJECT. Gates 1 and 1b pass, so the concept is not a copy. The three failures together point to weak style and attribute adherence rather than a one-off seed artifact. This is attempt 0, so the retry budget remains, and the critic sends an adjusted ip_adapter_scale (raised, to tie the output closer to the references) back to concept-designer via the orchestrator."
wrong_75,N4_wrong_style,1,1,true,REJECT,RETRY,concept-designer,ip_adapter_scale,REJECT,RETRY,concept-designer,ip_adapter_scale,true,true,true,true,"Integrity, Gate 2 and Gate 3 all definitely failed, and every gate was measured (the clone control failed as required), so this is a REJECT rather than INCONCLUSIVE. Retry count is 0 of 2, so the critic sends the concept back with a different ip_adapter_scale. Gates 1 and 1b passed, so the image is not too close to the references. It is too far from them and misses the style attributes and briefed changes, which points to a systematic problem rather than a one-off seed artifact."
wrong_75,N4_wrong_style,1,2,true,REJECT,RETRY,concept-designer,ip_adapter_scale,REJECT,RETRY,concept-designer,ip_adapter_scale,true,true,true,true,"The integrity floor, Gate 2 and Gate 3 all definitively failed, so this is a REJECT, and no gate is unmeasured. This is attempt 1 of 3 (retry count 0), so the critic sends a retry. The failures cover attribute fidelity and briefed changes as well as the integrity floor, which points to a systematic miss, not a one-off seed artifact, so the adjustment is ip_adapter_scale rather than seed."
wrong_76,N4_wrong_style,1,0,true,REJECT,RETRY,concept-designer,ip_adapter_scale,REJECT,RETRY,concept-designer,ip_adapter_scale,true,true,true,true,"The integrity floor, Gate 2 and Gate 3 all definitely failed, so the verdict is REJECT. This is attempt 1 with retries remaining, so it goes back to concept-designer. The failures are consistent across gates (the image is too far from the real references and lacks the style and briefed attributes), which points to a systematic conditioning problem rather than a one-off seed artifact, so the critic adjusts ip_adapter_scale."
wrong_76,N4_wrong_style,1,1,true,REJECT,RETRY,concept-designer,ip_adapter_scale,REJECT,RETRY,concept-designer,ip_adapter_scale,true,true,true,true,"The global integrity floor, Gate 2 and Gate 3 all definitely failed, so the verdict is REJECT. This is attempt 0 of a 2-retry cap, so the critic sends the concept back for a retry. The concept is too far from the references and misses attributes and briefed changes, and no sibling seeds clear the integrity floor, so this is not a one-off sampling artifact. The critic therefore adjusts ip_adapter_scale rather than the seed, and the orchestrator relays it to concept-designer."
wrong_76,N4_wrong_style,1,2,true,REJECT,RETRY,concept-designer,ip_adapter_scale,REJECT,RETRY,concept-designer,ip_adapter_scale,true,true,true,true,"Integrity, Gate 2 and Gate 3 all definitely failed (pass: false), while Gate 1 and Gate 1b passed with a valid clone control. No gate was unmeasured, so this is a REJECT rather than INCONCLUSIVE. It is attempt 0 of a 2-retry cap, so the critic sends back an adjusted ip_adapter_scale (the failure spans several gates, so it is not a one-off seed artifact), and the orchestrator relays it to concept-designer."
wrong_77,N4_wrong_style,1,0,true,REJECT,RETRY,concept-designer,ip_adapter_scale,REJECT,RETRY,concept-designer,ip_adapter_scale,true,true,true,true,"Integrity (global floor), Gate 2 and Gate 3 all definitively failed, while Gates 1 and 1b passed (with a valid clone control). The concept is too far from the references and lacks the briefed and style attributes, which is a systematic miss rather than a one-off seed artifact, so the critic sends back an adjusted ip_adapter_scale. This is attempt 0, so 2 retries remain and the orchestrator relays the retry to concept-designer."
wrong_77,N4_wrong_style,1,1,true,REJECT,RETRY,concept-designer,ip_adapter_scale,REJECT,RETRY,concept-designer,ip_adapter_scale,true,true,true,true,"Integrity (global floor), Gate 2 and Gate 3 all definitively failed (pass: false, all measured; Gates 1 and 1b passed with a valid clone control), so the concept is rejected. Retry count is 0 of 2, and the failures span several gates rather than looking like a one-off sampling artifact, so the critic sends back an adjusted ip_adapter_scale (not a new seed) for the next attempt via the orchestrator."
wrong_77,N4_wrong_style,1,2,true,REJECT,RETRY,concept-designer,ip_adapter_scale,REJECT,RETRY,concept-designer,ip_adapter_scale,true,true,true,true,"Integrity floor, Gate 2 and Gate 3 all definitively failed (Gate 1 and 1b passed, with the clone control valid). This is retry 0 of 2, so the orchestrator relays a retry. Failing attribute fidelity, briefed changes and the closest-reference floor together looks systematic rather than a one-off sampling artifact, so the critic adjusts ip_adapter_scale instead of the seed."
wrong_78,N4_wrong_style,1,0,true,REJECT,RETRY,concept-designer,ip_adapter_scale,REJECT,RETRY,concept-designer,ip_adapter_scale,true,true,true,true,"Integrity (global floor), Gate 2 and Gate 3 all definitively failed while Gates 1 and 1b passed and the clone control is valid. The concept drifted too far from the reference and lost the visible and briefed attributes, which points to a systematic ip_adapter_scale problem rather than a one-off seed artifact. This is attempt 0 of a 2-retry budget, so the critic sends an adjusted ip_adapter_scale back to concept-designer via the orchestrator."
wrong_78,N4_wrong_style,1,1,true,REJECT,RETRY,concept-designer,ip_adapter_scale,REJECT,RETRY,concept-designer,ip_adapter_scale,true,true,true,true,"Integrity floor, Gate 2 and Gate 3 all definitively failed, so this is a REJECT. It is attempt 1 with retries remaining (0 of 2 used), so the orchestrator relays a retry to concept-designer. The Gate 2 and Gate 3 misses point to a systematic problem rather than a one-off sampling artifact, and no sibling-seed evidence suggests a seed change would help, so the critic adjusts ip_adapter_scale."
wrong_78,N4_wrong_style,1,2,true,REJECT,RETRY,concept-designer,ip_adapter_scale,REJECT,RETRY,concept-designer,ip_adapter_scale,true,true,true,true,"Integrity, Gate 2 and Gate 3 all definitely failed (Gates 1 and 1b passed, with the clone control valid), so this is a REJECT and not INCONCLUSIVE. It is attempt 1 with retries remaining (0 of 2 used), so the orchestrator relays a retry to concept-designer. Gate 2 and 3 misses plus the integrity miss show the concept drifted from the style rather than hit a one-off sampling artifact, and no sibling-seed evidence points to a seed problem, so the adjusted parameter is ip_adapter_scale."
wrong_79,N4_wrong_style,1,0,true,REJECT,RETRY,concept-designer,ip_adapter_scale,REJECT,RETRY,concept-designer,ip_adapter_scale,true,true,true,true,"Integrity (global floor), Gate 2 and Gate 3 all failed, so this is a definite REJECT. Retry count is 0 of 2, so the orchestrator relays a retry to concept-designer. Gates 2 and 3 failing alongside integrity points to weak fidelity to the reference rather than a one-off seed artifact, and no sibling-seed evidence suggests otherwise, so the critic adjusts ip_adapter_scale."
wrong_79,N4_wrong_style,1,1,true,REJECT,RETRY,concept-designer,ip_adapter_scale,REJECT,RETRY,concept-designer,ip_adapter_scale,true,true,true,true,"Integrity (global floor), Gate 2 and Gate 3 all failed, so this is a REJECT. It is attempt 1 with retries remaining, so it is not FAILED. The concept drifted from the style's attributes and briefed changes, not just a one-off integrity miss on a single seed, so the critic sends back an adjusted ip_adapter_scale via the orchestrator to concept-designer."
wrong_79,N4_wrong_style,1,2,true,REJECT,RETRY,concept-designer,ip_adapter_scale,REJECT,RETRY,concept-designer,ip_adapter_scale,true,true,true,true,"Integrity, Gate 2 and Gate 3 all definitely failed (pass: false), while Gate 1 and Gate 1b passed and the clone control validated 1b. The concept is off-style and missing the briefed changes, which is a systematic miss rather than a one-seed artifact, so the critic sends back an adjusted ip_adapter_scale. This is retry 0 of 2, so the orchestrator relays it to concept-designer."
wrong_80,N4_wrong_style,1,0,true,REJECT,RETRY,concept-designer,ip_adapter_scale,REJECT,RETRY,concept-designer,ip_adapter_scale,true,true,true,true,"Integrity (global floor), Gate 2 and Gate 3 all definitively failed, so this is a REJECT with no unmeasured gates. Retry count is 0, so 2 retries remain. Failing attribute fidelity and briefed changes together with the integrity floor points to a systematic drift from the references rather than a one-off sampling artifact, so the critic sends back an adjusted ip_adapter_scale (not a new seed) via the orchestrator to concept-designer."
wrong_80,N4_wrong_style,1,1,true,REJECT,RETRY,concept-designer,ip_adapter_scale,REJECT,RETRY,concept-designer,ip_adapter_scale,true,true,true,true,"Integrity floor, Gate 2 and Gate 3 all failed, while Gates 1 and 1b passed and the clone control was valid. The image drifts from the reference and the briefed attributes are not visible, so this is not a one-off seed artifact. It is attempt 1 of 3 (retry count 0), so the critic sends an adjusted ip_adapter_scale back to concept-designer via the orchestrator."
wrong_80,N4_wrong_style,1,2,true,REJECT,RETRY,concept-designer,ip_adapter_scale,REJECT,RETRY,concept-designer,ip_adapter_scale,true,true,true,true,"The integrity floor, Gate 2 and Gate 3 all definitely failed (Gates 1 and 1b passed and the clone control is valid), so this is a REJECT. It is attempt 1 with retries remaining, and the failures point to drift from the style's reference and briefed attributes rather than a one-off sampling artifact, so the critic sends back an adjusted ip_adapter_scale via the orchestrator to concept-designer."
wrong_81,N4_wrong_style,1,0,true,REJECT,RETRY,concept-designer,ip_adapter_scale,REJECT,RETRY,concept-designer,ip_adapter_scale,true,true,true,true,"Integrity (global floor), Gate 2 and Gate 3 all definitively failed, while Gates 1 and 1b passed with a valid clone control, so nothing is unmeasured. The failure spans attribute fidelity and briefed changes, not a one-off seed artifact, and retry count is 0 of 2, so the critic sends an adjusted ip_adapter_scale back to concept-designer via the orchestrator."
wrong_81,N4_wrong_style,1,1,true,REJECT,RETRY,concept-designer,ip_adapter_scale,REJECT,RETRY,concept-designer,ip_adapter_scale,true,true,true,true,"The integrity floor, Gate 2 and Gate 3 all definitely failed, and gates 1 and 1b passed with the clone control valid, so nothing is unmeasured. This is attempt 1 of 3, so a retry remains. The concept is too far from the reference style and misses the briefed attributes on more than one gate, which looks systematic rather than a one-off seed artifact, so the critic sends back a different ip_adapter_scale (raised to tie it closer to the references) and the orchestrator relays it to concept-designer."
wrong_81,N4_wrong_style,1,2,true,REJECT,RETRY,concept-designer,ip_adapter_scale,REJECT,RETRY,concept-designer,ip_adapter_scale,true,true,true,true,"Integrity floor, Gate 2 and Gate 3 all definitely failed, so this is a REJECT. Gates 1 and 1b pass and the clone control is valid, so the image is not a copy, but it has drifted from the style and the briefed changes are not visible. Since this is more than a one-off integrity miss on a single seed, I'm adjusting ip_adapter_scale rather than the seed. This is retry 1 of 2, so the orchestrator relays it to concept-designer."
wrong_82,N4_wrong_style,1,0,true,REJECT,RETRY,concept-designer,ip_adapter_scale,REJECT,RETRY,concept-designer,ip_adapter_scale,true,true,true,true,"Integrity floor, Gate 2 and Gate 3 all definitively failed while Gates 1 and 1b passed with a valid clone control. Several gates failing together is not a one-off sampling artifact, so the critic sends back a different ip_adapter_scale. This is retry 0 of 2, so the orchestrator relays it to concept-designer and does not escalate."
wrong_82,N4_wrong_style,1,1,true,REJECT,RETRY,concept-designer,ip_adapter_scale,REJECT,RETRY,concept-designer,ip_adapter_scale,true,true,true,true,"The integrity floor, Gate 2 (attribute fidelity) and Gate 3 (briefed changes visible) all definitively failed, while Gates 1 and 1b passed with a valid clone control. This is attempt 1 of 3 (retry count 0, cap 2), so the critic sends back an adjusted ip_adapter_scale via the orchestrator. The fidelity and briefed-change misses point to a parameter problem, not a one-off seed artifact."
wrong_82,N4_wrong_style,1,2,true,REJECT,RETRY,concept-designer,ip_adapter_scale,REJECT,RETRY,concept-designer,ip_adapter_scale,true,true,true,true,"Integrity (global floor), Gate 2 and Gate 3 all definitively failed, while Gates 1 and 1b passed and the clone control validated 1b. Nothing is unmeasured, so this is a REJECT rather than INCONCLUSIVE. Because the misses cover attribute fidelity and the briefed changes, not a single-seed integrity miss, the critic adjusts ip_adapter_scale. This is retry 0 of 2, so the orchestrator relays the retry to concept-designer."
wrong_83,N4_wrong_style,1,0,true,REJECT,RETRY,concept-designer,ip_adapter_scale,REJECT,RETRY,concept-designer,ip_adapter_scale,true,true,true,true,"Integrity floor, Gate 2 and Gate 3 all definitely failed, so this is a REJECT rather than a pass or inconclusive result. It is attempt 1 with retries remaining (0 of 2 used). Failing several gates together points to a systematic drift from the style rather than a one-off sampling artifact, so the critic sends an adjusted ip_adapter_scale back to concept-designer via the orchestrator instead of a new seed."
wrong_83,N4_wrong_style,1,1,true,REJECT,RETRY,concept-designer,ip_adapter_scale,REJECT,RETRY,concept-designer,ip_adapter_scale,true,true,true,true,"The integrity floor, Gate 2 and Gate 3 all failed definitively, so this is a REJECT with retries remaining (count 0 of 2). Gates 1 and 1b pass, so the image is novel enough, but it drifted from the style and lost the attributes and briefed changes. Failing three gates together points to a systematic miss rather than a one-off seed artifact, so the critic sends back an adjusted ip_adapter_scale (raised, to pull the image closer to the references). The orchestrator relays it to concept-designer."
wrong_83,N4_wrong_style,1,2,true,REJECT,RETRY,concept-designer,ip_adapter_scale,REJECT,RETRY,concept-designer,ip_adapter_scale,true,true,true,true,"Integrity floor, Gate 2 and Gate 3 all definitively failed (Gates 1 and 1b passed and the clone control is valid), so this is a systematic drift from the style's attributes and briefed changes rather than a one-off seed artifact. This is attempt 1 with 2 retries remaining, so the critic sends an adjusted ip_adapter_scale back to concept-designer via the orchestrator."
wrong_84,N4_wrong_style,1,0,true,REJECT,RETRY,concept-designer,ip_adapter_scale,REJECT,RETRY,concept-designer,ip_adapter_scale,true,true,true,true,"Integrity, Gate 2 and Gate 3 all definitively failed (Gates 1 and 1b passed, and the clone control is valid), so the concept is a REJECT. This is attempt 1 with 2 retries left, so the critic sends back a different ip_adapter_scale via the orchestrator. The Gate 2 and 3 misses are attribute and briefed-change failures rather than a one-seed sampling artifact, and there is no sibling-seed evidence pointing to a seed change."
wrong_84,N4_wrong_style,1,1,true,REJECT,RETRY,concept-designer,ip_adapter_scale,REJECT,RETRY,concept-designer,ip_adapter_scale,true,true,true,true,"Integrity (global floor), Gate 2 and Gate 3 all definitively failed, while Gate 1 and 1b passed and the clone control is valid, so nothing is unmeasured. The concept drifted from the reference and the briefed attributes are missing, which is systematic rather than a one-off seed artifact. This is attempt 0 of a cap of 2 retries, so the critic sends an adjusted ip_adapter_scale back to concept-designer via the orchestrator."
wrong_84,N4_wrong_style,1,2,true,REJECT,RETRY,concept-designer,ip_adapter_scale,REJECT,RETRY,concept-designer,ip_adapter_scale,true,true,true,true,"Integrity, Gate 2 and Gate 3 all definitively failed while Gates 1 and 1b passed, so the image drifts from the style and misses the briefed attributes. That points to a systematic conditioning problem rather than a one-off sampling artifact, so it is a REJECT with retries remaining (0 of 2 used). The critic sends an adjusted ip_adapter_scale to concept-designer via the orchestrator, and any PASS would still need the human visual check."
wrong_85,N4_wrong_style,1,0,true,REJECT,RETRY,concept-designer,ip_adapter_scale,REJECT,RETRY,concept-designer,ip_adapter_scale,true,true,true,true,"Integrity floor, Gate 2 and Gate 3 all definitively failed, so the verdict is REJECT. This is attempt 0, so 2 retries remain. The concept is novel enough (Gates 1 and 1b pass, with a valid clone control) but drifted from the style's attributes and references. Because Gate 2 and Gate 3 failed alongside integrity, this doesn't look like a one-off seed artifact, so the critic sends back a changed ip_adapter_scale and the orchestrator relays it to concept-designer."
wrong_85,N4_wrong_style,1,1,true,REJECT,RETRY,concept-designer,ip_adapter_scale,REJECT,RETRY,concept-designer,ip_adapter_scale,true,true,true,true,"Integrity floor, Gate 2 and Gate 3 all definitely failed, while Gates 1 and 1b passed and the clone control was valid. The concept drifted from the style rather than copying it, and nothing suggests a one-off seed artifact, so the critic sends back a changed ip_adapter_scale (raised to tie the image more closely to the reference). Retry count is 0 of 2, so the orchestrator relays it to concept-designer."
wrong_85,N4_wrong_style,1,2,true,REJECT,RETRY,concept-designer,ip_adapter_scale,REJECT,RETRY,concept-designer,ip_adapter_scale,true,true,true,true,"Integrity (global floor), Gate 2 and Gate 3 all definitively failed, so this is a REJECT; Gates 1 and 1b passed and the clone control is valid, so nothing is unmeasured. This is attempt 1 of 3 (retry count 0), so it goes back for a retry. The concept drifted from the references and lacks the style attributes and briefed changes, which points to a systematic reference-adherence problem, not a one-off seed artifact. So the critic sends back an adjusted ip_adapter_scale (raise it), relayed to concept-designer via the orchestrator."
wrong_86,N4_wrong_style,1,0,true,REJECT,RETRY,concept-designer,ip_adapter_scale,REJECT,RETRY,concept-designer,ip_adapter_scale,true,true,true,true,"Integrity floor, Gate 2 and Gate 3 all definitely failed, and every gate ran, so this is a REJECT rather than INCONCLUSIVE. Retry count is 0 of 2. Three gates failing together points to a systematic miss, not a one-off seed artifact, so the critic sends back an adjusted ip_adapter_scale."
wrong_86,N4_wrong_style,1,1,true,REJECT,RETRY,concept-designer,ip_adapter_scale,REJECT,RETRY,concept-designer,ip_adapter_scale,true,true,true,true,"Integrity floor, Gate 2 and Gate 3 all definitely failed (no unmeasured gates; the clone control failed as required, so Gate 1b is validated), so this is a REJECT. It is attempt 1 with 2 retries left. Three gates failing together, while Gate 1 and 1b pass, points to a systematic drift from the reference style rather than a one-off sampling artifact, so the critic sends back an adjusted ip_adapter_scale and the orchestrator relays it to concept-designer."
wrong_86,N4_wrong_style,1,2,true,REJECT,RETRY,concept-designer,ip_adapter_scale,REJECT,RETRY,concept-designer,ip_adapter_scale,true,true,true,true,"Integrity floor, Gate 2 and Gate 3 all failed definitively, while Gates 1 and 1b passed (novel enough but too far from the reference style), so this is a systematic adherence problem and not a one-off seed artifact. This is attempt 1 with retries remaining, so the critic sends an adjusted ip_adapter_scale (raised, to pull the image closer to the reference) back to concept-designer via the orchestrator. Human check is not reached."
wrong_87,N4_wrong_style,1,0,true,REJECT,RETRY,concept-designer,ip_adapter_scale,REJECT,RETRY,concept-designer,ip_adapter_scale,true,true,true,true,"Integrity, Gate 2 and Gate 3 all definitely failed (Gates 1 and 1b passed, with the clone control valid), so this is a REJECT with 0 of 2 retries used. Failing several gates together points to a systematic drift from the style and the brief rather than a one-off sampling artifact, so the critic sends back an adjusted ip_adapter_scale through the orchestrator to concept-designer."
wrong_87,N4_wrong_style,1,1,true,REJECT,RETRY,concept-designer,ip_adapter_scale,REJECT,RETRY,concept-designer,ip_adapter_scale,true,true,true,true,"Integrity (global floor), Gate 2 and Gate 3 all definitively failed, while Gate 1 and Gate 1b passed with a valid clone control. The image is too far from the references and lacks the attributes and briefed changes, which is not a one-off seed artifact and points to ip_adapter_scale. This is retry 0 of 2, so the orchestrator relays the adjusted parameter to concept-designer."
wrong_87,N4_wrong_style,1,2,true,REJECT,RETRY,concept-designer,ip_adapter_scale,REJECT,RETRY,concept-designer,ip_adapter_scale,true,true,true,true,"The integrity floor, Gate 2 and Gate 3 all definitively failed, while Gates 1 and 1b passed with a validated clone control, so this is a REJECT and not INCONCLUSIVE. It is attempt 1 (retry count 0, cap 2), so the critic sends the concept back for a retry. The concept is too far from the reference style and misses the visible attributes and briefed changes. That pattern points to a systematic conditioning problem, not a one-off seed artifact, so the critic adjusts ip_adapter_scale."
wrong_88,N4_wrong_style,1,0,true,REJECT,RETRY,concept-designer,ip_adapter_scale,REJECT,RETRY,concept-designer,ip_adapter_scale,true,true,true,true,"Integrity (global floor), Gate 2 and Gate 3 all failed (Gates 1 and 1b passed), so the concept is REJECTed. Retry count is 0, under the cap of 2, so it goes back to concept-designer. Three gates failing together points to a systematic miss (too far from the references, attributes and briefed changes not showing) rather than a one-off sampling artifact, so the critic adjusts ip_adapter_scale rather than the seed."
wrong_88,N4_wrong_style,1,1,true,REJECT,RETRY,concept-designer,ip_adapter_scale,REJECT,RETRY,concept-designer,ip_adapter_scale,true,true,true,true,"Integrity (global floor), Gate 2 and Gate 3 all definitively failed, while Gates 1 and 1b passed and the clone control was valid. The concept drifted from the style's attributes and the briefed changes, which is not a one-off seed artifact, so the critic sends back an adjusted ip_adapter_scale. This is attempt 1 of 3 (retry count 0 of a 2-retry cap), so it is not escalated yet."
wrong_88,N4_wrong_style,1,2,true,REJECT,RETRY,concept-designer,ip_adapter_scale,REJECT,RETRY,concept-designer,ip_adapter_scale,true,true,true,true,"The integrity floor, Gate 2 and Gate 3 all definitively failed (Gates 1 and 1b passed, and the clone control validated 1b), so this is a REJECT. Retry count is 0 of 2, so the critic sends an adjusted ip_adapter_scale back to concept-designer via the orchestrator. The combined miss on integrity, attribute fidelity and briefed changes points to a systematic conditioning problem rather than a one-off seed artifact."
wrong_89,N4_wrong_style,1,0,true,REJECT,RETRY,concept-designer,ip_adapter_scale,REJECT,RETRY,concept-designer,ip_adapter_scale,true,true,true,true,"Integrity, Gate 2 and Gate 3 all definitively failed, while Gate 1 and Gate 1b passed and the clone control was valid. That pattern is a systematic fidelity miss, not a one-off seed artifact, so it is a REJECT. With retry count 0 of 2, the critic sends an adjusted ip_adapter_scale back to concept-designer through the orchestrator."
wrong_89,N4_wrong_style,1,1,true,REJECT,RETRY,concept-designer,ip_adapter_scale,REJECT,RETRY,concept-designer,ip_adapter_scale,true,true,true,true,"The integrity floor, Gate 2 (attribute fidelity) and Gate 3 (briefed changes visible) all definitely failed. Nothing is unmeasured, since the clone control failed as required, so this is a REJECT. Retry count is 0 of 2, so the orchestrator relays the retry to concept-designer. The failures are systematic across fidelity gates rather than a one-off seed artifact, so the adjustment is ip_adapter_scale."
wrong_89,N4_wrong_style,1,2,true,REJECT,RETRY,concept-designer,ip_adapter_scale,REJECT,RETRY,concept-designer,ip_adapter_scale,true,true,true,true,"Integrity floor, Gate 2 and Gate 3 all definitively failed, so this is a REJECT, not INCONCLUSIVE. Gate 1 and Gate 1b passed, and the clone control validated Gate 1b. This is attempt 1 with retry count 0 (2 retries remain), so the orchestrator relays a retry to concept-designer. Failing integrity, attribute fidelity and briefed changes together points to drift from the style rather than a one-off sampling artifact, so the critic adjusts ip_adapter_scale (likely raising it to tie the image closer to the references) instead of changing the seed."
wrong_90,N4_wrong_style,1,0,true,REJECT,RETRY,concept-designer,ip_adapter_scale,REJECT,RETRY,concept-designer,ip_adapter_scale,true,true,true,true,"The integrity floor, Gate 2 and Gate 3 all failed (Gates 1 and 1b passed, and the clone control validated 1b), so this is a definite REJECT with no unmeasured gate. At retry count 0 with two retries left, the orchestrator relays the critic's request to concept-designer. The misses on fidelity, briefed changes and integrity together look systematic rather than a one-off sampling artifact, so the adjustment is ip_adapter_scale, not seed."
wrong_90,N4_wrong_style,1,1,true,REJECT,RETRY,concept-designer,ip_adapter_scale,REJECT,RETRY,concept-designer,ip_adapter_scale,true,true,true,true,"Integrity (global floor), Gate 2 and Gate 3 all failed, so this is a REJECT. It is attempt 1 with 0 of 2 retries used, so the critic sends back an adjusted ip_adapter_scale via the orchestrator. Gate 2 and Gate 3 misses point to a systematic fidelity problem rather than a one-off seed artifact, and the concept sits too far from the references (integrity failed while Gate 1/1b pass with headroom)."
wrong_90,N4_wrong_style,1,2,true,REJECT,RETRY,concept-designer,ip_adapter_scale,REJECT,RETRY,concept-designer,ip_adapter_scale,true,true,true,true,"Integrity floor (global), Gate 2 and Gate 3 all definitely failed, so this is a REJECT with no unmeasured gate (the clone control failed as required, so Gate 1b is validated). Retry count is 0 of 2, so the critic sends back an adjusted ip_adapter_scale (raise it, since the concept is too far from the references and lacks the briefed attributes) via the orchestrator to concept-designer. Failing three gates together does not look like a one-off seed artifact."
wrong_91,N4_wrong_style,1,0,true,REJECT,RETRY,concept-designer,ip_adapter_scale,REJECT,RETRY,concept-designer,ip_adapter_scale,true,true,true,true,"Integrity, Gate 2 and Gate 3 all definitively failed, while Gates 1 and 1b passed and the clone control is valid, so the concept drifted from the style rather than copying it. Because the misses are on attribute fidelity and briefed changes, not a lone integrity miss on one seed, this looks systematic. This is attempt 1 with 2 retries left, so the critic sends back an adjusted ip_adapter_scale (raise it to pull the concept closer to the references) via the orchestrator to concept-designer."
wrong_91,N4_wrong_style,1,1,true,REJECT,RETRY,concept-designer,ip_adapter_scale,REJECT,RETRY,concept-designer,ip_adapter_scale,true,true,true,true,"Integrity floor, Gate 2 and Gate 3 all definitively failed (Gates 1 and 1b passed, with the clone control valid), so this is a REJECT. Because the concept drifted from the reference and the attributes and briefed changes are not visible, this looks like a systematic miss rather than a one-off sampling artifact, so with retries remaining (0 of 2 used) the critic sends back an adjusted ip_adapter_scale rather than a new seed, and the orchestrator relays it to concept-designer."
wrong_91,N4_wrong_style,1,2,true,REJECT,RETRY,concept-designer,ip_adapter_scale,REJECT,RETRY,concept-designer,ip_adapter_scale,true,true,true,true,"Integrity (global floor), Gate 2 and Gate 3 all definitively failed, so the concept is rejected even though Gates 1 and 1b passed. This is the first attempt with retries remaining. The failures point to weak adherence to the reference and brief rather than a one-off sampling artifact, so the critic adjusts ip_adapter_scale and the orchestrator relays it to concept-designer."
wrong_92,N4_wrong_style,1,0,true,REJECT,RETRY,concept-designer,ip_adapter_scale,REJECT,RETRY,concept-designer,ip_adapter_scale,true,true,true,true,"Integrity, Gate 2 and Gate 3 all definitively failed (Gate 1 and 1b passed, with a valid clone control), so this is a REJECT. It is attempt 1 with 2 retries left. Failing the integrity floor together with attribute fidelity and the briefed changes points to a systematic miss rather than a one-off seed artifact, so the critic sends back an adjusted ip_adapter_scale, relayed via the orchestrator to concept-designer."
wrong_92,N4_wrong_style,1,1,true,REJECT,RETRY,concept-designer,ip_adapter_scale,REJECT,RETRY,concept-designer,ip_adapter_scale,true,true,true,true,"Integrity (global floor), Gate 2 and Gate 3 all definitively failed, so this is a REJECT. Retry count is 0 of 2, so the orchestrator relays a retry to concept-designer. Gates 1 and 1b pass, so the concept is not too close to a reference. The failures show it drifts too far from the style and its briefed attributes are not visible, which is a reference-adherence problem. That calls for a different ip_adapter_scale, not a seed change, since a seed change fits a single isolated integrity miss."
wrong_92,N4_wrong_style,1,2,true,REJECT,RETRY,concept-designer,ip_adapter_scale,REJECT,RETRY,concept-designer,ip_adapter_scale,true,true,true,true,"Integrity, Gate 2 and Gate 3 all definitively failed (Gate 1 and 1b passed, with the clone control valid), so nothing is unmeasured and this is a REJECT. It is attempt 1 with retries remaining, so it goes back to concept-designer. Failing attribute fidelity and briefed changes together with the integrity floor looks systematic rather than a one-off seed artifact, so the adjustment is ip_adapter_scale."
wrong_93,N4_wrong_style,1,0,true,REJECT,RETRY,concept-designer,ip_adapter_scale,REJECT,RETRY,concept-designer,ip_adapter_scale,true,true,true,true,"The integrity floor, Gate 2 and Gate 3 all definitely failed, while Gate 1 and Gate 1b (with a valid clone control) passed. The concept sits too far from the style and does not show the briefed attributes, which is a systematic miss rather than a one-off seed artifact. This is attempt 1 with retries remaining (0 of 2 used), so the critic sends an adjusted ip_adapter_scale back to concept-designer via the orchestrator."
wrong_93,N4_wrong_style,1,1,true,REJECT,RETRY,concept-designer,ip_adapter_scale,REJECT,RETRY,concept-designer,ip_adapter_scale,true,true,true,true,"The integrity floor, Gate 2 and Gate 3 all definitively failed, while Gate 1 and Gate 1b passed and the clone control validated Gate 1b, so nothing is unmeasured. This is attempt 0 of a 2-retry budget. Failing the integrity floor together with attribute fidelity and briefed changes points to a systematic miss (image too far from the style) rather than a one-off seed artifact, so the critic sends back an adjusted ip_adapter_scale (raise it, since Gate 1 has headroom) via the orchestrator to concept-designer."
wrong_93,N4_wrong_style,1,2,true,REJECT,RETRY,concept-designer,ip_adapter_scale,REJECT,RETRY,concept-designer,ip_adapter_scale,true,true,true,true,"Integrity floor, Gate 2 and Gate 3 all definitively failed (Gate 1 and 1b passed and the clone control is valid), so the concept drifted too far from the style's reference and lacks its attributes and briefed changes. At retry 0 of 2, the critic sends back an adjusted ip_adapter_scale (raised to tie the image more closely to the reference) rather than a new seed, since Gate 2 and 3 misses point to a systematic problem, not a one-off sampling artifact."
wrong_94,N4_wrong_style,1,0,true,REJECT,RETRY,concept-designer,ip_adapter_scale,REJECT,RETRY,concept-designer,ip_adapter_scale,true,true,true,true,"Integrity floor, Gate 2 and Gate 3 all definitely failed (Gates 1 and 1b passed, with the clone control valid), so the concept is rejected. This is attempt 1 with retries remaining, and the failures are not a one-off integrity miss. The critic sends back a different ip_adapter_scale, and the orchestrator relays it to concept-designer."
wrong_94,N4_wrong_style,1,1,true,REJECT,RETRY,concept-designer,ip_adapter_scale,REJECT,RETRY,concept-designer,ip_adapter_scale,true,true,true,true,"The integrity floor, Gate 2 (attribute fidelity) and Gate 3 (briefed changes) all failed, while Gates 1 and 1b passed and the clone control was valid. Failing on fidelity and briefed changes together points to a systematic miss rather than a one-off sampling artifact, so this is a REJECT rather than a seed change. Retry count is 0 of 2, so the orchestrator relays an adjusted ip_adapter_scale to concept-designer."
wrong_94,N4_wrong_style,1,2,true,REJECT,RETRY,concept-designer,ip_adapter_scale,REJECT,RETRY,concept-designer,ip_adapter_scale,true,true,true,true,"Integrity, Gate 2 and Gate 3 all definitively failed (Gates 1 and 1b passed, and the clone control is valid), so this is a REJECT with retries remaining (count 0 of 2). Three gates failing together points to a systematic miss, not a one-off seed artifact, and no sibling-seed evidence shows the integrity floor clearing, so the critic adjusts ip_adapter_scale and the orchestrator relays it to concept-designer."
wrong_95,N4_wrong_style,1,0,true,REJECT,RETRY,concept-designer,ip_adapter_scale,REJECT,RETRY,concept-designer,ip_adapter_scale,true,true,true,true,"The integrity floor, Gate 2 and Gate 3 all definitely failed (pass: false), while Gate 1 and Gate 1b passed with a valid clone control, so this is a REJECT and not INCONCLUSIVE. This is attempt 0 of a cap of 2 retries, so the orchestrator relays a retry to concept-designer. Failing attribute fidelity and briefed changes alongside the integrity floor is not a one-off sampling artifact, and no sibling-seed evidence suggests one, so the critic adjusts ip_adapter_scale."
wrong_95,N4_wrong_style,1,1,true,REJECT,RETRY,concept-designer,ip_adapter_scale,REJECT,RETRY,concept-designer,ip_adapter_scale,true,true,true,true,"The integrity floor, Gate 2 and Gate 3 all definitely failed (Gates 1 and 1b passed, with the clone control validated), so this is a REJECT. Retry count is 0 of 2, so the orchestrator relays a different ip_adapter_scale to concept-designer. The failures are a broad attribute-fidelity and briefed-change miss, not a one-off sampling artifact that a new seed would fix."
wrong_95,N4_wrong_style,1,2,true,REJECT,RETRY,concept-designer,ip_adapter_scale,REJECT,RETRY,concept-designer,ip_adapter_scale,true,true,true,true,"The integrity floor, Gate 2 and Gate 3 all definitively failed, so the verdict is REJECT. Gates 1 and 1b passed, but the concept drifted from the reference on both style attributes and briefed changes. That points to a systematic fidelity problem rather than a one-off sampling artifact, so the critic sends back an adjusted ip_adapter_scale. This is retry 0 of 2, so the orchestrator relays it to concept-designer and does not escalate."
underwear_seed42,N1_malformed,1,0,true,REJECT,RETRY,concept-designer,seed,REJECT,RETRY,concept-designer,seed,true,true,true,true,"The global integrity floor definitely failed (pass: false), so the verdict is REJECT even though Gate 3 is unmeasured (not_run); that gap is noted beside the failure. Retry 0 of 2 is used, and since Gates 1, 1b and 2 all passed, the integrity miss looks like a one-off sampling artifact on this seed. The critic sends a different seed back to concept-designer via the orchestrator."
underwear_seed42,N1_malformed,3,0,true,REJECT,FAILED,,,REJECT,FAILED,,,true,true,true,true,"The global integrity floor definitely failed (pass: false), so the verdict is REJECT. Gate 3 was not run (unmeasured) and is named beside the failure. This was attempt 3 of 3 with the 2-retry cap exhausted, so the critic sends no adjusted parameter and escalates FAILED with the full retry history. The orchestrator reports this concept as failed and does not forward it."
underwear_seed42,N1_malformed,1,1,true,REJECT,RETRY,concept-designer,seed,REJECT,RETRY,concept-designer,seed,true,true,true,true,"The global integrity floor definitively failed (pass: false), so the concept is rejected. Gate 3 is unmeasured (not_run) and is named beside the failure, but it does not turn the verdict into INCONCLUSIVE. This is attempt 0 with retries remaining, and gates 1, 1b and 2 pass, so the integrity miss looks like a one-off sampling artifact on seed 42, so the critic sends back a different seed via the orchestrator."
underwear_seed42,N1_malformed,3,1,true,REJECT,FAILED,,,REJECT,FAILED,,,true,true,true,true,"The global integrity floor definitely failed (pass: false), so the verdict is REJECT. Gate 3 is unmeasured (not_run), but that does not change the verdict and is named beside the failure. This is attempt 3 of 3 and the 2-retry cap is spent, so the critic escalates FAILED with the full retry history instead of sending another adjusted parameter. The orchestrator reports the concept as failed and does not forward it to the forecaster."
underwear_seed42,N1_malformed,1,2,true,REJECT,RETRY,concept-designer,seed,REJECT,RETRY,concept-designer,seed,true,true,true,true,"The global integrity floor definitely failed (pass: false), so the concept is a REJECT even though Gate 3 is unmeasured (not_run); that unmeasured gate is named beside the failure. Retry count is 0 (2 retries remain), and an integrity-floor miss is the example the critic treats as a one-off sampling artifact, so the critic sends a new seed back to concept-designer via the orchestrator."
underwear_seed42,N1_malformed,3,2,true,REJECT,FAILED,,,REJECT,FAILED,,,true,true,true,true,"The global integrity floor definitely failed (pass: false), so the verdict is REJECT. Gate 3 was not run (unmeasured) and is named beside the failure, but it does not change the verdict. This is attempt 3 of 3 (retry count 2), so the 2-retry cap is exhausted. The critic sends no further adjusted parameter and escalates FAILED with the full retry history, and the orchestrator reports this concept as failed without treating it as fatal to the request."
underwear_seed44,N1_malformed,1,0,true,REJECT,RETRY,concept-designer,ip_adapter_scale,REJECT,RETRY,concept-designer,ip_adapter_scale,true,true,true,true,"Gate 2 (attribute fidelity) definitely failed, so the concept is a REJECT even though Gate 3 was not run (unmeasured, noted beside the failure). This is attempt 1 with 0 of 2 retries used, so the critic sends back a different ip_adapter_scale, since a Gate 2 miss is not a one-off sampling artifact, and the orchestrator relays it to concept-designer."
underwear_seed44,N1_malformed,3,0,true,REJECT,FAILED,,,REJECT,FAILED,,,true,true,true,true,"Gate 2 (attribute fidelity) definitely failed, so the verdict is REJECT even though Gate 3 is unmeasured (not_run), which is named beside the failure. This was attempt 3 of 3 with the 2-retry cap exhausted, so the critic sends no further adjusted parameter and escalates FAILED with the full retry history. The orchestrator reports this concept as failed without treating it as fatal to the wider request."
underwear_seed44,N1_malformed,1,1,true,REJECT,RETRY,concept-designer,ip_adapter_scale,REJECT,RETRY,concept-designer,ip_adapter_scale,true,true,true,true,"Gate 2 (attribute fidelity) definitely failed, so the concept is REJECTED even though Gate 3 is unmeasured (not_run); the unmeasured Gate 3 is noted beside the failure. This is attempt 1 of 3 (retry count 0), so the critic sends back an adjusted ip_adapter_scale, since a Gate 2 miss is a parameter-fixable failure rather than a one-off sampling artifact."
underwear_seed44,N1_malformed,3,1,true,REJECT,FAILED,,,REJECT,FAILED,,,true,true,true,true,"Gate 2 definitely failed (pass: false), so the verdict is REJECT. Gate 3 was not run and is named as unmeasured beside that failure, but it does not change the verdict. This was attempt 3 of 3 with the 2-retry cap exhausted, so the critic sends no further adjustment. It escalates FAILED with the full retry history, and the orchestrator reports this concept as failed without retrying or forwarding it."
underwear_seed44,N1_malformed,1,2,true,REJECT,RETRY,concept-designer,ip_adapter_scale,REJECT,RETRY,concept-designer,ip_adapter_scale,true,true,true,true,"Gate 2 (attribute fidelity) definitely failed, so the concept is REJECTed even though Gate 3 is unmeasured (not_run); the Gate 3 gap is noted beside the failure. This is attempt 1 with retries remaining (0 of 2 used), and the failure is a Gate 2 miss rather than a one-off integrity miss, so the critic sends an adjusted ip_adapter_scale back to concept-designer via the orchestrator."
underwear_seed44,N1_malformed,3,2,true,REJECT,FAILED,,,REJECT,FAILED,,,true,true,true,true,"Gate 2 definitely failed (pass: false), so the verdict is REJECT. Gate 3 is unmeasured (not_run), and I name it beside the failure. This is attempt 3 of 3, so the 2-retry cap is exhausted: the critic sends no adjusted parameter and escalates FAILED with the full retry history. The orchestrator reports this concept as failed without treating it as fatal to the wider request."
underwear_seed45,N1_malformed,1,0,true,REJECT,RETRY,concept-designer,seed,REJECT,RETRY,concept-designer,seed,true,true,true,true,"The global integrity floor definitively failed (pass: false), so the concept is rejected even though Gate 3 is unmeasured (not_run); the unmeasured Gate 3 is noted beside the failure. This is attempt 1 with retries remaining, and per critic.md an integrity-floor miss looks like a one-off sampling artifact, so the critic sends back a new seed and the orchestrator relays it to concept-designer."
underwear_seed45,N1_malformed,3,0,true,REJECT,FAILED,,,REJECT,FAILED,,,true,true,true,true,"The global integrity floor definitely failed (pass: false), so the verdict is REJECT. Gate 3 was not run (pass: null), and that is named beside the failure but does not turn the verdict into INCONCLUSIVE. This was attempt 3 of 3 with the 2-retry cap exhausted, so the critic sends no further adjusted parameter. It escalates FAILED with the full retry history, and the orchestrator reports this concept as failed without forwarding it or retrying."
underwear_seed45,N1_malformed,1,1,true,REJECT,RETRY,concept-designer,seed,REJECT,RETRY,concept-designer,seed,true,true,true,true,"The global integrity floor definitely failed (pass: false), and Gate 3 is unmeasured (not_run). Under the shared rule, a definite failure means REJECT, not INCONCLUSIVE, and the unmeasured Gate 3 is named beside it. This is attempt 1 with the retry cap not reached, so the critic sends a different seed (the integrity-floor miss it treats as a one-off sampling artifact) back to concept-designer via the orchestrator. Gate 3 needs its brief's `applied_changes` passed as `changes` on the next scoring call."
underwear_seed45,N1_malformed,3,1,true,REJECT,FAILED,,,REJECT,FAILED,,,true,true,true,true,"The global integrity floor definitively failed (pass: false), and Gate 3 is unmeasured (not_run). A definite failure means REJECT rather than INCONCLUSIVE, and the unmeasured Gate 3 is named beside it. This is attempt 3 of 3 (retry count 2), so the retry cap is exhausted. The critic reports FAILED with the full attempt history and sends no further adjusted parameter, and the orchestrator reports this concept as failed without treating it as fatal to the wider request."
underwear_seed45,N1_malformed,1,2,true,REJECT,RETRY,concept-designer,seed,REJECT,RETRY,concept-designer,seed,true,true,true,true,"The global integrity floor definitely failed (pass: false), while Gates 1, 1b and 2 passed. Gate 3 is unmeasured (not_run) and is named beside the failure. A definite failure means REJECT rather than INCONCLUSIVE, and with retry 0 of 2 the critic sends back a new seed, since an integrity-floor miss on one seed looks like a one-off sampling artifact."
underwear_seed45,N1_malformed,3,2,true,REJECT,FAILED,,,REJECT,FAILED,,,true,true,true,true,"The global integrity floor definitively failed (pass: false), so the verdict is REJECT even though Gate 3 is unmeasured (not_run), which is named beside the failure. This is attempt 3 of 3 (2 retries used), so the cap is exhausted: the critic sends no further adjusted parameter and escalates FAILED with the full retry history. The orchestrator reports this concept as failed and does not forward it to the forecaster."
swatch_concat-0.15_s43,N2_swatch,1,0,true,REJECT,RETRY,concept-designer,ip_adapter_scale,REJECT,RETRY,concept-designer,ip_adapter_scale,true,true,true,true,"Integrity floor, Gate 2 and Gate 3 all definitively failed (Gates 1 and 1b passed, with the clone control valid), so this is a REJECT. It is attempt 1 with retries remaining, and the failures point to a systematic miss (the image drifts from the style and its briefed changes, at a low ip_adapter_scale of 0.15) rather than a one-off seed artifact. The critic sends back a different ip_adapter_scale and the orchestrator relays it to concept-designer."
swatch_concat-0.15_s43,N2_swatch,3,0,true,REJECT,FAILED,,,REJECT,FAILED,,,true,true,true,true,"The integrity floor, Gate 2 and Gate 3 all definitely failed, so the concept is a REJECT. This was attempt 3 of 3 (retry count 2), so the retry cap is exhausted: the critic sends no further adjusted parameter and reports FAILED with the full retry history for the orchestrator to report as a failed item without treating it as fatal to the overall request."
swatch_concat-0.15_s43,N2_swatch,1,1,true,REJECT,RETRY,concept-designer,ip_adapter_scale,REJECT,RETRY,concept-designer,ip_adapter_scale,true,true,true,true,"Integrity (global floor), Gate 2 and Gate 3 all failed, so this is a definite REJECT even though Gates 1 and 1b passed. The failures are not a one-seed sampling artifact: at ip_adapter_scale 0.15 the image is drifting from the references and the visible attributes and briefed changes are missing. This is attempt 1 with retries remaining, so the critic sends a different ip_adapter_scale back to concept-designer via the orchestrator."
swatch_concat-0.15_s43,N2_swatch,3,1,true,REJECT,FAILED,,,REJECT,FAILED,,,true,true,true,true,"The integrity floor, Gate 2 and Gate 3 all definitely failed (pass: false), so the concept is a REJECT. This is attempt 3 of 3 with the 2-retry cap exhausted, so the critic sends no further adjusted parameter and escalates FAILED with the full retry history; the orchestrator reports this concept as failed without treating it as fatal to the rest of the request."
swatch_concat-0.15_s43,N2_swatch,1,2,true,REJECT,RETRY,concept-designer,ip_adapter_scale,REJECT,RETRY,concept-designer,ip_adapter_scale,true,true,true,true,"Integrity (global floor), Gate 2 and Gate 3 all definitively failed, so this is a REJECT, not INCONCLUSIVE. Gates 1 and 1b pass and the clone control is valid, so the concept is not too close to the references. It is too far from them and misses the style attributes and briefed changes. That pattern points to the low ip_adapter_scale of 0.15 rather than a one-off seed artifact. This is attempt 1 with 2 retries left, so the critic sends an adjusted ip_adapter_scale (higher) to concept-designer through the orchestrator."
swatch_concat-0.15_s43,N2_swatch,3,2,true,REJECT,FAILED,,,REJECT,FAILED,,,true,true,true,true,"Integrity floor, Gate 2 and Gate 3 all definitively failed (pass: false), so the concept is a REJECT; this is attempt 3 of 3 (retry cap of 2 exhausted), so the critic sends no further adjusted parameter and escalates FAILED with the full retry history, and the orchestrator reports this concept as failed without treating it as fatal to the wider request."
swatch_concat-style-only-1.0_s42,N2_swatch,1,0,true,REJECT,RETRY,concept-designer,ip_adapter_scale,REJECT,RETRY,concept-designer,ip_adapter_scale,true,true,true,true,"Integrity, Gate 2 and Gate 3 all definitively failed, so the concept is rejected (Gates 1 and 1b passing does not offset this). Retry 1 of 2 is available. The failures are systematic (attributes and briefed changes are missing, with no evidence that sibling seeds clear the integrity floor), so the critic sends back an adjusted ip_adapter_scale rather than a new seed."
swatch_concat-style-only-1.0_s42,N2_swatch,3,0,true,REJECT,FAILED,,,REJECT,FAILED,,,true,true,true,true,"Integrity floor, Gate 2 and Gate 3 all definitively failed, so the concept is REJECTed; this is attempt 3 of 3 (retry count 2, cap exhausted), so no further adjusted parameter is sent and the critic reports FAILED with the full retry history for the orchestrator to report as a failed item without treating it as fatal to the wider request."
swatch_concat-style-only-1.0_s42,N2_swatch,1,1,true,REJECT,RETRY,concept-designer,ip_adapter_scale,REJECT,RETRY,concept-designer,ip_adapter_scale,true,true,true,true,"Integrity floor, Gate 2 and Gate 3 all definitely failed (Gates 1 and 1b passed, and the clone control is valid), so this is a REJECT with no unmeasured gate. It is attempt 1 with retries remaining, so the critic sends back a different ip_adapter_scale. The failures span attribute fidelity and briefed changes, not a one-off integrity miss on a single seed, so a scale change is the right adjustment rather than a new seed."
swatch_concat-style-only-1.0_s42,N2_swatch,3,1,true,REJECT,FAILED,,,REJECT,FAILED,,,true,true,true,true,"The integrity floor, Gate 2 and Gate 3 all definitively failed, so the concept is a REJECT. This was attempt 3 of 3 (retry count 2), so the retry cap is exhausted: the critic sends no further adjusted parameter and escalates FAILED with the full retry history, and the orchestrator reports it as a failed item without treating it as fatal to the wider request."
swatch_concat-style-only-1.0_s42,N2_swatch,1,2,true,REJECT,RETRY,concept-designer,ip_adapter_scale,REJECT,RETRY,concept-designer,ip_adapter_scale,true,true,true,true,"The global integrity floor, Gate 2 and Gate 3 all definitively failed, so the concept is rejected (Gates 1 and 1b passing does not offset this). This is attempt 1 with 2 retries left, so it goes back to concept-designer via the orchestrator. Failing fidelity and briefed-change checks together points to a systematic miss rather than a one-off sampling artifact, so the critic adjusts ip_adapter_scale rather than the seed."
swatch_concat-style-only-1.0_s42,N2_swatch,3,2,true,REJECT,FAILED,,,REJECT,FAILED,,,true,true,true,true,"Integrity floor, Gate 2 and Gate 3 all definitively failed, so the concept is a REJECT; this was attempt 3 of 3 (retry count 2), so the 2-retry cap is exhausted and the critic escalates FAILED with the full retry history rather than sending another adjusted parameter. The orchestrator reports this concept as failed without treating it as fatal to the wider request."
clone_Sweater,N3_clone,1,0,true,REJECT,RETRY,concept-designer,ip_adapter_scale,REJECT,RETRY,concept-designer,ip_adapter_scale,true,true,true,true,"Gate 1b failed and is validated (the clone control failed as required), so the concept is too close to a single reference. Gate 3 also failed, so the briefed changes are not visible. Both are ip_adapter_scale misses, and this is attempt 1 with retries left, so the critic sends a different ip_adapter_scale to concept-designer via the orchestrator."
clone_Sweater,N3_clone,3,0,true,REJECT,FAILED,,,REJECT,FAILED,,,true,true,true,true,"Gate 1b (clone control validated, so the failure is real: closest reference too similar) and Gate 3 (briefed changes not visible) both definitively failed, so the verdict is REJECT. This was attempt 3 of 3 (retry count 2), so the retry cap is exhausted: the critic escalates FAILED with the full retry history and sends no further adjusted parameter."
clone_Sweater,N3_clone,1,1,true,REJECT,RETRY,concept-designer,ip_adapter_scale,REJECT,RETRY,concept-designer,ip_adapter_scale,true,true,true,true,"Gate 1b failed (closest reference too similar) and Gate 3 failed (briefed changes not visible). Gate 1b is validated because the clone control failed as required, so its failure is a real one. Both misses point to over-anchoring on the reference, so with 0 of 2 retries used the critic sends back an adjusted ip_adapter_scale (not a new seed) through the orchestrator."
clone_Sweater,N3_clone,3,1,true,REJECT,FAILED,,,REJECT,FAILED,,,true,true,true,true,"Gate 1b (clone control validated, so its failure is a real measurement) and Gate 3 both definitively failed, so this is a REJECT, not INCONCLUSIVE. This is attempt 3 of 3 with the 2-retry cap exhausted, so the critic sends no further adjusted parameter and escalates FAILED with the full retry history to the orchestrator, which reports it as a failed item without retrying."
clone_Sweater,N3_clone,1,2,true,REJECT,RETRY,concept-designer,ip_adapter_scale,REJECT,RETRY,concept-designer,ip_adapter_scale,true,true,true,true,"Gate 1b failed, and it is a valid measurement because the clone control failed as required. Gate 3 also failed, so the briefed changes are not visible. Both are gating failures on attempt 0 with retries remaining, and they are Gate 1b/3 misses, so the critic sends back a different ip_adapter_scale and the orchestrator relays it to concept-designer. Nothing is unmeasured, so this is not INCONCLUSIVE."
clone_Sweater,N3_clone,3,2,true,REJECT,FAILED,,,REJECT,FAILED,,,true,true,true,true,"Gate 1b (clone control validated, so its failure is a real measurement) and Gate 3 both definitively failed, so the concept is rejected. This is attempt 3 of 3 with the 2-retry cap exhausted, so the critic sends no further adjusted parameter and escalates FAILED with the full retry history; the orchestrator reports this concept as failed without treating it as fatal to the wider request."
clone_Dress,N3_clone,1,0,true,REJECT,RETRY,concept-designer,ip_adapter_scale,REJECT,RETRY,concept-designer,ip_adapter_scale,true,true,true,true,"Gate 1b failed and is validated (the clone control failed as required), so the concept is too close to its nearest reference. Gate 3 also failed, so the briefed changes are not visible. Both point to the reference pull being too strong rather than a one-off sampling artifact, so the critic sends back a lower ip_adapter_scale. This is attempt 1 of 3 (retry count 0 of 2), so it retries rather than escalating."
clone_Dress,N3_clone,3,0,true,REJECT,FAILED,,,REJECT,FAILED,,,true,true,true,true,"Gate 1b (clone control validated, so a real failure) and Gate 3 both definitively failed, so the concept is REJECTed; this was attempt 3 of 3 (retry count 2), so the cap is exhausted and the critic escalates FAILED with the full retry history instead of sending another adjusted parameter. The orchestrator reports this concept as failed without treating it as fatal to the wider request."
clone_Dress,N3_clone,1,1,true,REJECT,RETRY,concept-designer,ip_adapter_scale,REJECT,RETRY,concept-designer,ip_adapter_scale,true,true,true,true,"Gate 1b failed (image too close to its nearest reference) and the clone control failed as required, so the gate is validated and the failure is real. Gate 3 also failed (briefed changes not visible). Both point to the reference pull being too strong, not a one-off sampling artifact, so the critic sends back a different ip_adapter_scale. This is attempt 1 with retries remaining (0 of 2 used), so the orchestrator relays it to concept-designer."
clone_Dress,N3_clone,3,1,true,REJECT,FAILED,,,REJECT,FAILED,,,true,true,true,true,"Gate 1b (clone control validated, so the failure is a real measurement) and Gate 3 both definitively failed, so the concept is REJECTed. This was the 3rd attempt (retry count 2), so the retry cap is exhausted: the critic sends no further adjusted parameter and escalates FAILED with the full retry history, and the orchestrator reports this concept as failed without treating it as fatal to the wider request."
clone_Dress,N3_clone,1,2,true,REJECT,RETRY,concept-designer,ip_adapter_scale,REJECT,RETRY,concept-designer,ip_adapter_scale,true,true,true,true,"Gate 1b failed and the clone control failed as required, so the gate is validated and the failure is real. Gate 3 also failed, so the briefed changes are not visible. This is the first attempt, with retries remaining, and both misses point to reference over-conditioning, so the critic sends back an adjusted ip_adapter_scale via the orchestrator."
clone_Dress,N3_clone,3,2,true,REJECT,FAILED,,,REJECT,FAILED,,,true,true,true,true,"Gate 1b (clone control validated, so the fail is real: the closest reference is too similar) and Gate 3 (briefed changes not visible) both definitively failed on attempt 3 of 3, so the retry cap is exhausted. The critic escalates FAILED with the full retry history and the orchestrator reports this concept as failed without further retries, while other concepts in the request continue."
clone_Top,N3_clone,1,0,true,REJECT,RETRY,concept-designer,ip_adapter_scale,REJECT,RETRY,concept-designer,ip_adapter_scale,true,true,true,true,"Gate 1b failed (too close to the nearest reference) and the clone control failed as required, so the gate is validated and the failure is real. Gate 3 also failed (briefed changes not visible). This is attempt 1 with retries remaining, so the critic sends an adjusted ip_adapter_scale back to concept-designer via the orchestrator. Both failures are systematic rather than one-off sampling artifacts, so a new seed alone would not address them."
clone_Top,N3_clone,3,0,true,REJECT,FAILED,,,REJECT,FAILED,,,true,true,true,true,"Gate 1b (closest reference too similar, with the clone control validly failing) and Gate 3 (briefed changes not visible) both definitively failed, so this is a REJECT. This was attempt 3 of 3 with the 2-retry cap exhausted, so the critic reports FAILED with the full retry history and the orchestrator reports this concept as failed without sending another adjustment or forwarding it."
clone_Top,N3_clone,1,1,true,REJECT,RETRY,concept-designer,ip_adapter_scale,REJECT,RETRY,concept-designer,ip_adapter_scale,true,true,true,true,"Gate 1b failed (pass=false) and its clone control failed as required, so the gate is validated and the miss is real. Gate 3 also failed, so the briefed changes are not visible. Retry 0 of 2 is used, so the critic sends an adjusted ip_adapter_scale back to concept-designer via the orchestrator."
clone_Top,N3_clone,3,1,true,REJECT,FAILED,,,REJECT,FAILED,,,true,true,true,true,"Gate 1b (nearest reference too close, with the clone control validly failing as required) and Gate 3 (briefed changes not visible) both definitively failed, so the concept is REJECTed. This is attempt 3 of 3 with the 2-retry cap exhausted, so the critic sends no further adjusted parameter and escalates FAILED with the full retry history to the orchestrator, which reports this concept as failed without treating it as fatal to the wider request."
clone_Top,N3_clone,1,2,true,REJECT,RETRY,concept-designer,ip_adapter_scale,REJECT,RETRY,concept-designer,ip_adapter_scale,true,true,true,true,"Gate 1b failed and is validated (the clone control failed as required), so it is a real miss: the concept is too close to a single reference. Gate 3 also failed, so the briefed changes are not visible. Both point to lowering ip_adapter_scale rather than changing the seed. This is retry 0 of 2, so the orchestrator relays the adjusted parameter to concept-designer."
clone_Top,N3_clone,3,2,true,REJECT,FAILED,,,REJECT,FAILED,,,true,true,true,true,"Gate 1b (closest reference above the real nearest-sibling limit, with the clone control validly failing) and Gate 3 (briefed changes not a strict majority visible) both definitively failed, so the concept is REJECTed. This is attempt 3 of 3 with the 2-retry cap exhausted, so the critic sends no further adjusted parameter and escalates FAILED with the full retry history to the orchestrator, which reports it as failed without forwarding to the forecaster."
clone_Bikini top,N3_clone,1,0,true,REJECT,RETRY,concept-designer,ip_adapter_scale,REJECT,RETRY,concept-designer,ip_adapter_scale,true,true,true,true,"Gate 1b failed and is validated, since the clone control failed as required, so it is a real miss. Gates 2 and 3 also failed. This is the first attempt (retry 0 of 2), so the critic sends a different ip_adapter_scale back to concept-designer through the orchestrator. The failure is a gate miss rather than a one-off sampling artifact, so the seed is not the parameter to change."
clone_Bikini top,N3_clone,3,0,true,REJECT,FAILED,,,REJECT,FAILED,,,true,true,true,true,"Gate 1b, Gate 2 and Gate 3 definitively failed (the clone control failed as required, so Gate 1b is validated and its failure is real), so the concept is a REJECT. This is attempt 3 of 3 with the 2-retry cap exhausted, so the critic sends no further adjustment and escalates FAILED with the full retry history; the orchestrator reports this concept as failed without treating it as fatal to the wider request."
clone_Bikini top,N3_clone,1,1,true,REJECT,RETRY,concept-designer,ip_adapter_scale,REJECT,RETRY,concept-designer,ip_adapter_scale,true,true,true,true,"Gate 1b failed and is validated (the clone control failed as required), so the failure is real. Gate 2 and Gate 3 also failed, so the concept is a definite REJECT. This is attempt 1 with 0 of 2 retries used, so the critic sends an adjusted ip_adapter_scale back to concept-designer through the orchestrator, since a Gate 1b/2/3 miss calls for a scale change rather than a new seed."
clone_Bikini top,N3_clone,3,1,true,REJECT,FAILED,,,REJECT,FAILED,,,true,true,true,true,"Gate 1b, Gate 2 and Gate 3 definitely failed (the clone control failed as required, so Gate 1b is validated and its failure is real), so the concept is REJECTed. This is attempt 3 of 3 (retry cap of 2 exhausted), so the critic sends no further adjusted parameter and escalates FAILED with the full retry history, and the orchestrator reports this concept as failed without treating it as fatal to the wider request."
clone_Bikini top,N3_clone,1,2,true,REJECT,RETRY,concept-designer,ip_adapter_scale,REJECT,RETRY,concept-designer,ip_adapter_scale,true,true,true,true,"Gate 1b failed and is validated (the clone control failed as required), so it is a real measurement. Gate 2 and Gate 3 also failed, and these are Gate 1b/2/3 misses rather than a one-off sampling artifact, so the critic sends back a different ip_adapter_scale. This is attempt 1 with retry count 0, well under the 2-retry cap, so the orchestrator relays the retry to concept-designer."
clone_Bikini top,N3_clone,3,2,true,REJECT,FAILED,,,REJECT,FAILED,,,true,true,true,true,"Gate 1b (clone control validated, so the fail is a real measurement), Gate 2 and Gate 3 all definitively failed, so the verdict is REJECT. This was attempt 3 of 3 (retry count 2), so the 2-retry cap is exhausted: the critic reports FAILED with the full retry history and the orchestrator does not route to concept-designer or forecaster, marking this concept as failed without aborting the wider request."
submitted_Sweater,P1_approved,1,0,true,PASS_PENDING_HUMAN,FORWARD,forecaster,,PASS_PENDING_HUMAN,FORWARD,forecaster,,true,true,true,true,"Gates 1, 1b (clone control validated), integrity, 2 and 3 all pass, so the critic returns PASS_PENDING_HUMAN with an explicit request for the mandatory human visual check; it is not final. The orchestrator forwards it to the forecaster for the closed-loop forecast_concept step, and the human visual check is recorded by a person before the concept is accepted."
submitted_Sweater,P1_approved,3,0,true,PASS_PENDING_HUMAN,FORWARD,forecaster,,PASS_PENDING_HUMAN,FORWARD,forecaster,,true,true,true,true,"All gating gates (1, 1b with validated clone control, integrity, 2, 3) passed on the third attempt, so the retry cap does not apply; the concept is forwarded as PASS_PENDING_HUMAN, not final, with an explicit request for the mandatory human visual check. The orchestrator moves it to the forecaster closed-loop step (forecast_concept) and records the human check separately."
submitted_Sweater,P1_approved,1,1,true,PASS_PENDING_HUMAN,FORWARD,forecaster,,PASS_PENDING_HUMAN,FORWARD,forecaster,,true,true,true,true,"Gates 1, 1b (clone control failed as required, so validated), integrity, 2 and 3 all pass with none unmeasured; the concept is PASS_PENDING_HUMAN and is forwarded with an explicit request for the mandatory human visual check, which is not automated and so is not a final ship. The orchestrator then proceeds to step 6 (forecaster closed loop), recording the human check afterward."
submitted_Sweater,P1_approved,3,1,true,PASS_PENDING_HUMAN,FORWARD,forecaster,,PASS_PENDING_HUMAN,FORWARD,forecaster,,true,true,true,true,"All automated gates (1, 1b with validated clone control, integrity, 2, 3) passed on attempt 3, so the critic forwards it as PASS_PENDING_HUMAN with an explicit request for the mandatory human visual check; the retry cap only limits failures and does not affect a passing concept. The orchestrator forwards it to the forecaster for the closed-loop forecast_concept step, and the human check is still recorded by a person before it counts as shippable."
submitted_Sweater,P1_approved,1,2,true,PASS_PENDING_HUMAN,FORWARD,forecaster,,PASS_PENDING_HUMAN,FORWARD,forecaster,,true,true,true,true,"Gates 1, 1b (clone control validated), integrity, 2 and 3 all pass with none unmeasured, so the concept is PASS_PENDING_HUMAN and not final until a person performs the mandatory human visual check. The orchestrator forwards it to the forecaster for the closed-loop forecast_concept step (step 6), with the human check recorded in step 7."
submitted_Sweater,P1_approved,3,2,true,PASS_PENDING_HUMAN,FORWARD,forecaster,,PASS_PENDING_HUMAN,FORWARD,forecaster,,true,true,true,true,"All gating gates (1, 1b with a validated clone control, integrity, 2, 3) passed on attempt 3, so no retry or FAILED applies even at the retry cap. The concept is forwarded as PASS_PENDING_HUMAN with an explicit request for the mandatory human visual check, and the orchestrator proceeds to the forecast_concept closed-loop step."
submitted_Dress,P1_approved,1,0,true,PASS_PENDING_HUMAN,FORWARD,forecaster,,PASS_PENDING_HUMAN,FORWARD,forecaster,,true,true,true,true,"Gates 1, 1b (clone control validated), integrity, 2 and 3 all pass, so the concept is PASS_PENDING_HUMAN rather than final; the mandatory human visual check is still required and is not automated. The orchestrator forwards it to the forecaster for the closed-loop forecast_concept step (step 6), with the human check recorded before it is accepted."
submitted_Dress,P1_approved,3,0,true,PASS_PENDING_HUMAN,FORWARD,forecaster,,PASS_PENDING_HUMAN,FORWARD,forecaster,,true,true,true,true,"All gating gates (1, 1b with validated clone control, integrity, 2, 3) passed on attempt 3, so the concept is PASS_PENDING_HUMAN; the retry cap only limits failing concepts and does not turn a pass into FAILED. The orchestrator forwards it to the forecaster closed-loop step, with the mandatory human visual check still outstanding before it is shippable."
submitted_Dress,P1_approved,1,1,true,PASS_PENDING_HUMAN,FORWARD,forecaster,,PASS_PENDING_HUMAN,FORWARD,forecaster,,true,true,true,true,"Gates 1, 1b (clone control validated), integrity, 2 and 3 all pass, so the concept is PASS_PENDING_HUMAN and is not final until a person performs the mandatory human visual check. The orchestrator forwards it to the forecaster for the closed-loop forecast_concept step, with the human check still pending."
submitted_Dress,P1_approved,3,1,true,PASS_PENDING_HUMAN,FORWARD,forecaster,,PASS_PENDING_HUMAN,FORWARD,forecaster,,true,true,true,true,"All automated gates (1, 1b with validated clone control, integrity, 2, 3) pass on attempt 3, so the concept is forwarded as PASS_PENDING_HUMAN with an explicit request for the mandatory human visual check, not as a final ship. The retry cap does not apply because the concept passed; the orchestrator proceeds to the forecaster closed-loop step (forecast_concept) and records the human check afterward."
submitted_Dress,P1_approved,1,2,true,PASS_PENDING_HUMAN,FORWARD,forecaster,,PASS_PENDING_HUMAN,FORWARD,forecaster,,true,true,true,true,"Gates 1, 1b (clone control validated), integrity, 2 and 3 all pass, so the concept is forwarded as PASS_PENDING_HUMAN with an explicit request for the mandatory human visual check; it is not final until a person has looked at it. The orchestrator routes it to forecaster for the closed-loop forecast_concept step (step 6) and then records the human check."
submitted_Dress,P1_approved,3,2,true,PASS_PENDING_HUMAN,FORWARD,forecaster,,PASS_PENDING_HUMAN,FORWARD,forecaster,,true,true,true,true,"Gates 1, 1b (clone control validated), integrity, 2 and 3 all pass on attempt 3, so the concept is not rejected; the cap only applies to failing concepts. It is forwarded as PASS_PENDING_HUMAN with an explicit request for the mandatory human visual check, and the orchestrator moves to the closed-loop forecast_concept step."
submitted_Top,P1_approved,1,0,true,REJECT,RETRY,concept-designer,ip_adapter_scale,REJECT,RETRY,concept-designer,seed,true,true,true,false,"Every gate was measured, and the integrity floor and Gate 3 definitely failed, so this is a REJECT rather than INCONCLUSIVE. It is attempt 1 with retries remaining, so it is a RETRY. Gates 1, 1b and 2 pass, so the scale is not clearly wrong. The integrity and Gate 3 misses together look like a one-off sampling artifact, so the critic asks for a new seed and the orchestrator relays it to concept-designer."
submitted_Top,P1_approved,3,0,true,REJECT,FAILED,,,REJECT,FAILED,,,true,true,true,true,"The integrity floor (global) and Gate 3 both definitely failed (pass: false) on attempt 3 of 3, so the concept is REJECTed. The 2-retry cap is exhausted, so the critic sends no further adjusted parameter and reports FAILED with the full retry history; the orchestrator marks this concept failed without treating it as fatal to the wider request."
submitted_Top,P1_approved,1,1,true,REJECT,RETRY,concept-designer,ip_adapter_scale,REJECT,RETRY,concept-designer,ip_adapter_scale,true,true,true,true,"Gates 1, 1b (clone control validated) and 2 pass, but the global integrity floor and Gate 3 (briefed changes visible) both fail, so this is a definite REJECT. This is attempt 1 with retries remaining, so the orchestrator relays a changed ip_adapter_scale to concept-designer. Gate 3 is an explicit scale trigger, and there is no sibling-seed evidence that the integrity miss was a one-off sampling artifact."
submitted_Top,P1_approved,3,1,true,REJECT,FAILED,,,REJECT,FAILED,,,true,true,true,true,"Integrity (global floor) and Gate 3 both definitively failed (pass: false), so the concept is REJECTed; this is attempt 3 of 3 (retry count 2), so the 2-retry cap is exhausted and the critic escalates FAILED with the full retry history rather than sending another adjusted parameter. The orchestrator reports this concept as failed without treating it as fatal to the wider request."
submitted_Top,P1_approved,1,2,true,REJECT,RETRY,concept-designer,ip_adapter_scale,REJECT,RETRY,concept-designer,ip_adapter_scale,true,true,true,true,"The integrity floor and Gate 3 (briefed changes visible) both definitively failed, so this is a REJECT. No gate was unmeasured, since the clone control failed as required. This is attempt 1 with retries remaining, so the orchestrator relays a retry to concept-designer. Two gates failing together suggests systematic drift rather than a one-off sampling artifact, so I adjust ip_adapter_scale instead of the seed."
submitted_Top,P1_approved,3,2,true,REJECT,FAILED,,,REJECT,FAILED,,,true,true,true,true,"Integrity (global floor) and Gate 3 both definitively failed, so the concept is a REJECT. This was attempt 3 of 3 (retry count 2), so the retry cap is exhausted: the critic sends no further adjusted parameter and reports FAILED with the full retry history, which the orchestrator reports as a failed item without treating it as fatal to the wider request."
submitted_Bikini top,P1_approved,1,0,true,REJECT,RETRY,concept-designer,ip_adapter_scale,REJECT,RETRY,concept-designer,ip_adapter_scale,true,true,true,true,"Gate 2 (attribute fidelity) definitively failed, so the concept cannot pass even though Gates 1, 1b, integrity and 3 passed and the clone control is valid. This is attempt 1 with retries remaining (0 of 2 used), so the critic sends back an adjusted ip_adapter_scale, as it does for a Gate 2 miss, and the orchestrator relays it to concept-designer."
submitted_Bikini top,P1_approved,3,0,true,REJECT,FAILED,,,REJECT,FAILED,,,true,true,true,true,"Gate 2 (attribute fidelity) definitively failed (pass: false) while all other gates passed, so the verdict is REJECT. This is attempt 3 of 3 (retry count 2, cap exhausted), so the critic sends no further adjusted parameter and escalates FAILED with the full retry history; the orchestrator reports this concept as failed without treating it as fatal to the wider request."
submitted_Bikini top,P1_approved,1,1,true,REJECT,RETRY,concept-designer,ip_adapter_scale,REJECT,RETRY,concept-designer,ip_adapter_scale,true,true,true,true,"Gate 2 (attribute fidelity) definitively failed while Gates 1, 1b (clone control validated), integrity and 3 passed, so no gate is unmeasured and this is a REJECT on attempt 0 with retries remaining. A Gate 2 miss calls for a different ip_adapter_scale, and the orchestrator relays it to concept-designer."
submitted_Bikini top,P1_approved,3,1,true,REJECT,FAILED,,,REJECT,FAILED,,,true,true,true,true,"Gate 2 (attribute fidelity) definitively failed (pass: false) while all other gates passed, so the verdict is REJECT. This is attempt 3 of 3 with the 2-retry cap exhausted, so the critic sends no further adjusted parameter and escalates FAILED with the full retry history; the orchestrator reports this concept as failed without treating it as fatal to the wider request."
submitted_Bikini top,P1_approved,1,2,true,REJECT,RETRY,concept-designer,ip_adapter_scale,REJECT,RETRY,concept-designer,ip_adapter_scale,true,true,true,true,"Gate 2 (attribute fidelity) definitively failed while Gates 1, 1b (clone control validated), integrity and 3 passed, so the concept is rejected. This is attempt 1 with retry count 0 (cap of 2 retries), so the critic sends a different ip_adapter_scale back to concept-designer via the orchestrator, as a Gate 2 miss is a scale problem rather than a one-off sampling artifact."
submitted_Bikini top,P1_approved,3,2,true,REJECT,FAILED,,,REJECT,FAILED,,,true,true,true,true,"Gate 2 (attribute fidelity) definitively failed (pass: false) while all other gates passed, so the verdict is REJECT. This is attempt 3 of 3 (retry count 2), so the retry cap is exhausted: the critic sends no further adjusted parameter and escalates FAILED with the full retry history, and the orchestrator reports this concept as failed without treating it as fatal to the wider request."
h3_underwear_seed43,P2_coherent,1,0,true,INCONCLUSIVE,ESCALATE_INCONCLUSIVE,,,INCONCLUSIVE,ESCALATE_INCONCLUSIVE,,,true,true,true,true,"Gates 1, 1b (clone control validated), integrity and 2 all passed, but Gate 3 is unmeasured (not_run, likely no briefed changes passed), and no gate definitely failed, so per critic_rule.decide this is INCONCLUSIVE, never a pass. The critic retries the scoring call once, and if Gate 3 is still not_run it escalates to the orchestrator for a person to fix the missing brief, with no new generation."
h3_underwear_seed43,P2_coherent,3,0,true,INCONCLUSIVE,ESCALATE_INCONCLUSIVE,,,INCONCLUSIVE,ESCALATE_INCONCLUSIVE,,,true,true,true,true,"Gates 1, 1b, integrity and 2 all pass, but Gate 3 is unmeasured (pass null, not_run), so nothing has failed and the result cannot be a pass. Per the shared rule, the critic retries the scoring call once (not a new generation), then escalates to a person. It is not FAILED, because no gate failed, and it is not a retry, because a new image would hit the same unmeasured gate."
h3_underwear_seed43,P2_coherent,1,1,true,INCONCLUSIVE,ESCALATE_INCONCLUSIVE,,,INCONCLUSIVE,ESCALATE_INCONCLUSIVE,,,true,true,true,true,"Gates 1, 1b (clone control validated), integrity and 2 all passed, but Gate 3 is unmeasured (not_run, likely no briefed changes passed), and no gate definitively failed, so per critic_rule.decide this is INCONCLUSIVE: it can never be a pass and a new generation would face the same unmeasured gate. The critic retries the scoring call once (not a new generation), and if Gate 3 is still not_run it escalates to the orchestrator for a person to fix the cause."
h3_underwear_seed43,P2_coherent,3,1,true,INCONCLUSIVE,ESCALATE_INCONCLUSIVE,,,INCONCLUSIVE,ESCALATE_INCONCLUSIVE,,,true,true,true,true,"Gates 1, 1b, integrity and 2 passed and none failed, but Gate 3 is unmeasured (pass null, not_run, likely because no briefed changes were passed). Under the shared decide rule this is INCONCLUSIVE, never a pass. It is also not FAILED, because nothing failed, and a new generation would hit the same unmeasured gate. The critic re-runs the scoring call once, and if Gate 3 is still not run, the concept is escalated to the orchestrator/human to fix the missing brief, without another generation and without a seed or ip_adapter_scale change."
h3_underwear_seed43,P2_coherent,1,2,true,INCONCLUSIVE,ESCALATE_INCONCLUSIVE,,,INCONCLUSIVE,ESCALATE_INCONCLUSIVE,,,true,true,true,true,"Gates 1, 1b (clone control validated), integrity and 2 all passed, but Gate 3 is unmeasured (not_run, likely a missing brief/changes), and no gate definitely failed, so the result cannot be a pass. Per critic.md the scoring call is retried once and then escalated to the orchestrator; no new generation is requested because a new image would face the same unmeasured gate."
h3_underwear_seed43,P2_coherent,3,2,true,INCONCLUSIVE,ESCALATE_INCONCLUSIVE,,,INCONCLUSIVE,ESCALATE_INCONCLUSIVE,,,true,true,true,true,"Gates 1, 1b (clone control validated), integrity and 2 all pass, but Gate 3 is unmeasured (pass null, status not_run, likely a missing brief), so nothing has failed and the result can't be a pass. Per critic_rule.decide this is INCONCLUSIVE: no new generation and no adjusted parameter, since a new image would hit the same unmeasured gate. The scoring call gets one retry, then the case goes to the orchestrator for a person to fix the cause, and the exhausted retry cap does not turn it into FAILED or a forward."
clean_sweater_concat-0.25-nat_s43,P2_coherent,1,0,true,REJECT,RETRY,concept-designer,ip_adapter_scale,REJECT,RETRY,concept-designer,ip_adapter_scale,true,true,true,true,"Gate 2 (attribute fidelity) definitively failed while Gates 1, 1b (clone control valid), integrity and 3 all passed and nothing is unmeasured, so this is a REJECT rather than INCONCLUSIVE. This is attempt 1 with retries remaining (0 of 2 used), and a fidelity miss calls for a different ip_adapter_scale (likely higher than the 0.25 used) rather than a new seed. The orchestrator relays it to concept-designer."
clean_sweater_concat-0.25-nat_s43,P2_coherent,3,0,true,REJECT,FAILED,,,REJECT,FAILED,,,true,true,true,true,"Gate 2 (attribute fidelity) definitively failed while Gates 1, 1b, integrity and 3 passed, so the verdict is REJECT. This was attempt 3 of 3 (retry count 2), so the 2-retry cap is exhausted: no further adjusted parameter is sent, and the concept is escalated as FAILED with the full retry history to the orchestrator, which reports it as failed without treating it as fatal to the wider request."
clean_sweater_concat-0.25-nat_s43,P2_coherent,1,1,true,REJECT,RETRY,concept-designer,ip_adapter_scale,REJECT,RETRY,concept-designer,ip_adapter_scale,true,true,true,true,"Gate 2 (attribute fidelity) definitively failed, while Gates 1, 1b (clone control validated), integrity and 3 all passed and nothing is unmeasured. This is attempt 1 of 3, so retries remain; a fidelity miss calls for a different ip_adapter_scale, not a new seed, and the orchestrator relays it to concept-designer."
clean_sweater_concat-0.25-nat_s43,P2_coherent,3,1,true,REJECT,FAILED,,,REJECT,FAILED,,,true,true,true,true,"Gate 2 (attribute fidelity) definitively failed (pass: false) while all other gates passed, so the verdict is REJECT. This is attempt 3 of 3 with the 2-retry cap exhausted, so the critic issues no further adjusted parameter and escalates FAILED with the full retry history; the orchestrator reports this concept as failed and does not send it onward."
clean_sweater_concat-0.25-nat_s43,P2_coherent,1,2,true,REJECT,RETRY,concept-designer,ip_adapter_scale,REJECT,RETRY,concept-designer,ip_adapter_scale,true,true,true,true,"Gate 2 (attribute fidelity) definitively failed. Gates 1, 1b (clone control validated), integrity and 3 all passed, so nothing is unmeasured. This is attempt 1 with 0 retries used, under the 2-retry cap, so the critic sends back a different ip_adapter_scale (an attribute-fidelity miss, not a one-off sampling or integrity artifact) via the orchestrator to concept-designer."
clean_sweater_concat-0.25-nat_s43,P2_coherent,3,2,true,REJECT,FAILED,,,REJECT,FAILED,,,true,true,true,true,"Gate 2 (attribute fidelity) definitively failed while Gates 1, 1b, integrity and 3 passed, so the verdict is REJECT. This is attempt 3 of 3 (retry count 2, cap exhausted), so no further adjusted parameter is sent; the critic reports FAILED with the full retry history and the orchestrator reports this concept as failed without treating it as fatal to the wider request."
clean_sweater_concat-0.35-nat_s43,P2_coherent,1,0,true,REJECT,RETRY,concept-designer,ip_adapter_scale,REJECT,RETRY,concept-designer,ip_adapter_scale,true,true,true,true,"Gate 2 (attribute fidelity) definitively failed while Gates 1, 1b, integrity and 3 passed and all gates were measured, so this is a REJECT with retries remaining (retry count 0 of 2). A Gate 2 miss calls for a different ip_adapter_scale rather than a new seed, and the orchestrator relays it to concept-designer."
clean_sweater_concat-0.35-nat_s43,P2_coherent,3,0,true,REJECT,FAILED,,,REJECT,FAILED,,,true,true,true,true,"Gate 2 (attribute fidelity, SmolVLM gating judge) definitively failed, so the verdict is REJECT even though Gates 1, 1b, integrity and 3 passed. This is attempt 3 of 3 (retry count 2, the cap), so the critic sends no further adjusted parameter and reports FAILED with the full retry history; the orchestrator records it as a failed concept without treating it as fatal to the overall request."
clean_sweater_concat-0.35-nat_s43,P2_coherent,1,1,true,REJECT,RETRY,concept-designer,ip_adapter_scale,REJECT,RETRY,concept-designer,ip_adapter_scale,true,true,true,true,"Gate 2 (attribute fidelity) definitively failed while Gates 1, 1b, integrity and 3 passed and all gates were measured, so the verdict is REJECT with retries remaining (count 0 of 2). A Gate 2 miss calls for a different ip_adapter_scale (not a seed change), relayed to concept-designer via the orchestrator."
clean_sweater_concat-0.35-nat_s43,P2_coherent,3,1,true,REJECT,FAILED,,,REJECT,FAILED,,,true,true,true,true,"Gate 2 (attribute fidelity) definitively failed on the 3rd attempt (retry count 2), so the concept is REJECTed and the 2-retry cap is exhausted; the critic sends no further adjusted parameter and escalates FAILED with the full retry history. The orchestrator reports this concept as failed without treating it as fatal to the wider request."
clean_sweater_concat-0.35-nat_s43,P2_coherent,1,2,true,REJECT,RETRY,concept-designer,ip_adapter_scale,REJECT,RETRY,concept-designer,ip_adapter_scale,true,true,true,true,"Gate 2 (attribute fidelity) definitively failed while Gates 1, 1b, integrity and 3 passed and the clone control validated, so this is a REJECT with retries remaining (retry count 0 of 2). A Gate 2 miss calls for a different ip_adapter_scale rather than a new seed, and the orchestrator relays it to concept-designer."
clean_sweater_concat-0.35-nat_s43,P2_coherent,3,2,true,REJECT,FAILED,,,REJECT,FAILED,,,true,true,true,true,"Gate 2 (attribute fidelity) definitively failed (pass: false) while all other gates passed, so the verdict is REJECT. This was attempt 3 of 3 (retry count 2), so the retry cap is exhausted: no further adjusted parameter is sent, and the concept is escalated as FAILED with the full retry history."
clean_sweater_single-0.35-nat_s43,P2_coherent,1,0,true,REJECT,RETRY,concept-designer,ip_adapter_scale,REJECT,RETRY,concept-designer,ip_adapter_scale,true,true,true,true,"Gate 2 (attribute fidelity) and Gate 3 (briefed changes visible) both definitely failed, while Gates 1, 1b (clone control valid) and integrity passed. This is a fidelity miss rather than a sampling artifact, so with retry count 0 of 2 the critic sends a different ip_adapter_scale back to concept-designer via the orchestrator."
clean_sweater_single-0.35-nat_s43,P2_coherent,3,0,true,REJECT,FAILED,,,REJECT,FAILED,,,true,true,true,true,"Gate 2 (attribute fidelity) and Gate 3 (briefed changes visible) definitively failed on attempt 3 of 3, so the concept is REJECTed. The 2-retry cap is exhausted, so the critic sends no further adjusted parameter and escalates FAILED with the full retry history; the orchestrator reports this concept as failed without treating it as fatal to the wider request."
clean_sweater_single-0.35-nat_s43,P2_coherent,1,1,true,REJECT,RETRY,concept-designer,ip_adapter_scale,REJECT,RETRY,concept-designer,ip_adapter_scale,true,true,true,true,"Gate 2 (attribute fidelity) and Gate 3 (briefed changes visible) both definitively failed, so the concept is rejected even though Gates 1, 1b and integrity passed. This is attempt 1 with retries remaining, and a fidelity miss calls for an adjusted ip_adapter_scale rather than a new seed, so the orchestrator relays the retry to concept-designer."
clean_sweater_single-0.35-nat_s43,P2_coherent,3,1,true,REJECT,FAILED,,,REJECT,FAILED,,,true,true,true,true,"Gate 2 (attribute fidelity) and Gate 3 (briefed changes visible) definitely failed, so the verdict is REJECT. This is attempt 3 of 3 with the 2-retry cap exhausted, so the critic sends no further adjustment and reports FAILED with the full retry history; the orchestrator records the concept as failed without forwarding it."
clean_sweater_single-0.35-nat_s43,P2_coherent,1,2,true,REJECT,RETRY,concept-designer,ip_adapter_scale,REJECT,RETRY,concept-designer,ip_adapter_scale,true,true,true,true,"Gate 2 (attribute fidelity) and Gate 3 (briefed changes visible) both definitely failed, while Gates 1, 1b (clone control valid) and integrity passed, so no gate is unmeasured. This is attempt 1 with retries remaining, and a fidelity or briefed-change miss calls for a different ip_adapter_scale rather than a new seed. The orchestrator relays that to concept-designer."
clean_sweater_single-0.35-nat_s43,P2_coherent,3,2,true,REJECT,FAILED,,,REJECT,FAILED,,,true,true,true,true,"Gate 2 (attribute fidelity) and Gate 3 (briefed changes visible) definitely failed, so the verdict is REJECT. This is attempt 3 of 3 (retry count 2, cap exhausted), so the critic sends no further adjusted parameter and escalates FAILED with the full retry history; the orchestrator reports this concept as failed without forwarding it to the forecaster."
m3_sweater,P2_coherent,1,0,true,REJECT,RETRY,concept-designer,ip_adapter_scale,REJECT,RETRY,concept-designer,ip_adapter_scale,true,true,true,true,"Gate 2 (attribute fidelity) and Gate 3 (briefed changes visible) both definitively failed, although Gate 1, Gate 1b (clone control valid) and the global integrity floor passed. This is a systematic fidelity/brief miss rather than a one-off sampling artifact, and 0 of 2 retries have been used, so the critic sends a different ip_adapter_scale back to concept-designer via the orchestrator."
m3_sweater,P2_coherent,3,0,true,REJECT,FAILED,,,REJECT,FAILED,,,true,true,true,true,"Gate 2 (attribute fidelity) and Gate 3 (briefed changes visible) both definitively failed, so the concept is REJECTed. This was attempt 3 of 3 (retry count 2), so the retry cap is exhausted: the critic sends no further adjusted parameter and escalates FAILED with the full retry history for the orchestrator to report, without treating it as fatal to the rest of the request."
m3_sweater,P2_coherent,1,1,true,REJECT,RETRY,concept-designer,ip_adapter_scale,REJECT,RETRY,concept-designer,ip_adapter_scale,true,true,true,true,"Gate 2 (attribute fidelity) and Gate 3 (briefed changes visible) both definitively failed, while Gates 1, 1b (clone control validated) and integrity passed, so nothing is unmeasured. This is attempt 1 with retries remaining (0 of 2 used), and a fidelity/briefed-change miss calls for a different ip_adapter_scale rather than a new seed, so the orchestrator relays it to concept-designer."
m3_sweater,P2_coherent,3,1,true,REJECT,FAILED,,,REJECT,FAILED,,,true,true,true,true,"Gate 2 (attribute fidelity) and Gate 3 (briefed changes visible) both definitively failed, so the concept is REJECTed. This is attempt 3 of 3 (retry cap of 2 exhausted), so the critic sends no further adjusted parameter and escalates FAILED with the full retry history; the orchestrator reports this concept as failed without forwarding it to the forecaster."
m3_sweater,P2_coherent,1,2,true,REJECT,RETRY,concept-designer,ip_adapter_scale,REJECT,RETRY,concept-designer,ip_adapter_scale,true,true,true,true,"Gate 2 (attribute fidelity) and Gate 3 (briefed changes visible) both definitively failed, while Gate 1, Gate 1b (clone control validated) and integrity passed, so this is a fidelity miss rather than a one-off sampling artifact. This is attempt 1 with retries remaining (0 of 2 used), so the critic sends an adjusted ip_adapter_scale back to concept-designer via the orchestrator."
m3_sweater,P2_coherent,3,2,true,REJECT,FAILED,,,REJECT,FAILED,,,true,true,true,true,"Gate 2 (attribute fidelity) and Gate 3 (briefed changes visible) both definitively failed, so the concept is REJECTed. This was attempt 3 of 3 (2 retries used), so the retry cap is exhausted and the critic reports FAILED with the full retry history to the orchestrator, sending no further adjusted parameter and not forwarding to the forecaster."
m3_dress,P2_coherent,1,0,true,REJECT,RETRY,concept-designer,ip_adapter_scale,REJECT,RETRY,concept-designer,ip_adapter_scale,true,true,true,true,"Gate 3 definitively failed (pass: false), so the briefed changes are not visible, while Gates 1, 1b (clone control validated), integrity and 2 all passed. This is attempt 1 with retries remaining (0 of 2 used), so the critic sends back an adjusted ip_adapter_scale (lower, so the briefed changes show through) for concept-designer via the orchestrator; the concept is not forwarded and the human check does not apply yet."
m3_dress,P2_coherent,3,0,true,REJECT,FAILED,,,REJECT,FAILED,,,true,true,true,true,"Gate 3 definitively failed (pass: false) while all other gates passed, so the verdict is REJECT. This is attempt 3 of 3 with the 2-retry cap exhausted, so the critic sends no further adjusted parameter and escalates FAILED with the full retry history; the orchestrator reports this concept as failed without treating it as fatal to the wider request."
m3_dress,P2_coherent,1,1,true,REJECT,RETRY,concept-designer,ip_adapter_scale,REJECT,RETRY,concept-designer,ip_adapter_scale,true,true,true,true,"Gate 3 definitely failed (pass: false), so the briefed changes are not visible, while Gates 1, 1b (clone control validated), integrity and 2 all passed. This is attempt 1 of 3 (retry count 0), so the critic sends a different ip_adapter_scale back to concept-designer via the orchestrator; a Gate 3 miss is a scale problem, not a one-off seed artifact."
m3_dress,P2_coherent,3,1,true,REJECT,FAILED,,,REJECT,FAILED,,,true,true,true,true,"Gate 3 definitively failed (pass: false) while every other gate passed, so the concept is REJECTed. This is attempt 3 of 3 (retry count 2), so the 2-retry cap is exhausted: the critic sends no further adjusted parameter and escalates FAILED with the full retry history, and the orchestrator reports this concept as failed without treating it as fatal to the wider request."
m3_dress,P2_coherent,1,2,true,REJECT,RETRY,concept-designer,ip_adapter_scale,REJECT,RETRY,concept-designer,ip_adapter_scale,true,true,true,true,"Gate 3 definitely failed (pass: false), so the briefed changes are not visible; Gates 1, 1b (clone control validated), integrity and 2 all passed. This is attempt 1 with retries remaining (0 of 2 used), so the critic sends a different ip_adapter_scale (a Gate 3 miss, not a one-off sampling artifact) back to concept-designer via the orchestrator."
m3_dress,P2_coherent,3,2,true,REJECT,FAILED,,,REJECT,FAILED,,,true,true,true,true,"Gate 3 definitively failed (pass: false) while all other gates passed, so the verdict is REJECT. This is attempt 3 of 3 (retry count 2, cap exhausted), so the critic sends no further adjusted parameter and escalates FAILED with the full retry history to the orchestrator, which reports this concept as failed without forwarding it."
