style_id,image_path,scale,seed,n_refs,clip_mean_sim,dinov2_mean_sim,clip_p90_limit,dinov2_p90_limit,gate1_pass,clip_max_sim,dinov2_max_sim,clip_gate1b_limit,dinov2_gate1b_limit,gate1b_pass,clone_fails_gate1b,floor_max_sim,floor_limit,integrity_style_pass,global_floor_limit,integrity_floor_pass,arm,smolvlm_fidelity,smolvlm_gate2_pass,smolvlm_extraction,smolvlm_gate3_answers,smolvlm_gate3_pass,smolvlm_vlm_coherent,florence2_fidelity,florence2_gate2_pass,florence2_extraction,gate2_pass,gate2_advisory_pass,gate3_pass
Ladieswear || Sweater || Knitwear || Beige || Melange,data\generated\n9\ladieswear_sweater_knitwear_beige_melange\s0.35_seed42.png,0.35,42,17,0.9083197116851807,0.8239823369418874,0.9664748013019562,0.9041306674480438,true,0.938088595867157,0.8985931277275085,0.9825984597206116,0.9469841361045838,true,true,0.8985931277275085,0.8352220177650451,true,0.7785730004310608,true,matched,0.2833333333333333,false,"{""product_type"": ""Turtleneck."", ""colour_family"": ""Beige."", ""graphical_treatment"": ""Solid.""}",YY,true,true,0.5666666666666667,true,"{""product_type"": ""The image is of a beige-colored sweater with a high neck and long sleeves. The sweater appears to be made of a ribbed knit fabric and has a round neckline. The sleeves are ribbed and have a dark brown color. The overall style of the sweater is casual and comfortable. The background is plain white."", ""colour_family"": ""The image is of a beige-colored sweater with a high neck and long sleeves. The sweater appears to be made of a ribbed knit fabric and has a round neckline. The sleeves are ribbed and have a dark brown color. The overall style of the sweater is casual and comfortable. The background is plain white."", ""graphical_treatment"": ""The image is of a beige-colored sweater with a high neck and long sleeves. The sweater appears to be made of a ribbed knit fabric and has a round neckline. The sleeves are ribbed and have a dark brown color. The overall style of the sweater is casual and comfortable. The background is plain white.""}",false,true,true
Ladieswear || Sweater || Knitwear || Beige || Melange,data\generated\n9\ladieswear_sweater_knitwear_beige_melange\s0.35_seed43.png,0.35,43,17,0.8932080864906311,0.8371862663942224,0.9664748013019562,0.9041306674480438,true,0.9227361679077148,0.9204578399658203,0.9825984597206116,0.9469841361045838,true,true,0.9204578399658203,0.8352220177650451,true,0.7785730004310608,true,matched,0.2833333333333333,false,"{""product_type"": ""Turtleneck."", ""colour_family"": ""Beige."", ""graphical_treatment"": ""Solid.""}",YY,true,true,0.5666666666666667,true,"{""product_type"": ""The image is of a beige-colored sweater with a high neck and long sleeves. The sweater appears to be made of a ribbed knit fabric and has a round neckline. The sleeves are ribbed and have a dark brown color. The overall style of the sweater is casual and comfortable. The background is plain white, making the sweater stand out."", ""colour_family"": ""The image is of a beige-colored sweater with a high neck and long sleeves. The sweater appears to be made of a ribbed knit fabric and has a round neckline. The sleeves are ribbed and have a dark brown color. The overall style of the sweater is casual and comfortable. The background is plain white, making the sweater stand out."", ""graphical_treatment"": ""The image is of a beige-colored sweater with a high neck and long sleeves. The sweater appears to be made of a ribbed knit fabric and has a round neckline. The sleeves are ribbed and have a dark brown color. The overall style of the sweater is casual and comfortable. The background is plain white, making the sweater stand out.""}",false,true,true
Ladieswear || Sweater || Knitwear || Beige || Melange,data\generated\n9\ladieswear_sweater_knitwear_beige_melange\s0.35_seed44.png,0.35,44,17,0.904360690537621,0.8360951998654533,0.9664748013019562,0.9041306674480438,true,0.9389216899871826,0.9131505489349365,0.9825984597206116,0.9469841361045838,true,true,0.9131505489349365,0.8352220177650451,true,0.7785730004310608,true,matched,0.0,false,"{""product_type"": ""Turtleneck."", ""colour_family"": ""Brown."", ""graphical_treatment"": ""Solid.""}",YY,true,true,0.5666666666666667,true,"{""product_type"": ""The image is of a beige-colored sweater with a high neck and long sleeves. The sweater appears to be made of a ribbed knit fabric and has a round neckline. The sleeves are ribbed and have a dark brown color. The overall style of the sweater is casual and comfortable. The background is plain white."", ""colour_family"": ""The image is of a beige-colored sweater with a high neck and long sleeves. The sweater appears to be made of a ribbed knit fabric and has a round neckline. The sleeves are ribbed and have a dark brown color. The overall style of the sweater is casual and comfortable. The background is plain white."", ""graphical_treatment"": ""The image is of a beige-colored sweater with a high neck and long sleeves. The sweater appears to be made of a ribbed knit fabric and has a round neckline. The sleeves are ribbed and have a dark brown color. The overall style of the sweater is casual and comfortable. The background is plain white.""}",false,true,true
Ladieswear || Sweater || Knitwear || Beige || Melange,data\generated\n9\ladieswear_sweater_knitwear_beige_melange\s0.35_seed45.png,0.35,45,17,0.925444294424618,0.829064362189349,0.9664748013019562,0.9041306674480438,true,0.949120283126831,0.90105801820755,0.9825984597206116,0.9469841361045838,true,true,0.90105801820755,0.8352220177650451,true,0.7785730004310608,true,matched,0.5666666666666667,true,"{""product_type"": ""Sweater."", ""colour_family"": ""Beige."", ""graphical_treatment"": ""Solid.""}",YY,true,true,0.5666666666666667,true,"{""product_type"": ""The image is of a beige-colored sweater with a high neck and long sleeves. The sweater has a ribbed texture and appears to be made of a soft, knitted material. The collar of the sweater is a darker shade of beige and has a small white label with the brand name \""J.Crew\"" written on it. The sleeves are ribbed and have a slightly longer length. The overall style of the outfit is casual and comfortable."", ""colour_family"": ""The image is of a beige-colored sweater with a high neck and long sleeves. The sweater has a ribbed texture and appears to be made of a soft, knitted material. The collar of the sweater is a darker shade of beige and has a small white label with the brand name \""J.Crew\"" written on it. The sleeves are ribbed and have a slightly longer length. The overall style of the outfit is casual and comfortable."", ""graphical_treatment"": ""The image is of a beige-colored sweater with a high neck and long sleeves. The sweater has a ribbed texture and appears to be made of a soft, knitted material. The collar of the sweater is a darker shade of beige and has a small white label with the brand name \""J.Crew\"" written on it. The sleeves are ribbed and have a slightly longer length. The overall style of the outfit is casual and comfortable.""}",true,true,true
Ladieswear || Sweater || Knitwear || Beige || Melange,data\generated\n9\ladieswear_sweater_knitwear_beige_melange\s0.35_seed46.png,0.35,46,17,0.8859918117523193,0.8164560058537651,0.9664748013019562,0.9041306674480438,true,0.9237649440765381,0.891227126121521,0.9825984597206116,0.9469841361045838,true,true,0.891227126121521,0.8352220177650451,true,0.7785730004310608,true,matched,0.0,false,"{""product_type"": ""Turtleneck."", ""colour_family"": ""Brown."", ""graphical_treatment"": ""Solid.""}",YY,true,true,0.5666666666666667,true,"{""product_type"": ""The image is of a beige-colored turtleneck sweater. The sweater has a ribbed texture and appears to be made of a soft, knitted material. It has a high neckline and long sleeves. The color of the sweater is a warm, earthy beige. The background is plain white, making the sweater the focal point of the image."", ""colour_family"": ""The image is of a beige-colored turtleneck sweater. The sweater has a ribbed texture and appears to be made of a soft, knitted material. It has a high neckline and long sleeves. The color of the sweater is a warm, earthy beige. The background is plain white, making the sweater the focal point of the image."", ""graphical_treatment"": ""The image is of a beige-colored turtleneck sweater. The sweater has a ribbed texture and appears to be made of a soft, knitted material. It has a high neckline and long sleeves. The color of the sweater is a warm, earthy beige. The background is plain white, making the sweater the focal point of the image.""}",false,true,true
Ladieswear || Sweater || Knitwear || Beige || Melange,data\generated\n9\ladieswear_sweater_knitwear_beige_melange\s0.35_seed47.png,0.35,47,17,0.9042657683877384,0.8385045002488529,0.9664748013019562,0.9041306674480438,true,0.9406487345695496,0.9159266352653503,0.9825984597206116,0.9469841361045838,true,true,0.9159266352653503,0.8352220177650451,true,0.7785730004310608,true,matched,0.0,false,"{""product_type"": ""Turtleneck."", ""colour_family"": ""Brown."", ""graphical_treatment"": ""Solid.""}",YY,true,true,0.5666666666666667,true,"{""product_type"": ""The image is of a beige-colored sweater with a high neck and long sleeves. The sweater appears to be made of a ribbed knit fabric and has a relaxed fit. The neckline is high and the sleeves are ribbed, giving the sweater a casual and relaxed look. The color of the sweater is a warm, earthy beige with a subtle brown stripe running down the center of the neckline. The sleeves are slightly longer than the waistline and"", ""colour_family"": ""The image is of a beige-colored sweater with a high neck and long sleeves. The sweater appears to be made of a ribbed knit fabric and has a relaxed fit. The neckline is high and the sleeves are ribbed, giving the sweater a casual and relaxed look. The color of the sweater is a warm, earthy beige with a subtle brown stripe running down the center of the neckline. The sleeves are slightly longer than the waistline and"", ""graphical_treatment"": ""The image is of a beige-colored sweater with a high neck and long sleeves. The sweater appears to be made of a ribbed knit fabric and has a relaxed fit. The neckline is high and the sleeves are ribbed, giving the sweater a casual and relaxed look. The color of the sweater is a warm, earthy beige with a subtle brown stripe running down the center of the neckline. The sleeves are slightly longer than the waistline and""}",false,true,true
Ladieswear || Sweater || Knitwear || Beige || Melange,data\generated\n9\ladieswear_sweater_knitwear_beige_melange\s0.35_seed48.png,0.35,48,17,0.9133614582173964,0.8396260457880357,0.9664748013019562,0.9041306674480438,true,0.954775333404541,0.9191216230392456,0.9825984597206116,0.9469841361045838,true,true,0.9191216230392456,0.8352220177650451,true,0.7785730004310608,true,matched,0.0,false,"{""product_type"": ""Turtleneck."", ""colour_family"": ""Brown."", ""graphical_treatment"": ""Solid.""}",YY,true,true,0.5666666666666667,true,"{""product_type"": ""The image is of a beige-colored sweater with a high neck and long sleeves. The sweater appears to be made of a ribbed knit fabric and has a relaxed fit. The neckline is turtleneck-style and the sleeves are ribbed for added warmth and comfort. The color of the sweater is a warm, earthy beige with a subtle brown stripe running down the center of the neckline. The sleeves are slightly rolled up at the elbows and"", ""colour_family"": ""The image is of a beige-colored sweater with a high neck and long sleeves. The sweater appears to be made of a ribbed knit fabric and has a relaxed fit. The neckline is turtleneck-style and the sleeves are ribbed for added warmth and comfort. The color of the sweater is a warm, earthy beige with a subtle brown stripe running down the center of the neckline. The sleeves are slightly rolled up at the elbows and"", ""graphical_treatment"": ""The image is of a beige-colored sweater with a high neck and long sleeves. The sweater appears to be made of a ribbed knit fabric and has a relaxed fit. The neckline is turtleneck-style and the sleeves are ribbed for added warmth and comfort. The color of the sweater is a warm, earthy beige with a subtle brown stripe running down the center of the neckline. The sleeves are slightly rolled up at the elbows and""}",false,true,true
Ladieswear || Sweater || Knitwear || Beige || Melange,data\generated\n9\ladieswear_sweater_knitwear_beige_melange\s0.35_seed49.png,0.35,49,17,0.8953587518018835,0.8389977707582361,0.9664748013019562,0.9041306674480438,true,0.9277219176292419,0.9189712405204773,0.9825984597206116,0.9469841361045838,true,true,0.9189712405204773,0.8352220177650451,true,0.7785730004310608,true,matched,0.0,false,"{""product_type"": ""T-shirt."", ""colour_family"": ""Brown."", ""graphical_treatment"": ""Solid.""}",YY,true,true,0.5666666666666667,true,"{""product_type"": ""The image is of a beige-colored sweater with a high neck and long sleeves. The sweater appears to be made of a ribbed knit fabric and has a round neckline. The sleeves are ribbed and have a dark brown color. There is a small label on the front of the sweater with the brand name \""J.Crew\"" written in white. The background is plain white."", ""colour_family"": ""The image is of a beige-colored sweater with a high neck and long sleeves. The sweater appears to be made of a ribbed knit fabric and has a round neckline. The sleeves are ribbed and have a dark brown color. There is a small label on the front of the sweater with the brand name \""J.Crew\"" written in white. The background is plain white."", ""graphical_treatment"": ""The image is of a beige-colored sweater with a high neck and long sleeves. The sweater appears to be made of a ribbed knit fabric and has a round neckline. The sleeves are ribbed and have a dark brown color. There is a small label on the front of the sweater with the brand name \""J.Crew\"" written in white. The background is plain white.""}",false,true,true
Ladieswear || Sweater || Knitwear || Beige || Melange,data\generated\n9\ladieswear_sweater_knitwear_beige_melange\s0.35_seed50.png,0.35,50,17,0.9031939962330986,0.8337929914979374,0.9664748013019562,0.9041306674480438,true,0.9316081404685974,0.9147847294807434,0.9825984597206116,0.9469841361045838,true,true,0.9147847294807434,0.8352220177650451,true,0.7785730004310608,true,matched,0.2833333333333333,false,"{""product_type"": ""Turtleneck."", ""colour_family"": ""Beige."", ""graphical_treatment"": ""Solid.""}",YY,true,true,0.5666666666666667,true,"{""product_type"": ""The image is of a beige-colored turtleneck sweater. The sweater has a round neckline and long sleeves. It appears to be made of a soft, knitted material and has a ribbed texture. The sleeves are ribbed and have a dark brown color. The background is plain white, making the sweater the focal point of the image."", ""colour_family"": ""The image is of a beige-colored turtleneck sweater. The sweater has a round neckline and long sleeves. It appears to be made of a soft, knitted material and has a ribbed texture. The sleeves are ribbed and have a dark brown color. The background is plain white, making the sweater the focal point of the image."", ""graphical_treatment"": ""The image is of a beige-colored turtleneck sweater. The sweater has a round neckline and long sleeves. It appears to be made of a soft, knitted material and has a ribbed texture. The sleeves are ribbed and have a dark brown color. The background is plain white, making the sweater the focal point of the image.""}",false,true,true
Ladieswear || Sweater || Knitwear || Beige || Melange,data\generated\n9\ladieswear_sweater_knitwear_beige_melange\s0.35_seed51.png,0.35,51,17,0.9188347388716305,0.8319001443245831,0.9664748013019562,0.9041306674480438,true,0.9472322463989258,0.9130327105522156,0.9825984597206116,0.9469841361045838,true,true,0.9130327105522156,0.8352220177650451,true,0.7785730004310608,true,matched,0.5666666666666667,true,"{""product_type"": ""Sweater."", ""colour_family"": ""Beige."", ""graphical_treatment"": ""Solid.""}",YY,true,true,0.5666666666666667,true,"{""product_type"": ""The image is of a beige-colored sweater with a high collar and long sleeves. The sweater appears to be made of a soft, knitted material and has a ribbed texture. The collar is a dark brown color and is slightly curved at the top. The sleeves are ribbed and have a slightly longer length. The overall style of the sweater is casual and comfortable."", ""colour_family"": ""The image is of a beige-colored sweater with a high collar and long sleeves. The sweater appears to be made of a soft, knitted material and has a ribbed texture. The collar is a dark brown color and is slightly curved at the top. The sleeves are ribbed and have a slightly longer length. The overall style of the sweater is casual and comfortable."", ""graphical_treatment"": ""The image is of a beige-colored sweater with a high collar and long sleeves. The sweater appears to be made of a soft, knitted material and has a ribbed texture. The collar is a dark brown color and is slightly curved at the top. The sleeves are ribbed and have a slightly longer length. The overall style of the sweater is casual and comfortable.""}",true,true,true
Ladieswear || Sweater || Knitwear || Beige || Melange,data\generated\n9\ladieswear_sweater_knitwear_beige_melange\s0.35_seed52.png,0.35,52,17,0.9069055494140176,0.823555027737337,0.9664748013019562,0.9041306674480438,true,0.941821813583374,0.8977541923522949,0.9825984597206116,0.9469841361045838,true,true,0.8977541923522949,0.8352220177650451,true,0.7785730004310608,true,matched,0.2833333333333333,false,"{""product_type"": ""Turtleneck."", ""colour_family"": ""Beige."", ""graphical_treatment"": ""Solid.""}",YY,true,true,0.5666666666666667,true,"{""product_type"": ""The image is of a beige-colored sweater with a high neck and long sleeves. The sweater has a ribbed texture and appears to be made of a soft, knitted material. The collar of the sweater is a dark brown color and is cinched at the waist with a darker brown trim. The sleeves are ribbed and have a slightly longer length. The background is a plain beige color."", ""colour_family"": ""The image is of a beige-colored sweater with a high neck and long sleeves. The sweater has a ribbed texture and appears to be made of a soft, knitted material. The collar of the sweater is a dark brown color and is cinched at the waist with a darker brown trim. The sleeves are ribbed and have a slightly longer length. The background is a plain beige color."", ""graphical_treatment"": ""The image is of a beige-colored sweater with a high neck and long sleeves. The sweater has a ribbed texture and appears to be made of a soft, knitted material. The collar of the sweater is a dark brown color and is cinched at the waist with a darker brown trim. The sleeves are ribbed and have a slightly longer length. The background is a plain beige color.""}",false,true,true
Ladieswear || Sweater || Knitwear || Beige || Melange,data\generated\n9\ladieswear_sweater_knitwear_beige_melange\s0.35_seed53.png,0.35,53,17,0.8847346340908724,0.8300153017044067,0.9664748013019562,0.9041306674480438,true,0.9285433292388916,0.8924258947372437,0.9825984597206116,0.9469841361045838,true,true,0.8924258947372437,0.8352220177650451,true,0.7785730004310608,true,matched,0.0,false,"{""product_type"": ""Turtleneck."", ""colour_family"": ""Brown."", ""graphical_treatment"": ""Solid.""}",YY,true,true,0.5666666666666667,true,"{""product_type"": ""The image shows a beige-colored sweater with a high neck and long sleeves. The sweater appears to be made of a soft, ribbed knit fabric and has a ribbed texture. The neckline is cinched at the waist with a dark brown trim. The sleeves are ribbed and have a slightly longer length. The overall style of the sweater is casual and comfortable. The background is a plain grey wall."", ""colour_family"": ""The image shows a beige-colored sweater with a high neck and long sleeves. The sweater appears to be made of a soft, ribbed knit fabric and has a ribbed texture. The neckline is cinched at the waist with a dark brown trim. The sleeves are ribbed and have a slightly longer length. The overall style of the sweater is casual and comfortable. The background is a plain grey wall."", ""graphical_treatment"": ""The image shows a beige-colored sweater with a high neck and long sleeves. The sweater appears to be made of a soft, ribbed knit fabric and has a ribbed texture. The neckline is cinched at the waist with a dark brown trim. The sleeves are ribbed and have a slightly longer length. The overall style of the sweater is casual and comfortable. The background is a plain grey wall.""}",false,true,true
Ladieswear || Sweater || Knitwear || Beige || Melange,data\generated\n9\ladieswear_sweater_knitwear_beige_melange\s0.35_seed54.png,0.35,54,17,0.9070282297975877,0.8392501052688149,0.9664748013019562,0.9041306674480438,true,0.9339447021484375,0.9194283485412598,0.9825984597206116,0.9469841361045838,true,true,0.9194283485412598,0.8352220177650451,true,0.7785730004310608,true,matched,0.2833333333333333,false,"{""product_type"": ""T-shirt."", ""colour_family"": ""Beige."", ""graphical_treatment"": ""Solid.""}",YY,true,true,0.5666666666666667,true,"{""product_type"": ""The image is of a beige-colored sweater with a high neck and long sleeves. The sweater appears to be made of a ribbed knit fabric and has a round neckline. The sleeves are ribbed and have a dark brown color. The overall style of the sweater is casual and comfortable. The background is plain white, making the sweater stand out."", ""colour_family"": ""The image is of a beige-colored sweater with a high neck and long sleeves. The sweater appears to be made of a ribbed knit fabric and has a round neckline. The sleeves are ribbed and have a dark brown color. The overall style of the sweater is casual and comfortable. The background is plain white, making the sweater stand out."", ""graphical_treatment"": ""The image is of a beige-colored sweater with a high neck and long sleeves. The sweater appears to be made of a ribbed knit fabric and has a round neckline. The sleeves are ribbed and have a dark brown color. The overall style of the sweater is casual and comfortable. The background is plain white, making the sweater stand out.""}",false,true,true
Ladieswear || Sweater || Knitwear || Beige || Melange,data\generated\n9\ladieswear_sweater_knitwear_beige_melange\s0.35_seed55.png,0.35,55,17,0.9088025794309729,0.8306758754393634,0.9664748013019562,0.9041306674480438,true,0.9357290267944336,0.9039310216903687,0.9825984597206116,0.9469841361045838,true,true,0.9039310216903687,0.8352220177650451,true,0.7785730004310608,true,matched,0.2833333333333333,false,"{""product_type"": ""T-shirt."", ""colour_family"": ""Beige."", ""graphical_treatment"": ""Solid.""}",YY,true,true,0.5666666666666667,true,"{""product_type"": ""The image is of a beige-colored sweater with a high neck and long sleeves. The sweater appears to be made of a soft, knitted material and has a ribbed texture. The neckline is a dark brown color and is cinched at the waist with a brown trim. The sleeves are ribbed and have a slightly longer length. The overall style of the sweater is casual and comfortable."", ""colour_family"": ""The image is of a beige-colored sweater with a high neck and long sleeves. The sweater appears to be made of a soft, knitted material and has a ribbed texture. The neckline is a dark brown color and is cinched at the waist with a brown trim. The sleeves are ribbed and have a slightly longer length. The overall style of the sweater is casual and comfortable."", ""graphical_treatment"": ""The image is of a beige-colored sweater with a high neck and long sleeves. The sweater appears to be made of a soft, knitted material and has a ribbed texture. The neckline is a dark brown color and is cinched at the waist with a brown trim. The sleeves are ribbed and have a slightly longer length. The overall style of the sweater is casual and comfortable.""}",false,true,true
Ladieswear || Sweater || Knitwear || Beige || Melange,data\generated\n9\ladieswear_sweater_knitwear_beige_melange\s0.35_seed56.png,0.35,56,17,0.9036343413240769,0.831000829444212,0.9664748013019562,0.9041306674480438,true,0.9305115938186646,0.9136204123497009,0.9825984597206116,0.9469841361045838,true,true,0.9136204123497009,0.8352220177650451,true,0.7785730004310608,true,matched,0.2833333333333333,false,"{""product_type"": ""Turtleneck."", ""colour_family"": ""Beige."", ""graphical_treatment"": ""Solid.""}",YY,true,true,0.5666666666666667,true,"{""product_type"": ""The image is of a beige-colored sweater with a high neck and long sleeves. The sweater appears to be made of a ribbed knit fabric and has a round neckline. The color of the sweater is a light beige with a darker brown color on the collar and sleeves. It is laid flat on a plain white background."", ""colour_family"": ""The image is of a beige-colored sweater with a high neck and long sleeves. The sweater appears to be made of a ribbed knit fabric and has a round neckline. The color of the sweater is a light beige with a darker brown color on the collar and sleeves. It is laid flat on a plain white background."", ""graphical_treatment"": ""The image is of a beige-colored sweater with a high neck and long sleeves. The sweater appears to be made of a ribbed knit fabric and has a round neckline. The color of the sweater is a light beige with a darker brown color on the collar and sleeves. It is laid flat on a plain white background.""}",false,true,true
Ladieswear || Sweater || Knitwear || Beige || Melange,data\generated\n9\ladieswear_sweater_knitwear_beige_melange\s0.35_seed57.png,0.35,57,17,0.8803083405775183,0.8348909300916335,0.9664748013019562,0.9041306674480438,true,0.9098076224327087,0.9162656664848328,0.9825984597206116,0.9469841361045838,true,true,0.9162656664848328,0.8352220177650451,true,0.7785730004310608,true,matched,0.2833333333333333,false,"{""product_type"": ""T-shirt."", ""colour_family"": ""Beige."", ""graphical_treatment"": ""Solid.""}",YN,false,true,0.5666666666666667,true,"{""product_type"": ""The image is of a beige-colored turtleneck sweater. The sweater has a ribbed texture and appears to be made of a soft, knitted material. It has a high neckline and long sleeves. The color of the sweater is a light beige, and it is displayed on a plain white background."", ""colour_family"": ""The image is of a beige-colored turtleneck sweater. The sweater has a ribbed texture and appears to be made of a soft, knitted material. It has a high neckline and long sleeves. The color of the sweater is a light beige, and it is displayed on a plain white background."", ""graphical_treatment"": ""The image is of a beige-colored turtleneck sweater. The sweater has a ribbed texture and appears to be made of a soft, knitted material. It has a high neckline and long sleeves. The color of the sweater is a light beige, and it is displayed on a plain white background.""}",false,true,false
Ladieswear || Sweater || Knitwear || Beige || Melange,data\generated\n9\ladieswear_sweater_knitwear_beige_melange\s0.35_seed58.png,0.35,58,17,0.8999715307179619,0.8435895513085758,0.9664748013019562,0.9041306674480438,true,0.9348013997077942,0.9224816560745239,0.9825984597206116,0.9469841361045838,true,true,0.9224816560745239,0.8352220177650451,true,0.7785730004310608,true,matched,0.0,false,"{""product_type"": ""T-shirt."", ""colour_family"": ""Brown."", ""graphical_treatment"": ""Solid.""}",YY,true,true,0.5666666666666667,true,"{""product_type"": ""The image is of a beige-colored sweater with a high neck and long sleeves. The sweater has a ribbed texture and appears to be made of a soft, knitted material. The collar of the sweater is a dark brown color and is cinched at the waist with a small white label. The sleeves are ribbed and have a slightly longer length. The overall style of the outfit is casual and comfortable."", ""colour_family"": ""The image is of a beige-colored sweater with a high neck and long sleeves. The sweater has a ribbed texture and appears to be made of a soft, knitted material. The collar of the sweater is a dark brown color and is cinched at the waist with a small white label. The sleeves are ribbed and have a slightly longer length. The overall style of the outfit is casual and comfortable."", ""graphical_treatment"": ""The image is of a beige-colored sweater with a high neck and long sleeves. The sweater has a ribbed texture and appears to be made of a soft, knitted material. The collar of the sweater is a dark brown color and is cinched at the waist with a small white label. The sleeves are ribbed and have a slightly longer length. The overall style of the outfit is casual and comfortable.""}",false,true,true
Ladieswear || Sweater || Knitwear || Beige || Melange,data\generated\n9\ladieswear_sweater_knitwear_beige_melange\s0.35_seed59.png,0.35,59,17,0.9118054719532237,0.8482091321664698,0.9664748013019562,0.9041306674480438,true,0.944577693939209,0.9196179509162903,0.9825984597206116,0.9469841361045838,true,true,0.9196179509162903,0.8352220177650451,true,0.7785730004310608,true,matched,0.2833333333333333,false,"{""product_type"": ""Turtleneck."", ""colour_family"": ""Beige."", ""graphical_treatment"": ""Solid.""}",YY,true,true,0.5666666666666667,true,"{""product_type"": ""The image shows a beige-colored sweater with a high neck and long sleeves. The sweater appears to be made of a ribbed knit fabric and has a round neckline. The sleeves are ribbed and have a dark brown color. The neckline is cinched at the waist with a small white label. The overall style of the sweater is casual and relaxed. The background is plain white."", ""colour_family"": ""The image shows a beige-colored sweater with a high neck and long sleeves. The sweater appears to be made of a ribbed knit fabric and has a round neckline. The sleeves are ribbed and have a dark brown color. The neckline is cinched at the waist with a small white label. The overall style of the sweater is casual and relaxed. The background is plain white."", ""graphical_treatment"": ""The image shows a beige-colored sweater with a high neck and long sleeves. The sweater appears to be made of a ribbed knit fabric and has a round neckline. The sleeves are ribbed and have a dark brown color. The neckline is cinched at the waist with a small white label. The overall style of the sweater is casual and relaxed. The background is plain white.""}",false,true,true
Ladieswear || Sweater || Knitwear || Beige || Melange,data\generated\n9\ladieswear_sweater_knitwear_beige_melange\s0.35_seed60.png,0.35,60,17,0.8971081691629746,0.8262277035152211,0.9664748013019562,0.9041306674480438,true,0.9208651185035706,0.8988047242164612,0.9825984597206116,0.9469841361045838,true,true,0.8988047242164612,0.8352220177650451,true,0.7785730004310608,true,matched,0.2833333333333333,false,"{""product_type"": ""Turtleneck."", ""colour_family"": ""Beige."", ""graphical_treatment"": ""Solid.""}",YY,true,true,0.5666666666666667,true,"{""product_type"": ""The image is of a beige turtleneck sweater. The sweater has a ribbed texture and is made of a soft, warm material. It has a high neckline and long sleeves. The sleeves are ribbed and have a dark brown color. The overall style of the sweater is casual and comfortable."", ""colour_family"": ""The image is of a beige turtleneck sweater. The sweater has a ribbed texture and is made of a soft, warm material. It has a high neckline and long sleeves. The sleeves are ribbed and have a dark brown color. The overall style of the sweater is casual and comfortable."", ""graphical_treatment"": ""The image is of a beige turtleneck sweater. The sweater has a ribbed texture and is made of a soft, warm material. It has a high neckline and long sleeves. The sleeves are ribbed and have a dark brown color. The overall style of the sweater is casual and comfortable.""}",false,true,true
Ladieswear || Sweater || Knitwear || Beige || Melange,data\generated\n9\ladieswear_sweater_knitwear_beige_melange\s0.35_seed61.png,0.35,61,17,0.8960132493692285,0.8516234755516052,0.9664748013019562,0.9041306674480438,true,0.9283731579780579,0.9217576384544373,0.9825984597206116,0.9469841361045838,true,true,0.9217576384544373,0.8352220177650451,true,0.7785730004310608,true,matched,0.0,false,"{""product_type"": ""Turtleneck."", ""colour_family"": ""Brown."", ""graphical_treatment"": ""Solid.""}",YY,true,true,0.5666666666666667,true,"{""product_type"": ""The image is of a beige-colored turtleneck sweater. The sweater has a ribbed texture and appears to be made of a soft, knitted material. It has a round neckline and long sleeves. The sleeves are slightly rolled up at the elbows, giving the sweater a relaxed and casual look. The color of the sweater is a warm, earthy beige. The background is plain white, making the sweater stand out."", ""colour_family"": ""The image is of a beige-colored turtleneck sweater. The sweater has a ribbed texture and appears to be made of a soft, knitted material. It has a round neckline and long sleeves. The sleeves are slightly rolled up at the elbows, giving the sweater a relaxed and casual look. The color of the sweater is a warm, earthy beige. The background is plain white, making the sweater stand out."", ""graphical_treatment"": ""The image is of a beige-colored turtleneck sweater. The sweater has a ribbed texture and appears to be made of a soft, knitted material. It has a round neckline and long sleeves. The sleeves are slightly rolled up at the elbows, giving the sweater a relaxed and casual look. The color of the sweater is a warm, earthy beige. The background is plain white, making the sweater stand out.""}",false,true,true
Ladieswear || Sweater || Knitwear || Beige || Melange,data\generated\n9\ladieswear_sweater_knitwear_beige_melange\s0.35_seed62.png,0.35,62,17,0.8800126454409432,0.8302502702264225,0.9664748013019562,0.9041306674480438,true,0.9255472421646118,0.9018346071243286,0.9825984597206116,0.9469841361045838,true,true,0.9018346071243286,0.8352220177650451,true,0.7785730004310608,true,matched,0.2833333333333333,false,"{""product_type"": ""Turtleneck."", ""colour_family"": ""Beige."", ""graphical_treatment"": ""Solid.""}",YN,false,true,0.5666666666666667,true,"{""product_type"": ""The image is of a beige turtleneck sweater. The sweater is made of a ribbed knit fabric and has a high neckline. It has a round neckline and long sleeves. The color of the sweater is a light beige, and it appears to be a casual, relaxed style. The background is a plain beige color, making the sweater the focal point of the image."", ""colour_family"": ""The image is of a beige turtleneck sweater. The sweater is made of a ribbed knit fabric and has a high neckline. It has a round neckline and long sleeves. The color of the sweater is a light beige, and it appears to be a casual, relaxed style. The background is a plain beige color, making the sweater the focal point of the image."", ""graphical_treatment"": ""The image is of a beige turtleneck sweater. The sweater is made of a ribbed knit fabric and has a high neckline. It has a round neckline and long sleeves. The color of the sweater is a light beige, and it appears to be a casual, relaxed style. The background is a plain beige color, making the sweater the focal point of the image.""}",false,true,false
Ladieswear || Sweater || Knitwear || Beige || Melange,data\generated\n9\ladieswear_sweater_knitwear_beige_melange\s0.35_seed63.png,0.35,63,17,0.9003156984553617,0.8467680636574241,0.9664748013019562,0.9041306674480438,true,0.9336482882499695,0.9277350902557373,0.9825984597206116,0.9469841361045838,true,true,0.9277350902557373,0.8352220177650451,true,0.7785730004310608,true,matched,0.2833333333333333,false,"{""product_type"": ""Sweater."", ""colour_family"": ""BEAN."", ""graphical_treatment"": ""Solid.""}",YY,true,true,0.5666666666666667,true,"{""product_type"": ""The image is of a beige-colored sweater with a high neck and long sleeves. The sweater has a ribbed texture and appears to be made of a soft, knitted material. The collar of the sweater is a dark brown color and is cinched at the waist with a small white label. The sleeves are ribbed and have a darker brown stripe running down the center. The overall style of the outfit is casual and comfortable."", ""colour_family"": ""The image is of a beige-colored sweater with a high neck and long sleeves. The sweater has a ribbed texture and appears to be made of a soft, knitted material. The collar of the sweater is a dark brown color and is cinched at the waist with a small white label. The sleeves are ribbed and have a darker brown stripe running down the center. The overall style of the outfit is casual and comfortable."", ""graphical_treatment"": ""The image is of a beige-colored sweater with a high neck and long sleeves. The sweater has a ribbed texture and appears to be made of a soft, knitted material. The collar of the sweater is a dark brown color and is cinched at the waist with a small white label. The sleeves are ribbed and have a darker brown stripe running down the center. The overall style of the outfit is casual and comfortable.""}",false,true,true
Ladieswear || Sweater || Knitwear || Beige || Melange,data\generated\n9\ladieswear_sweater_knitwear_beige_melange\s0.35_seed64.png,0.35,64,17,0.8912732180427102,0.8222460676642025,0.9664748013019562,0.9041306674480438,true,0.9241291284561157,0.8917638659477234,0.9825984597206116,0.9469841361045838,true,true,0.8917638659477234,0.8352220177650451,true,0.7785730004310608,true,matched,0.2833333333333333,false,"{""product_type"": ""Turtleneck."", ""colour_family"": ""Beige."", ""graphical_treatment"": ""Solid.""}",YY,true,true,0.5666666666666667,true,"{""product_type"": ""The image is of a beige turtleneck sweater. The sweater has a ribbed texture and is made of a soft, warm material. It has a high neckline and long sleeves. The sleeves are ribbed and have a dark brown color. The overall style of the sweater is casual and comfortable."", ""colour_family"": ""The image is of a beige turtleneck sweater. The sweater has a ribbed texture and is made of a soft, warm material. It has a high neckline and long sleeves. The sleeves are ribbed and have a dark brown color. The overall style of the sweater is casual and comfortable."", ""graphical_treatment"": ""The image is of a beige turtleneck sweater. The sweater has a ribbed texture and is made of a soft, warm material. It has a high neckline and long sleeves. The sleeves are ribbed and have a dark brown color. The overall style of the sweater is casual and comfortable.""}",false,true,true
Ladieswear || Sweater || Knitwear || Beige || Melange,data\generated\n9\ladieswear_sweater_knitwear_beige_melange\s0.35_seed65.png,0.35,65,17,0.9057965804548824,0.8334045445217806,0.9664748013019562,0.9041306674480438,true,0.9392169713973999,0.9111773371696472,0.9825984597206116,0.9469841361045838,true,true,0.9111773371696472,0.8352220177650451,true,0.7785730004310608,true,matched,0.2833333333333333,false,"{""product_type"": ""Turtleneck."", ""colour_family"": ""Beige."", ""graphical_treatment"": ""Solid.""}",YY,true,true,0.5666666666666667,true,"{""product_type"": ""The image is of a beige turtleneck sweater. The sweater has a ribbed texture and is made of a soft, warm material. It has a high neckline and long sleeves. The sleeves are ribbed and have a dark brown color. The overall style of the sweater is casual and comfortable."", ""colour_family"": ""The image is of a beige turtleneck sweater. The sweater has a ribbed texture and is made of a soft, warm material. It has a high neckline and long sleeves. The sleeves are ribbed and have a dark brown color. The overall style of the sweater is casual and comfortable."", ""graphical_treatment"": ""The image is of a beige turtleneck sweater. The sweater has a ribbed texture and is made of a soft, warm material. It has a high neckline and long sleeves. The sleeves are ribbed and have a dark brown color. The overall style of the sweater is casual and comfortable.""}",false,true,true
Ladieswear || Dress || Dresses Ladies || Red || Solid,data\generated\n9\ladieswear_dress_dresses-ladies_red_solid\s0.35_seed42.png,0.35,42,25,0.8352795743942261,0.6613510417938232,0.9505268812179566,0.8402593493461609,true,0.8937718272209167,0.7506771087646484,0.9740213394165039,0.9010064125061035,true,true,0.7506771087646484,0.7542705535888672,false,0.7785730004310608,false,matched,0.2833333333333333,false,"{""product_type"": ""Dress."", ""colour_family"": ""Orange."", ""graphical_treatment"": ""Striped.""}",YY,true,true,0.5666666666666667,true,"{""product_type"": ""The image is of a red and white striped dress. The dress has a square neckline with puff sleeves and a belt cinching the waist. The stripes are vertical and run horizontally across the dress, creating a striped pattern. The skirt of the dress is flared and falls below the knees. The fabric appears to be lightweight and flowy, perfect for a summer day."", ""colour_family"": ""The image is of a red and white striped dress. The dress has a square neckline with puff sleeves and a belt cinching the waist. The stripes are vertical and run horizontally across the dress, creating a striped pattern. The skirt of the dress is flared and falls below the knees. The fabric appears to be lightweight and flowy, perfect for a summer day."", ""graphical_treatment"": ""The image is of a red and white striped dress. The dress has a square neckline with puff sleeves and a belt cinching the waist. The stripes are vertical and run horizontally across the dress, creating a striped pattern. The skirt of the dress is flared and falls below the knees. The fabric appears to be lightweight and flowy, perfect for a summer day.""}",false,true,true
Ladieswear || Dress || Dresses Ladies || Red || Solid,data\generated\n9\ladieswear_dress_dresses-ladies_red_solid\s0.35_seed43.png,0.35,43,25,0.8558828902244567,0.7038336169719696,0.9505268812179566,0.8402593493461609,true,0.9130187034606934,0.8365831971168518,0.9740213394165039,0.9010064125061035,true,true,0.8365831971168518,0.7542705535888672,true,0.7785730004310608,true,matched,0.85,true,"{""product_type"": ""Dress."", ""colour_family"": ""Red."", ""graphical_treatment"": ""Solid.""}",YY,true,true,0.5666666666666667,true,"{""product_type"": ""The image shows a red dress hanging on a wooden hanger against a plain white background. The dress has a square neckline with puff sleeves and a tie waist at the waist. It appears to be made of a lightweight fabric and has a flowy skirt that falls to the floor. The hanger is made of wood and is attached to the hanger with a hook."", ""colour_family"": ""The image shows a red dress hanging on a wooden hanger against a plain white background. The dress has a square neckline with puff sleeves and a tie waist at the waist. It appears to be made of a lightweight fabric and has a flowy skirt that falls to the floor. The hanger is made of wood and is attached to the hanger with a hook."", ""graphical_treatment"": ""The image shows a red dress hanging on a wooden hanger against a plain white background. The dress has a square neckline with puff sleeves and a tie waist at the waist. It appears to be made of a lightweight fabric and has a flowy skirt that falls to the floor. The hanger is made of wood and is attached to the hanger with a hook.""}",true,true,true
Ladieswear || Dress || Dresses Ladies || Red || Solid,data\generated\n9\ladieswear_dress_dresses-ladies_red_solid\s0.35_seed44.png,0.35,44,25,0.8813449549674988,0.7232677972316742,0.9505268812179566,0.8402593493461609,true,0.9366931915283203,0.8472558259963989,0.9740213394165039,0.9010064125061035,true,true,0.8472558259963989,0.7542705535888672,true,0.7785730004310608,true,matched,0.85,true,"{""product_type"": ""Dress."", ""colour_family"": ""Red."", ""graphical_treatment"": ""Solid.""}",YY,true,true,0.5666666666666667,true,"{""product_type"": ""The image shows a red midi dress with puff sleeves and a tie waist. The dress is made of a lightweight fabric and has a flowy silhouette. It has a square neckline and short sleeves that are gathered at the shoulders. The waistline is cinched with a belt that is tied in a bow at the waist, creating a flattering silhouette. The skirt of the dress is flared and falls below the knees. The background is a plain grey color."", ""colour_family"": ""The image shows a red midi dress with puff sleeves and a tie waist. The dress is made of a lightweight fabric and has a flowy silhouette. It has a square neckline and short sleeves that are gathered at the shoulders. The waistline is cinched with a belt that is tied in a bow at the waist, creating a flattering silhouette. The skirt of the dress is flared and falls below the knees. The background is a plain grey color."", ""graphical_treatment"": ""The image shows a red midi dress with puff sleeves and a tie waist. The dress is made of a lightweight fabric and has a flowy silhouette. It has a square neckline and short sleeves that are gathered at the shoulders. The waistline is cinched with a belt that is tied in a bow at the waist, creating a flattering silhouette. The skirt of the dress is flared and falls below the knees. The background is a plain grey color.""}",true,true,true
Ladieswear || Dress || Dresses Ladies || Red || Solid,data\generated\n9\ladieswear_dress_dresses-ladies_red_solid\s0.35_seed45.png,0.35,45,25,0.8421028065681457,0.7083615016937256,0.9505268812179566,0.8402593493461609,true,0.8933683037757874,0.8113002181053162,0.9740213394165039,0.9010064125061035,true,true,0.8113002181053162,0.7542705535888672,true,0.7785730004310608,true,matched,0.5666666666666667,true,"{""product_type"": ""Dress."", ""colour_family"": ""Orange."", ""graphical_treatment"": ""Solid.""}",YY,true,true,0.5666666666666667,true,"{""product_type"": ""The image is of a pink dress with a square neckline and puff sleeves. The dress has a tie waist at the waist, creating a flattering silhouette. The skirt of the dress is flared and falls below the knees. The fabric appears to be lightweight and flowy, with a subtle sheen. The waistline is cinched with a thin belt, adding a touch of elegance to the dress. The overall look is elegant and feminine."", ""colour_family"": ""The image is of a pink dress with a square neckline and puff sleeves. The dress has a tie waist at the waist, creating a flattering silhouette. The skirt of the dress is flared and falls below the knees. The fabric appears to be lightweight and flowy, with a subtle sheen. The waistline is cinched with a thin belt, adding a touch of elegance to the dress. The overall look is elegant and feminine."", ""graphical_treatment"": ""The image is of a pink dress with a square neckline and puff sleeves. The dress has a tie waist at the waist, creating a flattering silhouette. The skirt of the dress is flared and falls below the knees. The fabric appears to be lightweight and flowy, with a subtle sheen. The waistline is cinched with a thin belt, adding a touch of elegance to the dress. The overall look is elegant and feminine.""}",true,true,true
Ladieswear || Dress || Dresses Ladies || Red || Solid,data\generated\n9\ladieswear_dress_dresses-ladies_red_solid\s0.35_seed46.png,0.35,46,25,0.845757827758789,0.4366015756130219,0.9505268812179566,0.8402593493461609,true,0.8894250988960266,0.5537752509117126,0.9740213394165039,0.9010064125061035,true,true,0.5537752509117126,0.7542705535888672,false,0.7785730004310608,false,matched,0.85,true,"{""product_type"": ""Dress."", ""colour_family"": ""Red."", ""graphical_treatment"": ""Solid.""}",YY,true,true,0.5666666666666667,true,"{""product_type"": ""The image shows a red dress on a mannequin stand. The dress has a square neckline and short sleeves with puff sleeves. It has a belt tied around the waist, creating a flattering silhouette. The skirt of the dress is knee-length and falls below the knees. The mannequins are standing on a black metal stand with a white background."", ""colour_family"": ""The image shows a red dress on a mannequin stand. The dress has a square neckline and short sleeves with puff sleeves. It has a belt tied around the waist, creating a flattering silhouette. The skirt of the dress is knee-length and falls below the knees. The mannequins are standing on a black metal stand with a white background."", ""graphical_treatment"": ""The image shows a red dress on a mannequin stand. The dress has a square neckline and short sleeves with puff sleeves. It has a belt tied around the waist, creating a flattering silhouette. The skirt of the dress is knee-length and falls below the knees. The mannequins are standing on a black metal stand with a white background.""}",true,true,true
Ladieswear || Dress || Dresses Ladies || Red || Solid,data\generated\n9\ladieswear_dress_dresses-ladies_red_solid\s0.35_seed47.png,0.35,47,25,0.8681935906410218,0.7404106879234313,0.9505268812179566,0.8402593493461609,true,0.918853223323822,0.8500533699989319,0.9740213394165039,0.9010064125061035,true,true,0.8500533699989319,0.7542705535888672,true,0.7785730004310608,true,matched,0.5666666666666667,true,"{""product_type"": ""Dress."", ""colour_family"": ""Orange."", ""graphical_treatment"": ""Solid.""}",YY,true,true,0.5666666666666667,true,"{""product_type"": ""The image is of a red dress with puff sleeves. The dress has a square neckline and a tie waist at the waist. The skirt of the dress is flared and falls below the knees. The fabric appears to be lightweight and flowy, with a subtle sheen. The sleeves are gathered at the shoulders, creating a flattering silhouette. The waistline is cinched with a thin belt, adding a touch of elegance to the dress. The background is a plain"", ""colour_family"": ""The image is of a red dress with puff sleeves. The dress has a square neckline and a tie waist at the waist. The skirt of the dress is flared and falls below the knees. The fabric appears to be lightweight and flowy, with a subtle sheen. The sleeves are gathered at the shoulders, creating a flattering silhouette. The waistline is cinched with a thin belt, adding a touch of elegance to the dress. The background is a plain"", ""graphical_treatment"": ""The image is of a red dress with puff sleeves. The dress has a square neckline and a tie waist at the waist. The skirt of the dress is flared and falls below the knees. The fabric appears to be lightweight and flowy, with a subtle sheen. The sleeves are gathered at the shoulders, creating a flattering silhouette. The waistline is cinched with a thin belt, adding a touch of elegance to the dress. The background is a plain""}",true,true,true
Ladieswear || Dress || Dresses Ladies || Red || Solid,data\generated\n9\ladieswear_dress_dresses-ladies_red_solid\s0.35_seed48.png,0.35,48,25,0.8126577281951904,0.36239748895168306,0.9505268812179566,0.8402593493461609,true,0.8515791296958923,0.4970921277999878,0.9740213394165039,0.9010064125061035,true,true,0.4970921277999878,0.7542705535888672,false,0.7785730004310608,false,matched,0.85,true,"{""product_type"": ""Dress."", ""colour_family"": ""Red."", ""graphical_treatment"": ""Solid.""}",YY,true,true,0.5666666666666667,true,"{""product_type"": ""The image shows a young woman wearing a red midi dress. The dress has a square neckline with puff sleeves and a tie waist at the waist. The skirt of the dress is knee-length and falls below the knees. The woman is wearing strappy heels and has long brown hair styled in loose waves. She is standing in front of a plain grey background and is smiling at the camera."", ""colour_family"": ""The image shows a young woman wearing a red midi dress. The dress has a square neckline with puff sleeves and a tie waist at the waist. The skirt of the dress is knee-length and falls below the knees. The woman is wearing strappy heels and has long brown hair styled in loose waves. She is standing in front of a plain grey background and is smiling at the camera."", ""graphical_treatment"": ""The image shows a young woman wearing a red midi dress. The dress has a square neckline with puff sleeves and a tie waist at the waist. The skirt of the dress is knee-length and falls below the knees. The woman is wearing strappy heels and has long brown hair styled in loose waves. She is standing in front of a plain grey background and is smiling at the camera.""}",true,true,true
Ladieswear || Dress || Dresses Ladies || Red || Solid,data\generated\n9\ladieswear_dress_dresses-ladies_red_solid\s0.35_seed49.png,0.35,49,25,0.7691453838348389,0.3091214621067047,0.9505268812179566,0.8402593493461609,true,0.8260425329208374,0.45246654748916626,0.9740213394165039,0.9010064125061035,true,true,0.45246654748916626,0.7542705535888672,false,0.7785730004310608,false,matched,0.5666666666666667,true,"{""product_type"": ""Dress."", ""colour_family"": ""White."", ""graphical_treatment"": ""Solid.""}",YY,true,true,0.2833333333333333,false,"{""product_type"": ""The image shows a woman wearing a white midi dress. The dress has a square neckline and short sleeves with puff sleeves. It is cinched at the waist with a belt, creating a flattering silhouette. The woman is standing in front of a plain beige background and is wearing gold high heels. She has her hands on her hips and is looking directly at the camera."", ""colour_family"": ""The image shows a woman wearing a white midi dress. The dress has a square neckline and short sleeves with puff sleeves. It is cinched at the waist with a belt, creating a flattering silhouette. The woman is standing in front of a plain beige background and is wearing gold high heels. She has her hands on her hips and is looking directly at the camera."", ""graphical_treatment"": ""The image shows a woman wearing a white midi dress. The dress has a square neckline and short sleeves with puff sleeves. It is cinched at the waist with a belt, creating a flattering silhouette. The woman is standing in front of a plain beige background and is wearing gold high heels. She has her hands on her hips and is looking directly at the camera.""}",true,false,true
Ladieswear || Dress || Dresses Ladies || Red || Solid,data\generated\n9\ladieswear_dress_dresses-ladies_red_solid\s0.35_seed50.png,0.35,50,25,0.8802948594093323,0.49821452379226683,0.9505268812179566,0.8402593493461609,true,0.924414336681366,0.6021629571914673,0.9740213394165039,0.9010064125061035,true,true,0.6021629571914673,0.7542705535888672,false,0.7785730004310608,false,matched,0.5666666666666667,true,"{""product_type"": ""Dress."", ""colour_family"": ""Red."", ""graphical_treatment"": ""Polka dot.""}",YN,false,true,0.5666666666666667,true,"{""product_type"": ""The image shows a red dress on a black mannequin stand against a plain white background. The dress has a round neckline and short sleeves with a square neckline. It is made of a red fabric with small white polka dots all over it. The skirt of the dress is knee-length and falls below the knees. The waistline is cinched with a black belt. The mannequins are positioned in a way that they are facing towards"", ""colour_family"": ""The image shows a red dress on a black mannequin stand against a plain white background. The dress has a round neckline and short sleeves with a square neckline. It is made of a red fabric with small white polka dots all over it. The skirt of the dress is knee-length and falls below the knees. The waistline is cinched with a black belt. The mannequins are positioned in a way that they are facing towards"", ""graphical_treatment"": ""The image shows a red dress on a black mannequin stand against a plain white background. The dress has a round neckline and short sleeves with a square neckline. It is made of a red fabric with small white polka dots all over it. The skirt of the dress is knee-length and falls below the knees. The waistline is cinched with a black belt. The mannequins are positioned in a way that they are facing towards""}",true,true,false
Ladieswear || Dress || Dresses Ladies || Red || Solid,data\generated\n9\ladieswear_dress_dresses-ladies_red_solid\s0.35_seed51.png,0.35,51,25,0.8282855844497681,0.7413497912883759,0.9505268812179566,0.8402593493461609,true,0.8723968863487244,0.8781070709228516,0.9740213394165039,0.9010064125061035,true,true,0.8781070709228516,0.7542705535888672,true,0.7785730004310608,true,matched,0.5666666666666667,true,"{""product_type"": ""Dress."", ""colour_family"": ""Orange."", ""graphical_treatment"": ""Solid.""}",YY,true,true,0.5666666666666667,true,"{""product_type"": ""The image shows a pink dress hanging on a wooden hanger against a beige background. The dress has a square neckline with puff sleeves and a tie waist at the waist. The skirt of the dress is flared and falls below the knees. The fabric appears to be lightweight and flowy, with a subtle sheen."", ""colour_family"": ""The image shows a pink dress hanging on a wooden hanger against a beige background. The dress has a square neckline with puff sleeves and a tie waist at the waist. The skirt of the dress is flared and falls below the knees. The fabric appears to be lightweight and flowy, with a subtle sheen."", ""graphical_treatment"": ""The image shows a pink dress hanging on a wooden hanger against a beige background. The dress has a square neckline with puff sleeves and a tie waist at the waist. The skirt of the dress is flared and falls below the knees. The fabric appears to be lightweight and flowy, with a subtle sheen.""}",true,true,true
Ladieswear || Dress || Dresses Ladies || Red || Solid,data\generated\n9\ladieswear_dress_dresses-ladies_red_solid\s0.35_seed52.png,0.35,52,25,0.8791181516647338,0.7282188034057617,0.9505268812179566,0.8402593493461609,true,0.9160961508750916,0.827521562576294,0.9740213394165039,0.9010064125061035,true,true,0.827521562576294,0.7542705535888672,true,0.7785730004310608,true,matched,0.85,true,"{""product_type"": ""Dress."", ""colour_family"": ""Red."", ""graphical_treatment"": ""Solid.""}",YY,true,true,0.5666666666666667,true,"{""product_type"": ""The image is of a red dress with a square neckline and short sleeves. The dress has a tie waist at the waist, creating a flattering silhouette. The fabric appears to be lightweight and flowy, with a subtle sheen. The sleeves are gathered at the shoulders, giving the dress a feminine and elegant look. The waistline is cinched with a thin belt, adding a touch of sophistication to the dress. The background is a plain beige color,"", ""colour_family"": ""The image is of a red dress with a square neckline and short sleeves. The dress has a tie waist at the waist, creating a flattering silhouette. The fabric appears to be lightweight and flowy, with a subtle sheen. The sleeves are gathered at the shoulders, giving the dress a feminine and elegant look. The waistline is cinched with a thin belt, adding a touch of sophistication to the dress. The background is a plain beige color,"", ""graphical_treatment"": ""The image is of a red dress with a square neckline and short sleeves. The dress has a tie waist at the waist, creating a flattering silhouette. The fabric appears to be lightweight and flowy, with a subtle sheen. The sleeves are gathered at the shoulders, giving the dress a feminine and elegant look. The waistline is cinched with a thin belt, adding a touch of sophistication to the dress. The background is a plain beige color,""}",true,true,true
Ladieswear || Dress || Dresses Ladies || Red || Solid,data\generated\n9\ladieswear_dress_dresses-ladies_red_solid\s0.35_seed53.png,0.35,53,25,0.8660881352424622,0.54094611287117,0.9505268812179566,0.8402593493461609,true,0.9081481695175171,0.6620171666145325,0.9740213394165039,0.9010064125061035,true,true,0.6620171666145325,0.7542705535888672,false,0.7785730004310608,false,matched,0.85,true,"{""product_type"": ""Dress."", ""colour_family"": ""Red."", ""graphical_treatment"": ""Solid.""}",YY,true,true,0.5666666666666667,true,"{""product_type"": ""The image shows a red dress on a mannequin. The dress has a square neckline and short sleeves with puff sleeves. It has a belt tied at the waist, creating a flattering silhouette. The skirt of the dress is flared and falls below the knees. The fabric appears to be lightweight and flowy, with a subtle sheen. The background is a plain grey color, making the dress stand out."", ""colour_family"": ""The image shows a red dress on a mannequin. The dress has a square neckline and short sleeves with puff sleeves. It has a belt tied at the waist, creating a flattering silhouette. The skirt of the dress is flared and falls below the knees. The fabric appears to be lightweight and flowy, with a subtle sheen. The background is a plain grey color, making the dress stand out."", ""graphical_treatment"": ""The image shows a red dress on a mannequin. The dress has a square neckline and short sleeves with puff sleeves. It has a belt tied at the waist, creating a flattering silhouette. The skirt of the dress is flared and falls below the knees. The fabric appears to be lightweight and flowy, with a subtle sheen. The background is a plain grey color, making the dress stand out.""}",true,true,true
Ladieswear || Dress || Dresses Ladies || Red || Solid,data\generated\n9\ladieswear_dress_dresses-ladies_red_solid\s0.35_seed54.png,0.35,54,25,0.7631080746650696,0.466608344912529,0.9505268812179566,0.8402593493461609,true,0.8185888528823853,0.5851480960845947,0.9740213394165039,0.9010064125061035,true,true,0.5851480960845947,0.7542705535888672,false,0.7785730004310608,false,matched,0.85,true,"{""product_type"": ""Dress."", ""colour_family"": ""Red."", ""graphical_treatment"": ""Solid.""}",YY,true,true,0.5666666666666667,true,"{""product_type"": ""The image shows a young woman wearing a red dress. The dress has a square neckline and short sleeves with puff sleeves on the shoulders. The waistline is cinched with a belt, creating a flattering silhouette. The woman is wearing gold hoop earrings and her hair is styled in loose waves. She is posing with one hand on her hip and the other resting on her head. The background is plain white."", ""colour_family"": ""The image shows a young woman wearing a red dress. The dress has a square neckline and short sleeves with puff sleeves on the shoulders. The waistline is cinched with a belt, creating a flattering silhouette. The woman is wearing gold hoop earrings and her hair is styled in loose waves. She is posing with one hand on her hip and the other resting on her head. The background is plain white."", ""graphical_treatment"": ""The image shows a young woman wearing a red dress. The dress has a square neckline and short sleeves with puff sleeves on the shoulders. The waistline is cinched with a belt, creating a flattering silhouette. The woman is wearing gold hoop earrings and her hair is styled in loose waves. She is posing with one hand on her hip and the other resting on her head. The background is plain white.""}",true,true,true
Ladieswear || Dress || Dresses Ladies || Red || Solid,data\generated\n9\ladieswear_dress_dresses-ladies_red_solid\s0.35_seed55.png,0.35,55,25,0.8635263442993164,0.6461372303962708,0.9505268812179566,0.8402593493461609,true,0.9179390668869019,0.7712685465812683,0.9740213394165039,0.9010064125061035,true,true,0.7712685465812683,0.7542705535888672,true,0.7785730004310608,false,matched,0.5666666666666667,true,"{""product_type"": ""Dress."", ""colour_family"": ""Red."", ""graphical_treatment"": ""Checked.""}",YY,true,true,0.5666666666666667,true,"{""product_type"": ""The image is of a red and white checkered dress. The dress has a square neckline with short puff sleeves and a tie at the waist. The skirt of the dress is knee-length and falls below the knees. The fabric appears to be lightweight and flowy, with a subtle sheen. The waistline is cinched with a belt, creating a flattering silhouette. The overall look is elegant and feminine."", ""colour_family"": ""The image is of a red and white checkered dress. The dress has a square neckline with short puff sleeves and a tie at the waist. The skirt of the dress is knee-length and falls below the knees. The fabric appears to be lightweight and flowy, with a subtle sheen. The waistline is cinched with a belt, creating a flattering silhouette. The overall look is elegant and feminine."", ""graphical_treatment"": ""The image is of a red and white checkered dress. The dress has a square neckline with short puff sleeves and a tie at the waist. The skirt of the dress is knee-length and falls below the knees. The fabric appears to be lightweight and flowy, with a subtle sheen. The waistline is cinched with a belt, creating a flattering silhouette. The overall look is elegant and feminine.""}",true,true,true
Ladieswear || Dress || Dresses Ladies || Red || Solid,data\generated\n9\ladieswear_dress_dresses-ladies_red_solid\s0.35_seed56.png,0.35,56,25,0.8323122596740723,0.6136803567409516,0.9505268812179566,0.8402593493461609,true,0.8940201997756958,0.7294390201568604,0.9740213394165039,0.9010064125061035,true,true,0.7294390201568604,0.7542705535888672,false,0.7785730004310608,false,matched,0.2833333333333333,false,"{""product_type"": ""Dress."", ""colour_family"": ""Orange."", ""graphical_treatment"": ""Striped.""}",YY,true,true,0.5666666666666667,true,"{""product_type"": ""The image is of a red and white striped dress. The dress has a square neckline with short puff sleeves and a tie waist at the waist. The stripes are vertical and the dress appears to be made of a lightweight fabric. The skirt of the dress is flared and falls below the knees. The overall style is casual and flowy."", ""colour_family"": ""The image is of a red and white striped dress. The dress has a square neckline with short puff sleeves and a tie waist at the waist. The stripes are vertical and the dress appears to be made of a lightweight fabric. The skirt of the dress is flared and falls below the knees. The overall style is casual and flowy."", ""graphical_treatment"": ""The image is of a red and white striped dress. The dress has a square neckline with short puff sleeves and a tie waist at the waist. The stripes are vertical and the dress appears to be made of a lightweight fabric. The skirt of the dress is flared and falls below the knees. The overall style is casual and flowy.""}",false,true,true
Ladieswear || Dress || Dresses Ladies || Red || Solid,data\generated\n9\ladieswear_dress_dresses-ladies_red_solid\s0.35_seed57.png,0.35,57,25,0.8556508684158325,0.7296110689640045,0.9505268812179566,0.8402593493461609,true,0.9127251505851746,0.8505239486694336,0.9740213394165039,0.9010064125061035,true,true,0.8505239486694336,0.7542705535888672,true,0.7785730004310608,true,matched,0.85,true,"{""product_type"": ""Dress."", ""colour_family"": ""Red."", ""graphical_treatment"": ""Solid.""}",YY,true,true,0.5666666666666667,true,"{""product_type"": ""The image shows a red dress hanging on a wooden hanger against a plain grey background. The dress has a square neckline with a tie at the waist, creating a flattering silhouette. It has puff sleeves on the shoulders and a flowy skirt that falls below the knees. The fabric appears to be lightweight and flowy, with a subtle sheen."", ""colour_family"": ""The image shows a red dress hanging on a wooden hanger against a plain grey background. The dress has a square neckline with a tie at the waist, creating a flattering silhouette. It has puff sleeves on the shoulders and a flowy skirt that falls below the knees. The fabric appears to be lightweight and flowy, with a subtle sheen."", ""graphical_treatment"": ""The image shows a red dress hanging on a wooden hanger against a plain grey background. The dress has a square neckline with a tie at the waist, creating a flattering silhouette. It has puff sleeves on the shoulders and a flowy skirt that falls below the knees. The fabric appears to be lightweight and flowy, with a subtle sheen.""}",true,true,true
Ladieswear || Dress || Dresses Ladies || Red || Solid,data\generated\n9\ladieswear_dress_dresses-ladies_red_solid\s0.35_seed58.png,0.35,58,25,0.841680200099945,0.7258298194408417,0.9505268812179566,0.8402593493461609,true,0.8945776224136353,0.8548384308815002,0.9740213394165039,0.9010064125061035,true,true,0.8548384308815002,0.7542705535888672,true,0.7785730004310608,true,matched,0.85,true,"{""product_type"": ""Dress."", ""colour_family"": ""Red."", ""graphical_treatment"": ""Solid.""}",YY,true,true,0.5666666666666667,true,"{""product_type"": ""The image shows a red dress hanging on a white hanger against a plain grey background. The dress has a square neckline with puff sleeves and a tie waist at the waist. The skirt of the dress is flared and falls below the knees. The fabric appears to be lightweight and flowy, with a subtle sheen."", ""colour_family"": ""The image shows a red dress hanging on a white hanger against a plain grey background. The dress has a square neckline with puff sleeves and a tie waist at the waist. The skirt of the dress is flared and falls below the knees. The fabric appears to be lightweight and flowy, with a subtle sheen."", ""graphical_treatment"": ""The image shows a red dress hanging on a white hanger against a plain grey background. The dress has a square neckline with puff sleeves and a tie waist at the waist. The skirt of the dress is flared and falls below the knees. The fabric appears to be lightweight and flowy, with a subtle sheen.""}",true,true,true
Ladieswear || Dress || Dresses Ladies || Red || Solid,data\generated\n9\ladieswear_dress_dresses-ladies_red_solid\s0.35_seed59.png,0.35,59,25,0.8656683421134949,0.6989465618133545,0.9505268812179566,0.8402593493461609,true,0.9097377061843872,0.8407366275787354,0.9740213394165039,0.9010064125061035,true,true,0.8407366275787354,0.7542705535888672,true,0.7785730004310608,true,matched,0.5666666666666667,true,"{""product_type"": ""Dress."", ""colour_family"": ""Pink."", ""graphical_treatment"": ""Solid.""}",YY,true,true,0.2833333333333333,false,"{""product_type"": ""The image shows a light pink dress hanging on a white hanger. The dress has a square neckline with puff sleeves and a tie waist at the waist. The skirt of the dress is knee-length and falls below the knees. The fabric appears to be lightweight and flowy, with a subtle sheen. The background is plain white, making the dress stand out."", ""colour_family"": ""The image shows a light pink dress hanging on a white hanger. The dress has a square neckline with puff sleeves and a tie waist at the waist. The skirt of the dress is knee-length and falls below the knees. The fabric appears to be lightweight and flowy, with a subtle sheen. The background is plain white, making the dress stand out."", ""graphical_treatment"": ""The image shows a light pink dress hanging on a white hanger. The dress has a square neckline with puff sleeves and a tie waist at the waist. The skirt of the dress is knee-length and falls below the knees. The fabric appears to be lightweight and flowy, with a subtle sheen. The background is plain white, making the dress stand out.""}",true,false,true
Ladieswear || Dress || Dresses Ladies || Red || Solid,data\generated\n9\ladieswear_dress_dresses-ladies_red_solid\s0.35_seed60.png,0.35,60,25,0.8451038837432862,0.3931025898456573,0.9505268812179566,0.8402593493461609,true,0.8856143355369568,0.5054014921188354,0.9740213394165039,0.9010064125061035,true,true,0.5054014921188354,0.7542705535888672,false,0.7785730004310608,false,matched,0.85,true,"{""product_type"": ""Dress."", ""colour_family"": ""Red."", ""graphical_treatment"": ""Solid.""}",YY,true,true,0.5666666666666667,true,"{""product_type"": ""The image shows a red dress on a mannequin. The dress has a square neckline and long sleeves with puff sleeves. It has a tie waist at the waist, creating a flattering silhouette. The skirt of the dress is knee-length and falls below the knees. The fabric appears to be lightweight and flowy, with a subtle sheen. The background is a plain grey color, making the dress stand out."", ""colour_family"": ""The image shows a red dress on a mannequin. The dress has a square neckline and long sleeves with puff sleeves. It has a tie waist at the waist, creating a flattering silhouette. The skirt of the dress is knee-length and falls below the knees. The fabric appears to be lightweight and flowy, with a subtle sheen. The background is a plain grey color, making the dress stand out."", ""graphical_treatment"": ""The image shows a red dress on a mannequin. The dress has a square neckline and long sleeves with puff sleeves. It has a tie waist at the waist, creating a flattering silhouette. The skirt of the dress is knee-length and falls below the knees. The fabric appears to be lightweight and flowy, with a subtle sheen. The background is a plain grey color, making the dress stand out.""}",true,true,true
Ladieswear || Dress || Dresses Ladies || Red || Solid,data\generated\n9\ladieswear_dress_dresses-ladies_red_solid\s0.35_seed61.png,0.35,61,25,0.8593270230293274,0.48589413046836855,0.9505268812179566,0.8402593493461609,true,0.8991259336471558,0.6161792874336243,0.9740213394165039,0.9010064125061035,true,true,0.6161792874336243,0.7542705535888672,false,0.7785730004310608,false,matched,0.85,true,"{""product_type"": ""Dress."", ""colour_family"": ""Red."", ""graphical_treatment"": ""Solid.""}",YY,true,true,0.5666666666666667,true,"{""product_type"": ""The image shows a red dress on a mannequin. The dress has a square neckline and short sleeves with puff sleeves. It has a belt cinching the waist with a silver buckle. The skirt of the dress is flared and falls below the knees. The fabric appears to be lightweight and flowy, with a subtle sheen. The background is plain white, making the dress stand out."", ""colour_family"": ""The image shows a red dress on a mannequin. The dress has a square neckline and short sleeves with puff sleeves. It has a belt cinching the waist with a silver buckle. The skirt of the dress is flared and falls below the knees. The fabric appears to be lightweight and flowy, with a subtle sheen. The background is plain white, making the dress stand out."", ""graphical_treatment"": ""The image shows a red dress on a mannequin. The dress has a square neckline and short sleeves with puff sleeves. It has a belt cinching the waist with a silver buckle. The skirt of the dress is flared and falls below the knees. The fabric appears to be lightweight and flowy, with a subtle sheen. The background is plain white, making the dress stand out.""}",true,true,true
Ladieswear || Dress || Dresses Ladies || Red || Solid,data\generated\n9\ladieswear_dress_dresses-ladies_red_solid\s0.35_seed62.png,0.35,62,25,0.8224559760093689,0.40022057950496676,0.9505268812179566,0.8402593493461609,true,0.892008364200592,0.5105553865432739,0.9740213394165039,0.9010064125061035,true,true,0.5105553865432739,0.7542705535888672,false,0.7785730004310608,false,matched,0.85,true,"{""product_type"": ""Dress."", ""colour_family"": ""Red."", ""graphical_treatment"": ""Solid.""}",YY,true,true,0.5666666666666667,true,"{""product_type"": ""The image shows a woman wearing a red dress. The dress has a square neckline with puff sleeves and a tie waist at the waist. The skirt of the dress is flared and falls below the knees. The woman is standing in front of a plain beige background. She has long dark hair and is wearing minimal makeup."", ""colour_family"": ""The image shows a woman wearing a red dress. The dress has a square neckline with puff sleeves and a tie waist at the waist. The skirt of the dress is flared and falls below the knees. The woman is standing in front of a plain beige background. She has long dark hair and is wearing minimal makeup."", ""graphical_treatment"": ""The image shows a woman wearing a red dress. The dress has a square neckline with puff sleeves and a tie waist at the waist. The skirt of the dress is flared and falls below the knees. The woman is standing in front of a plain beige background. She has long dark hair and is wearing minimal makeup.""}",true,true,true
Ladieswear || Dress || Dresses Ladies || Red || Solid,data\generated\n9\ladieswear_dress_dresses-ladies_red_solid\s0.35_seed63.png,0.35,63,25,0.8171944046020507,0.6098508787155151,0.9505268812179566,0.8402593493461609,true,0.8717387318611145,0.7256190776824951,0.9740213394165039,0.9010064125061035,true,true,0.7256190776824951,0.7542705535888672,false,0.7785730004310608,false,matched,0.5666666666666667,true,"{""product_type"": ""Dress."", ""colour_family"": ""Red."", ""graphical_treatment"": ""Striped.""}",YY,true,true,0.5666666666666667,true,"{""product_type"": ""The image is of a red and white striped dress. The dress has a round neckline with short puff sleeves and a tie waist at the waist. The stripes are vertical and run horizontally across the dress, creating a striped pattern. The skirt of the dress is full and flows down to the floor. The fabric appears to be lightweight and flowy, perfect for a summer day."", ""colour_family"": ""The image is of a red and white striped dress. The dress has a round neckline with short puff sleeves and a tie waist at the waist. The stripes are vertical and run horizontally across the dress, creating a striped pattern. The skirt of the dress is full and flows down to the floor. The fabric appears to be lightweight and flowy, perfect for a summer day."", ""graphical_treatment"": ""The image is of a red and white striped dress. The dress has a round neckline with short puff sleeves and a tie waist at the waist. The stripes are vertical and run horizontally across the dress, creating a striped pattern. The skirt of the dress is full and flows down to the floor. The fabric appears to be lightweight and flowy, perfect for a summer day.""}",true,true,true
Ladieswear || Dress || Dresses Ladies || Red || Solid,data\generated\n9\ladieswear_dress_dresses-ladies_red_solid\s0.35_seed64.png,0.35,64,25,0.8865256237983704,0.7191885638237,0.9505268812179566,0.8402593493461609,true,0.950967013835907,0.8505728244781494,0.9740213394165039,0.9010064125061035,true,true,0.8505728244781494,0.7542705535888672,true,0.7785730004310608,true,matched,0.5666666666666667,true,"{""product_type"": ""Dress."", ""colour_family"": ""Orange."", ""graphical_treatment"": ""Solid.""}",YY,true,true,0.5666666666666667,true,"{""product_type"": ""The image is of a red dress with a square neckline and puff sleeves. The dress has a tie waist at the waist, creating a flattering silhouette. The skirt of the dress is flared and falls below the knees. The fabric appears to be lightweight and flowy, with a subtle sheen. The overall style is elegant and feminine."", ""colour_family"": ""The image is of a red dress with a square neckline and puff sleeves. The dress has a tie waist at the waist, creating a flattering silhouette. The skirt of the dress is flared and falls below the knees. The fabric appears to be lightweight and flowy, with a subtle sheen. The overall style is elegant and feminine."", ""graphical_treatment"": ""The image is of a red dress with a square neckline and puff sleeves. The dress has a tie waist at the waist, creating a flattering silhouette. The skirt of the dress is flared and falls below the knees. The fabric appears to be lightweight and flowy, with a subtle sheen. The overall style is elegant and feminine.""}",true,true,true
Ladieswear || Dress || Dresses Ladies || Red || Solid,data\generated\n9\ladieswear_dress_dresses-ladies_red_solid\s0.35_seed65.png,0.35,65,25,0.854154736995697,0.6637253284454345,0.9505268812179566,0.8402593493461609,true,0.9054199457168579,0.7763644456863403,0.9740213394165039,0.9010064125061035,true,true,0.7763644456863403,0.7542705535888672,true,0.7785730004310608,false,matched,0.5666666666666667,true,"{""product_type"": ""Dress."", ""colour_family"": ""Red."", ""graphical_treatment"": ""Striped.""}",YY,true,true,0.5666666666666667,true,"{""product_type"": ""The image is of a red and white striped dress. The dress has a square neckline and short sleeves with puff sleeves. The skirt of the dress is flared and falls below the knees. It has a belt tied in a bow at the waist, creating a flattering silhouette. The stripes are vertical and the dress appears to be made of a lightweight fabric. The background is a plain beige color."", ""colour_family"": ""The image is of a red and white striped dress. The dress has a square neckline and short sleeves with puff sleeves. The skirt of the dress is flared and falls below the knees. It has a belt tied in a bow at the waist, creating a flattering silhouette. The stripes are vertical and the dress appears to be made of a lightweight fabric. The background is a plain beige color."", ""graphical_treatment"": ""The image is of a red and white striped dress. The dress has a square neckline and short sleeves with puff sleeves. The skirt of the dress is flared and falls below the knees. It has a belt tied in a bow at the waist, creating a flattering silhouette. The stripes are vertical and the dress appears to be made of a lightweight fabric. The background is a plain beige color.""}",true,true,true
Ladieswear || Top || Jersey Basic || White || Solid,data\generated\n9\ladieswear_top_jersey-basic_white_solid\s0.35_seed42.png,0.35,42,19,0.8720328400009557,0.6210310019944844,0.9771104454994202,0.9279783368110657,true,0.901692807674408,0.733360767364502,0.9863542199134827,0.9559211373329163,true,true,0.733360767364502,0.9222480177879333,false,0.7785730004310608,false,matched,0.5666666666666667,true,"{""product_type"": ""Sweater."", ""colour_family"": ""White."", ""graphical_treatment"": ""Solid.""}",YN,false,true,0.2833333333333333,false,"{""product_type"": ""The image is of a white blouse with long sleeves. The blouse has a square neckline and a ribbed texture. The sleeves are long and flowy, with a slight flare at the ends. The fabric appears to be lightweight and has a subtle sheen. The background is plain white, making the blouse the focal point of the image."", ""colour_family"": ""The image is of a white blouse with long sleeves. The blouse has a square neckline and a ribbed texture. The sleeves are long and flowy, with a slight flare at the ends. The fabric appears to be lightweight and has a subtle sheen. The background is plain white, making the blouse the focal point of the image."", ""graphical_treatment"": ""The image is of a white blouse with long sleeves. The blouse has a square neckline and a ribbed texture. The sleeves are long and flowy, with a slight flare at the ends. The fabric appears to be lightweight and has a subtle sheen. The background is plain white, making the blouse the focal point of the image.""}",true,false,false
Ladieswear || Top || Jersey Basic || White || Solid,data\generated\n9\ladieswear_top_jersey-basic_white_solid\s0.35_seed43.png,0.35,43,19,0.8827811542310213,0.7226602090032477,0.9771104454994202,0.9279783368110657,true,0.9087858200073242,0.7958366274833679,0.9863542199134827,0.9559211373329163,true,true,0.7958366274833679,0.9222480177879333,false,0.7785730004310608,true,matched,0.5666666666666667,true,"{""product_type"": ""Blanket."", ""colour_family"": ""White."", ""graphical_treatment"": ""Solid.""}",YN,false,true,0.2833333333333333,false,"{""product_type"": ""The image shows a white blouse hanging on a wooden hanger against a plain white background. The blouse has a round neckline and long sleeves with a slightly flared hemline. The fabric appears to be lightweight and has a subtle sheen. The hanger is made of a light-colored wood and is attached to the hanger with a hook."", ""colour_family"": ""The image shows a white blouse hanging on a wooden hanger against a plain white background. The blouse has a round neckline and long sleeves with a slightly flared hemline. The fabric appears to be lightweight and has a subtle sheen. The hanger is made of a light-colored wood and is attached to the hanger with a hook."", ""graphical_treatment"": ""The image shows a white blouse hanging on a wooden hanger against a plain white background. The blouse has a round neckline and long sleeves with a slightly flared hemline. The fabric appears to be lightweight and has a subtle sheen. The hanger is made of a light-colored wood and is attached to the hanger with a hook.""}",true,false,false
Ladieswear || Top || Jersey Basic || White || Solid,data\generated\n9\ladieswear_top_jersey-basic_white_solid\s0.35_seed44.png,0.35,44,19,0.8776242952597769,0.8203501575871518,0.9771104454994202,0.9279783368110657,true,0.9057764410972595,0.8803855776786804,0.9863542199134827,0.9559211373329163,true,true,0.8803855776786804,0.9222480177879333,false,0.7785730004310608,true,matched,0.85,true,"{""product_type"": ""Long-sleeved top."", ""colour_family"": ""White."", ""graphical_treatment"": ""Solid.""}",YN,false,true,0.2833333333333333,false,"{""product_type"": ""The image shows a white blouse with long sleeves and a round neckline. The blouse is hanging on a black hanger against a plain white background. The neckline is cut out in the center of the blouse, creating a square shape. The sleeves are long and flowy, with a slight flare at the bottom. The fabric appears to be lightweight and has a subtle sheen."", ""colour_family"": ""The image shows a white blouse with long sleeves and a round neckline. The blouse is hanging on a black hanger against a plain white background. The neckline is cut out in the center of the blouse, creating a square shape. The sleeves are long and flowy, with a slight flare at the bottom. The fabric appears to be lightweight and has a subtle sheen."", ""graphical_treatment"": ""The image shows a white blouse with long sleeves and a round neckline. The blouse is hanging on a black hanger against a plain white background. The neckline is cut out in the center of the blouse, creating a square shape. The sleeves are long and flowy, with a slight flare at the bottom. The fabric appears to be lightweight and has a subtle sheen.""}",true,false,false
Ladieswear || Top || Jersey Basic || White || Solid,data\generated\n9\ladieswear_top_jersey-basic_white_solid\s0.35_seed45.png,0.35,45,19,0.8522921988838598,0.7136246969825343,0.9771104454994202,0.9279783368110657,true,0.8844175934791565,0.7699008584022522,0.9863542199134827,0.9559211373329163,true,true,0.7699008584022522,0.9222480177879333,false,0.7785730004310608,false,matched,0.5666666666666667,true,"{""product_type"": ""Shirt."", ""colour_family"": ""White."", ""graphical_treatment"": ""Solid.""}",YY,true,true,0.2833333333333333,false,"{""product_type"": ""The image is of a white blouse with long sleeves and a round neckline. The blouse has a ribbed texture and appears to be made of a lightweight fabric. The neckline is cut out in the center, with a thin white ribbon tied around it. The sleeves are long and flowy, and the blouse is displayed on a plain white background."", ""colour_family"": ""The image is of a white blouse with long sleeves and a round neckline. The blouse has a ribbed texture and appears to be made of a lightweight fabric. The neckline is cut out in the center, with a thin white ribbon tied around it. The sleeves are long and flowy, and the blouse is displayed on a plain white background."", ""graphical_treatment"": ""The image is of a white blouse with long sleeves and a round neckline. The blouse has a ribbed texture and appears to be made of a lightweight fabric. The neckline is cut out in the center, with a thin white ribbon tied around it. The sleeves are long and flowy, and the blouse is displayed on a plain white background.""}",true,false,true
Ladieswear || Top || Jersey Basic || White || Solid,data\generated\n9\ladieswear_top_jersey-basic_white_solid\s0.35_seed46.png,0.35,46,19,0.8975750772576583,0.7815710839472318,0.9771104454994202,0.9279783368110657,true,0.9270280003547668,0.8343356847763062,0.9863542199134827,0.9559211373329163,true,true,0.8343356847763062,0.9222480177879333,false,0.7785730004310608,true,matched,0.5666666666666667,true,"{""product_type"": ""Blouse."", ""colour_family"": ""White."", ""graphical_treatment"": ""Solid.""}",YN,false,true,0.2833333333333333,false,"{""product_type"": ""The image shows a white blouse hanging on a wooden hanger. The blouse has a round neckline and long sleeves with a button-down front. The fabric appears to be lightweight and has a subtle sheen. The hanger is made of a light-colored wood and is hanging against a plain white background."", ""colour_family"": ""The image shows a white blouse hanging on a wooden hanger. The blouse has a round neckline and long sleeves with a button-down front. The fabric appears to be lightweight and has a subtle sheen. The hanger is made of a light-colored wood and is hanging against a plain white background."", ""graphical_treatment"": ""The image shows a white blouse hanging on a wooden hanger. The blouse has a round neckline and long sleeves with a button-down front. The fabric appears to be lightweight and has a subtle sheen. The hanger is made of a light-colored wood and is hanging against a plain white background.""}",true,false,false
Ladieswear || Top || Jersey Basic || White || Solid,data\generated\n9\ladieswear_top_jersey-basic_white_solid\s0.35_seed47.png,0.35,47,19,0.928885186973371,0.7712068996931377,0.9771104454994202,0.9279783368110657,true,0.9554510116577148,0.8281733989715576,0.9863542199134827,0.9559211373329163,true,true,0.8281733989715576,0.9222480177879333,false,0.7785730004310608,true,matched,0.85,true,"{""product_type"": ""Long sleeve top."", ""colour_family"": ""White."", ""graphical_treatment"": ""Solid.""}",YY,true,true,0.2833333333333333,false,"{""product_type"": ""The image is of a white blouse with long sleeves. The blouse has a round neckline and a pleated design on the front. The sleeves are long and flowy, and the blouse appears to be made of a lightweight fabric. The background is plain white, making the blouses the focal point of the image."", ""colour_family"": ""The image is of a white blouse with long sleeves. The blouse has a round neckline and a pleated design on the front. The sleeves are long and flowy, and the blouse appears to be made of a lightweight fabric. The background is plain white, making the blouses the focal point of the image."", ""graphical_treatment"": ""The image is of a white blouse with long sleeves. The blouse has a round neckline and a pleated design on the front. The sleeves are long and flowy, and the blouse appears to be made of a lightweight fabric. The background is plain white, making the blouses the focal point of the image.""}",true,false,true
Ladieswear || Top || Jersey Basic || White || Solid,data\generated\n9\ladieswear_top_jersey-basic_white_solid\s0.35_seed48.png,0.35,48,19,0.9006476402282715,0.739357286377957,0.9771104454994202,0.9279783368110657,true,0.9292952418327332,0.8054085969924927,0.9863542199134827,0.9559211373329163,true,true,0.8054085969924927,0.9222480177879333,false,0.7785730004310608,true,matched,0.5666666666666667,true,"{""product_type"": ""Shirt."", ""colour_family"": ""White."", ""graphical_treatment"": ""Solid.""}",YY,true,true,0.2833333333333333,false,"{""product_type"": ""The image is of a white blouse with long sleeves. The blouse has a round neckline and a pleated design on the front. The sleeves are long and flowy, and the blouse appears to be made of a lightweight fabric. The background is plain white, making the blouses the focal point of the image."", ""colour_family"": ""The image is of a white blouse with long sleeves. The blouse has a round neckline and a pleated design on the front. The sleeves are long and flowy, and the blouse appears to be made of a lightweight fabric. The background is plain white, making the blouses the focal point of the image."", ""graphical_treatment"": ""The image is of a white blouse with long sleeves. The blouse has a round neckline and a pleated design on the front. The sleeves are long and flowy, and the blouse appears to be made of a lightweight fabric. The background is plain white, making the blouses the focal point of the image.""}",true,false,true
Ladieswear || Top || Jersey Basic || White || Solid,data\generated\n9\ladieswear_top_jersey-basic_white_solid\s0.35_seed49.png,0.35,49,19,0.8741234227230674,0.7319704796138563,0.9771104454994202,0.9279783368110657,true,0.9025691747665405,0.7973683476448059,0.9863542199134827,0.9559211373329163,true,true,0.7973683476448059,0.9222480177879333,false,0.7785730004310608,true,matched,0.5666666666666667,true,"{""product_type"": ""Blouse."", ""colour_family"": ""White."", ""graphical_treatment"": ""Solid.""}",YN,false,true,0.2833333333333333,false,"{""product_type"": ""The image is of a white blouse with long sleeves and a square neckline. The blouse has a relaxed fit and appears to be made of a lightweight fabric. The neckline is square and has a small square cutout in the center. The sleeves are long and flowy, with a slight flare at the bottom. The overall style of the blouse is simple and elegant."", ""colour_family"": ""The image is of a white blouse with long sleeves and a square neckline. The blouse has a relaxed fit and appears to be made of a lightweight fabric. The neckline is square and has a small square cutout in the center. The sleeves are long and flowy, with a slight flare at the bottom. The overall style of the blouse is simple and elegant."", ""graphical_treatment"": ""The image is of a white blouse with long sleeves and a square neckline. The blouse has a relaxed fit and appears to be made of a lightweight fabric. The neckline is square and has a small square cutout in the center. The sleeves are long and flowy, with a slight flare at the bottom. The overall style of the blouse is simple and elegant.""}",true,false,false
Ladieswear || Top || Jersey Basic || White || Solid,data\generated\n9\ladieswear_top_jersey-basic_white_solid\s0.35_seed50.png,0.35,50,19,0.8571723856424031,0.63595071591829,0.9771104454994202,0.9279783368110657,true,0.8865542411804199,0.722832441329956,0.9863542199134827,0.9559211373329163,true,true,0.722832441329956,0.9222480177879333,false,0.7785730004310608,false,matched,0.85,true,"{""product_type"": ""Top."", ""colour_family"": ""White."", ""graphical_treatment"": ""Solid.""}",YN,false,true,0.2833333333333333,false,"{""product_type"": ""The image is of a white blouse with long sleeves. The blouse has a square neckline with a square cutout in the center. The sleeves are long and flowy, with a slight flare at the ends. The fabric appears to be lightweight and has a subtle sheen. The background is plain white, making the blouse stand out."", ""colour_family"": ""The image is of a white blouse with long sleeves. The blouse has a square neckline with a square cutout in the center. The sleeves are long and flowy, with a slight flare at the ends. The fabric appears to be lightweight and has a subtle sheen. The background is plain white, making the blouse stand out."", ""graphical_treatment"": ""The image is of a white blouse with long sleeves. The blouse has a square neckline with a square cutout in the center. The sleeves are long and flowy, with a slight flare at the ends. The fabric appears to be lightweight and has a subtle sheen. The background is plain white, making the blouse stand out.""}",true,false,false
Ladieswear || Top || Jersey Basic || White || Solid,data\generated\n9\ladieswear_top_jersey-basic_white_solid\s0.35_seed51.png,0.35,51,19,0.9141633479218734,0.7917031049728394,0.9771104454994202,0.9279783368110657,true,0.9432525634765625,0.844569206237793,0.9863542199134827,0.9559211373329163,true,true,0.844569206237793,0.9222480177879333,false,0.7785730004310608,true,matched,0.5666666666666667,true,"{""product_type"": ""Blouse."", ""colour_family"": ""White."", ""graphical_treatment"": ""Solid.""}",YY,true,true,0.2833333333333333,false,"{""product_type"": ""The image is of a white blouse with a round neckline and long sleeves. The blouse has a pleated design on the front and a V-neckline. The sleeves are long and flowy, and the blouse appears to be made of a lightweight fabric. The background is plain white, making the blouses the focal point of the image."", ""colour_family"": ""The image is of a white blouse with a round neckline and long sleeves. The blouse has a pleated design on the front and a V-neckline. The sleeves are long and flowy, and the blouse appears to be made of a lightweight fabric. The background is plain white, making the blouses the focal point of the image."", ""graphical_treatment"": ""The image is of a white blouse with a round neckline and long sleeves. The blouse has a pleated design on the front and a V-neckline. The sleeves are long and flowy, and the blouse appears to be made of a lightweight fabric. The background is plain white, making the blouses the focal point of the image.""}",true,false,true
Ladieswear || Top || Jersey Basic || White || Solid,data\generated\n9\ladieswear_top_jersey-basic_white_solid\s0.35_seed52.png,0.35,52,19,0.9061825244050277,0.5956201600401025,0.9771104454994202,0.9279783368110657,true,0.9370278120040894,0.6873219609260559,0.9863542199134827,0.9559211373329163,true,true,0.6873219609260559,0.9222480177879333,false,0.7785730004310608,false,matched,0.85,true,"{""product_type"": ""Top."", ""colour_family"": ""White."", ""graphical_treatment"": ""Solid.""}",YN,false,true,0.2833333333333333,false,"{""product_type"": ""The image is of a white blouse with long sleeves and a square neckline. The blouse has a ribbed texture and appears to be made of a lightweight fabric. The neckline is cut out in the center, creating a square shape. The sleeves are long and flowy, and the blouse is hanging on a white hanger against a plain white background."", ""colour_family"": ""The image is of a white blouse with long sleeves and a square neckline. The blouse has a ribbed texture and appears to be made of a lightweight fabric. The neckline is cut out in the center, creating a square shape. The sleeves are long and flowy, and the blouse is hanging on a white hanger against a plain white background."", ""graphical_treatment"": ""The image is of a white blouse with long sleeves and a square neckline. The blouse has a ribbed texture and appears to be made of a lightweight fabric. The neckline is cut out in the center, creating a square shape. The sleeves are long and flowy, and the blouse is hanging on a white hanger against a plain white background.""}",true,false,false
Ladieswear || Top || Jersey Basic || White || Solid,data\generated\n9\ladieswear_top_jersey-basic_white_solid\s0.35_seed53.png,0.35,53,19,0.8816084516675848,0.7385729268977517,0.9771104454994202,0.9279783368110657,true,0.914876401424408,0.8026325106620789,0.9863542199134827,0.9559211373329163,true,true,0.8026325106620789,0.9222480177879333,false,0.7785730004310608,true,matched,0.85,true,"{""product_type"": ""Top."", ""colour_family"": ""White."", ""graphical_treatment"": ""Solid.""}",YN,false,true,0.2833333333333333,false,"{""product_type"": ""The image is of a white blouse with long sleeves. The blouse has a round neckline with a square cutout in the center. The sleeves are long and flowy, with a slight flare at the ends. The fabric appears to be lightweight and has a subtle sheen. The background is a plain grey color, making the blouse stand out."", ""colour_family"": ""The image is of a white blouse with long sleeves. The blouse has a round neckline with a square cutout in the center. The sleeves are long and flowy, with a slight flare at the ends. The fabric appears to be lightweight and has a subtle sheen. The background is a plain grey color, making the blouse stand out."", ""graphical_treatment"": ""The image is of a white blouse with long sleeves. The blouse has a round neckline with a square cutout in the center. The sleeves are long and flowy, with a slight flare at the ends. The fabric appears to be lightweight and has a subtle sheen. The background is a plain grey color, making the blouse stand out.""}",true,false,false
Ladieswear || Top || Jersey Basic || White || Solid,data\generated\n9\ladieswear_top_jersey-basic_white_solid\s0.35_seed54.png,0.35,54,19,0.9187109470367432,0.8427243326839647,0.9771104454994202,0.9279783368110657,true,0.9490802884101868,0.8918134570121765,0.9863542199134827,0.9559211373329163,true,true,0.8918134570121765,0.9222480177879333,false,0.7785730004310608,true,matched,0.85,true,"{""product_type"": ""Top."", ""colour_family"": ""White."", ""graphical_treatment"": ""Solid.""}",YN,false,true,0.5666666666666667,true,"{""product_type"": ""The image is of a white long-sleeved top with a round neckline. The top has a relaxed fit and appears to be made of a soft, lightweight fabric. The neckline is cut out in the center, creating a square shape. The sleeves are long and flowy, with a slight flare at the ends. The overall style of the top is casual and feminine. The background is plain white, making the top stand out."", ""colour_family"": ""The image is of a white long-sleeved top with a round neckline. The top has a relaxed fit and appears to be made of a soft, lightweight fabric. The neckline is cut out in the center, creating a square shape. The sleeves are long and flowy, with a slight flare at the ends. The overall style of the top is casual and feminine. The background is plain white, making the top stand out."", ""graphical_treatment"": ""The image is of a white long-sleeved top with a round neckline. The top has a relaxed fit and appears to be made of a soft, lightweight fabric. The neckline is cut out in the center, creating a square shape. The sleeves are long and flowy, with a slight flare at the ends. The overall style of the top is casual and feminine. The background is plain white, making the top stand out.""}",true,true,false
Ladieswear || Top || Jersey Basic || White || Solid,data\generated\n9\ladieswear_top_jersey-basic_white_solid\s0.35_seed55.png,0.35,55,19,0.8901363454366985,0.7320338989558973,0.9771104454994202,0.9279783368110657,true,0.9198384881019592,0.7932199239730835,0.9863542199134827,0.9559211373329163,true,true,0.7932199239730835,0.9222480177879333,false,0.7785730004310608,true,matched,0.85,true,"{""product_type"": ""Top."", ""colour_family"": ""White."", ""graphical_treatment"": ""Solid.""}",YN,false,true,0.2833333333333333,false,"{""product_type"": ""The image is of a white blouse with long sleeves and a square neckline. The blouse has a relaxed fit and appears to be made of a lightweight fabric. The neckline is cut out in the center, creating a square shape. The sleeves are long and flowy, with a slight flare at the bottom. The overall style of the blouse is casual and feminine."", ""colour_family"": ""The image is of a white blouse with long sleeves and a square neckline. The blouse has a relaxed fit and appears to be made of a lightweight fabric. The neckline is cut out in the center, creating a square shape. The sleeves are long and flowy, with a slight flare at the bottom. The overall style of the blouse is casual and feminine."", ""graphical_treatment"": ""The image is of a white blouse with long sleeves and a square neckline. The blouse has a relaxed fit and appears to be made of a lightweight fabric. The neckline is cut out in the center, creating a square shape. The sleeves are long and flowy, with a slight flare at the bottom. The overall style of the blouse is casual and feminine.""}",true,false,false
Ladieswear || Top || Jersey Basic || White || Solid,data\generated\n9\ladieswear_top_jersey-basic_white_solid\s0.35_seed56.png,0.35,56,19,0.9036485835125572,0.7373953022454914,0.9771104454994202,0.9279783368110657,true,0.9272473454475403,0.8132648468017578,0.9863542199134827,0.9559211373329163,true,true,0.8132648468017578,0.9222480177879333,false,0.7785730004310608,true,matched,0.5666666666666667,true,"{""product_type"": ""Sweater."", ""colour_family"": ""White."", ""graphical_treatment"": ""Solid.""}",YN,false,true,0.2833333333333333,false,"{""product_type"": ""The image shows a white blouse hanging on a wooden hanger. The blouse has a square neckline with long sleeves and a ribbed texture. The sleeves are slightly flared at the elbows and the hemline falls just below the waist. The fabric appears to be lightweight and has a subtle sheen. The hanger is made of a dark wood and is hanging against a plain white background."", ""colour_family"": ""The image shows a white blouse hanging on a wooden hanger. The blouse has a square neckline with long sleeves and a ribbed texture. The sleeves are slightly flared at the elbows and the hemline falls just below the waist. The fabric appears to be lightweight and has a subtle sheen. The hanger is made of a dark wood and is hanging against a plain white background."", ""graphical_treatment"": ""The image shows a white blouse hanging on a wooden hanger. The blouse has a square neckline with long sleeves and a ribbed texture. The sleeves are slightly flared at the elbows and the hemline falls just below the waist. The fabric appears to be lightweight and has a subtle sheen. The hanger is made of a dark wood and is hanging against a plain white background.""}",true,false,false
Ladieswear || Top || Jersey Basic || White || Solid,data\generated\n9\ladieswear_top_jersey-basic_white_solid\s0.35_seed57.png,0.35,57,19,0.9199030430693376,0.7736894802043313,0.9771104454994202,0.9279783368110657,true,0.9450671076774597,0.8459346890449524,0.9863542199134827,0.9559211373329163,true,true,0.8459346890449524,0.9222480177879333,false,0.7785730004310608,true,matched,0.85,true,"{""product_type"": ""Top."", ""colour_family"": ""White."", ""graphical_treatment"": ""Solid.""}",YN,false,true,0.2833333333333333,false,"{""product_type"": ""The image is of a white blouse with long sleeves. The blouse has a round neckline and a pleated design on the front. The sleeves are long and flowy, and the blouse appears to be made of a lightweight fabric. The background is plain white, making the blouses the focal point of the image."", ""colour_family"": ""The image is of a white blouse with long sleeves. The blouse has a round neckline and a pleated design on the front. The sleeves are long and flowy, and the blouse appears to be made of a lightweight fabric. The background is plain white, making the blouses the focal point of the image."", ""graphical_treatment"": ""The image is of a white blouse with long sleeves. The blouse has a round neckline and a pleated design on the front. The sleeves are long and flowy, and the blouse appears to be made of a lightweight fabric. The background is plain white, making the blouses the focal point of the image.""}",true,false,false
Ladieswear || Top || Jersey Basic || White || Solid,data\generated\n9\ladieswear_top_jersey-basic_white_solid\s0.35_seed58.png,0.35,58,19,0.8783566700784784,0.7624367851960031,0.9771104454994202,0.9279783368110657,true,0.9035906791687012,0.8240922689437866,0.9863542199134827,0.9559211373329163,true,true,0.8240922689437866,0.9222480177879333,false,0.7785730004310608,true,matched,0.85,true,"{""product_type"": ""Top."", ""colour_family"": ""White."", ""graphical_treatment"": ""Solid.""}",YN,false,true,0.2833333333333333,false,"{""product_type"": ""The image shows a white blouse hanging on a white hanger. The blouse has a square neckline with a square cutout in the center. The sleeves are long and flowy, with a slight flare at the ends. The fabric appears to be lightweight and has a subtle sheen. The hanger is attached to the blouse with a thin metal rod. The background is plain white."", ""colour_family"": ""The image shows a white blouse hanging on a white hanger. The blouse has a square neckline with a square cutout in the center. The sleeves are long and flowy, with a slight flare at the ends. The fabric appears to be lightweight and has a subtle sheen. The hanger is attached to the blouse with a thin metal rod. The background is plain white."", ""graphical_treatment"": ""The image shows a white blouse hanging on a white hanger. The blouse has a square neckline with a square cutout in the center. The sleeves are long and flowy, with a slight flare at the ends. The fabric appears to be lightweight and has a subtle sheen. The hanger is attached to the blouse with a thin metal rod. The background is plain white.""}",true,false,false
Ladieswear || Top || Jersey Basic || White || Solid,data\generated\n9\ladieswear_top_jersey-basic_white_solid\s0.35_seed59.png,0.35,59,19,0.9182037334693106,0.7755065372115687,0.9771104454994202,0.9279783368110657,true,0.9413842558860779,0.825657308101654,0.9863542199134827,0.9559211373329163,true,true,0.825657308101654,0.9222480177879333,false,0.7785730004310608,true,matched,0.2833333333333333,false,"{""product_type"": ""Shirt."", ""colour_family"": ""White."", ""graphical_treatment"": ""Plain.""}",YN,false,true,0.2833333333333333,false,"{""product_type"": ""The image is of a white blouse with long sleeves and a round neckline. The blouse has a pleated design with vertical lines running horizontally across it. The neckline is cut out in the center, with a small black zipper running down the center. The sleeves are long and flowy, and the blouse appears to be made of a lightweight fabric. The background is plain white."", ""colour_family"": ""The image is of a white blouse with long sleeves and a round neckline. The blouse has a pleated design with vertical lines running horizontally across it. The neckline is cut out in the center, with a small black zipper running down the center. The sleeves are long and flowy, and the blouse appears to be made of a lightweight fabric. The background is plain white."", ""graphical_treatment"": ""The image is of a white blouse with long sleeves and a round neckline. The blouse has a pleated design with vertical lines running horizontally across it. The neckline is cut out in the center, with a small black zipper running down the center. The sleeves are long and flowy, and the blouse appears to be made of a lightweight fabric. The background is plain white.""}",false,false,false
Ladieswear || Top || Jersey Basic || White || Solid,data\generated\n9\ladieswear_top_jersey-basic_white_solid\s0.35_seed60.png,0.35,60,19,0.8830320050841883,0.7062622967519259,0.9771104454994202,0.9279783368110657,true,0.9104236364364624,0.8063784241676331,0.9863542199134827,0.9559211373329163,true,true,0.8063784241676331,0.9222480177879333,false,0.7785730004310608,true,matched,0.85,true,"{""product_type"": ""Top."", ""colour_family"": ""White."", ""graphical_treatment"": ""Solid.""}",YN,false,true,0.2833333333333333,false,"{""product_type"": ""The image is of a white blouse with long sleeves and a square neckline. The blouse has a relaxed fit and appears to be made of a lightweight fabric. The sleeves are long and flowy, with a slight ruffled hemline at the bottom. The neckline is square and has a square cutout in the center, creating a square shape. The overall style of the blouse is simple and elegant."", ""colour_family"": ""The image is of a white blouse with long sleeves and a square neckline. The blouse has a relaxed fit and appears to be made of a lightweight fabric. The sleeves are long and flowy, with a slight ruffled hemline at the bottom. The neckline is square and has a square cutout in the center, creating a square shape. The overall style of the blouse is simple and elegant."", ""graphical_treatment"": ""The image is of a white blouse with long sleeves and a square neckline. The blouse has a relaxed fit and appears to be made of a lightweight fabric. The sleeves are long and flowy, with a slight ruffled hemline at the bottom. The neckline is square and has a square cutout in the center, creating a square shape. The overall style of the blouse is simple and elegant.""}",true,false,false
Ladieswear || Top || Jersey Basic || White || Solid,data\generated\n9\ladieswear_top_jersey-basic_white_solid\s0.35_seed61.png,0.35,61,19,0.8848986688413119,0.7269869289900127,0.9771104454994202,0.9279783368110657,true,0.9149497151374817,0.7919468879699707,0.9863542199134827,0.9559211373329163,true,true,0.7919468879699707,0.9222480177879333,false,0.7785730004310608,true,matched,0.85,true,"{""product_type"": ""Top."", ""colour_family"": ""White."", ""graphical_treatment"": ""Solid.""}",YN,false,true,0.2833333333333333,false,"{""product_type"": ""The image is of a white blouse with long sleeves and a square neckline. The blouse has a pleated design on the front and a button-down front. The sleeves are long and flowy, and the neckline is square in shape. The fabric appears to be lightweight and has a subtle sheen. The background is plain white, making the blouse stand out."", ""colour_family"": ""The image is of a white blouse with long sleeves and a square neckline. The blouse has a pleated design on the front and a button-down front. The sleeves are long and flowy, and the neckline is square in shape. The fabric appears to be lightweight and has a subtle sheen. The background is plain white, making the blouse stand out."", ""graphical_treatment"": ""The image is of a white blouse with long sleeves and a square neckline. The blouse has a pleated design on the front and a button-down front. The sleeves are long and flowy, and the neckline is square in shape. The fabric appears to be lightweight and has a subtle sheen. The background is plain white, making the blouse stand out.""}",true,false,false
Ladieswear || Top || Jersey Basic || White || Solid,data\generated\n9\ladieswear_top_jersey-basic_white_solid\s0.35_seed62.png,0.35,62,19,0.9031930659946642,0.7974512451573422,0.9771104454994202,0.9279783368110657,true,0.9303222298622131,0.8545328378677368,0.9863542199134827,0.9559211373329163,true,true,0.8545328378677368,0.9222480177879333,false,0.7785730004310608,true,matched,0.5666666666666667,true,"{""product_type"": ""Clothes."", ""colour_family"": ""White."", ""graphical_treatment"": ""Solid.""}",YY,true,true,0.5666666666666667,true,"{""product_type"": ""The image is of a white long-sleeved top with a square neckline. The top has a ribbed texture and appears to be made of a lightweight fabric. The neckline is cut out in the center, creating a square shape. The sleeves are long and flowy, with a slight flare at the ends. The overall style of the top is simple and elegant. The background is plain white, making the top stand out."", ""colour_family"": ""The image is of a white long-sleeved top with a square neckline. The top has a ribbed texture and appears to be made of a lightweight fabric. The neckline is cut out in the center, creating a square shape. The sleeves are long and flowy, with a slight flare at the ends. The overall style of the top is simple and elegant. The background is plain white, making the top stand out."", ""graphical_treatment"": ""The image is of a white long-sleeved top with a square neckline. The top has a ribbed texture and appears to be made of a lightweight fabric. The neckline is cut out in the center, creating a square shape. The sleeves are long and flowy, with a slight flare at the ends. The overall style of the top is simple and elegant. The background is plain white, making the top stand out.""}",true,true,true
Ladieswear || Top || Jersey Basic || White || Solid,data\generated\n9\ladieswear_top_jersey-basic_white_solid\s0.35_seed63.png,0.35,63,19,0.8746412114093178,0.6474400758743286,0.9771104454994202,0.9279783368110657,true,0.9058278799057007,0.7221225500106812,0.9863542199134827,0.9559211373329163,true,true,0.7221225500106812,0.9222480177879333,false,0.7785730004310608,false,matched,0.85,true,"{""product_type"": ""Top."", ""colour_family"": ""White."", ""graphical_treatment"": ""Solid.""}",YY,true,true,0.2833333333333333,false,"{""product_type"": ""The image shows a white blouse hanging on a wooden hanger. The blouse has a round neckline and long sleeves with a pleated design. The fabric appears to be lightweight and has a subtle sheen. The hanger is made of a light-colored wood and is hanging against a plain white background."", ""colour_family"": ""The image shows a white blouse hanging on a wooden hanger. The blouse has a round neckline and long sleeves with a pleated design. The fabric appears to be lightweight and has a subtle sheen. The hanger is made of a light-colored wood and is hanging against a plain white background."", ""graphical_treatment"": ""The image shows a white blouse hanging on a wooden hanger. The blouse has a round neckline and long sleeves with a pleated design. The fabric appears to be lightweight and has a subtle sheen. The hanger is made of a light-colored wood and is hanging against a plain white background.""}",true,false,true
Ladieswear || Top || Jersey Basic || White || Solid,data\generated\n9\ladieswear_top_jersey-basic_white_solid\s0.35_seed64.png,0.35,64,19,0.8987770174679003,0.723820614187341,0.9771104454994202,0.9279783368110657,true,0.9226884245872498,0.7925472855567932,0.9863542199134827,0.9559211373329163,true,true,0.7925472855567932,0.9222480177879333,false,0.7785730004310608,true,matched,0.85,true,"{""product_type"": ""Top."", ""colour_family"": ""White."", ""graphical_treatment"": ""Solid.""}",NN,false,true,0.2833333333333333,false,"{""product_type"": ""The image shows a white blouse hanging on a white hanger. The blouse has a square neckline with thin straps that cross over the shoulders. The sleeves are long and flowy, with a ribbed texture. The fabric appears to be lightweight and has a subtle sheen. The hanger is made of metal and is hanging against a plain white background."", ""colour_family"": ""The image shows a white blouse hanging on a white hanger. The blouse has a square neckline with thin straps that cross over the shoulders. The sleeves are long and flowy, with a ribbed texture. The fabric appears to be lightweight and has a subtle sheen. The hanger is made of metal and is hanging against a plain white background."", ""graphical_treatment"": ""The image shows a white blouse hanging on a white hanger. The blouse has a square neckline with thin straps that cross over the shoulders. The sleeves are long and flowy, with a ribbed texture. The fabric appears to be lightweight and has a subtle sheen. The hanger is made of metal and is hanging against a plain white background.""}",true,false,false
Ladieswear || Top || Jersey Basic || White || Solid,data\generated\n9\ladieswear_top_jersey-basic_white_solid\s0.35_seed65.png,0.35,65,19,0.9217389100476315,0.7855468580597326,0.9771104454994202,0.9279783368110657,true,0.9537809491157532,0.8522567749023438,0.9863542199134827,0.9559211373329163,true,true,0.8522567749023438,0.9222480177879333,false,0.7785730004310608,true,matched,0.2833333333333333,false,"{""product_type"": ""Shirt."", ""colour_family"": ""White."", ""graphical_treatment"": ""Striped.""}",NN,false,true,0.5666666666666667,true,"{""product_type"": ""The image is of a white long-sleeved top with a round neckline. The top has a ribbed texture and appears to be made of a soft, lightweight fabric. The neckline is slightly scooped at the back, creating a relaxed and casual look. The sleeves are long and flowy, with a slight flare at the ends. The overall style of the top is simple and minimalistic."", ""colour_family"": ""The image is of a white long-sleeved top with a round neckline. The top has a ribbed texture and appears to be made of a soft, lightweight fabric. The neckline is slightly scooped at the back, creating a relaxed and casual look. The sleeves are long and flowy, with a slight flare at the ends. The overall style of the top is simple and minimalistic."", ""graphical_treatment"": ""The image is of a white long-sleeved top with a round neckline. The top has a ribbed texture and appears to be made of a soft, lightweight fabric. The neckline is slightly scooped at the back, creating a relaxed and casual look. The sleeves are long and flowy, with a slight flare at the ends. The overall style of the top is simple and minimalistic.""}",false,true,false
Ladieswear || Bikini top || Swimwear || Orange || All over pattern,data\generated\n9\ladieswear_bikini-top_swimwear_orange_all-over-pattern\s0.35_seed42.png,0.35,42,8,0.8396900147199631,0.719783641397953,0.8952780187129974,0.8467449009418487,true,0.8836827278137207,0.8309100866317749,0.9201377630233765,0.9152873754501343,true,true,0.8309100866317749,0.6621219038963317,true,0.7785730004310608,true,matched,0.2833333333333333,false,"{""product_type"": ""Bikini."", ""colour_family"": ""Orange."", ""graphical_treatment"": ""Polka dot.""}",YN,false,true,0.5736111111111111,true,"{""product_type"": ""The image is of a bikini top and bottom. The top is a halter style with a triangle neckline and thin straps. The straps are tied in a knot at the top, creating a tie-back effect. The bikini top is made of a bright orange fabric with a white geometric pattern. The bottom is a matching orange and white pattern with a ruffled hemline. There is also a small orange tassel hanging from the top. The background is"", ""colour_family"": ""The image is of a bikini top and bottom. The top is a halter style with a triangle neckline and thin straps. The straps are tied in a knot at the top, creating a tie-back effect. The bikini top is made of a bright orange fabric with a white geometric pattern. The bottom is a matching orange and white pattern with a ruffled hemline. There is also a small orange tassel hanging from the top. The background is"", ""graphical_treatment"": ""The image is of a bikini top and bottom. The top is a halter style with a triangle neckline and thin straps. The straps are tied in a knot at the top, creating a tie-back effect. The bikini top is made of a bright orange fabric with a white geometric pattern. The bottom is a matching orange and white pattern with a ruffled hemline. There is also a small orange tassel hanging from the top. The background is""}",false,true,false
Ladieswear || Bikini top || Swimwear || Orange || All over pattern,data\generated\n9\ladieswear_bikini-top_swimwear_orange_all-over-pattern\s0.35_seed43.png,0.35,43,8,0.821790300309658,0.6743687503039837,0.8952780187129974,0.8467449009418487,true,0.8828696012496948,0.8032262325286865,0.9201377630233765,0.9152873754501343,true,true,0.8032262325286865,0.6621219038963317,true,0.7785730004310608,true,matched,0.2833333333333333,false,"{""product_type"": ""Bikini."", ""colour_family"": ""Orange."", ""graphical_treatment"": ""Floral.""}",YN,false,true,0.5666666666666667,true,"{""product_type"": ""The image is of a bikini top with an orange and white geometric pattern. The bikini top has a halter neckline with a tie at the front, creating a tie-up detail. The straps of the bikini top are tied in a bow at the back, adding a touch of elegance to the design. The fabric appears to be lightweight and breathable, making it perfect for a day at the beach or pool. The background is a plain grey color, making the"", ""colour_family"": ""The image is of a bikini top with an orange and white geometric pattern. The bikini top has a halter neckline with a tie at the front, creating a tie-up detail. The straps of the bikini top are tied in a bow at the back, adding a touch of elegance to the design. The fabric appears to be lightweight and breathable, making it perfect for a day at the beach or pool. The background is a plain grey color, making the"", ""graphical_treatment"": ""The image is of a bikini top with an orange and white geometric pattern. The bikini top has a halter neckline with a tie at the front, creating a tie-up detail. The straps of the bikini top are tied in a bow at the back, adding a touch of elegance to the design. The fabric appears to be lightweight and breathable, making it perfect for a day at the beach or pool. The background is a plain grey color, making the""}",false,true,false
Ladieswear || Bikini top || Swimwear || Orange || All over pattern,data\generated\n9\ladieswear_bikini-top_swimwear_orange_all-over-pattern\s0.35_seed44.png,0.35,44,8,0.8326266780495644,0.7341405376791954,0.8952780187129974,0.8467449009418487,true,0.8748862147331238,0.8534458875656128,0.9201377630233765,0.9152873754501343,true,true,0.8534458875656128,0.6621219038963317,true,0.7785730004310608,true,matched,0.2833333333333333,false,"{""product_type"": ""Bikini."", ""colour_family"": ""Orange."", ""graphical_treatment"": ""Checked.""}",YY,true,true,0.5729559748427673,true,"{""product_type"": ""The image is of a bikini top in an orange color with a geometric pattern. The top has a halter neckline with a tie at the top, creating a tie-back detail. The pattern is made up of small white triangles arranged in a repeating geometric design. The straps of the top are tied in a bow at the back, adding a touch of elegance to the overall look. The fabric appears to be lightweight and comfortable, perfect for a day at the beach"", ""colour_family"": ""The image is of a bikini top in an orange color with a geometric pattern. The top has a halter neckline with a tie at the top, creating a tie-back detail. The pattern is made up of small white triangles arranged in a repeating geometric design. The straps of the top are tied in a bow at the back, adding a touch of elegance to the overall look. The fabric appears to be lightweight and comfortable, perfect for a day at the beach"", ""graphical_treatment"": ""The image is of a bikini top in an orange color with a geometric pattern. The top has a halter neckline with a tie at the top, creating a tie-back detail. The pattern is made up of small white triangles arranged in a repeating geometric design. The straps of the top are tied in a bow at the back, adding a touch of elegance to the overall look. The fabric appears to be lightweight and comfortable, perfect for a day at the beach""}",false,true,true
Ladieswear || Bikini top || Swimwear || Orange || All over pattern,data\generated\n9\ladieswear_bikini-top_swimwear_orange_all-over-pattern\s0.35_seed45.png,0.35,45,8,0.8164185211062431,0.6907348930835724,0.8952780187129974,0.8467449009418487,true,0.8659848570823669,0.8670165538787842,0.9201377630233765,0.9152873754501343,true,true,0.8670165538787842,0.6621219038963317,true,0.7785730004310608,true,matched,0.2833333333333333,false,"{""product_type"": ""Bikini."", ""colour_family"": ""Orange."", ""graphical_treatment"": ""Checkered.""}",NN,false,true,0.573758865248227,true,"{""product_type"": ""The image is of a bikini top with an orange and white geometric pattern. The top has a halter neckline with a tie at the top, creating a bow-like effect. The straps of the top are tied in a knot at the back, and the fabric appears to be made of a lightweight, breathable fabric. The pattern is made up of small, repeating geometric shapes in a repeating orange color. The bottom of the bikini top is plain white, with"", ""colour_family"": ""The image is of a bikini top with an orange and white geometric pattern. The top has a halter neckline with a tie at the top, creating a bow-like effect. The straps of the top are tied in a knot at the back, and the fabric appears to be made of a lightweight, breathable fabric. The pattern is made up of small, repeating geometric shapes in a repeating orange color. The bottom of the bikini top is plain white, with"", ""graphical_treatment"": ""The image is of a bikini top with an orange and white geometric pattern. The top has a halter neckline with a tie at the top, creating a bow-like effect. The straps of the top are tied in a knot at the back, and the fabric appears to be made of a lightweight, breathable fabric. The pattern is made up of small, repeating geometric shapes in a repeating orange color. The bottom of the bikini top is plain white, with""}",false,true,false
Ladieswear || Bikini top || Swimwear || Orange || All over pattern,data\generated\n9\ladieswear_bikini-top_swimwear_orange_all-over-pattern\s0.35_seed46.png,0.35,46,8,0.823414996266365,0.7305130138993263,0.8952780187129974,0.8467449009418487,true,0.8828526139259338,0.9070619940757751,0.9201377630233765,0.9152873754501343,true,true,0.9070619940757751,0.6621219038963317,true,0.7785730004310608,true,matched,0.2833333333333333,false,"{""product_type"": ""Bikini."", ""colour_family"": ""Orange."", ""graphical_treatment"": ""Melange.""}",YY,true,true,0.5666666666666667,true,"{""product_type"": ""The image is of a bikini top and bottom. The bikini top is a triangle style with a halter neckline and thin straps. The straps are tied in a bow at the top, creating a tie-up effect. The top is made of a textured fabric with an orange and white geometric pattern. The bottom is a matching bikini bottom with a tie at the bottom. Both the top and the bottom are made of the same fabric. The background is plain white"", ""colour_family"": ""The image is of a bikini top and bottom. The bikini top is a triangle style with a halter neckline and thin straps. The straps are tied in a bow at the top, creating a tie-up effect. The top is made of a textured fabric with an orange and white geometric pattern. The bottom is a matching bikini bottom with a tie at the bottom. Both the top and the bottom are made of the same fabric. The background is plain white"", ""graphical_treatment"": ""The image is of a bikini top and bottom. The bikini top is a triangle style with a halter neckline and thin straps. The straps are tied in a bow at the top, creating a tie-up effect. The top is made of a textured fabric with an orange and white geometric pattern. The bottom is a matching bikini bottom with a tie at the bottom. Both the top and the bottom are made of the same fabric. The background is plain white""}",false,true,true
Ladieswear || Bikini top || Swimwear || Orange || All over pattern,data\generated\n9\ladieswear_bikini-top_swimwear_orange_all-over-pattern\s0.35_seed47.png,0.35,47,8,0.8260319158434868,0.7047419771552086,0.8952780187129974,0.8467449009418487,true,0.8617041110992432,0.8880497813224792,0.9201377630233765,0.9152873754501343,true,true,0.8880497813224792,0.6621219038963317,true,0.7785730004310608,true,matched,0.2833333333333333,false,"{""product_type"": ""Bikini."", ""colour_family"": ""Orange."", ""graphical_treatment"": ""Melange.""}",YY,true,true,0.5728395061728395,true,"{""product_type"": ""The image is of a bikini top. The top is a triangle style with a halter neckline and thin straps. The straps are tied in a bow at the top, creating a tie-back effect. The fabric is a bright orange color with a black and white geometric pattern. The pattern appears to be made up of small squares and rectangles, giving the top a unique and eye-catching look. The bikini bottom is also orange and has a similar geometric pattern"", ""colour_family"": ""The image is of a bikini top. The top is a triangle style with a halter neckline and thin straps. The straps are tied in a bow at the top, creating a tie-back effect. The fabric is a bright orange color with a black and white geometric pattern. The pattern appears to be made up of small squares and rectangles, giving the top a unique and eye-catching look. The bikini bottom is also orange and has a similar geometric pattern"", ""graphical_treatment"": ""The image is of a bikini top. The top is a triangle style with a halter neckline and thin straps. The straps are tied in a bow at the top, creating a tie-back effect. The fabric is a bright orange color with a black and white geometric pattern. The pattern appears to be made up of small squares and rectangles, giving the top a unique and eye-catching look. The bikini bottom is also orange and has a similar geometric pattern""}",false,true,true
Ladieswear || Bikini top || Swimwear || Orange || All over pattern,data\generated\n9\ladieswear_bikini-top_swimwear_orange_all-over-pattern\s0.35_seed48.png,0.35,48,8,0.8381967544555664,0.7157151140272617,0.8952780187129974,0.8467449009418487,true,0.8713682889938354,0.8488033413887024,0.9201377630233765,0.9152873754501343,true,true,0.8488033413887024,0.6621219038963317,true,0.7785730004310608,true,matched,0.2833333333333333,false,"{""product_type"": ""Bikini."", ""colour_family"": ""Orange."", ""graphical_treatment"": ""ORIGINAL.""}",YY,true,true,0.573758865248227,true,"{""product_type"": ""The image is of a bikini top with a halter neckline. The top is made of a bright orange fabric with an orange and white geometric pattern. The pattern is made up of small white triangles arranged in a zigzag-like design. The straps of the top are tied in a knot at the top, creating a tie-back effect. The bottom of the bikini top has a white trim around the edges. The background is plain white."", ""colour_family"": ""The image is of a bikini top with a halter neckline. The top is made of a bright orange fabric with an orange and white geometric pattern. The pattern is made up of small white triangles arranged in a zigzag-like design. The straps of the top are tied in a knot at the top, creating a tie-back effect. The bottom of the bikini top has a white trim around the edges. The background is plain white."", ""graphical_treatment"": ""The image is of a bikini top with a halter neckline. The top is made of a bright orange fabric with an orange and white geometric pattern. The pattern is made up of small white triangles arranged in a zigzag-like design. The straps of the top are tied in a knot at the top, creating a tie-back effect. The bottom of the bikini top has a white trim around the edges. The background is plain white.""}",false,true,true
Ladieswear || Bikini top || Swimwear || Orange || All over pattern,data\generated\n9\ladieswear_bikini-top_swimwear_orange_all-over-pattern\s0.35_seed49.png,0.35,49,8,0.8367244005203247,0.7317910864949226,0.8952780187129974,0.8467449009418487,true,0.8568577170372009,0.8846424221992493,0.9201377630233765,0.9152873754501343,true,true,0.8846424221992493,0.6621219038963317,true,0.7785730004310608,true,matched,0.2833333333333333,false,"{""product_type"": ""Brimbelt."", ""colour_family"": ""Orange."", ""graphical_treatment"": ""Floral.""}",YN,false,true,0.573758865248227,true,"{""product_type"": ""The image is of a bikini top. The top is a halter style with a tie at the neckline. It is made of a fabric with an orange and white geometric pattern. The pattern is made up of small white triangles arranged in a zigzag-like design. The straps of the top are tied in a bow at the back, creating a flattering silhouette. The bikini top appears to be new and unused."", ""colour_family"": ""The image is of a bikini top. The top is a halter style with a tie at the neckline. It is made of a fabric with an orange and white geometric pattern. The pattern is made up of small white triangles arranged in a zigzag-like design. The straps of the top are tied in a bow at the back, creating a flattering silhouette. The bikini top appears to be new and unused."", ""graphical_treatment"": ""The image is of a bikini top. The top is a halter style with a tie at the neckline. It is made of a fabric with an orange and white geometric pattern. The pattern is made up of small white triangles arranged in a zigzag-like design. The straps of the top are tied in a bow at the back, creating a flattering silhouette. The bikini top appears to be new and unused.""}",false,true,false
Ladieswear || Bikini top || Swimwear || Orange || All over pattern,data\generated\n9\ladieswear_bikini-top_swimwear_orange_all-over-pattern\s0.35_seed50.png,0.35,50,8,0.8368833512067795,0.7111374251544476,0.8952780187129974,0.8467449009418487,true,0.8490517139434814,0.8540112972259521,0.9201377630233765,0.9152873754501343,true,true,0.8540112972259521,0.6621219038963317,true,0.7785730004310608,true,matched,0.2833333333333333,false,"{""product_type"": ""Bra."", ""colour_family"": ""Orange."", ""graphical_treatment"": ""Dots.""}",YY,true,true,0.5733333333333334,true,"{""product_type"": ""The image is of a bikini top. The top is a halter style with a deep V-neckline. It is made of a lightweight fabric with an orange and white geometric pattern. The pattern is made up of small squares and rectangles in various shades of orange, creating a repeating geometric design. The straps of the top are tied in a knot at the front, creating an asymmetrical shape. The bottom of the bikini top has a white trim around the edges"", ""colour_family"": ""The image is of a bikini top. The top is a halter style with a deep V-neckline. It is made of a lightweight fabric with an orange and white geometric pattern. The pattern is made up of small squares and rectangles in various shades of orange, creating a repeating geometric design. The straps of the top are tied in a knot at the front, creating an asymmetrical shape. The bottom of the bikini top has a white trim around the edges"", ""graphical_treatment"": ""The image is of a bikini top. The top is a halter style with a deep V-neckline. It is made of a lightweight fabric with an orange and white geometric pattern. The pattern is made up of small squares and rectangles in various shades of orange, creating a repeating geometric design. The straps of the top are tied in a knot at the front, creating an asymmetrical shape. The bottom of the bikini top has a white trim around the edges""}",false,true,true
Ladieswear || Bikini top || Swimwear || Orange || All over pattern,data\generated\n9\ladieswear_bikini-top_swimwear_orange_all-over-pattern\s0.35_seed51.png,0.35,51,8,0.851991593837738,0.72205975279212,0.8952780187129974,0.8467449009418487,true,0.9121130108833313,0.8599821329116821,0.9201377630233765,0.9152873754501343,true,true,0.8599821329116821,0.6621219038963317,true,0.7785730004310608,true,matched,0.2833333333333333,false,"{""product_type"": ""Bra."", ""colour_family"": ""Orange."", ""graphical_treatment"": ""Melange.""}",YY,true,true,0.573469387755102,true,"{""product_type"": ""The image is of a bikini top with a halter neckline. The top is made of a fabric with an orange and white geometric pattern. The pattern is made up of small white triangles arranged in a grid-like design. The straps of the top are tied in a knot at the top, creating a tie-up effect. The bottom of the bikini top has a ruffled design, adding a feminine touch to the overall look. The fabric appears to be"", ""colour_family"": ""The image is of a bikini top with a halter neckline. The top is made of a fabric with an orange and white geometric pattern. The pattern is made up of small white triangles arranged in a grid-like design. The straps of the top are tied in a knot at the top, creating a tie-up effect. The bottom of the bikini top has a ruffled design, adding a feminine touch to the overall look. The fabric appears to be"", ""graphical_treatment"": ""The image is of a bikini top with a halter neckline. The top is made of a fabric with an orange and white geometric pattern. The pattern is made up of small white triangles arranged in a grid-like design. The straps of the top are tied in a knot at the top, creating a tie-up effect. The bottom of the bikini top has a ruffled design, adding a feminine touch to the overall look. The fabric appears to be""}",false,true,true
Ladieswear || Bikini top || Swimwear || Orange || All over pattern,data\generated\n9\ladieswear_bikini-top_swimwear_orange_all-over-pattern\s0.35_seed52.png,0.35,52,8,0.8121610283851624,0.7083451077342033,0.8952780187129974,0.8467449009418487,true,0.8773506879806519,0.8181498050689697,0.9201377630233765,0.9152873754501343,true,true,0.8181498050689697,0.6621219038963317,true,0.7785730004310608,true,matched,0.2833333333333333,false,"{""product_type"": ""Bikini."", ""colour_family"": ""Orange."", ""graphical_treatment"": ""Melange.""}",YN,false,true,0.5666666666666667,true,"{""product_type"": ""The image shows a bikini top and a straw hat on a beige background. The bikini top is a halter style with a tie detail at the neckline. It is made of a white fabric with a black and orange geometric pattern. The bottom of the bikini top has a matching orange ribbon tied in a bow at the front. On the right side of the image, there is a small bouquet of red and white flowers and an orange. The straw hat is"", ""colour_family"": ""The image shows a bikini top and a straw hat on a beige background. The bikini top is a halter style with a tie detail at the neckline. It is made of a white fabric with a black and orange geometric pattern. The bottom of the bikini top has a matching orange ribbon tied in a bow at the front. On the right side of the image, there is a small bouquet of red and white flowers and an orange. The straw hat is"", ""graphical_treatment"": ""The image shows a bikini top and a straw hat on a beige background. The bikini top is a halter style with a tie detail at the neckline. It is made of a white fabric with a black and orange geometric pattern. The bottom of the bikini top has a matching orange ribbon tied in a bow at the front. On the right side of the image, there is a small bouquet of red and white flowers and an orange. The straw hat is""}",false,true,false
Ladieswear || Bikini top || Swimwear || Orange || All over pattern,data\generated\n9\ladieswear_bikini-top_swimwear_orange_all-over-pattern\s0.35_seed53.png,0.35,53,8,0.8195850551128387,0.6431144028902054,0.8952780187129974,0.8467449009418487,true,0.8631417155265808,0.7488283514976501,0.9201377630233765,0.9152873754501343,true,true,0.7488283514976501,0.6621219038963317,true,0.7785730004310608,false,matched,0.2833333333333333,false,"{""product_type"": ""Bikini."", ""colour_family"": ""Orange."", ""graphical_treatment"": ""Polka dot.""}",NN,false,true,0.573469387755102,true,"{""product_type"": ""The image is of a bikini top and bottom. The bikini top is a triangle style with a halter neckline and a tie at the top. It is made of a bright orange fabric with a white geometric pattern. The pattern is made up of small white triangles arranged in a zigzag-like design. The bottom is a high-waisted bikini bottom with a tie detail at the bottom. Both pieces are laid flat on a plain grey background."", ""colour_family"": ""The image is of a bikini top and bottom. The bikini top is a triangle style with a halter neckline and a tie at the top. It is made of a bright orange fabric with a white geometric pattern. The pattern is made up of small white triangles arranged in a zigzag-like design. The bottom is a high-waisted bikini bottom with a tie detail at the bottom. Both pieces are laid flat on a plain grey background."", ""graphical_treatment"": ""The image is of a bikini top and bottom. The bikini top is a triangle style with a halter neckline and a tie at the top. It is made of a bright orange fabric with a white geometric pattern. The pattern is made up of small white triangles arranged in a zigzag-like design. The bottom is a high-waisted bikini bottom with a tie detail at the bottom. Both pieces are laid flat on a plain grey background.""}",false,true,false
Ladieswear || Bikini top || Swimwear || Orange || All over pattern,data\generated\n9\ladieswear_bikini-top_swimwear_orange_all-over-pattern\s0.35_seed54.png,0.35,54,8,0.8355566784739494,0.5432683192193508,0.8952780187129974,0.8467449009418487,true,0.8664502501487732,0.6919822692871094,0.9201377630233765,0.9152873754501343,true,true,0.6919822692871094,0.6621219038963317,true,0.7785730004310608,false,matched,0.2833333333333333,false,"{""product_type"": ""Bikini."", ""colour_family"": ""Orange."", ""graphical_treatment"": ""Checkered.""}",YY,true,true,0.5666666666666667,true,"{""product_type"": ""The image shows a bikini top and bottom set. The bikini top is a triangle style with a halter neckline and thin straps. It is made of a fabric with an orange and white geometric pattern. The straps are tied in a knot at the top, creating a tie-up effect. The bottom of the bikini top has a high-waisted fit with a ruffled hemline. The fabric appears to be lightweight and comfortable, perfect for a day at"", ""colour_family"": ""The image shows a bikini top and bottom set. The bikini top is a triangle style with a halter neckline and thin straps. It is made of a fabric with an orange and white geometric pattern. The straps are tied in a knot at the top, creating a tie-up effect. The bottom of the bikini top has a high-waisted fit with a ruffled hemline. The fabric appears to be lightweight and comfortable, perfect for a day at"", ""graphical_treatment"": ""The image shows a bikini top and bottom set. The bikini top is a triangle style with a halter neckline and thin straps. It is made of a fabric with an orange and white geometric pattern. The straps are tied in a knot at the top, creating a tie-up effect. The bottom of the bikini top has a high-waisted fit with a ruffled hemline. The fabric appears to be lightweight and comfortable, perfect for a day at""}",false,true,true
Ladieswear || Bikini top || Swimwear || Orange || All over pattern,data\generated\n9\ladieswear_bikini-top_swimwear_orange_all-over-pattern\s0.35_seed55.png,0.35,55,8,0.8302711024880409,0.7123691625893116,0.8952780187129974,0.8467449009418487,true,0.8961882591247559,0.8719089031219482,0.9201377630233765,0.9152873754501343,true,true,0.8719089031219482,0.6621219038963317,true,0.7785730004310608,true,matched,0.2833333333333333,false,"{""product_type"": ""Bikini."", ""colour_family"": ""Orange."", ""graphical_treatment"": ""Floral.""}",NN,false,true,0.573758865248227,true,"{""product_type"": ""The image is of a bikini top and bottom. The bikini top is a halter style with a deep V-neckline and thin straps. The straps are tied in a knot at the top, creating a tie-back detail. The fabric is a bright orange color with a white and orange pattern. The pattern appears to be a geometric design with a repeating geometric pattern in shades of orange, white, and black. The bottom of the bikini bottom has a high-"", ""colour_family"": ""The image is of a bikini top and bottom. The bikini top is a halter style with a deep V-neckline and thin straps. The straps are tied in a knot at the top, creating a tie-back detail. The fabric is a bright orange color with a white and orange pattern. The pattern appears to be a geometric design with a repeating geometric pattern in shades of orange, white, and black. The bottom of the bikini bottom has a high-"", ""graphical_treatment"": ""The image is of a bikini top and bottom. The bikini top is a halter style with a deep V-neckline and thin straps. The straps are tied in a knot at the top, creating a tie-back detail. The fabric is a bright orange color with a white and orange pattern. The pattern appears to be a geometric design with a repeating geometric pattern in shades of orange, white, and black. The bottom of the bikini bottom has a high-""}",false,true,false
Ladieswear || Bikini top || Swimwear || Orange || All over pattern,data\generated\n9\ladieswear_bikini-top_swimwear_orange_all-over-pattern\s0.35_seed56.png,0.35,56,8,0.860358439385891,0.7277410887181759,0.8952780187129974,0.8467449009418487,true,0.9104440808296204,0.880018413066864,0.9201377630233765,0.9152873754501343,true,true,0.880018413066864,0.6621219038963317,true,0.7785730004310608,true,matched,0.2833333333333333,false,"{""product_type"": ""Bikini."", ""colour_family"": ""Orange."", ""graphical_treatment"": ""Melange.""}",YY,true,true,0.573469387755102,true,"{""product_type"": ""The image is of a bikini top with a halter neckline. The top is made of a fabric with an orange and white geometric pattern. The pattern is made up of small triangles and rectangles in various shades of orange, creating a repeating geometric design. The straps of the top are tied in a knot at the top, creating an asymmetrical look. The fabric appears to be lightweight and comfortable, perfect for a day at the beach or pool."", ""colour_family"": ""The image is of a bikini top with a halter neckline. The top is made of a fabric with an orange and white geometric pattern. The pattern is made up of small triangles and rectangles in various shades of orange, creating a repeating geometric design. The straps of the top are tied in a knot at the top, creating an asymmetrical look. The fabric appears to be lightweight and comfortable, perfect for a day at the beach or pool."", ""graphical_treatment"": ""The image is of a bikini top with a halter neckline. The top is made of a fabric with an orange and white geometric pattern. The pattern is made up of small triangles and rectangles in various shades of orange, creating a repeating geometric design. The straps of the top are tied in a knot at the top, creating an asymmetrical look. The fabric appears to be lightweight and comfortable, perfect for a day at the beach or pool.""}",false,true,true
Ladieswear || Bikini top || Swimwear || Orange || All over pattern,data\generated\n9\ladieswear_bikini-top_swimwear_orange_all-over-pattern\s0.35_seed57.png,0.35,57,8,0.8364150524139404,0.7320094369351864,0.8952780187129974,0.8467449009418487,true,0.8788692355155945,0.894641101360321,0.9201377630233765,0.9152873754501343,true,true,0.894641101360321,0.6621219038963317,true,0.7785730004310608,true,matched,0.2833333333333333,false,"{""product_type"": ""Bikini."", ""colour_family"": ""Orange."", ""graphical_treatment"": ""Polka dot.""}",YN,false,true,0.5727272727272726,true,"{""product_type"": ""The image is of a bikini top in a bright orange color with a geometric pattern. The top has a halter neckline with a tie at the front, creating a tie-up detail. The fabric appears to be lightweight and flowy, perfect for a summer day at the beach or pool. The pattern is made up of small white and orange geometric shapes, creating an abstract and eye-catching design. The bikini top is laid flat on a plain grey background."", ""colour_family"": ""The image is of a bikini top in a bright orange color with a geometric pattern. The top has a halter neckline with a tie at the front, creating a tie-up detail. The fabric appears to be lightweight and flowy, perfect for a summer day at the beach or pool. The pattern is made up of small white and orange geometric shapes, creating an abstract and eye-catching design. The bikini top is laid flat on a plain grey background."", ""graphical_treatment"": ""The image is of a bikini top in a bright orange color with a geometric pattern. The top has a halter neckline with a tie at the front, creating a tie-up detail. The fabric appears to be lightweight and flowy, perfect for a summer day at the beach or pool. The pattern is made up of small white and orange geometric shapes, creating an abstract and eye-catching design. The bikini top is laid flat on a plain grey background.""}",false,true,false
Ladieswear || Bikini top || Swimwear || Orange || All over pattern,data\generated\n9\ladieswear_bikini-top_swimwear_orange_all-over-pattern\s0.35_seed58.png,0.35,58,8,0.8250238001346588,0.7340770922601223,0.8952780187129974,0.8467449009418487,true,0.8935254812240601,0.9152976274490356,0.9201377630233765,0.9152873754501343,false,true,0.9152976274490356,0.6621219038963317,true,0.7785730004310608,true,matched,0.2833333333333333,false,"{""product_type"": ""Brig."", ""colour_family"": ""Orange."", ""graphical_treatment"": ""Melange.""}",YN,false,true,0.5742424242424242,true,"{""product_type"": ""The image is of a bikini top with a halter neckline. The top is made of a fabric with an orange and white geometric pattern. The pattern is made up of small white triangles arranged in a repeating pattern, creating a geometric design. The straps of the top are tied in a knot at the top, with the knot tied in the center. The bikini top appears to be new and unused. The background is a plain grey color."", ""colour_family"": ""The image is of a bikini top with a halter neckline. The top is made of a fabric with an orange and white geometric pattern. The pattern is made up of small white triangles arranged in a repeating pattern, creating a geometric design. The straps of the top are tied in a knot at the top, with the knot tied in the center. The bikini top appears to be new and unused. The background is a plain grey color."", ""graphical_treatment"": ""The image is of a bikini top with a halter neckline. The top is made of a fabric with an orange and white geometric pattern. The pattern is made up of small white triangles arranged in a repeating pattern, creating a geometric design. The straps of the top are tied in a knot at the top, with the knot tied in the center. The bikini top appears to be new and unused. The background is a plain grey color.""}",false,true,false
Ladieswear || Bikini top || Swimwear || Orange || All over pattern,data\generated\n9\ladieswear_bikini-top_swimwear_orange_all-over-pattern\s0.35_seed59.png,0.35,59,8,0.8460505083203316,0.732266291975975,0.8952780187129974,0.8467449009418487,true,0.9054758548736572,0.8954521417617798,0.9201377630233765,0.9152873754501343,true,true,0.8954521417617798,0.6621219038963317,true,0.7785730004310608,true,matched,0.2833333333333333,false,"{""product_type"": ""Bikini."", ""colour_family"": ""Orange."", ""graphical_treatment"": ""Floral.""}",YN,false,true,0.5733333333333334,true,"{""product_type"": ""The image is of a bikini top in a bright orange color with a geometric pattern. The top has a halter neckline with a tie detail at the top, creating a bow-like effect. The fabric appears to be lightweight and has a subtle sheen. The triangle shape of the top is made up of small white triangles arranged in a repeating pattern, with the triangles overlapping each other. The straps of the bikini top are thin and orange, and the tie detail"", ""colour_family"": ""The image is of a bikini top in a bright orange color with a geometric pattern. The top has a halter neckline with a tie detail at the top, creating a bow-like effect. The fabric appears to be lightweight and has a subtle sheen. The triangle shape of the top is made up of small white triangles arranged in a repeating pattern, with the triangles overlapping each other. The straps of the bikini top are thin and orange, and the tie detail"", ""graphical_treatment"": ""The image is of a bikini top in a bright orange color with a geometric pattern. The top has a halter neckline with a tie detail at the top, creating a bow-like effect. The fabric appears to be lightweight and has a subtle sheen. The triangle shape of the top is made up of small white triangles arranged in a repeating pattern, with the triangles overlapping each other. The straps of the bikini top are thin and orange, and the tie detail""}",false,true,false
Ladieswear || Bikini top || Swimwear || Orange || All over pattern,data\generated\n9\ladieswear_bikini-top_swimwear_orange_all-over-pattern\s0.35_seed60.png,0.35,60,8,0.8364482522010803,0.746001522988081,0.8952780187129974,0.8467449009418487,true,0.893706738948822,0.880198061466217,0.9201377630233765,0.9152873754501343,true,true,0.880198061466217,0.6621219038963317,true,0.7785730004310608,true,matched,0.2833333333333333,false,"{""product_type"": ""Bikini."", ""colour_family"": ""Orange."", ""graphical_treatment"": ""Melange.""}",YY,true,true,0.5736111111111111,true,"{""product_type"": ""The image is of a bikini top. The top is a triangle style with a halter neckline and thin straps. The fabric is orange with an orange and white geometric pattern. The pattern is made up of triangles, squares, and rectangles in various shades of orange, white, and black. The straps are tied in a knot at the top, creating a tie-back effect. The bottom of the bikini top has a ruffled design. The background is"", ""colour_family"": ""The image is of a bikini top. The top is a triangle style with a halter neckline and thin straps. The fabric is orange with an orange and white geometric pattern. The pattern is made up of triangles, squares, and rectangles in various shades of orange, white, and black. The straps are tied in a knot at the top, creating a tie-back effect. The bottom of the bikini top has a ruffled design. The background is"", ""graphical_treatment"": ""The image is of a bikini top. The top is a triangle style with a halter neckline and thin straps. The fabric is orange with an orange and white geometric pattern. The pattern is made up of triangles, squares, and rectangles in various shades of orange, white, and black. The straps are tied in a knot at the top, creating a tie-back effect. The bottom of the bikini top has a ruffled design. The background is""}",false,true,true
Ladieswear || Bikini top || Swimwear || Orange || All over pattern,data\generated\n9\ladieswear_bikini-top_swimwear_orange_all-over-pattern\s0.35_seed61.png,0.35,61,8,0.8449333235621452,0.725466325879097,0.8952780187129974,0.8467449009418487,true,0.9042537212371826,0.8728344440460205,0.9201377630233765,0.9152873754501343,true,true,0.8728344440460205,0.6621219038963317,true,0.7785730004310608,true,matched,0.2833333333333333,false,"{""product_type"": ""Bikini."", ""colour_family"": ""Orange."", ""graphical_treatment"": ""Melange.""}",YY,true,true,0.573469387755102,true,"{""product_type"": ""The image is of a bikini top in a triangle shape. The bikini top is orange and white with a geometric pattern. The pattern is made up of small white triangles arranged in a zigzag-like design. The top has a halter neckline with a tie at the top, creating a tie-back detail. The bottom of the bikini bottom has a ruffled detail on the sides. The fabric appears to be lightweight and comfortable, perfect for a day"", ""colour_family"": ""The image is of a bikini top in a triangle shape. The bikini top is orange and white with a geometric pattern. The pattern is made up of small white triangles arranged in a zigzag-like design. The top has a halter neckline with a tie at the top, creating a tie-back detail. The bottom of the bikini bottom has a ruffled detail on the sides. The fabric appears to be lightweight and comfortable, perfect for a day"", ""graphical_treatment"": ""The image is of a bikini top in a triangle shape. The bikini top is orange and white with a geometric pattern. The pattern is made up of small white triangles arranged in a zigzag-like design. The top has a halter neckline with a tie at the top, creating a tie-back detail. The bottom of the bikini bottom has a ruffled detail on the sides. The fabric appears to be lightweight and comfortable, perfect for a day""}",false,true,true
Ladieswear || Bikini top || Swimwear || Orange || All over pattern,data\generated\n9\ladieswear_bikini-top_swimwear_orange_all-over-pattern\s0.35_seed62.png,0.35,62,8,0.8015874549746513,0.6912507712841034,0.8952780187129974,0.8467449009418487,true,0.8337640166282654,0.8007290363311768,0.9201377630233765,0.9152873754501343,true,true,0.8007290363311768,0.6621219038963317,true,0.7785730004310608,true,matched,0.2833333333333333,false,"{""product_type"": ""Bikini."", ""colour_family"": ""Orange."", ""graphical_treatment"": ""Floral.""}",YN,false,true,0.5666666666666667,true,"{""product_type"": ""The image shows a bikini top and a straw hat lying on a light grey background. The bikini top is a triangle style with a halter neckline and thin straps tied in a bow at the back. The straps are orange and white with a geometric pattern. The bottom of the bikini top has a high-waisted design with a cut-out in the center. The hat is a wide-brimmed straw hat with a wide brim and a wide crown."", ""colour_family"": ""The image shows a bikini top and a straw hat lying on a light grey background. The bikini top is a triangle style with a halter neckline and thin straps tied in a bow at the back. The straps are orange and white with a geometric pattern. The bottom of the bikini top has a high-waisted design with a cut-out in the center. The hat is a wide-brimmed straw hat with a wide brim and a wide crown."", ""graphical_treatment"": ""The image shows a bikini top and a straw hat lying on a light grey background. The bikini top is a triangle style with a halter neckline and thin straps tied in a bow at the back. The straps are orange and white with a geometric pattern. The bottom of the bikini top has a high-waisted design with a cut-out in the center. The hat is a wide-brimmed straw hat with a wide brim and a wide crown.""}",false,true,false
Ladieswear || Bikini top || Swimwear || Orange || All over pattern,data\generated\n9\ladieswear_bikini-top_swimwear_orange_all-over-pattern\s0.35_seed63.png,0.35,63,8,0.8553722575306892,0.744176659733057,0.8952780187129974,0.8467449009418487,true,0.8914883136749268,0.9261531829833984,0.9201377630233765,0.9152873754501343,false,true,0.9261531829833984,0.6621219038963317,true,0.7785730004310608,true,matched,0.2833333333333333,false,"{""product_type"": ""Bikini."", ""colour_family"": ""Orange."", ""graphical_treatment"": ""Checkered.""}",YY,true,true,0.573469387755102,true,"{""product_type"": ""The image is of a bikini top. The top is a triangle style with a halter neckline. It is made of a fabric with an orange and white geometric pattern. The pattern is made up of small squares and rectangles, creating a zigzag-like design. The straps of the top are tied in a knot at the top, creating an asymmetrical look. The bottom of the bikini top has a black trim around the edges. The overall design is"", ""colour_family"": ""The image is of a bikini top. The top is a triangle style with a halter neckline. It is made of a fabric with an orange and white geometric pattern. The pattern is made up of small squares and rectangles, creating a zigzag-like design. The straps of the top are tied in a knot at the top, creating an asymmetrical look. The bottom of the bikini top has a black trim around the edges. The overall design is"", ""graphical_treatment"": ""The image is of a bikini top. The top is a triangle style with a halter neckline. It is made of a fabric with an orange and white geometric pattern. The pattern is made up of small squares and rectangles, creating a zigzag-like design. The straps of the top are tied in a knot at the top, creating an asymmetrical look. The bottom of the bikini top has a black trim around the edges. The overall design is""}",false,true,true
Ladieswear || Bikini top || Swimwear || Orange || All over pattern,data\generated\n9\ladieswear_bikini-top_swimwear_orange_all-over-pattern\s0.35_seed64.png,0.35,64,8,0.8434348851442337,0.7180385664105415,0.8952780187129974,0.8467449009418487,true,0.891379177570343,0.8762260675430298,0.9201377630233765,0.9152873754501343,true,true,0.8762260675430298,0.6621219038963317,true,0.7785730004310608,true,matched,0.2833333333333333,false,"{""product_type"": ""Bikini."", ""colour_family"": ""Orange."", ""graphical_treatment"": ""Checkered.""}",YN,false,true,0.5732026143790849,true,"{""product_type"": ""The image shows a bikini top and bottom set. The bikini top is a triangle style with a halter neckline and thin straps. It is made of a fabric with an orange and white geometric pattern. The pattern is made up of small white triangles arranged in a repeating geometric design. The straps are tied in a knot at the front, creating a tie-back detail. The bottom of the bikini top has a small bow detail at the bottom, adding a touch of"", ""colour_family"": ""The image shows a bikini top and bottom set. The bikini top is a triangle style with a halter neckline and thin straps. It is made of a fabric with an orange and white geometric pattern. The pattern is made up of small white triangles arranged in a repeating geometric design. The straps are tied in a knot at the front, creating a tie-back detail. The bottom of the bikini top has a small bow detail at the bottom, adding a touch of"", ""graphical_treatment"": ""The image shows a bikini top and bottom set. The bikini top is a triangle style with a halter neckline and thin straps. It is made of a fabric with an orange and white geometric pattern. The pattern is made up of small white triangles arranged in a repeating geometric design. The straps are tied in a knot at the front, creating a tie-back detail. The bottom of the bikini top has a small bow detail at the bottom, adding a touch of""}",false,true,false
Ladieswear || Bikini top || Swimwear || Orange || All over pattern,data\generated\n9\ladieswear_bikini-top_swimwear_orange_all-over-pattern\s0.35_seed65.png,0.35,65,8,0.7965477928519249,0.6898863315582275,0.8952780187129974,0.8467449009418487,true,0.8304042816162109,0.7868844866752625,0.9201377630233765,0.9152873754501343,true,true,0.7868844866752625,0.6621219038963317,true,0.7785730004310608,true,matched,0.2833333333333333,false,"{""product_type"": ""Bikini."", ""colour_family"": ""Orange."", ""graphical_treatment"": ""Checkered.""}",NN,false,true,0.5666666666666667,true,"{""product_type"": ""The image shows a bikini top and high-waisted bikini bottoms in an orange and white geometric pattern. The bikini top has a halter neckline with thin straps and a tie detail at the front. The bottoms have a high waistline and a ruffled hemline. On the left side of the image, there is a wide-brimmed straw hat. The background is a plain grey color."", ""colour_family"": ""The image shows a bikini top and high-waisted bikini bottoms in an orange and white geometric pattern. The bikini top has a halter neckline with thin straps and a tie detail at the front. The bottoms have a high waistline and a ruffled hemline. On the left side of the image, there is a wide-brimmed straw hat. The background is a plain grey color."", ""graphical_treatment"": ""The image shows a bikini top and high-waisted bikini bottoms in an orange and white geometric pattern. The bikini top has a halter neckline with thin straps and a tie detail at the front. The bottoms have a high waistline and a ruffled hemline. On the left side of the image, there is a wide-brimmed straw hat. The background is a plain grey color.""}",false,true,false
